osm_id	name	levels_raw	height_raw	flats_raw	start_date	district	subdistrict	levels	height	flats	built_year	levels_filled	height_filled	building_area_m2	complex_osm_id	complex_name
64988494	G	69	264	480	2004	강남구	도곡동	69.0	264.0	480	2004	69.0	264.0	2249.0546545249804		
74056398	오크우드 프리미어 코엑스센터 서울	27	118		2002	강남구	삼성동	27.0	118.0		2002	27.0	118.0	2089.845054972353		
117795643	역삼대우디오빌	26	83	457	2002	강남구	역삼동	26.0	83.0	457	2002	26.0	83.0	1159.8526882129127		
129600576	503동	15		150	1978	송파구	잠실동	15.0		150	1978	15.0	42.0	1264.6790006005044		
129600577	502동	15		150	1978	송파구	잠실동	15.0		150	1978	15.0	42.0	1176.5139412227104		
129600578	506동	15		150	1978	송파구	잠실동	15.0		150	1978	15.0	42.0	1201.5812880730336		
129600579	504동	15		150	1978	송파구	잠실동	15.0		150	1978	15.0	42.0	1202.3924316928042		
129600580	505동	15		150	1978	송파구	잠실동	15.0		150	1978	15.0	42.0	1105.54980701736		
129600581	501동	15		150	1978	송파구	잠실동	15.0		150	1978	15.0	42.0	1037.806673202159		
129600582	507동	15		150	1978	송파구	잠실동	15.0		150	1978	15.0	42.0	1242.1580701463433		
166189194	104	7	21	31	1999	광진구	자양동	7.0	21.0	31	1999	7.0	21.0	475.87587237728457	473260560.0	삼성아파트
172246210		23	81	67	2004	강남구	삼성동	23.0	81.0	67	2004	23.0	81.0	544.7027430077363		
175363909						서초구	양재동							172.35588887976567		
182192513	101	29	85	131	2005	강남구	대치동	29.0	85.0	131	2005	29.0	85.0	1241.347436444796	443028264.0	대치동부센트레빌아파트
182192515	103	29	85	131	2005	강남구	대치동	29.0	85.0	131	2005	29.0	85.0	1244.20493150595	443028264.0	대치동부센트레빌아파트
182192516	104	29	85	104	2005	강남구	대치동	29.0	85.0	104	2005	29.0	85.0	981.3049148780532	443028264.0	대치동부센트레빌아파트
182192517	105	29	85	105	2005	강남구	대치동	29.0	85.0	105	2005	29.0	85.0	1091.272819079009	443028264.0	대치동부센트레빌아파트
182197532	타워팰리스 B동	66	234	399	2002	강남구	도곡동	66.0	234.0	399	2002	66.0	234.0	1752.9054810634989	443030426.0	삼성타워팰리스1차
182197533	A	59	211	375	2002	강남구	도곡동	59.0	211.0	375	2002	59.0	211.0	1760.9220971820089	443030426.0	삼성타워팰리스1차
182197534	C동	59	211	353	2002	강남구	도곡동	59.0	211.0	353	2002	59.0	211.0	1994.2327087342396	443030426.0	삼성타워팰리스1차
182197535	D	42	154	168	2002	강남구	도곡동	42.0	154.0	168	2002	42.0	154.0	2189.0038943516834	443030426.0	삼성타워팰리스1차
182695688	10	15		60	1983	강남구	대치동	15.0		60	1983	15.0	42.0	656.8857651406286	549692900.0	개포우성1차아파트
182695689	1	15		90	1983	강남구	대치동	15.0		90	1983	15.0	42.0	1036.1734235391314	549692900.0	개포우성1차아파트
182695690	2	15		60	1983	강남구	대치동	15.0		60	1983	15.0	42.0	647.1422768244561	549692900.0	개포우성1차아파트
182695691	3	15		90	1983	강남구	대치동	15.0		90	1983	15.0	42.0	743.9855440056032	549692900.0	개포우성1차아파트
182695692	5	15		60	1983	강남구	대치동	15.0		60	1983	15.0	42.0	889.3754142627901	549692900.0	개포우성1차아파트
182695693	6	15		60	1983	강남구	대치동	15.0		60	1983	15.0	42.0	608.2302619265862	549692900.0	개포우성1차아파트
182695694	7	15		120	1983	강남구	대치동	15.0		120	1983	15.0	42.0	998.8793647682194	549692900.0	개포우성1차아파트
182695695	8	15		90	1983	강남구	대치동	15.0		90	1983	15.0	42.0	1252.295270509765	549692900.0	개포우성1차아파트
182695696	9	15		60	1983	강남구	대치동	15.0		60	1983	15.0	42.0	662.2053756188972	549692900.0	개포우성1차아파트
182695697	11	15		90	1984	강남구	대치동	15.0		90	1984	15.0	42.0	958.4446622112489	549692899.0	개포우성2차아파트
182695698	12	15		120	1984	강남구	대치동	15.0		120	1984	15.0	42.0	950.5543892932698	549692899.0	개포우성2차아파트
182695699	13	15		90	1984	강남구	대치동	15.0		90	1984	15.0	42.0	1016.5128050769847	549692899.0	개포우성2차아파트
182695700	14	15		60	1984	강남구	대치동	15.0		60	1984	15.0	42.0	777.8090449278351	549692899.0	개포우성2차아파트
182695701	15	15		90	1984	강남구	대치동	15.0		90	1984	15.0	42.0	1030.5158461852416	549692899.0	개포우성2차아파트
192695678	104	5		40	1994	강남구	일원동	5.0		40	1994	5.0	14.0	787.6013947057312	548704026.0	한솔마을아파트
192695680	103	5		40	1993	강남구	일원동	5.0		40	1993	5.0	14.0	778.6978757540702	548704025.0	상록수아파트
192695682	103	5		30	1994	강남구	일원동	5.0		30	1994	5.0	14.0	725.7004899339755	548704026.0	한솔마을아파트
192695683	203	5		30	1994	강남구	일원동	5.0		30	1994	5.0	14.0	727.8113106505697	548704026.0	한솔마을아파트
192695685	105	5		30	1994	강남구	일원동	5.0		30	1994	5.0	14.0	725.5613795704598	548704026.0	한솔마을아파트
192695686	305	5		40	1994	강남구	일원동	5.0		40	1994	5.0	14.0	727.8844416341575	548704026.0	한솔마을아파트
192695688	109	5		30	1993	강남구	일원동	5.0		30	1993	5.0	14.0	664.2749138070786	548704025.0	상록수아파트
192695689	302	5		30	1994	강남구	일원동	5.0		30	1994	5.0	14.0	727.8950761602581	548704026.0	한솔마을아파트
192695692	110	5		40	1993	강남구	일원동	5.0		40	1993	5.0	14.0	899.066230615405	548704025.0	상록수아파트
192695694	101	5		20	1994	강남구	일원동	5.0		20	1994	5.0	14.0	362.53723871479076	548704026.0	한솔마을아파트
192695695	102	5		30	1993	강남구	일원동	5.0		30	1993	5.0	14.0	589.6971388103899	548704025.0	상록수아파트
192695696	105	5		30	1993	강남구	일원동	5.0		30	1993	5.0	14.0	664.2711888552916	548704025.0	상록수아파트
192695697	210	5		30	1993	강남구	일원동	5.0		30	1993	5.0	14.0	589.6868442263545	548704025.0	상록수아파트
192695698	106	5		40	1993	강남구	일원동	5.0		40	1993	5.0	14.0	778.8456076382053	548704025.0	상록수아파트
192695700	107	5		30	1993	강남구	일원동	5.0		30	1993	5.0	14.0	589.6177896460317	548704025.0	상록수아파트
192695701	206	5		20	1994	강남구	일원동	5.0		20	1994	5.0	14.0	477.9115877159104	548704026.0	한솔마을아파트
192695703	208	5		40	1993	강남구	일원동	5.0		40	1993	5.0	14.0	798.4384598417272	548704025.0	상록수아파트
192695705	204	5		30	1994	강남구	일원동	5.0		30	1994	5.0	14.0	727.8138507360802	548704026.0	한솔마을아파트
192695706	202	5		30	1993	강남구	일원동	5.0		30	1993	5.0	14.0	664.276328735896	548704025.0	상록수아파트
192695708	108	5		30	1993	강남구	일원동	5.0		30	1993	5.0	14.0	664.5404996821126	548704025.0	상록수아파트
192695709	102	5		30	1994	강남구	일원동	5.0		30	1994	5.0	14.0	725.7896832796399	548704026.0	한솔마을아파트
192695712	101	5		30	1993	강남구	일원동	5.0		30	1993	5.0	14.0	589.6987454738558	548704025.0	상록수아파트
192695714	306	5		30	1994	강남구	일원동	5.0		30	1994	5.0	14.0	727.9143884638247	548704026.0	한솔마을아파트
192695717	301	5		40	1994	강남구	일원동	5.0		40	1994	5.0	14.0	903.4239870329257	548704026.0	한솔마을아파트
192695721	202	5		40	1994	강남구	일원동	5.0		40	1994	5.0	14.0	843.8645953672213	548704026.0	한솔마을아파트
192695723	107	5		20	1994	강남구	일원동	5.0		20	1994	5.0	14.0	477.83573752778335	548704026.0	한솔마을아파트
192695726	303	5		30	1994	강남구	일원동	5.0		30	1994	5.0	14.0	727.5301629663603	548704026.0	한솔마을아파트
192695727	201	5		30	1994	강남구	일원동	5.0		30	1994	5.0	14.0	727.9128895360163	548704026.0	한솔마을아파트
192695730	207	5		40	1993	강남구	일원동	5.0		40	1993	5.0	14.0	798.8607524612157	548704025.0	상록수아파트
192695731	204	5		30	1993	강남구	일원동	5.0		30	1993	5.0	14.0	664.5316210088206	548704025.0	상록수아파트
192695735	307	5		30	1994	강남구	일원동	5.0		30	1994	5.0	14.0	727.5289597675402	548704026.0	한솔마을아파트
192695738	201	5		30	1993	강남구	일원동	5.0		30	1993	5.0	14.0	589.6969592508225	548704025.0	상록수아파트
192695739	104	5		30	1993	강남구	일원동	5.0		30	1993	5.0	14.0	589.6927809566251	548704025.0	상록수아파트
192695741	211	5		30	1993	강남구	일원동	5.0		30	1993	5.0	14.0	589.6716724546737	548704025.0	상록수아파트
192695743	106	5		30	1994	강남구	일원동	5.0		30	1994	5.0	14.0	725.6980422907917	548704026.0	한솔마을아파트
192695745	206	5		40	1993	강남구	일원동	5.0		40	1993	5.0	14.0	798.8632090578536	548704025.0	상록수아파트
192695747	203	5		30	1993	강남구	일원동	5.0		30	1993	5.0	14.0	664.9641110086341	548704025.0	상록수아파트
192695749	209	5		30	1993	강남구	일원동	5.0		30	1993	5.0	14.0	589.2931849333022	548704025.0	상록수아파트
192695759	108					강남구	일원동							718.1524067815485	548704028.0	청솔빌리지아파트
192695761	112					강남구	일원동							567.2475443859969	548704028.0	청솔빌리지아파트
192695763	107					강남구	일원동							718.2112323838661	548704028.0	청솔빌리지아파트
192695765	109					강남구	일원동							718.8076033402016	548704028.0	청솔빌리지아파트
192695766	101					강남구	일원동							629.6680885538424	548704028.0	청솔빌리지아파트
192695767	103					강남구	일원동							561.4037862082803	548704028.0	청솔빌리지아파트
192695770	111					강남구	일원동							622.0123696651183	548704028.0	청솔빌리지아파트
192695773						강남구	일원동							400.4930168990052	548704028.0	청솔빌리지아파트
192695775	106					강남구	일원동							489.358251608953	548704028.0	청솔빌리지아파트
192695777	110					강남구	일원동							718.4258344296445	548704028.0	청솔빌리지아파트
192695779	102					강남구	일원동							629.934003740282	548704028.0	청솔빌리지아파트
192695780	105					강남구	일원동							235.31903649351833	548704028.0	청솔빌리지아파트
192728182	91동	12		131	1981	강남구	압구정동	12.0		131	1981	12.0	33.599999999999994	1270.2290111682412	471724556.0	압구정현대8차아파트
192743492	107동	20	47	80	2007	강남구	삼성동	20.0	47.0	80	2007	20.0	47.0	585.3786895371567	313652588.0	롯데캐슬프레미어아파트
192743495	106동	16	42	62	2007	강남구	삼성동	16.0	42.0	62	2007	16.0	42.0	718.3020917868059	313652588.0	롯데캐슬프레미어아파트
192743499	105동	21	62	82	2007	강남구	삼성동	21.0	62.0	82	2007	21.0	62.0	723.6069253695059	313652588.0	롯데캐슬프레미어아파트
192743502	108동	19	47	76	2007	강남구	삼성동	19.0	47.0	76	2007	19.0	47.0	723.8861611413989	313652588.0	롯데캐슬프레미어아파트
192743506	104동	21	62	84	2007	강남구	삼성동	21.0	62.0	84	2007	21.0	62.0	723.8194436049755	313652588.0	롯데캐슬프레미어아파트
192743508	61동	12		66	1976	강남구	압구정동	12.0		66	1976	12.0	33.599999999999994	1069.7309190921637	432735931.0	현대3차아파트
192743510	102동	22	59	78	2007	강남구	삼성동	22.0	59.0	78	2007	22.0	59.0	592.8190726115986	313652588.0	롯데캐슬프레미어아파트
192743514	63동	12		66	1976	강남구	압구정동	12.0		66	1976	12.0	33.599999999999994	1069.607239545981	432735931.0	현대3차아파트
192743515	103동	21	60	73	2007	강남구	삼성동	21.0	60.0	73	2007	21.0	60.0	693.9640061407697	313652588.0	롯데캐슬프레미어아파트
192743517	이스트윙	38	178	130	2004	강남구	삼성동	38.0	178.0	130	2004	38.0	178.0	1097.1031958246394	614498553.0	삼성동현대아이파크아파트
192743519	웨스트윙	45	200	168	2004	강남구	삼성동	45.0	200.0	168	2004	45.0	200.0	1065.2821041589261	614498553.0	삼성동현대아이파크아파트
192743522	사우스윙	45	198	151	2004	강남구	삼성동	45.0	198.0	151	2004	45.0	198.0	1110.9879177067796	614498553.0	삼성동현대아이파크아파트
192743526	62동	12		50	1976	강남구	압구정동	12.0		50	1976	12.0	33.599999999999994	793.4616994218729	432735931.0	현대3차아파트
192743528	64동	12		50	1976	강남구	압구정동	12.0		50	1976	12.0	33.599999999999994	793.4639125009239	432735931.0	현대3차아파트
192743530	109동	21	51	38	2007	강남구	삼성동	21.0	51.0	38	2007	21.0	51.0	371.0948504132642	313652588.0	롯데캐슬프레미어아파트
192743532	101동	20	57	39	2007	강남구	삼성동	20.0	57.0	39	2007	20.0	57.0	434.9111530832878	313652588.0	롯데캐슬프레미어아파트
192760470	대림아크로빌	14	40	56	1979	강남구	압구정동	14.0	40.0	56	1979	14.0	40.0	1327.60393630042		
192760472	76동	14		56	1979	강남구	압구정동	14.0		56	1979	14.0	39.199999999999996	1064.1802381575824	432735925.0	현대5차아파트
192760473	75동	14		84	1979	강남구	압구정동	14.0		84	1979	14.0	39.199999999999996	1040.016095120099	432735925.0	현대5차아파트
192760478	85동	14		84	1978	강남구	압구정동	14.0		84	1978	14.0	39.199999999999996	1292.88868420578	432735930.0	현대6,7차아파트압구
192760483	74동	14		84	1979	강남구	압구정동	14.0		84	1979	14.0	39.199999999999996	916.8361296569776	432735925.0	현대5차아파트
192760487	80동	14		84	1978	강남구	압구정동	14.0		84	1978	14.0	39.199999999999996	1324.8097903551616	432735930.0	현대6,7차아파트압구
192760490	84동	14		84	1978	강남구	압구정동	14.0		84	1978	14.0	39.199999999999996	909.3238412577805	432735930.0	현대6,7차아파트압구
192760493	73동	14		84	1979	강남구	압구정동	14.0		84	1979	14.0	39.199999999999996	916.4713216481363	432735925.0	현대5차아파트
192760497	77동	14		84	1979	강남구	압구정동	14.0		84	1979	14.0	39.199999999999996	1040.097436654282	432735930.0	현대6,7차아파트압구
192760500	79동	14		84	1978	강남구	압구정동	14.0		84	1978	14.0	39.199999999999996	1337.1343840193388	432735930.0	현대6,7차아파트압구
192760502	83동	14		84	1978	강남구	압구정동	14.0		84	1978	14.0	39.199999999999996	909.2587318746354	432735930.0	현대6,7차아파트압구
192760504	86동	14		84	1978	강남구	압구정동	14.0		84	1978	14.0	39.199999999999996	1068.9111890570246	432735930.0	현대6,7차아파트압구
192760507	78동	14		84	1978	강남구	압구정동	14.0		84	1978	14.0	39.199999999999996	1019.5694284909945	432735930.0	현대6,7차아파트압구
192760510	82동	14		84	1979	강남구	압구정동	14.0		84	1979	14.0	39.199999999999996	1068.7568286193878	432735930.0	현대6,7차아파트압구
192760512	87동	14		112	1978	강남구	압구정동	14.0		112	1978	14.0	39.199999999999996	1224.8448681768084	432735930.0	현대6,7차아파트압구
192760515	81동	14		112	1978	강남구	압구정동	14.0		112	1978	14.0	39.199999999999996	1246.708631277583	432735930.0	현대6,7차아파트압구
192760520	56동	5		30	1977	강남구	압구정동	5.0		30	1977	5.0	14.0	780.1093095106287	432735926.0	현대4차아파트
192760521	54동	5		20	1977	강남구	압구정동	5.0		20	1977	5.0	14.0	526.2508529258578	432735926.0	현대4차아파트
192760522	52동	5		30	1977	강남구	압구정동	5.0		30	1977	5.0	14.0	747.9016583256279	432735926.0	현대4차아파트
192760523	51동	5		30	1977	강남구	압구정동	5.0		30	1977	5.0	14.0	810.6300482294332	432735926.0	현대4차아파트
192760524	55동	5		30	1977	강남구	압구정동	5.0		30	1977	5.0	14.0	817.3012734391843	432735926.0	현대4차아파트
192760526	53동	5		30	1977	강남구	압구정동	5.0		30	1977	5.0	14.0	772.5569353804916	432735926.0	현대4차아파트
192760528	71동	14		112	1977	강남구	압구정동	14.0		112	1977	14.0	39.199999999999996	883.9324069158978	432735925.0	현대5차아파트
192760530	72동	14		112	1977	강남구	압구정동	14.0		112	1977	14.0	39.199999999999996	882.9124607557047	432735925.0	현대5차아파트
193180200	211동	13		65	1983	강남구	압구정동	13.0		65	1983	13.0	36.4	576.0151459134173	432735929.0	현대13차아파트
193180202	210동	13		52	1983	강남구	압구정동	13.0		52	1983	13.0	36.4	452.4604944271725	432735929.0	현대13차아파트
193180206	204동	13		78	1987	강남구	압구정동	13.0		78	1987	13.0	36.4	661.809320332208	432735928.0	현대14차아파트
193180208	23동	12		48	1976	강남구	압구정동	12.0		48	1976	12.0	33.599999999999994	697.3522191411569	432735924.0	현대1,2차아파트
193180209	203동	13		52	1987	강남구	압구정동	13.0		52	1987	13.0	36.4	452.0033043256576	432735928.0	현대14차아파트
193180210	201동	12		48	1982	강남구	압구정동	12.0		48	1982	12.0	33.599999999999994	655.5431460749336	432735927.0	현대10차아파트
193180211	13동	15		60	1976	강남구	압구정동	15.0		60	1976	15.0	42.0	843.3696090947783	432735924.0	현대1,2차아파트
193180212	12동	15		60	1976	강남구	압구정동	15.0		60	1976	15.0	42.0	818.2892154045658	432735924.0	현대1,2차아파트
193180213	20동	12		72	1976	강남구	압구정동	12.0		72	1976	12.0	33.599999999999994	1030.0167979442726	432735924.0	현대1,2차아파트
193180214	24동	15		90	1976	강남구	압구정동	15.0		90	1976	15.0	42.0	1076.9980000879334	432735924.0	현대1,2차아파트
193180215	11동	15		90	1976	강남구	압구정동	15.0		90	1976	15.0	42.0	1305.8658499939727	432735924.0	현대1,2차아파트
193180216	25동	15		90	1976	강남구	압구정동	15.0		90	1976	15.0	42.0	1019.1708674742767	432735924.0	현대1,2차아파트
193180217	10동	15		90	1976	강남구	압구정동	15.0		90	1976	15.0	42.0	1280.2845700507726	432735924.0	현대1,2차아파트
193180218	22동	12		72	1976	강남구	압구정동	12.0		72	1976	12.0	33.599999999999994	1053.1223385612864	432735924.0	현대1,2차아파트
193180219	21동	12		72	1976	강남구	압구정동	12.0		72	1976	12.0	33.599999999999994	1053.1928470043194	432735924.0	현대1,2차아파트
193180220		11	33	19	1996	강남구	압구정동	11.0	33.0	19	1996	11.0	33.0	438.52447653522813		
193180223		11	35	19	1998	강남구	압구정동	11.0	35.0	19	1998	11.0	35.0	485.4823890558931		
193180226	202동	12		96	1982	강남구	압구정동	12.0		96	1982	12.0	33.599999999999994	838.0006783659394	432735927.0	현대10차아파트
193180230	205동	15		90	1987	강남구	압구정동	15.0		90	1987	15.0	42.0	726.419224022063	432735928.0	현대14차아파트
193180233	31동	12		72	1976	강남구	압구정동	12.0		72	1976	12.0	33.599999999999994	815.2154961093897	432735924.0	현대1,2차아파트
193180234	33동	12		72	1976	강남구	압구정동	12.0		72	1976	12.0	33.599999999999994	871.8015091155198	432735924.0	현대1,2차아파트
193180236	208동	13		52	1984	강남구	압구정동	13.0		52	1984	13.0	36.4	451.20631634992276	432735929.0	현대13차아파트
193180237	209동	13		65	1983	강남구	압구정동	13.0		65	1983	13.0	36.4	574.4757807092301	432735929.0	현대13차아파트
193180238	32동	12		72	1976	강남구	압구정동	12.0		72	1976	12.0	33.599999999999994	836.6252684784884	432735924.0	현대1,2차아파트
194285958	206	19	52	70	2006	강남구	역삼동	19.0	52.0	70	2006	19.0	52.0	749.8449789572933	510394410.0	역삼 아이파크
194285959		15	41	28	2007	강남구	역삼동	15.0	41.0	28	2007	15.0	41.0	505.0365886915394	510394405.0	래미안 펜타빌
194285960	207	17	46	51	2006	강남구	역삼동	17.0	46.0	51	2006	17.0	46.0	632.1445413275411	510394410.0	역삼 아이파크
194285961		24	66	80	2007	강남구	역삼동	24.0	66.0	80	2007	24.0	66.0	888.9555674504778	510394405.0	래미안 펜타빌
194286589	205	16	44	45	2006	강남구	역삼동	16.0	44.0	45	2006	16.0	44.0	682.9008323483228	510394410.0	역삼 아이파크
194454525	106동	22	60	80	2006	강남구	역삼동	22.0	60.0	80	2006	22.0	60.0	679.9245328319179	548803577.0	개나리 래미안아파트
194454526	101동	20	52	74	2006	강남구	역삼동	20.0	52.0	74	2006	20.0	52.0	1018.6752354871549	548803577.0	개나리 래미안아파트
194454528	105동	13	29	44	2006	강남구	역삼동	13.0	29.0	44	2006	13.0	29.0	606.8346742738278	548803577.0	개나리 래미안아파트
194454529	107동	17	43	55	2006	강남구	역삼동	17.0	43.0	55	2006	17.0	43.0	516.9457233997875	548803577.0	개나리 래미안아파트
220545877	101동	13		161	1997	강남구	논현동	13.0		161	1997	13.0	36.4	1657.1004191215393	559600505.0	논현신동아파밀리에아파트
220545878	106동	13		88	1997	강남구	논현동	13.0		88	1997	13.0	36.4	1068.2841827730822	559600505.0	논현신동아파밀리에아파트
220545879	105동	13		100	1997	강남구	논현동	13.0		100	1997	13.0	36.4	953.8717272149373	559600505.0	논현신동아파밀리에아파트
220545880	102동	13		101	1997	강남구	논현동	13.0		101	1997	13.0	36.4	862.9253417283569	559600505.0	논현신동아파밀리에아파트
220545881	103동	13		100	1997	강남구	논현동	13.0		100	1997	13.0	36.4	865.101767686204	559600505.0	논현신동아파밀리에아파트
220545882	104동	13		96	1997	강남구	논현동	13.0		96	1997	13.0	36.4	1370.671664304784	559600505.0	논현신동아파밀리에아파트
232516191	서초예성그린캐슬아파트	7	17			서초구	서초동	7.0	17.0			7.0	17.0	450.44195665133		
250786416	송파한화오벨리스크	15	54	1532	2013	송파구	문정동	15.0	54.0	1532	2013	15.0	54.0	4597.626766508865		
264753407	35동	13		78	1978	강남구	압구정동	13.0		78	1978	13.0	36.4	757.2198426438438	471726187.0	압구정한양3차아파트
264753408	42동	13		52	1978	강남구	압구정동	13.0		52	1978	13.0	36.4	970.7561374669342	471724684.0	압구정한양4차아파트
264753409	43동	13		52	1978	강남구	압구정동	13.0		52	1978	13.0	36.4	935.5439851910312	471724684.0	압구정한양4차아파트
264753411	95동	12		120	1980	강남구	압구정동	12.0		120	1980	12.0	33.599999999999994	1188.7733696756163	471724556.0	압구정현대8차아파트
264753413	45동	13		91	1978	강남구	압구정동	13.0		91	1978	13.0	36.4	790.9135154664036	471724684.0	압구정한양4차아파트
264753414	94동	12		120	1980	강남구	압구정동	12.0		120	1980	12.0	33.599999999999994	1188.8277326000245	471724556.0	압구정현대8차아파트
264753679	61동	12		156	1980	강남구	압구정동	12.0		156	1980	12.0	33.599999999999994	1501.1955904637282	471724970.0	압구정한양6차아파트
264754540	9동	12		168	1978	강남구	압구정동	12.0		168	1978	12.0	33.599999999999994	1177.5282409526897	471726603.0	압구정한양1차아파트
264754544	8동	12		72	1978	강남구	압구정동	12.0		72	1978	12.0	33.599999999999994	709.6908899525023	471726603.0	압구정한양1차아파트
264754548	2동	12		84	1978	강남구	압구정동	12.0		84	1978	12.0	33.599999999999994	641.2009885826902	471726603.0	압구정한양1차아파트
264754551	5동	12		72	1978	강남구	압구정동	12.0		72	1978	12.0	33.599999999999994	641.1886831327994	471726603.0	압구정한양1차아파트
264754555	6동	12		84	1978	강남구	압구정동	12.0		84	1978	12.0	33.599999999999994	641.0518539495877	471726603.0	압구정한양1차아파트
264754558	1동	12		84	1978	강남구	압구정동	12.0		84	1978	12.0	33.599999999999994	640.9445287972276	471726603.0	압구정한양1차아파트
282429695	삼우파크빌라	4				서초구	양재동	4.0				4.0	11.2	289.8757199751497		
306366592	110동	20	53	75	2003			20.0	53.0	75	2003	20.0	53.0	824.1053746743017	491074920.0	서초래미안아파트
306366593	107동	27	73	54	2003			27.0	73.0	54	2003	27.0	73.0	355.64219129777285	491074920.0	서초래미안아파트
306366594	109동	24	64	86	2003			24.0	64.0	86	2003	24.0	64.0	762.4462553563967	491074920.0	서초래미안아파트
306366595	106동	27	73	104	2003			27.0	73.0	104	2003	27.0	73.0	727.6359998151981	491074920.0	서초래미안아파트
306366596	111동	20	53	35				20.0	53.0	35		20.0	53.0	304.0168380002859	491074920.0	서초래미안아파트
306366597	108동	26	70	104	2003			26.0	70.0	104	2003	26.0	70.0	608.1523207285069	491074920.0	서초래미안아파트
306387178	101동	10	30	41	2000			10.0	30.0	41	2000	10.0	30.0	875.9091716851035		
306390260	104동	26	73	109	2003			26.0	73.0	109	2003	26.0	73.0	795.55776067535	491074920.0	서초래미안아파트
306390261	113동	16	42	64	2003			16.0	42.0	64	2003	16.0	42.0	553.1204996589031	491074920.0	서초래미안아파트
306390262	105동	27	73	104	2003			27.0	73.0	104	2003	27.0	73.0	663.6350274472079	491074920.0	서초래미안아파트
306390263	102동	27	73	118	2003			27.0	73.0	118	2003	27.0	73.0	832.1362371081697	491074920.0	서초래미안아파트
306390264	103동	27	73	127	2003			27.0	73.0	127	2003	27.0	73.0	833.0149319568201	491074920.0	서초래미안아파트
306391164	101동	27	73	113	2003			27.0	73.0	113	2003	27.0	73.0	934.9146982336173	491074920.0	서초래미안아파트
313842482	서초파라곤	15	47	60	2005			15.0	47.0	60	2005	15.0	47.0	1161.5198447583707		
313864712	근형빌라					송파구	송파동							592.6180804761128		
313864713	한양빌리지B					송파구	송파동							73.94027117125674		
313864714	한양빌리지A					송파구	송파동							90.04507968785195		
333073382	101동	32	92	123	2010			32.0	92.0	123	2010	32.0	92.0	705.2248435273443	333075749.0	반포리체아파트
333073384	106동	35	101	136	2010			35.0	101.0	136	2010	35.0	101.0	562.9617205755791	333075749.0	반포리체아파트
333075393	102동	35	101	68	2010			35.0	101.0	68	2010	35.0	101.0	485.25304171088646	333075749.0	반포리체아파트
333075396	108동	35	101	136	2010			35.0	101.0	136	2010	35.0	101.0	692.4302257434653	333075749.0	반포리체아파트
333242084	빌라													142.85587709651594		
333257783	3동	15		120	1988			15.0		120	1988	15.0	42.0	900.36078600227	306385386.0	삼풍아파트
333257784	7동	15		165	1988			15.0		165	1988	15.0	42.0	1157.3329536820713	306385386.0	삼풍아파트
333260079		20		83	2010			20.0		83	2010	20.0	56.0	720.630070243439	306386648.0	서초교대e편한세상
333260080		20		84	2010			20.0		84	2010	20.0	56.0	687.859958686642	306386648.0	서초교대e편한세상
333260081		20		84	2010			20.0		84	2010	20.0	56.0	709.3160960869303	306386648.0	서초교대e편한세상
333260082		20		85	2010			20.0		85	2010	20.0	56.0	743.7688466318644	306386648.0	서초교대e편한세상
333260625		16		62	2010			16.0		62	2010	16.0	44.8	754.1667772855559	306386648.0	서초교대e편한세상
333260626		15		37	2010			15.0		37	2010	15.0	42.0	420.598976168182	306386648.0	서초교대e편한세상
356466127	빌폴라리스 아파트	20	70	19	2009	강남구	청담동	20.0	70.0	19	2009	20.0	70.0	369.34319012710705		
356466129	상지리츠빌카일룸 3차 아파트	20	70	19	2009	강남구	청담동	20.0	70.0	19	2009	20.0	70.0	455.01636764186225		
356466133	상지리츠빌카일룸 2차 아파트	16	57	15	2006	강남구	청담동	16.0	57.0	15	2006	16.0	57.0	697.0724568471683		
356466136	상지카일룸 아파트	13	45	17	2003	강남구	청담동	13.0	45.0	17	2003	13.0	45.0	624.3506747929729		
356466137	구산아파트					강남구	청담동							556.3678393634348		
356476364	연세리버빌3차 아파트	13	41	19	1999	강남구	청담동	13.0	41.0	19	1999	13.0	41.0	758.496418428349		
356477886	한성주택					강남구	청담동							342.1323970492224		
356492261	호원 아파트					강남구	청담동							822.8176647738396		
356492270	청담대우로얄카운티 6차 아파트					강남구	청담동							617.229737482759		
357019954	상지리츠빌 9차 아파트					강남구	청담동							528.2444341112424		
357019955	두산빌라					강남구	청담동							928.256309798936		
357019958	대우로얄카운티2차					강남구	청담동							819.4340938451087		
357019960	대우리츠카운티아파트	7				강남구	청담동	7.0				7.0	19.599999999999998	648.5291053716586		
357019961	청담대우로얄카운티1차					강남구	청담동							926.1177163781314		
357019962	대우로얄카운티3차					강남구	청담동							1463.1989914094409		
357020009		8				강남구	청담동	8.0				8.0	22.4	350.2213985594285		
357020011		4				강남구	청담동	4.0				4.0	11.2	372.6728643027791		
357020014	상지리츠빌 3차 아파트	4				강남구	청담동	4.0				4.0	11.2	426.17439073368706		
357020015	신원빌라					강남구	청담동							206.4770384862699		
357020016		4				강남구	청담동	4.0				4.0	11.2	418.8050455670366		
357020018	한양맨션					강남구	청담동							219.25772020732543		
357020019	청담상지리츠빌 8차 아파트	5				강남구	청담동	5.0				5.0	14.0	556.948667846604		
357020020	청담상지리츠빌 8차 아파트	5				강남구	청담동	5.0				5.0	14.0	556.72034446769		
357020135						강남구	청담동							381.99607740250764		
357021412	월드빌리지					강남구	청담동							291.0398929670113		
357022752		17				강남구	청담동	17.0				17.0	47.599999999999994	699.5902246801423	999895325.0	청담현대빌라
357022753		17				강남구	청담동	17.0				17.0	47.599999999999994	680.778584694426	999895325.0	청담현대빌라
357024162	홍화 아파트					강남구	청담동							581.8472855443881		
357024163	신동아빌라트					강남구	청담동							614.1858377846298		
358284831	102	6	18	30	2001	강남구	신사동	6.0	18.0	30	2001	6.0	18.0	812.950882670752	614482637.0	대원킨타빌아파트
358284832	101	17	47	100	2001	강남구	신사동	17.0	47.0	100	2001	17.0	47.0	1474.2687101210183	614482637.0	대원킨타빌아파트
358286164	로데오현대아파트	17	49	222	1998	강남구	신사동	17.0	49.0	222	1998	17.0	49.0	1716.8823016442982		
358317570	알파임하우스아파트	10	31	19	2002	강남구	신사동	10.0	31.0	19	2002	10.0	31.0	662.0060372614204		
358726212	닛시빌라트					강남구	신사동							544.6609008612468		
358726226	금광아크존					강남구	신사동							786.0724609447152		
358726228	미진빌라					강남구	신사동							137.46909391985463		
358738793	청담휴먼스타빌아파트	27	89	191	2005	강남구	청담동	27.0	89.0	191	2005	27.0	89.0	583.6859841069637		
358774763	체리빌아파트					강남구	신사동							202.20546661589975		
358775726	현대아인빌아파트					강남구	신사동							544.6550571377315		
358828874	우찬아파트					강남구	신사동							319.11728292820226		
358828875	뉴현대아파트					강남구	신사동							240.51489665485104		
359769401	한양아파트					강남구	신사동							254.7554517296976		
359839865	203	35	105	198	2014			35.0	105.0	198	2014	35.0	105.0	1137.5184261690924	359839868.0	양재리본타워2단지
359839866	202	25	77	96	2014			25.0	77.0	96	2014	25.0	77.0	720.3785525650023	359839868.0	양재리본타워2단지
359839867	201	25	77	96	2014			25.0	77.0	96	2014	25.0	77.0	470.06231533229857	359839868.0	양재리본타워2단지
359840015		30	91	168	2014			30.0	91.0	168	2014	30.0	91.0	909.1038579190355		
359840016		22	68	63	2014			22.0	68.0	63	2014	22.0	68.0	479.17209252084086		
361603120	220	9		54	1988	강남구	개포동	9.0		54	1988	9.0	25.2	628.0782185150838	361603599.0	개포현대2차아파트
361603121	200	9		72	1986	강남구	개포동	9.0		72	1986	9.0	25.2	874.0203217489919	361603599.0	개포현대2차아파트
361603341	쌍용개포아파트	10	37	16	1995	강남구	개포동	10.0	37.0	16	1995	10.0	37.0	550.7245045641632		
361606229						강남구	개포동							206.98224992551303		
361606230						강남구	개포동							129.72104320307616		
361606232						강남구	개포동							156.2406491128705		
361606235						강남구	개포동							176.0321322854365		
361606239						강남구	개포동							150.67441483279018		
361606241						강남구	개포동							121.37070591655342		
361606243						강남구	개포동							131.8944385187878		
361606244						강남구	개포동							120.2939590472934		
361606245						강남구	개포동							177.172131148257		
361606246						강남구	개포동							149.44884135375128		
361606247						강남구	개포동							120.4349651970436		
361606249						강남구	개포동							187.3359553202858		
361606250						강남구	개포동							184.57838814946263		
361606251						강남구	개포동							145.37276010194785		
362436551	201	9		36	1986	강남구	개포동	9.0		36	1986	9.0	25.2	648.1175701902805	361603599.0	개포현대2차아파트
362436552	202	9		36	1986	강남구	개포동	9.0		36	1986	9.0	25.2	621.1150781148027	361603599.0	개포현대2차아파트
362436553	203	9		54	1986	강남구	개포동	9.0		54	1986	9.0	25.2	1093.105422948881	361603599.0	개포현대2차아파트
362436554	204	9		36	1986	강남구	개포동	9.0		36	1986	9.0	25.2	870.1963917822393	361603599.0	개포현대2차아파트
362436555	205	9		36	1986	강남구	개포동	9.0		36	1986	9.0	25.2	809.5278332707429	361603599.0	개포현대2차아파트
362436556	206	9		18	1986	강남구	개포동	9.0		18	1986	9.0	25.2	319.34023572169104	361603599.0	개포현대2차아파트
362436557	207	9		54	1986	강남구	개포동	9.0		54	1986	9.0	25.2	1084.1829707892932	361603599.0	개포현대2차아파트
362436558	208	9		36	1986	강남구	개포동	9.0		36	1986	9.0	25.2	785.2592638127343	361603599.0	개포현대2차아파트
362436559	209	9		53	1986	강남구	개포동	9.0		53	1986	9.0	25.2	1072.388656894598	361603599.0	개포현대2차아파트
362436560	210	9		72	1986	강남구	개포동	9.0		72	1986	9.0	25.2	1079.7667973835792	361603599.0	개포현대2차아파트
362436562	211	9		36	1986	강남구	개포동	9.0		36	1986	9.0	25.2	830.9299844691473	361603599.0	개포현대2차아파트
362436563	212	9		54	1986	강남구	개포동	9.0		54	1986	9.0	25.2	1059.5331251576363	361603599.0	개포현대2차아파트
362436564	213	9		36	1986	강남구	개포동	9.0		36	1986	9.0	25.2	507.12277355363824	361603599.0	개포현대2차아파트
362625955	101	13		78	1984	강남구	개포동	13.0		78	1984	13.0	36.4	1252.8284559707613	362625954.0	개포현대1차아파트
362625956	102	13		78	1984	강남구	개포동	13.0		78	1984	13.0	36.4	808.2454491775799	362625954.0	개포현대1차아파트
362625958	103	13		78	1984	강남구	개포동	13.0		78	1984	13.0	36.4	1355.2387540422023	362625954.0	개포현대1차아파트
362625959	104	13		52	1984	강남구	개포동	13.0		52	1984	13.0	36.4	813.2053804519456	362625954.0	개포현대1차아파트
362625960	105	13		78	1984	강남구	개포동	13.0		78	1984	13.0	36.4	1480.0029622291784	362625954.0	개포현대1차아파트
362625961	106	13		52	1984	강남구	개포동	13.0		52	1984	13.0	36.4	645.2627494954926	362625954.0	개포현대1차아파트
362626348	901	16	42	84	2021	강남구	개포동	16.0	42.0	84	2021	16.0	42.0	895.0719424684804	362626347.0	더샵 트리에
362626349	902	16	42	148	2021	강남구	개포동	16.0	42.0	148	2021	16.0	42.0	1391.5632565903777	362626347.0	더샵 트리에
362627808	1	15		60	1984	강남구	개포동	15.0		60	1984	15.0	42.0	934.8630687699153	362627806.0	개포우성3차아파트
362627809	2	15		60	1984	강남구	개포동	15.0		60	1984	15.0	42.0	825.9238452247563	362627806.0	개포우성3차아파트
362627810	3	15		60		강남구	개포동	15.0		60		15.0	42.0	887.7818806146862	362627806.0	개포우성3차아파트
362627811	5	15		90	1984	강남구	개포동	15.0		90	1984	15.0	42.0	1210.9476075082825	362627806.0	개포우성3차아파트
362627812	6	15		135	1984	강남구	개포동	15.0		135	1984	15.0	42.0	1010.9029757381601	362627806.0	개포우성3차아파트
363249332	3	12		72	1984	강남구	개포동	12.0		72	1984	12.0	33.599999999999994	912.0194354987759	362627807.0	개포경남아파트
363249333	1	12		96	1984	강남구	개포동	12.0		96	1984	12.0	33.599999999999994	1565.0300456810478	362627807.0	개포경남아파트
363249334	2	12		96	1984	강남구	개포동	12.0		96	1984	12.0	33.599999999999994	1522.7313291517044	362627807.0	개포경남아파트
363249335	5	12		48	1984	강남구	개포동	12.0		48	1984	12.0	33.599999999999994	855.0743110197302	362627807.0	개포경남아파트
363249336	6	12		48	1984	강남구	개포동	12.0		48	1984	12.0	33.599999999999994	575.3882229407282	362627807.0	개포경남아파트
363249337	7	12		48	1984	강남구	개포동	12.0		48	1984	12.0	33.599999999999994	553.1374598778287	362627807.0	개포경남아파트
363249338	8	15		120	1984	강남구	개포동	15.0		120	1984	15.0	42.0	1826.5135684707743	362627807.0	개포경남아파트
363249339	9	15		90	1984	강남구	개포동	15.0		90	1984	15.0	42.0	1498.4548628896243	362627807.0	개포경남아파트
363249340	10	15		60	1984	강남구	개포동	15.0		60	1984	15.0	42.0	787.0172121385904	362627807.0	개포경남아파트
367791113	107동	12		96	1982	강남구	압구정동	12.0		96	1982	12.0	33.599999999999994	1283.1246916645975	436407134.0	신현대아파트
368290029	112동	14	37	36	2003			14.0	37.0	36	2003	14.0	37.0	438.6368725461245	491074920.0	서초래미안아파트
368940403		10		54	1991			10.0		54	1991	10.0	28.0	728.26099402722	910465735.0	양재 우성아파트
368940406		15		90	1991			15.0		90	1991	15.0	42.0	618.784823672652	910465735.0	양재 우성아파트
368940410		15		84	1991			15.0		84	1991	15.0	42.0	530.2593017694057	910465735.0	양재 우성아파트
368940411		15		56	1991			15.0		56	1991	15.0	42.0	392.1148397271748	910465735.0	양재 우성아파트
368940413		15		90	1991			15.0		90	1991	15.0	42.0	676.4406290986334	910465735.0	양재 우성아파트
368940414		14	39	150	1996			14.0	39.0	150	1996	14.0	39.0	1322.3259151982252	910465735.0	양재 우성아파트
368940415		15		90	1991			15.0		90	1991	15.0	42.0	676.2357624249707	910465735.0	양재 우성아파트
368940416		15		90	1991			15.0		90	1991	15.0	42.0	547.583727209777	910465735.0	양재 우성아파트
368940417		15		90	1991			15.0		90	1991	15.0	42.0	602.9052136172368	910465735.0	양재 우성아파트
368940419		15		60	1991			15.0		60	1991	15.0	42.0	416.2038999653224	910465735.0	양재 우성아파트
368940420		14		54	1991			14.0		54	1991	14.0	39.199999999999996	354.3965221900302	910465735.0	양재 우성아파트
369461449		15		90	1991			15.0		90	1991	15.0	42.0	629.7266876082781	910465735.0	양재 우성아파트
370217711						강남구	개포동							651.8322648826011		
370217713						강남구	개포동							652.9621447725439		
370219322	1	5		40	1987	강남구	개포동	5.0		40	1987	5.0	14.0	818.6511050397041	370219321.0	개포우성6차아파트
370219323	2	5		40	1987	강남구	개포동	5.0		40	1987	5.0	14.0	770.5802835413917	370219321.0	개포우성6차아파트
370219325		5		30	1987	강남구	개포동	5.0		30	1987	5.0	14.0	560.1760527869498	370219321.0	개포우성6차아파트
370219326	4	5		20	1987	강남구	개포동	5.0		20	1987	5.0	14.0	332.23283521497586	370219321.0	개포우성6차아파트
370219327	5	5		40	1987	강남구	개포동	5.0		40	1987	5.0	14.0	912.7884705442198	370219321.0	개포우성6차아파트
370219328	6	5		40	1987	강남구	개포동	5.0		40	1987	5.0	14.0	777.8040171711041	370219321.0	개포우성6차아파트
370219329	7	5		30	1987	강남구	개포동	5.0		30	1987	5.0	14.0	651.7159877897245	370219321.0	개포우성6차아파트
370219331	8	5		30	1987	강남구	개포동	5.0		30	1987	5.0	14.0	643.3158087127289	370219321.0	개포우성6차아파트
370279308	리더스아파트					강남구	개포동							177.9645823380569		
370326503						강남구	개포동							185.43050751924378		
370327835	현대아파트	9	28	18	1994	강남구	개포동	9.0	28.0	18	1994	9.0	28.0	382.4475183018041		
370330261	2	9		36	1986	강남구	개포동	9.0		36	1986	9.0	25.2	795.2992052966033	370329011.0	개포현대3차아파트
370330262	1	9		36	1986	강남구	개포동	9.0		36	1986	9.0	25.2	686.5351254319064	370329011.0	개포현대3차아파트
370330263	4	9		36	1986	강남구	개포동	9.0		36	1986	9.0	25.2	590.6952071239211	370329011.0	개포현대3차아파트
370330264	3	9		36	1986	강남구	개포동	9.0		36	1986	9.0	25.2	732.6278664645652	370329011.0	개포현대3차아파트
370330265	5	9		54	1986	강남구	개포동	9.0		54	1986	9.0	25.2	697.4030117934429	370329011.0	개포현대3차아파트
370331600	803	9		90	1987	강남구	개포동	9.0		90	1987	9.0	25.2	1071.6725320860912	370329012.0	개포우성8차아파트
370331601	802	9		90	1987	강남구	개포동	9.0		90	1987	9.0	25.2	1054.514777987637	370329012.0	개포우성8차아파트
370331602	801	9		81	1987	강남구	개포동	9.0		81	1987	9.0	25.2	1010.0627068081096	370329012.0	개포우성8차아파트
370389786	웨스트빌리지	20	63	19	2009	강남구	도곡동	20.0	63.0	19	2009	20.0	63.0	499.4277879017561	370389788.0	로덴하우스
370389787	이스트빌리지	19		33	2009	강남구	도곡동	19.0		33	2009	19.0	53.199999999999996	714.5899588725606	370389788.0	로덴하우스
370432224	501					강남구	개포동							1209.3684705407898	370432226.0	개포주공5단지아파트
370432228	502	14		140	1983	강남구	개포동	14.0		140	1983	14.0	39.199999999999996	1095.4126012158786	370432226.0	개포주공5단지아파트
370432229	503	14		140	1983	강남구	개포동	14.0		140	1983	14.0	39.199999999999996	1187.6574352906453	370432226.0	개포주공5단지아파트
370432230	504	14		140	1983	강남구	개포동	14.0		140	1983	14.0	39.199999999999996	1212.8969763527457	370432226.0	개포주공5단지아파트
370432231	505	14		224	1983	강남구	개포동	14.0		224	1983	14.0	39.199999999999996	1403.76157663557	370432226.0	개포주공5단지아파트
370432232	506	14		156	1983	강남구	개포동	14.0		156	1983	14.0	39.199999999999996	1043.2175111780193	370432226.0	개포주공5단지아파트
370438761	1	9		54	1985	강남구	도곡동	9.0		54	1985	9.0	25.2	1051.847422226432	370438757.0	개포우성4차아파트
370438762	2	9		54	1985	강남구	도곡동	9.0		54	1985	9.0	25.2	1084.895899592054	370438757.0	개포우성4차아파트
370438763	3	9		54	1985	강남구	도곡동	9.0		54	1985	9.0	25.2	1042.6543634892469	370438757.0	개포우성4차아파트
370438764	5	9		54	1985	강남구	도곡동	9.0		54	1985	9.0	25.2	938.8322149308408	370438757.0	개포우성4차아파트
370438765	6	9		36	1985	강남구	도곡동	9.0		36	1985	9.0	25.2	615.1124723416153	370438757.0	개포우성4차아파트
370438766	7	9		54	1985	강남구	도곡동	9.0		54	1985	9.0	25.2	920.9861864608094	370438757.0	개포우성4차아파트
370438767	8	9		54	1985	강남구	도곡동	9.0		54	1985	9.0	25.2	866.2174031703269	370438757.0	개포우성4차아파트
370438768	9	9		99	1985	강남구	도곡동	9.0		99	1985	9.0	25.2	1171.0223593268001	370438757.0	개포우성4차아파트
370722577	현대빌라					강남구	개포동							141.30835687387457		
379232113	두산베어스텔오피스텔	21	84	174	1999	서초구	서초동	21.0	84.0	174	1999	21.0	84.0	697.0059028045193		
393356616	구의현대하이엘	18	59	98	2005	광진구	자양동	18.0	59.0	98	2005	18.0	59.0	711.3470872119588		
394541406	156	25	68	50	2008	송파구	잠실동	25.0	68.0	50	2008	25.0	68.0	275.00178406789155		
394541409	155	22	60	88	2008	송파구	잠실동	22.0	60.0	88	2008	22.0	60.0	484.34338469993776		
394541410	154	22	60	88	2008	송파구	잠실동	22.0	60.0	88	2008	22.0	60.0	529.8521704797537		
394541411	151	18	49	36	2008	송파구	잠실동	18.0	49.0	36	2008	18.0	49.0	237.64866056636313		
394541412	150	20	57	80	2008	송파구	잠실동	20.0	57.0	80	2008	20.0	57.0	564.48268652966		
394541413	147	19	68	36	2008	송파구	잠실동	19.0	68.0	36	2008	19.0	68.0	267.50766527024297		
394541414	146	24	68	86	2008	송파구	잠실동	24.0	68.0	86	2008	24.0	68.0	602.8586723539631		
394541415	161	22	60	88	2008	송파구	잠실동	22.0	60.0	88	2008	22.0	60.0	645.3839221610226		
394541416	160	22	60	44	2008	송파구	잠실동	22.0	60.0	44	2008	22.0	60.0	261.66169319799735		
394541417	148	30	85	114	2008	송파구	잠실동	30.0	85.0	114	2008	30.0	85.0	577.5985617530657		
394541418	145	28	79	106	2008	송파구	잠실동	28.0	79.0	106	2008	28.0	79.0	514.1680517256203		
394541419	152	30	85	114	2008	송파구	잠실동	30.0	85.0	114	2008	30.0	85.0	265.57387900644255		
394541420	149	23	65	86	2008	송파구	잠실동	23.0	65.0	86	2008	23.0	65.0	384.1403059248594		
394541421	153	22	63	84	2008	송파구	잠실동	22.0	63.0	84	2008	22.0	63.0	508.19299831893335		
394541422	158	30	85	116	2008	송파구	잠실동	30.0	85.0	116	2008	30.0	85.0	491.03247813089837		
394541423	163	30	85	114	2008	송파구	잠실동	30.0	85.0	114	2008	30.0	85.0	545.2646181031712		
394541424	159	22	63	84	2008	송파구	잠실동	22.0	63.0	84	2008	22.0	63.0	605.9631084555698		
394541425	166	27	74	104	2008	송파구	잠실동	27.0	74.0	104	2008	27.0	74.0	785.7862837971923		
394541426	165	20	54	80	2008	송파구	잠실동	20.0	54.0	80	2008	20.0	54.0	688.460472387206		
394541428	169	19	54	36	2008	송파구	잠실동	19.0	54.0	36	2008	19.0	54.0	266.9121390739096		
394541429	168	26	74	100	2008	송파구	잠실동	26.0	74.0	100	2008	26.0	74.0	608.370459317676		
394541430	171	26	71	52	2008	송파구	잠실동	26.0	71.0	52	2008	26.0	71.0	191.69521067606388		
394541431	172	21	57	78	2008	송파구	잠실동	21.0	57.0	78	2008	21.0	57.0	571.4354534983513		
394541433	106	28	77	108	2008	송파구	잠실동	28.0	77.0	108	2008	28.0	77.0	498.2012253017978		
394541434	167	27	74	108	2008	송파구	잠실동	27.0	74.0	108	2008	27.0	74.0	455.4251072128206		
394541435	164	26	71	50	2008	송파구	잠실동	26.0	71.0	50	2008	26.0	71.0	372.21908439946475		
394541436	103	27	77	104	2008	송파구	잠실동	27.0	77.0	104	2008	27.0	77.0	605.3614583346962		
394541437	102	26	71	104	2008	송파구	잠실동	26.0	71.0	104	2008	26.0	71.0	428.08743414716287		
394541438	105	26	71	52	2008	송파구	잠실동	26.0	71.0	52	2008	26.0	71.0	281.03349712383107		
394541439	104	24	66	48	2008	송파구	잠실동	24.0	66.0	48	2008	24.0	66.0	477.95890217280686		
394541440	109	24	66	48	2008	송파구	잠실동	24.0	66.0	48	2008	24.0	66.0	421.0727359348423		
394541441	108	27	77	104	2008	송파구	잠실동	27.0	77.0	104	2008	27.0	77.0	520.2336475621246		
394541442	107	26	71	104	2008	송파구	잠실동	26.0	71.0	104	2008	26.0	71.0	558.7945826983655		
394541443	110	26	71	52	2008	송파구	잠실동	26.0	71.0	52	2008	26.0	71.0	293.1176170467557		
394541444	112	28	77	56	2008	송파구	잠실동	28.0	77.0	56	2008	28.0	77.0	378.0202563572906		
394541445	111	29	80	114	2008	송파구	잠실동	29.0	80.0	114	2008	29.0	80.0	686.669264354344		
394541446	115	26	71	52	2008	송파구	잠실동	26.0	71.0	52	2008	26.0	71.0	400.7467685447393		
394541447	113	27	77	104	2008	송파구	잠실동	27.0	77.0	104	2008	27.0	77.0	637.2740575677445		
394541448	114	24	66	48	2008	송파구	잠실동	24.0	66.0	48	2008	24.0	66.0	393.2495075294203		
394541449	116	26	74	98	2008	송파구	잠실동	26.0	74.0	98	2008	26.0	74.0	559.5912248308649		
394541450	117	17	46	34	2008	송파구	잠실동	17.0	46.0	34	2008	17.0	46.0	233.13090226027603		
394541451	119	24	68	90	2008	송파구	잠실동	24.0	68.0	90	2008	24.0	68.0	647.5329022463065		
394541452	120	26	74	100	2008	송파구	잠실동	26.0	74.0	100	2008	26.0	74.0	621.8903025169087		
394541453	118	26	74	98	2008	송파구	잠실동	26.0	74.0	98	2008	26.0	74.0	658.2928002073753		
394541454	121	24	68	46	2008	송파구	잠실동	24.0	68.0	46	2008	24.0	68.0	325.48189900099965		
394541455	123	24	66	48	2008	송파구	잠실동	24.0	66.0	48	2008	24.0	66.0	295.2668093768275		
394541456	122	24	66	96	2008	송파구	잠실동	24.0	66.0	96	2008	24.0	66.0	523.3396079303675		
394541457	124	25	68	98	2008	송파구	잠실동	25.0	68.0	98	2008	25.0	68.0	581.4924912903108		
394541458	127	20	54	76	2008	송파구	잠실동	20.0	54.0	76	2008	20.0	54.0	447.72472223099334		
394541459	126	21	57	42	2008	송파구	잠실동	21.0	57.0	42	2008	21.0	57.0	303.07854123442223		
394541460	125	25	68	50	2008	송파구	잠실동	25.0	68.0	50	2008	25.0	68.0	245.1684569273158		
394541461	128	26	74	98	2008	송파구	잠실동	26.0	74.0	98	2008	26.0	74.0	517.1327788573406		
394541462	129	21	57	78	2008	송파구	잠실동	21.0	57.0	78	2008	21.0	57.0	571.3219661980943		
394541463	130	26	74	50	2008	송파구	잠실동	26.0	74.0	50	2008	26.0	74.0	279.68859098392295		
394541464	131	26	71	104	2008	송파구	잠실동	26.0	71.0	104	2008	26.0	71.0	739.5491808848678		
394541465	132	23	63	92	2008	송파구	잠실동	23.0	63.0	92	2008	23.0	63.0	695.5278005025506		
394541466	133	29	82	56	2008	송파구	잠실동	29.0	82.0	56	2008	29.0	82.0	421.0118003543164		
394541467	136	26	74	50	2008	송파구	잠실동	26.0	74.0	50	2008	26.0	74.0	417.27172783917246		
394541468	134	23	63	92	2008	송파구	잠실동	23.0	63.0	92	2008	23.0	63.0	453.59131062465235		
394541469	144	29	82	56	2008	송파구	잠실동	29.0	82.0	56	2008	29.0	82.0	354.5994166020182		
394541470	143	25	71	96	2008	송파구	잠실동	25.0	71.0	96	2008	25.0	71.0	591.8670610681415		
394541471	140	25	71	96	2008	송파구	잠실동	25.0	71.0	96	2008	25.0	71.0	621.8834424480663		
394541472	142	33	93	64	2008	송파구	잠실동	33.0	93.0	64	2008	33.0	93.0	393.37590433185017		
394541473	141	24	66	48	2008	송파구	잠실동	24.0	66.0	48	2008	24.0	66.0	274.2722656867513		
394541475	139	34	96	66	2008	송파구	잠실동	34.0	96.0	66	2008	34.0	96.0	404.9862864510135		
394541476	138	24	68	92	2008	송파구	잠실동	24.0	68.0	92	2008	24.0	68.0	604.9120757811272		
394541477	135	26	74	50	2008	송파구	잠실동	26.0	74.0	50	2008	26.0	74.0	423.1580864496658		
394541478	137	23	63	92	2008	송파구	잠실동	23.0	63.0	92	2008	23.0	63.0	650.5629369543024		
396400109		24	66	74	2007	강남구	역삼동	24.0	66.0	74	2007	24.0	66.0	882.3201397883257	510394405.0	래미안 펜타빌
431589110	105동	29	81	85	2009			29.0	81.0	85	2009	29.0	81.0	699.6375732576037	165196918.0	반포자이아파트
431800076	119동	11		198	1983			11.0		198	1983	11.0	30.799999999999997	1125.2986562067817	413354845.0	신반포한신16차아파트
431800077	120동	11		198	1983			11.0		198	1983	11.0	30.799999999999997	1125.2861499211526	413354845.0	신반포한신16차아파트
431800079	4동	15		150	1987			15.0		150	1987	15.0	42.0	860.8331196786148	431800078.0	강변아파트
431800080	1동	15		90	1987			15.0		90	1987	15.0	42.0	638.0525083001575	431800078.0	강변아파트
431800081	2동	15		60	1987			15.0		60	1987	15.0	42.0	385.96136183623156	431800078.0	강변아파트
431800082	3동	15		60	1987			15.0		60	1987	15.0	42.0	324.18721711118377	431800078.0	강변아파트
431800084	101동	19		167	1993			19.0		167	1993	19.0	53.199999999999996	760.853916556438	431800083.0	잠원현대아파트
431800085	102동	15		71	1993			15.0		71	1993	15.0	42.0	663.5108163098965	431800083.0	잠원현대아파트
432034149	2동	14		84	1982	강남구	압구정동	14.0		84	1982	14.0	39.199999999999996	1212.8137719771462	432034136.0	미성1차아파트
432034150	2동	14		112	1982	강남구	압구정동	14.0		112	1982	14.0	39.199999999999996	1318.4434214174098	432034136.0	미성1차아파트
432034151	3동	14		126	1982	강남구	압구정동	14.0		126	1982	14.0	39.199999999999996	1049.4086964561288	432034136.0	미성1차아파트
436407137	120동	13		52	1982	강남구	압구정동	13.0		52	1982	13.0	36.4	655.0301594069103	436407134.0	신현대아파트
436407139	121동	13		52	1982	강남구	압구정동	13.0		52	1982	13.0	36.4	654.8500971824018	436407134.0	신현대아파트
436407141	123동	13		52	1982	강남구	압구정동	13.0		52	1982	13.0	36.4	654.7295861536255	436407134.0	신현대아파트
436407145	118동	13		52	1982	강남구	압구정동	13.0		52	1982	13.0	36.4	654.8461351546866	436407134.0	신현대아파트
436407147	117동	13		52	1982	강남구	압구정동	13.0		52	1982	13.0	36.4	603.5656667690092	436407134.0	신현대아파트
436407149	114동	13		52	1982	강남구	압구정동	13.0		52	1982	13.0	36.4	648.365288783471	436407134.0	신현대아파트
436407151	108동	13		78	1982	강남구	압구정동	13.0		78	1982	13.0	36.4	1224.4081515257224	436407134.0	신현대아파트
436407153	109동	13		78	1982	강남구	압구정동	13.0		78	1982	13.0	36.4	1064.9055539522665	436407134.0	신현대아파트
436407155	112동	13		78	1982	강남구	압구정동	13.0		78	1982	13.0	36.4	1039.3099372847516	436407134.0	신현대아파트
436407157	111동	13		52	1982	강남구	압구정동	13.0		52	1982	13.0	36.4	722.8481322475684	436407134.0	신현대아파트
436407159	110동	13		52	1982	강남구	압구정동	13.0		52	1982	13.0	36.4	490.7251228000181	436407134.0	신현대아파트
436407161	113동	13		78	1982	강남구	압구정동	13.0		78	1982	13.0	36.4	1075.1224368194232	436407134.0	신현대아파트
436407164	125동	13		78	1982	강남구	압구정동	13.0		78	1982	13.0	36.4	1074.7784422386865	436407134.0	신현대아파트
436407167	127동	13		78	1982	강남구	압구정동	13.0		78	1982	13.0	36.4	1066.439253500112	436407134.0	신현대아파트
436407170	122동	13		52	1982	강남구	압구정동	13.0		52	1982	13.0	36.4	464.9594003155304	436407134.0	신현대아파트
436407174	119동	13		52	1982	강남구	압구정동	13.0		52	1982	13.0	36.4	464.78775706567274	436407134.0	신현대아파트
436407177	116동	13		116	1982	강남구	압구정동	13.0		116	1982	13.0	36.4	1212.023240604551	436407134.0	신현대아파트
436407182	115동	13		103	1982	강남구	압구정동	13.0		103	1982	13.0	36.4	988.7233362075207	436407134.0	신현대아파트
436407185	126동	13		65	1982	강남구	압구정동	13.0		65	1982	13.0	36.4	599.5476034143151	436407134.0	신현대아파트
436407187	104동	12		72	1982	강남구	압구정동	12.0		72	1982	12.0	33.599999999999994	645.5963822473395	436407134.0	신현대아파트
436407189	105동	12		72	1982	강남구	압구정동	12.0		72	1982	12.0	33.599999999999994	645.5923889302592	436407134.0	신현대아파트
436407193	103동	12		96	1982	강남구	압구정동	12.0		96	1982	12.0	33.599999999999994	1045.0329487871734	436407134.0	신현대아파트
436407195	102동	12		96	1982	강남구	압구정동	12.0		96	1982	12.0	33.599999999999994	831.6606876580313	436407134.0	신현대아파트
436407199	101동	12		96	1982	강남구	압구정동	12.0		96	1982	12.0	33.599999999999994	898.5120313487334	436407134.0	신현대아파트
436407203	106동	12		72	1982	강남구	압구정동	12.0		72	1982	12.0	33.599999999999994	1019.1225524313647	436407134.0	신현대아파트
436407206	25동	15		90	1987	강남구	압구정동	15.0		90	1987	15.0	42.0	878.0461898135757	432034139.0	미성2차아파트
436407207	24동	17		136	1987	강남구	압구정동	17.0		136	1987	17.0	47.599999999999994	835.9963920512346	432034139.0	미성2차아파트
436407209	23동	15		90	1987	강남구	압구정동	15.0		90	1987	15.0	42.0	846.0712265309797	432034139.0	미성2차아파트
436407213		16	53	14	2009			16.0	53.0	14	2009	16.0	53.0	244.23089614753263	436407215.0	잠원상지리츠빌 카일룸아파트
436407217	지오빌아파트	15	55	14	2001			15.0	55.0	14	2001	15.0	55.0	419.1755311492145		
436407219	빌폴라리스아파트	15	62	15	2003			15.0	62.0	15	2003	15.0	62.0	311.11578831037923		
436407221	띠에라하우스아파트	15	61	15	2003			15.0	61.0	15	2003	15.0	61.0	192.67939964496657		
436698264	331동	11		110	1982			11.0		110	1982	11.0	30.799999999999997	1228.7873343662814	436698262.0	신반포19차아파트
436698265	330동	11		132	1982			11.0		132	1982	11.0	30.799999999999997	1326.8186547494724	436698262.0	신반포19차아파트
436698269	101동	17	48	93	2002	서초구	잠원동	17.0	48.0	93	2002	17.0	48.0	1327.6108510885008	436698271.0	금호베스트빌아파트
436698270	102동	15	42	24	2002	서초구	잠원동	15.0	42.0	24	2002	15.0	42.0	342.7512678870858	436698271.0	금호베스트빌아파트
443026467	103	24	65	140	2000	강남구	대치동	24.0	65.0	140	2000	24.0	65.0	1036.1720844790862	443021959.0	대치삼성래미안아파트
443026468	101	10	27	18	2000	강남구	대치동	10.0	27.0	18	2000	10.0	27.0	350.39842056610826	443021959.0	대치삼성래미안아파트
443026469	102	14	37	22	2000	강남구	대치동	14.0	37.0	22	2000	14.0	37.0	337.10658254842554	443021959.0	대치삼성래미안아파트
443026471	104	17	45	90	2000	강남구	대치동	17.0	45.0	90	2000	17.0	45.0	753.728263356689	443021959.0	대치삼성래미안아파트
443026472	105	11	29	19	2000	강남구	대치동	11.0	29.0	19	2000	11.0	29.0	252.93686225352292	443021959.0	대치삼성래미안아파트
443026473	106	22	59	66	2000	강남구	대치동	22.0	59.0	66	2000	22.0	59.0	313.77832140886164	443021959.0	대치삼성래미안아파트
443026474	107	25	68	100	2000	강남구	대치동	25.0	68.0	100	2000	25.0	68.0	601.2768831790834	443021959.0	대치삼성래미안아파트
443026477	108	24	65	126	2000	강남구	대치동	24.0	65.0	126	2000	24.0	65.0	727.1110296395809	443021959.0	대치삼성래미안아파트
443026478	109	21	57	76		강남구	대치동	21.0	57.0	76		21.0	57.0	763.9136957838415	443021959.0	대치삼성래미안아파트
443026480	110	14	37	51	2000	강남구	대치동	14.0	37.0	51	2000	14.0	37.0	499.9662740791012	443021959.0	대치삼성래미안아파트
443036684	102					강남구	대치동							295.5074690819201	443036683.0	풍림아이원1차아파트
443036685	101					강남구	대치동							295.55693181408236	443036683.0	풍림아이원1차아파트
443036686	103					강남구	대치동							295.51826609114124	443036683.0	풍림아이원1차아파트
443037518	201					강남구	대치동							452.0864996457843	443037517.0	풍림아이원2차아파트
443037519	202					강남구	대치동							373.56723167437497	443037517.0	풍림아이원2차아파트
450354620	7동	12		72	1978	강남구	압구정동	12.0		72	1978	12.0	33.599999999999994	727.4772525002601	471726603.0	압구정한양1차아파트
453024763	326동	12		156	1982			12.0		156	1982	12.0	33.599999999999994	813.5776145477387	452808503.0	신반포12차아파트
453024764	325동	12		96	1982			12.0		96	1982	12.0	33.599999999999994	761.709867819095	452808503.0	신반포12차아파트
453024765	324동	12		72	1982			12.0		72	1982	12.0	33.599999999999994	694.1030397493029	452808503.0	신반포12차아파트
458489720	339동	14		112	1983			14.0		112	1983	14.0	39.199999999999996	1357.7746104949415	452808509.0	신반포20차아파트
458489722		15		110	1989			15.0		110	1989	15.0	42.0	655.800480516152	452808510.0	한신타운아파트
468398488	금강아트빌 (Gumgang Art-bill)	5				강남구	청담동	5.0				5.0	14.0	197.03297479679446		
468398489	골든아트빌 (Golden Art-bill)					강남구	청담동							767.7859609092864		
468453329	제이빌	5						5.0				5.0	14.0	179.9710199614583		
468742763	1	8		64	1986	강남구	도곡동	8.0		64	1986	8.0	22.4	939.6606243415335	468935319.0	개포럭키아파트
468746617	2	8		64	1986	강남구	도곡동	8.0		64	1986	8.0	22.4	912.2406140701762	468935319.0	개포럭키아파트
468748444	521동	15		150	1978	송파구	잠실동	15.0		150	1978	15.0	42.0	2219.7939636011156		
468748445		15		150	1978	송파구	잠실동	15.0		150	1978	15.0	42.0	1266.9905682074916		
468748446		15		150	1978	송파구	잠실동	15.0		150	1978	15.0	42.0	1109.4910863569385		
468748447	520동	15		120	1978	송파구	잠실동	15.0		120	1978	15.0	42.0	1000.7068298551004		
468748449	529동	15		150	1978	송파구	잠실동	15.0		150	1978	15.0	42.0	1047.225525875211		
468748450	519동	15		150	1978	송파구	잠실동	15.0		150	1978	15.0	42.0	1113.132371577038		
468748451	528동	15		150	1978	송파구	잠실동	15.0		150	1978	15.0	42.0	1083.2977773304608		
468748452	527동	15		150	1978	송파구	잠실동	15.0		150	1978	15.0	42.0	1154.0653510883067		
468748454	515동	15		60	1978	송파구	잠실동	15.0		60	1978	15.0	42.0	305.217767654011		
468748455	514동	15		60	1978	송파구	잠실동	15.0		60	1978	15.0	42.0	290.2443575071387		
468748456	513동	15		60	1978	송파구	잠실동	15.0		60	1978	15.0	42.0	369.5991253082158		
468748457	511동	15		60	1978	송파구	잠실동	15.0		60	1978	15.0	42.0	402.13578171327174		
468748458	512동	15		60	1978	송파구	잠실동	15.0		60	1978	15.0	42.0	354.19829300804525		
468748459	518동	15		120	1978	송파구	잠실동	15.0		120	1978	15.0	42.0	868.7554987273008		
468748460	517동	15		150	1978	송파구	잠실동	15.0		150	1978	15.0	42.0	1113.2775437253079		
468748461	509동	15		120	1978	송파구	잠실동	15.0		120	1978	15.0	42.0	870.15857929963		
468748462		15		150	1978	송파구	잠실동	15.0		150	1978	15.0	42.0	1154.6041069202295		
468748463		15		120	1978	송파구	잠실동	15.0		120	1978	15.0	42.0	895.5002139730227		
468748464		15		150	1978	송파구	잠실동	15.0		150	1978	15.0	42.0	1142.7858412530488		
468748465		15		150	1978	송파구	잠실동	15.0		150	1978	15.0	42.0	1123.3553900071413		
468748466	525동	15		150	1978	송파구	잠실동	15.0		150	1978	15.0	42.0	1117.4903197932767		
468748467	526동	15		150	1978	송파구	잠실동	15.0		150	1978	15.0	42.0	1180.2631143114547		
468748468	516동	15		150	1978	송파구	잠실동	15.0		150	1978	15.0	42.0	1192.0755461135675		
468752386	1	9		54	1985	강남구	도곡동	9.0		54	1985	9.0	25.2	748.5028421383524	468935322.0	개포한신아파트
468752387	5	9		72	1985	강남구	도곡동	9.0		72	1985	9.0	25.2	844.3107537459007	468935322.0	개포한신아파트
468752388	2	9		54	1985	강남구	도곡동	9.0		54	1985	9.0	25.2	805.2354762894388	468935322.0	개포한신아파트
468752389	6	9		80	1985	강남구	도곡동	9.0		80	1985	9.0	25.2	850.228598024775	468935322.0	개포한신아파트
468752390	3	9		117	1985	강남구	도곡동	9.0		117	1985	9.0	25.2	1141.7663583641006	468935322.0	개포한신아파트
468752391	7	9		36	1985	강남구	도곡동	9.0		36	1985	9.0	25.2	423.53572969075765	468935322.0	개포한신아파트
468752392	4	9		117	1985	강남구	도곡동	9.0		117	1985	9.0	25.2	979.5661459757985	468935322.0	개포한신아파트
468752393	8	9		90	1985	강남구	도곡동	9.0		90	1985	9.0	25.2	943.288135465757	468935322.0	개포한신아파트
468752404	501	9		54	1986	강남구	도곡동	9.0		54	1986	9.0	25.2	817.1217507485941	468935320.0	우성5차아파트
468752405	502	9		54	1986	강남구	도곡동	9.0		54	1986	9.0	25.2	708.8510000516576	468935320.0	우성5차아파트
468752406	503	9		36	1986	강남구	도곡동	9.0		36	1986	9.0	25.2	557.9657187755251	468935320.0	우성5차아파트
468752407	504	9		36	1986	강남구	도곡동	9.0		36	1986	9.0	25.2	512.2624555942692	468935320.0	우성5차아파트
468926760	오피스텔	20	68	297	2014	강남구	역삼동	20.0	68.0	297	2014	20.0	68.0	767.7233488823161		
468926903		22	81	160	2006	강남구	역삼동	22.0	81.0	160	2006	22.0	81.0	674.6506541164081		
468950507	SK리더스뷰아파트	25	88		2005	강남구	도곡동	25.0	88.0		2005	25.0	88.0	4073.1650880086686		
468950509	도곡동포스코트아파트	17	49	64	2002	강남구	도곡동	17.0	49.0	64	2002	17.0	49.0	1129.273723423672		
468950539	F	55	191	450	2003	강남구	도곡동	55.0	191.0	450	2003	55.0	191.0	2811.2903494647153	443030425.0	삼성타워팰리스2차
468950540	E	55	191	363	2003	강남구	도곡동	55.0	191.0	363	2003	55.0	191.0	2768.0079550486603	443030425.0	삼성타워팰리스2차
468950543	2	31	105	99	1998	강남구	도곡동	31.0	105.0	99	1998	31.0	105.0	1733.8013162454881		
468950544	1	31	105	100	1998	강남구	도곡동	31.0	105.0	100	1998	31.0	105.0	1326.4226095494253		
468950547	인스토피아	18	75	98	2000	강남구	도곡동	18.0	75.0	98	2000	18.0	75.0	1570.8290200221554		
469158736	108동	5	17	10	1999	강남구	청담동	5.0	17.0	10	1999	5.0	17.0	245.3644667237737		
469158737	107동	15	43	105	1999	강남구	청담동	15.0	43.0	105	1999	15.0	43.0	779.6214131095556		
469158741	106동	12	35	18	1999	강남구	청담동	12.0	35.0	18	1999	12.0	35.0	253.50426778999145		
469158743	105동	15	43	56	1999	강남구	청담동	15.0	43.0	56	1999	15.0	43.0	627.4224915075473		
469158747	103동	15	43	30	1999	강남구	청담동	15.0	43.0	30	1999	15.0	43.0	287.88905648392176		
469158748	104동	15	43	30	1999	강남구	청담동	15.0	43.0	30	1999	15.0	43.0	289.631960214337		
469158753	101동	15	43	86	1999	강남구	청담동	15.0	43.0	86	1999	15.0	43.0	801.275612526605		
469158755	102동	15	43	56	1999	강남구	청담동	15.0	43.0	56	1999	15.0	43.0	615.4473071794381		
469271521	12동	14		84	1979	송파구	신천동	14.0		84	1979	14.0	39.199999999999996	1577.8710062322407		
469271522	18동	14		84	1979	송파구	신천동	14.0		84	1979	14.0	39.199999999999996	608.5231471975158		
469271523	22동	14		126	1979	송파구	신천동	14.0		126	1979	14.0	39.199999999999996	1322.7653607459001	867120831.0	장미2차아파트
469271524	31동	14		112	1979	송파구	신천동	14.0		112	1979	14.0	39.199999999999996	1220.5320121934121	867120831.0	장미2차아파트
469271525	30동	14		98	1979	송파구	신천동	14.0		98	1979	14.0	39.199999999999996	1011.1675165153237	867120831.0	장미2차아파트
469271526	29동	14		112	1979	송파구	신천동	14.0		112	1979	14.0	39.199999999999996	978.1822821299304	867120831.0	장미2차아파트
469271527	28동	14		126	1979	송파구	신천동	14.0		126	1979	14.0	39.199999999999996	1551.6611658381191	867120831.0	장미2차아파트
469271528	27동	14		182	1979	송파구	신천동	14.0		182	1979	14.0	39.199999999999996	1563.5811779655905	867120831.0	장미2차아파트
469271529	26동	14		154	1979	송파구	신천동	14.0		154	1979	14.0	39.199999999999996	1806.3693021655865	867120831.0	장미2차아파트
469271530	25동	14		126	1979	송파구	신천동	14.0		126	1979	14.0	39.199999999999996	1395.8340990960735	867120831.0	장미2차아파트
469271531	24동	14		126	1979	송파구	신천동	14.0		126	1979	14.0	39.199999999999996	1293.0074032706862	867120831.0	장미2차아파트
469271532	15동	14		140	1979	송파구	신천동	14.0		140	1979	14.0	39.199999999999996	1274.9805041696752		
469271533	16동	14		84	1979	송파구	신천동	14.0		84	1979	14.0	39.199999999999996	630.8995023968199		
469271534	19동	14		98	1979	송파구	신천동	14.0		98	1979	14.0	39.199999999999996	902.1180795787222		
469271535	17동	14		84	1979	송파구	신천동	14.0		84	1979	14.0	39.199999999999996	821.8669450967858		
469271536	14동	14		84	1979	송파구	신천동	14.0		84	1979	14.0	39.199999999999996	981.803166587974		
469271537	13동	14		84	1979	송파구	신천동	14.0		84	1979	14.0	39.199999999999996	1207.050986289994		
469271538	11동	14		98	1979	송파구	신천동	14.0		98	1979	14.0	39.199999999999996	1280.1353345151465		
469271539	7동	14		113	1979	송파구	신천동	14.0		113	1979	14.0	39.199999999999996	1443.8449571476974		
469271540	6동	14		84	1979	송파구	신천동	14.0		84	1979	14.0	39.199999999999996	756.7099103096427		
469271541	5동	14		84	1979	송파구	신천동	14.0		84	1979	14.0	39.199999999999996	537.1099782148011		
469271542	8동	14		98	1979	송파구	신천동	14.0		98	1979	14.0	39.199999999999996	1288.4272583621776		
469271543	4동	14		112	1979	송파구	신천동	14.0		112	1979	14.0	39.199999999999996	803.0816930234676		
469271544	3동	14		84	1979	송파구	신천동	14.0		84	1979	14.0	39.199999999999996	539.7975012130877		
469271545	2동	14		168	1979	송파구	신천동	14.0		168	1979	14.0	39.199999999999996	848.8998791722847		
469271546	1동	14		168	1979	송파구	신천동	14.0		168	1979	14.0	39.199999999999996	798.3100404702712		
469271547	10동	14		98	1979	송파구	신천동	14.0		98	1979	14.0	39.199999999999996	1185.8311281541742		
469271549	23동	14		140	1979	송파구	신천동	14.0		140	1979	14.0	39.199999999999996	1552.253143440344	867120831.0	장미2차아파트
469271550	20동	14		84	1979	송파구	신천동	14.0		84	1979	14.0	39.199999999999996	531.1484770782538		
469271553	2동	12		72	1979	송파구	신천동	12.0		72	1979	12.0	33.599999999999994	623.4269703933833	614693466.0	장미3차아파트
469289030	317동	24	67	90	2008	송파구	신천동	24.0	67.0	90	2008	24.0	67.0	506.28462462597713	471733248.0	잠실 파크리오
469346471	208동	32	89	64	2008	송파구	신천동	32.0	89.0	64	2008	32.0	89.0	529.0689374510691	471733248.0	잠실 파크리오
469368414	28동	17		153	1987	강남구	압구정동	17.0		153	1987	17.0	47.599999999999994	1059.0698472348454	432034139.0	미성2차아파트
469650416	1동	15		110	1989			15.0		110	1989	15.0	42.0	629.9338793177074		
469650417	2동	15		84	1989			15.0		84	1989	15.0	42.0	504.4765514418446		
469650418	3동	13		74	1989			13.0		74	1989	13.0	36.4	564.98616596597		
469650419	6동	15		12-	1989			15.0		12	1989	15.0	42.0	818.3986096647054		
469650420	5동	15		60	1989			15.0		60	1989	15.0	42.0	364.5208617158695		
469650423	1동	18		108	1992			18.0		108	1992	18.0	50.4	541.2747597049408	431800089.0	잠원훼미리아파트
469650424	2동	18		120	1992			18.0		120	1992	18.0	50.4	651.7207434561219	431800089.0	잠원훼미리아파트
469650425	3동	15		60	1992			15.0		60	1992	15.0	42.0	275.1025345063957	431800089.0	잠원훼미리아파트
469650428	201동	15	40	55	2004			15.0	40.0	55	2004	15.0	40.0	689.1007514661794	431800091.0	잠원롯데캐슬2차아파트
469650429	202동	15	40	30				15.0	40.0	30		15.0	40.0	307.949782408211	431800091.0	잠원롯데캐슬2차아파트
469650430	204동	17	50	59	2004			17.0	50.0	59	2004	17.0	50.0	744.2826880806356	431800091.0	잠원롯데캐슬2차아파트
469650431	207동	20	54	66	2004			20.0	54.0	66	2004	20.0	54.0	744.3838676042307	431800091.0	잠원롯데캐슬2차아파트
469650432	208동	20	54	80	2004			20.0	54.0	80	2004	20.0	54.0	588.2794440548909	431800091.0	잠원롯데캐슬2차아파트
469650433	206동	26	71	50	2004			26.0	71.0	50	2004	26.0	71.0	276.9598704623678	431800091.0	잠원롯데캐슬2차아파트
469650434	203동	28	77	54	2004			28.0	77.0	54	2004	28.0	77.0	354.03882638788343	431800091.0	잠원롯데캐슬2차아파트
469650435	205동	18	49	34	2004			18.0	49.0	34	2004	18.0	49.0	345.43060394436503	431800091.0	잠원롯데캐슬2차아파트
469650436	105동	14	39	56	2002			14.0	39.0	56	2002	14.0	39.0	745.0475558049467	431800092.0	잠원롯데캐슬아파트
469650437	101동	25	70	50	2002			25.0	70.0	50	2002	25.0	70.0	272.0923397005627	431800092.0	잠원롯데캐슬아파트
469650438	102동	25	70	50	2002			25.0	70.0	50	2002	25.0	70.0	272.09194255044906	431800092.0	잠원롯데캐슬아파트
469650439	103동	25	70	50	2002			25.0	70.0	50	2002	25.0	70.0	272.09222437733143	431800092.0	잠원롯데캐슬아파트
469650440	104동	25	70	50	2002			25.0	70.0	50	2002	25.0	70.0	287.6949203312885	431800092.0	잠원롯데캐슬아파트
469650444	미주파스텔아파트	18	55	91	2002			18.0	55.0	91	2002	18.0	55.0	567.6600608979618		
469651186	신화아파트	18	49	166	1997			18.0	49.0	166	1997	18.0	49.0	909.0594140198101		
469651191	351동	12		156	1985			12.0		156	1985	12.0	33.599999999999994	1103.7480965672157	469651190.0	신반포27차아파트
469670356	606	15		120	1983	강남구	개포동	15.0		120	1983	15.0	42.0	873.5845344459736	469682978.0	개포주공 6단지 아파트
469670358	604	15		120	1983	강남구	개포동	15.0		120	1983	15.0	42.0	835.3617542460207	469682978.0	개포주공 6단지 아파트
469670362	602	15		120	1983	강남구	개포동	15.0		120	1983	15.0	42.0	888.9430711272042	469682978.0	개포주공 6단지 아파트
469670366	601	14		112	1983	강남구	개포동	14.0		112	1983	14.0	39.199999999999996	730.5279955496521	469682978.0	개포주공 6단지 아파트
469670369	603	14		112	1983	강남구	개포동	14.0		112	1983	14.0	39.199999999999996	630.880437745383	469682978.0	개포주공 6단지 아파트
469670371	605	13		104	1983	강남구	개포동	13.0		104	1983	13.0	36.4	603.8178949826136	469682978.0	개포주공 6단지 아파트
469670372	607	14		112	1983	강남구	개포동	14.0		112	1983	14.0	39.199999999999996	594.5569849573171	469682978.0	개포주공 6단지 아파트
469670373	608	13		104	1983	강남구	개포동	13.0		104	1983	13.0	36.4	796.2180923349852	469682978.0	개포주공 6단지 아파트
469670374	609	13		156	1983	강남구	개포동	13.0		156	1983	13.0	36.4	1263.5470999746758	469682978.0	개포주공 6단지 아파트
469794638	강남파크빌라	4				강남구	개포동	4.0				4.0	11.2	198.10883383697137		
469894779														325.2892688091167		
469894781														351.432643399633		
469894782														455.6360105752551		
469894785														210.61875177117358		
469894792	새서울멘션													324.2538845965308		
469894794	새서울멘션													324.1403547028171		
469915276	104동	18	50	96	1995	송파구	풍납동	18.0	50.0	96	1995	18.0	50.0	661.0289824010597	1078755067.0	동아한가람아파트
469915277	101동	18	50	177	1995	송파구	풍납동	18.0	50.0	177	1995	18.0	50.0	1134.893060200238	1078755067.0	동아한가람아파트
469915278	103동	17	50	96	1995	송파구	풍납동	17.0	50.0	96	1995	17.0	50.0	754.2108267206706	1078755067.0	동아한가람아파트
469964546	강남 프루지오시티	10	38	401	2014	강남구	자곡동	10.0	38.0	401	2014	10.0	38.0	1538.82855266346		
469964547	강남더샵라르고	10	43	458	2014	강남구	자곡동	10.0	43.0	458	2014	10.0	43.0	1820.40227362438		
469964548	강남힐스테이트에코	10	40	468	2014	강남구	자곡동	10.0	40.0	468	2014	10.0	40.0	2238.2571863163876		
469964549	강남푸르지오시티2차	10	37	543	2014	강남구	자곡동	10.0	37.0	543	2014	10.0	37.0	2155.5439605192714		
469964550	강남유탑유블레스	10	44	513	2014	강남구	자곡동	10.0	44.0	513	2014	10.0	44.0	2334.1383796177015		
469976976	608동	15	44	60	2014	강남구	자곡동	15.0	44.0	60	2014	15.0	44.0	674.4606449793478	382238720.0	래미안 강남 힐즈
470093118	215	15		149	1992	강남구	개포동	15.0		149	1992	15.0	42.0	553.2387242859738	470093270.0	대치2단지 아파트
470093119	214	15			1992	강남구	개포동	15.0			1992	15.0	42.0	431.39398420308976	470093270.0	대치2단지 아파트
470093120	211	15		164	1992	강남구	개포동	15.0		164	1992	15.0	42.0	749.0333723086934	470093270.0	대치2단지 아파트
470093121	210	15		119	1992	강남구	개포동	15.0		119	1992	15.0	42.0	524.5434559469395	470093270.0	대치2단지 아파트
470093122	209	15		239	1992	강남구	개포동	15.0		239	1992	15.0	42.0	886.6922383679304	470093270.0	대치2단지 아파트
470093123	212	15		119	1992	강남구	개포동	15.0		119	1992	15.0	42.0	523.6737609505292	470093270.0	대치2단지 아파트
470093124	217	15		119	1992	강남구	개포동	15.0		119	1992	15.0	42.0	750.1773768938363	470093270.0	대치2단지 아파트
470093125	218	15		119	1992	강남구	개포동	15.0		119	1992	15.0	42.0	615.7493171391836	470093270.0	대치2단지 아파트
470093126	219	15		208	1992	강남구	개포동	15.0		208	1992	15.0	42.0	1245.5248166670997	470093270.0	대치2단지 아파트
470093127	216	15		238	1992	강남구	개포동	15.0		238	1992	15.0	42.0	1355.6103863977455	470093270.0	대치2단지 아파트
470093128	213	15		135	1992	강남구	개포동	15.0		135	1992	15.0	42.0	786.3236340963367	470093270.0	대치2단지 아파트
470179219	31	14		210	1979	강남구	대치동	14.0		210	1979	14.0	39.199999999999996	1473.6083346419025	379530474.0	한보은마아파트
470179549	8	14		210	1979	강남구	대치동	14.0		210	1979	14.0	39.199999999999996	1613.0025717394205	379530474.0	한보은마아파트
470179574	9	14		112	1979	강남구	대치동	14.0		112	1979	14.0	39.199999999999996	1009.8234372281315	379530474.0	한보은마아파트
470180634	27	14		112	1979	강남구	대치동	14.0		112	1979	14.0	39.199999999999996	924.5233044976061	379530474.0	한보은마아파트
470180733	23	14		168	1979	강남구	대치동	14.0		168	1979	14.0	39.199999999999996	1416.4860469577227	379530474.0	한보은마아파트
470189138	19	14		210	1979	강남구	대치동	14.0		210	1979	14.0	39.199999999999996	1326.7263972328897	379530474.0	한보은마아파트
470189139	18	14		196	1979	강남구	대치동	14.0		196	1979	14.0	39.199999999999996	1983.0208467177042	379530474.0	한보은마아파트
470189583	25	14		112	1979	강남구	대치동	14.0		112	1979	14.0	39.199999999999996	890.7693001189936	379530474.0	한보은마아파트
470189994	20	14		168	1979	강남구	대치동	14.0		168	1979	14.0	39.199999999999996	1142.078571135115	379530474.0	한보은마아파트
470190141	26	14		112	1979	강남구	대치동	14.0		112	1979	14.0	39.199999999999996	966.6606712979693	379530474.0	한보은마아파트
470545088		20	80	22	2021	강남구	삼성동	20.0	80.0	22	2021	20.0	80.0	252.28735994888444		
471398186						강남구	삼성동							179.38859701783082		
471398187	드림빌	3				강남구	삼성동	3.0				3.0	8.399999999999999	193.26839134126342		
471398188						강남구	삼성동							162.4691295169905		
471398189						강남구	삼성동							173.55944716690502		
471398190						강남구	삼성동							192.55272545105777		
471398191						강남구	삼성동							129.10161757712177		
471398192						강남구	삼성동							241.7700748906866		
471398193						강남구	삼성동							199.72966886506194		
471398194						강남구	삼성동							166.08929213824152		
471487748	103동	20	54	199	2002			20.0	54.0	199	2002	20.0	54.0	1018.5370819768057	414891735.0	잠원동아아파트
471487750	104동	20	54	80	2002			20.0	54.0	80	2002	20.0	54.0	273.2763630834225	414891735.0	잠원동아아파트
471487752	107동	16	43	54	2002			16.0	43.0	54	2002	16.0	43.0	454.8571580927344	414891735.0	잠원동아아파트
471487753	102동	20	54	139	2002			20.0	54.0	139	2002	20.0	54.0	1030.9910960424884	414891735.0	잠원동아아파트
471487754	105동	20	54	199	2002			20.0	54.0	199	2002	20.0	54.0	1139.2327628375047	414891735.0	잠원동아아파트
471487755	106동	20	54	125	2002			20.0	54.0	125	2002	20.0	54.0	845.6515304161899	414891735.0	잠원동아아파트
471694810	온누리아파트	7				송파구	송파동	7.0				7.0	19.599999999999998	320.73463100968763		
471702786	1동	12		48	1979	송파구	신천동	12.0		48	1979	12.0	33.599999999999994	682.1216643322653	614693466.0	장미3차아파트
471715255	1동	13		72	1981	송파구	잠실동	13.0		72	1981	13.0	36.4	791.2973544102265	408473622.0	잠실우성1.2.3차아파트
471715256	2동	13		72	1981	송파구	잠실동	13.0		72	1981	13.0	36.4	791.6292184051281	408473622.0	잠실우성1.2.3차아파트
471715257	3동	13		72	1981	송파구	잠실동	13.0		72	1981	13.0	36.4	791.6304121117162	408473622.0	잠실우성1.2.3차아파트
471715258	7동	13		96	1981	송파구	잠실동	13.0		96	1981	13.0	36.4	1074.4498454697944	408473622.0	잠실우성1.2.3차아파트
471715260	6동	13		72	1981	송파구	잠실동	13.0		72	1981	13.0	36.4	930.5419485959861	408473622.0	잠실우성1.2.3차아파트
471715261		13		48	1981	송파구	잠실동	13.0		48	1981	13.0	36.4	422.72564920143924	408473622.0	잠실우성1.2.3차아파트
471715263	10동	13		96	1981	송파구	잠실동	13.0		96	1981	13.0	36.4	792.0001513290924	408473622.0	잠실우성1.2.3차아파트
471715264	5동	13		48	1981	송파구	잠실동	13.0		48	1981	13.0	36.4	447.24631867399194	408473622.0	잠실우성1.2.3차아파트
471715265	11동	13		72	1981	송파구	잠실동	13.0		72	1981	13.0	36.4	503.9852918410195	408473622.0	잠실우성1.2.3차아파트
471715266	15동	12		72	1981	송파구	잠실동	12.0		72	1981	12.0	33.599999999999994	663.397891210275	408473622.0	잠실우성1.2.3차아파트
471715267	18동	12		48	1981	송파구	잠실동	12.0		48	1981	12.0	33.599999999999994	469.86614725328184	408473622.0	잠실우성1.2.3차아파트
471715268	19동	12		84	1981	송파구	잠실동	12.0		84	1981	12.0	33.599999999999994	576.9031530421842	408473622.0	잠실우성1.2.3차아파트
471715269	28동	15		90	1981	송파구	잠실동	15.0		90	1981	15.0	42.0	857.9684956657859	408473622.0	잠실우성1.2.3차아파트
471715271	12동	13		48	1981	송파구	잠실동	13.0		48	1981	13.0	36.4	728.1724865638901	408473622.0	잠실우성1.2.3차아파트
471715272	17동	12		72	1981	송파구	잠실동	12.0		72	1981	12.0	33.599999999999994	860.7964605073242	408473622.0	잠실우성1.2.3차아파트
471715274	27동	15		90	1981	송파구	잠실동	15.0		90	1981	15.0	42.0	702.4555398512423	408473622.0	잠실우성1.2.3차아파트
471715275	29동	15		90	1981	송파구	잠실동	15.0		90	1981	15.0	42.0	741.8192748402082	408473622.0	잠실우성1.2.3차아파트
471715276	16동	12		48	1981	송파구	잠실동	12.0		48	1981	12.0	33.599999999999994	618.2838016917931	408473622.0	잠실우성1.2.3차아파트
471715278	22동	12		72	1981	송파구	잠실동	12.0		72	1981	12.0	33.599999999999994	663.6954039844031	408473622.0	잠실우성1.2.3차아파트
471715279	23동	12		96	1981	송파구	잠실동	12.0		96	1981	12.0	33.599999999999994	866.6171409648241	408473622.0	잠실우성1.2.3차아파트
471715280	25동	12		84	1981	송파구	잠실동	12.0		84	1981	12.0	33.599999999999994	531.8707092857077	408473622.0	잠실우성1.2.3차아파트
471715281	26동	15		60	1981	송파구	잠실동	15.0		60	1981	15.0	42.0	551.732717481013	408473622.0	잠실우성1.2.3차아파트
471715973		18		36	1986	송파구	잠실동	18.0		36	1986	18.0	50.4	447.9656127336184	408473623.0	아시아선수촌아파트
471715974		18		172	1986	송파구	잠실동	18.0		172	1986	18.0	50.4	2590.96699564335	408473623.0	아시아선수촌아파트
471715975		18		172	1986	송파구	잠실동	18.0		172	1986	18.0	50.4	2850.262579404235	408473623.0	아시아선수촌아파트
471715976		18		172	1986	송파구	잠실동	18.0		172	1986	18.0	50.4	2449.0223635126054	408473623.0	아시아선수촌아파트
471715977		18		172	1986	송파구	잠실동	18.0		172	1986	18.0	50.4	2460.0966549751024	408473623.0	아시아선수촌아파트
471715980		18		36	1986	송파구	잠실동	18.0		36	1986	18.0	50.4	448.3530052670608	408473623.0	아시아선수촌아파트
471715981		18		36	1986	송파구	잠실동	18.0		36	1986	18.0	50.4	447.7960331785564	408473623.0	아시아선수촌아파트
471715982		12		72	1986	송파구	잠실동	12.0		72	1986	12.0	33.599999999999994	1152.054913327579	408473623.0	아시아선수촌아파트
471715983		18		72	1986	송파구	잠실동	18.0		72	1986	18.0	50.4	957.753187090349	408473623.0	아시아선수촌아파트
471715984		18		72	1986	송파구	잠실동	18.0		72	1986	18.0	50.4	908.3453139333341	408473623.0	아시아선수촌아파트
471748772	강남센터뷰	9	36	183	2018	강남구	자곡동	9.0	36.0	183	2018	9.0	36.0	1340.2990326019644		
471748778	강남훼미리타운	10	38	128	2017	강남구	자곡동	10.0	38.0	128	2017	10.0	38.0	955.942471013725		
471779518		5				송파구	송파동	5.0				5.0	14.0	214.44164352862444		
471780043		5				송파구	송파동	5.0				5.0	14.0	177.6236656975021		
471780044		5				송파구	송파동	5.0				5.0	14.0	160.1312744652507		
471780045		5				송파구	송파동	5.0				5.0	14.0	166.31889846626578		
471780522		6				송파구	송파동	6.0				6.0	16.799999999999997	223.00371545367682		
471795895	227동	30	84	120	2008	송파구	신천동	30.0	84.0	120	2008	30.0	84.0	693.2743596456698	471733248.0	잠실 파크리오
471795896	226동	30	84	120	2008	송파구	신천동	30.0	84.0	120	2008	30.0	84.0	693.6263870564309	471733248.0	잠실 파크리오
471795897	225동	33	92	132	2008	송파구	신천동	33.0	92.0	132	2008	33.0	92.0	693.7795388081416	471733248.0	잠실 파크리오
471795898	224동	36	100	144	2008	송파구	신천동	36.0	100.0	144	2008	36.0	100.0	613.7832401130321	471733248.0	잠실 파크리오
471795899	223동	30	84	60	2008	송파구	신천동	30.0	84.0	60	2008	30.0	84.0	341.7759577799642	471733248.0	잠실 파크리오
471795900	228동	33	92	132	2008	송파구	신천동	33.0	92.0	132	2008	33.0	92.0	652.0937827436657	471733248.0	잠실 파크리오
471795901	229동	36	100	144	2008	송파구	신천동	36.0	100.0	144	2008	36.0	100.0	629.1078120164245	471733248.0	잠실 파크리오
471795902	219동	32	89	64	2008	송파구	신천동	32.0	89.0	64	2008	32.0	89.0	485.90149287759937	471733248.0	잠실 파크리오
471795903	220동	32	89	64	2008	송파구	신천동	32.0	89.0	64	2008	32.0	89.0	348.9750201581626	471733248.0	잠실 파크리오
471795904	221동	32	89	64	2008	송파구	신천동	32.0	89.0	64	2008	32.0	89.0	503.17969932784774	471733248.0	잠실 파크리오
471795905	222동	33	92	66	2008	송파구	신천동	33.0	92.0	66	2008	33.0	92.0	333.0920261490278	471733248.0	잠실 파크리오
471795906	214동	36	100	144	2008	송파구	신천동	36.0	100.0	144	2008	36.0	100.0	643.9198397057769	471733248.0	잠실 파크리오
471867156	구의아크로리버	37	123	22-	2004	광진구	구의동	37.0	123.0	22	2004	37.0	123.0	3692.7295280320477		
472104456	111동	27	75	54	2008	송파구	신천동	27.0	75.0	54	2008	27.0	75.0	363.2469250414588	471733248.0	잠실 파크리오
472104457	110동	33	92	66	2008	송파구	신천동	33.0	92.0	66	2008	33.0	92.0	322.4130320689752	471733248.0	잠실 파크리오
472104458	109동	27	75	54	2008	송파구	신천동	27.0	75.0	54	2008	27.0	75.0	243.92156257613266	471733248.0	잠실 파크리오
472104459	113동	36	100	144	2008	송파구	신천동	36.0	100.0	144	2008	36.0	100.0	562.549960884277	471733248.0	잠실 파크리오
472104460	112동	36	100	144	2008	송파구	신천동	36.0	100.0	144	2008	36.0	100.0	612.5400592906749	471733248.0	잠실 파크리오
472104461	115동	36	100	144	2008	송파구	신천동	36.0	100.0	144	2008	36.0	100.0	567.6971586751188	471733248.0	잠실 파크리오
472104462	114동	36	100	144	2008	송파구	신천동	36.0	100.0	144	2008	36.0	100.0	635.0124701669141	471733248.0	잠실 파크리오
472104463	107동	26	72	98	2008	송파구	신천동	26.0	72.0	98	2008	26.0	72.0	532.6408573008143	471733248.0	잠실 파크리오
472104464	108동	26	72	98	2008	송파구	신천동	26.0	72.0	98	2008	26.0	72.0	518.3810936084426	471733248.0	잠실 파크리오
472104465	106동	27	75	54	2008	송파구	신천동	27.0	75.0	54	2008	27.0	75.0	289.9434494509379	471733248.0	잠실 파크리오
472104466	105동	23	64	86	2008	송파구	신천동	23.0	64.0	86	2008	23.0	64.0	460.9307831777319	471733248.0	잠실 파크리오
472156102	123동	17	29	17	2011			17.0	29.0	17	2011	17.0	29.0	718.914503383619	228802387.0	한남더힐아파트
472156103	122동	12	35	22	2011			12.0	35.0	22	2011	12.0	35.0	680.3418043395075	228802387.0	한남더힐아파트
472156104	121동	10	29	20	2011			10.0	29.0	20	2011	10.0	29.0	688.1425536668647	228802387.0	한남더힐아파트
472156105	120동	10	29	20	2011			10.0	29.0	20	2011	10.0	29.0	686.3518420758652	228802387.0	한남더힐아파트
472156106	119동	9	26	36	2011			9.0	26.0	36	2011	9.0	26.0	1180.9339033657955	228802387.0	한남더힐아파트
472156107	118동	9	26	30	2011			9.0	26.0	30	2011	9.0	26.0	1104.2642444491169	228802387.0	한남더힐아파트
472156108	117동	6	17	18	2011			6.0	17.0	18	2011	6.0	17.0	890.5891071036965	228802387.0	한남더힐아파트
472156109	116동	6	17	24	2011			6.0	17.0	24	2011	6.0	17.0	1039.6962339709648	228802387.0	한남더힐아파트
472156110	115동	6	17	24	2011			6.0	17.0	24	2011	6.0	17.0	1109.0888173141136	228802387.0	한남더힐아파트
472156111	114동	6	17	14	2011			6.0	17.0	14	2011	6.0	17.0	883.669446869204	228802387.0	한남더힐아파트
472156112	113동	3	12	8	2011			3.0	12.0	8	2011	3.0	12.0	650.5288050474632	228802387.0	한남더힐아파트
472156113	112동	3	11	12	2011			3.0	11.0	12	2011	3.0	11.0	1292.6297944924606	228802387.0	한남더힐아파트
472156114	111동	3	11	6	2011			3.0	11.0	6	2011	3.0	11.0	1265.522985862863	228802387.0	한남더힐아파트
472156115	110동	3	11	6	2011			3.0	11.0	6	2011	3.0	11.0	1205.7725283332911	228802387.0	한남더힐아파트
472275937	신동아아파트					강남구	청담동							930.617774063294	472275936.0	신동아아파트
472434692	247동	30	91	90	2008	송파구	잠실동	30.0	91.0	90	2008	30.0	91.0	476.25814133026944		
472434693	242동	29	88	108	2008	송파구	잠실동	29.0	88.0	108	2008	29.0	88.0	543.149459715055		
472434694	240동	29	88	108	2008	송파구	잠실동	29.0	88.0	108	2008	29.0	88.0	546.2521429985198		
472434695	246동	33	99	223	2008	송파구	잠실동	33.0	99.0	223	2008	33.0	99.0	374.86222939514255		
472434696	245동	30	91	208	2008	송파구	잠실동	30.0	91.0	208	2008	30.0	91.0	320.2906841229541		
472434697	244동	33	99	229	2008	송파구	잠실동	33.0	99.0	229	2008	33.0	99.0	258.66084027797314		
472434698	243동	30	91	208	2008	송파구	잠실동	30.0	91.0	208	2008	30.0	91.0	333.72684883522146		
472445621	248동	30	91	90	2008	송파구	잠실동	30.0	91.0	90	2008	30.0	91.0	406.43329122929674		
472445622	251동	29	88	108	2008	송파구	잠실동	29.0	88.0	108	2008	29.0	88.0	416.0821542598263		
472445623	249동	33	99	99	2008	송파구	잠실동	33.0	99.0	99	2008	33.0	99.0	356.4588413006833		
472445624	250동	28	86	99	2008	송파구	잠실동	28.0	86.0	99	2008	28.0	86.0	571.7328058959278		
472445625	252동	27	83	100	2008	송파구	잠실동	27.0	83.0	100	2008	27.0	83.0	602.110926739314		
472445630	257동	31	94	62	2008	송파구	잠실동	31.0	94.0	62	2008	31.0	94.0	404.2941559324623		
472445631	258동	25	77	44	2008	송파구	잠실동	25.0	77.0	44	2008	25.0	77.0	366.478650704379		
472445636	263동	27	83	54	2008	송파구	잠실동	27.0	83.0	54	2008	27.0	83.0	330.7586570333373		
472445637	264동	31	94	58	2008	송파구	잠실동	31.0	94.0	58	2008	31.0	94.0	365.8445961562845		
472445638	265동	28	86	52	2008	송파구	잠실동	28.0	86.0	52	2008	28.0	86.0	341.4475057207302		
472445639	241동	28	86	112	2008	송파구	잠실동	28.0	86.0	112	2008	28.0	86.0	545.8276316130036		
472445640	239동	28	84	104	2008	송파구	잠실동	28.0	84.0	104	2008	28.0	84.0	351.578904869901		
472445641	237동	31	92	87	2008	송파구	잠실동	31.0	92.0	87	2008	31.0	92.0	309.78940288310173		
472445642	238동	29	87	54	2008	송파구	잠실동	29.0	87.0	54	2008	29.0	87.0	219.42928817318494		
472445643	230동	22	69	40	2008	송파구	잠실동	22.0	69.0	40	2008	22.0	69.0	211.82873442763437		
472445644	229동	29	88	54	2008	송파구	잠실동	29.0	88.0	54	2008	29.0	88.0	263.08501312876336		
472445645	228동	26	80	104	2008	송파구	잠실동	26.0	80.0	104	2008	26.0	80.0	513.0085869242479		
472445646	227동	22	69	80	2008	송파구	잠실동	22.0	69.0	80	2008	22.0	69.0	550.6689587958654		
472445647	226동	28	86	52	2008	송파구	잠실동	28.0	86.0	52	2008	28.0	86.0	257.94293638398847		
472445648	225동	30	91	84	2008	송파구	잠실동	30.0	91.0	84	2008	30.0	91.0	464.44182669551395		
472445649	223동	29	88	54	2008	송파구	잠실동	29.0	88.0	54	2008	29.0	88.0	233.38902421367357		
472445650	224동	27	83	75	2008	송파구	잠실동	27.0	83.0	75	2008	27.0	83.0	357.7957609171102		
472445651	236동	27	90	94	2008	송파구	잠실동	27.0	90.0	94	2008	27.0	90.0	566.9493362784838		
472445652	234동	21	66	38	2008	송파구	잠실동	21.0	66.0	38	2008	21.0	66.0	338.56807914417146		
472445653	235동	26	86	104	2008	송파구	잠실동	26.0	86.0	104	2008	26.0	86.0	533.2834465478452		
472445654	233동	21	66	38	2008	송파구	잠실동	21.0	66.0	38	2008	21.0	66.0	305.6401835593404		
472445655	232동	26	80	116	2008	송파구	잠실동	26.0	80.0	116	2008	26.0	80.0	722.1358260976958		
472445657	231동	26	80	96	2008	송파구	잠실동	26.0	80.0	96	2008	26.0	80.0	541.9656630053657		
472445658	219동	30	91	134	2008	송파구	잠실동	30.0	91.0	134	2008	30.0	91.0	721.9770838718218		
472445659	222동	29	88	58	2008	송파구	잠실동	29.0	88.0	58	2008	29.0	88.0	287.90163532800517		
472445660	221동	27	83	54	2008	송파구	잠실동	27.0	83.0	54	2008	27.0	83.0	219.68188872300146		
472445661	220동	30	91	84	2008	송파구	잠실동	30.0	91.0	84	2008	30.0	91.0	410.5677848087969		
472445662	218동	29	88	131	2008	송파구	잠실동	29.0	88.0	131	2008	29.0	88.0	598.0162669191346		
472445663	217동	27	83	100	2008	송파구	잠실동	27.0	83.0	100	2008	27.0	83.0	588.224789015237		
472445664	216동	27	83	52	2008	송파구	잠실동	27.0	83.0	52	2008	27.0	83.0	291.7644043348967		
472445665	215동	29	88	112	2008	송파구	잠실동	29.0	88.0	112	2008	29.0	88.0	499.9175934689544		
472445666	214동	29	88	54	2008	송파구	잠실동	29.0	88.0	54	2008	29.0	88.0	280.1495578168258		
472445667	213동	27	83	104	2008	송파구	잠실동	27.0	83.0	104	2008	27.0	83.0	373.0688564364607		
472445668	208동	33	99	99	2008	송파구	잠실동	33.0	99.0	99	2008	33.0	99.0	445.8933529540428		
472445669	207동	29	88	58	2008	송파구	잠실동	29.0	88.0	58	2008	29.0	88.0	184.8163623331638		
472445670	206동	29	88	58	2008	송파구	잠실동	29.0	88.0	58	2008	29.0	88.0	254.7087652006707		
472445671	205동	27	83	54	2008	송파구	잠실동	27.0	83.0	54	2008	27.0	83.0	227.3954918682771		
472445672	211동	29	88	108	2008	송파구	잠실동	29.0	88.0	108	2008	29.0	88.0	498.34723041910445		
472445673	212동	27	83	52	2008	송파구	잠실동	27.0	83.0	52	2008	27.0	83.0	262.8891783870168		
472445674	210동	29	88	54	2008	송파구	잠실동	29.0	88.0	54	2008	29.0	88.0	246.31202058842467		
472445675	209동	27	83	102	2008	송파구	잠실동	27.0	83.0	102	2008	27.0	83.0	502.1821745426444		
472445676	203동	29	88	58		송파구	잠실동	29.0	88.0	58		29.0	88.0	218.8820651701418		
472445677	204동	33	99	99	2008	송파구	잠실동	33.0	99.0	99	2008	33.0	99.0	421.1440598220843		
472445678	202동	33	99	99	2008	송파구	잠실동	33.0	99.0	99	2008	33.0	99.0	422.43797182486145		
472445679	201동	27	88	58	2008	송파구	잠실동	27.0	88.0	58	2008	27.0	88.0	276.64750907249385		
472625181	110	25	76	104	2015	강남구	대치동	25.0	76.0	104	2015	25.0	76.0	830.3249760555423	443011156.0	래미안대치팰리스1단지아파트
472679399	브라운스톤 레전드	20	67	54	2009	강남구	삼성동	20.0	67.0	54	2009	20.0	67.0	1990.6635645447593		
472679405						강남구	삼성동							341.5095832415891		
472679406						강남구	삼성동							313.67898846668277		
472679407						강남구	삼성동							299.2469532267576		
472679409						강남구	삼성동							342.77120059659626		
472679410						강남구	삼성동							654.2450027922316		
472679411						강남구	삼성동							601.1381520390701		
472679412						강남구	삼성동							359.45577554752754		
472679417						강남구	삼성동							122.84990133983409		
472679418						강남구	삼성동							122.7135407789307		
472679419						강남구	삼성동							123.97692904884906		
472679420						강남구	삼성동							123.72222679370242		
472679421						강남구	삼성동							136.32614814339416		
472679422						강남구	삼성동							134.38724519286535		
472679423						강남구	삼성동							159.0640871687173		
472679424						강남구	삼성동							149.45712792610266		
472679429						강남구	삼성동							169.377670126422		
472679430						강남구	삼성동							169.40999740131141		
472679437						강남구	삼성동							92.793640432296		
472679438						강남구	삼성동							94.55547306991983		
472679439						강남구	삼성동							130.8250290724572		
472679441						강남구	삼성동							157.8759953007636		
472679443						강남구	삼성동							137.77217067340956		
472679444						강남구	삼성동							158.34394332070372		
472679445						강남구	삼성동							143.84650103227295		
472679446						강남구	삼성동							135.2836958111721		
472679447						강남구	삼성동							135.34570660498025		
472820604	109	35	105	162	2015	강남구	대치동	35.0	105.0	162	2015	35.0	105.0	1053.9631234766296	443011156.0	래미안대치팰리스1단지아파트
473240149	103	14	39	108	1999	광진구	자양동	14.0	39.0	108	1999	14.0	39.0	1061.143810847438	473260560.0	삼성아파트
473242815	101	16	44	38	1999	광진구	자양동	16.0	44.0	38	1999	16.0	44.0	904.2606558087612	473260560.0	삼성아파트
473242816	102	25	69	198	1999	광진구	자양동	25.0	69.0	198	1999	25.0	69.0	1621.9375295358022	473260560.0	삼성아파트
473246161	강남지웰홈스	10	34	653	2014	강남구	자곡동	10.0	34.0	653	2014	10.0	34.0	3096.599000769267		
473504134	103동	18	49	72	2004	강남구	대치동	18.0	49.0	72	2004	18.0	49.0	972.1979322318329	473504133.0	대치포스코더샵아파트
473504135	104동	18	49	72	2004	강남구	대치동	18.0	49.0	72	2004	18.0	49.0	832.0165717157922	473504133.0	대치포스코더샵아파트
473504136	102동	22	60	88	2004	강남구	대치동	22.0	60.0	88	2004	22.0	60.0	1013.6824880097315	473504133.0	대치포스코더샵아파트
473504137	101동	22	60	44	2004	강남구	대치동	22.0	60.0	44	2004	22.0	60.0	435.49142423032015	473504133.0	대치포스코더샵아파트
473602401	삼성이안애빌					강남구	삼성동							652.5107695868807		
473602402	삼성웰피아					강남구	삼성동							1089.918020707896		
473602403	삼성파크아파트	13	36	114	2001	강남구	삼성동	13.0	36.0	114	2001	13.0	36.0	1529.0275687546352		
473726184	110	15		60	1988	송파구	문정동	15.0		60	1988	15.0	42.0	439.5128291935555	901606902.0	올림픽훼미리타운아파트 1단지
473726185	110	15		60	1988	송파구	문정동	15.0		60	1988	15.0	42.0	467.8144478935081	901606902.0	올림픽훼미리타운아파트 1단지
473726186	110	15		90	1988	송파구	문정동	15.0		90	1988	15.0	42.0	707.1165624974894	901606902.0	올림픽훼미리타운아파트 1단지
473846526	401동	15	42	55	2011	강남구	청담동	15.0	42.0	55	2011	15.0	42.0	826.6525528338203	473846530.0	청담대림e편한세상4차아파트
473846527	402동	11	30	39	2011	강남구	청담동	11.0	30.0	39	2011	11.0	30.0	569.680476927976	473846530.0	청담대림e편한세상4차아파트
473913600		4				송파구	송파동	4.0				4.0	11.2	97.83695736772728		
473919142	Pienpolus					강남구	청담동							2151.8466466507602		
473919153						강남구	청담동							121.30724993992332		
473919154						강남구	청담동							121.37398442226875		
473919155						강남구	청담동							120.16122001280478		
474519771	108동	15		90	1993	강남구	일원동	15.0		90	1993	15.0	42.0	1563.1413200229515	474533732.0	목련타운아파트
474519772	109동	15		120	1993	강남구	일원동	15.0		120	1993	15.0	42.0	1685.4244384147428	474533732.0	목련타운아파트
474519773	107동	15		56	1993	강남구	일원동	15.0		56	1993	15.0	42.0	784.630600230339	474533732.0	목련타운아파트
474519774	105동	14		54	1993	강남구	일원동	14.0		54	1993	14.0	39.199999999999996	823.3380652915273	474533732.0	목련타운아파트
474519775	106동	15		120	1993	강남구	일원동	15.0		120	1993	15.0	42.0	1503.0934271556716	474533732.0	목련타운아파트
474519776	103동	15		60	1993	강남구	일원동	15.0		60	1993	15.0	42.0	774.9418117451937	474533732.0	목련타운아파트
474519777	102동	15		90	1993	강남구	일원동	15.0		90	1993	15.0	42.0	1057.5894919704165	474533732.0	목련타운아파트
474519778	101동	15		60	1993	강남구	일원동	15.0		60	1993	15.0	42.0	762.2705457169421	474533732.0	목련타운아파트
474819666						강남구	대치동							89.63324358823883		
474819667						강남구	대치동							92.83489375286096		
474819668						강남구	대치동							121.92197268731933		
474819669						강남구	대치동							84.46010428991956		
474819670						강남구	대치동							67.23989624085254		
474819671						강남구	대치동							184.25368244857722		
474819672						강남구	대치동							89.5081388141006		
474819673						강남구	대치동							115.37820480764549		
474819674						강남구	대치동							165.8217758344833		
474819675						강남구	대치동							123.62732425640958		
474819676						강남구	대치동							139.18153399968188		
474819677						강남구	대치동							152.96959593064335		
474819679						강남구	대치동							171.41604624587143		
474819680						강남구	대치동							172.6957955715618		
474819681						강남구	대치동							117.74510332643895		
474819682						강남구	대치동							101.18547548983146		
474819683						강남구	대치동							136.98819061881346		
474819684						강남구	대치동							492.5699064091709		
474819685						강남구	대치동							289.0664309130272		
474819686						강남구	대치동							191.37660709970888		
474819693						강남구	대치동							90.95448735162977		
474819694						강남구	대치동							108.66868940101068		
474819699						강남구	대치동							128.60110222286198		
474819700						강남구	대치동							123.48842019711212		
474819701						강남구	대치동							145.64233822449773		
474819702						강남구	대치동							125.21236233699382		
474819703						강남구	대치동							134.48014262033254		
474819705						강남구	대치동							99.05476833321987		
474819706						강남구	대치동							108.44785768160995		
474820696	현대빌라					강남구	대치동							131.63720058368486		
474820697	삼화빌라					강남구	대치동							137.43027604491746		
474820699						강남구	대치동							176.72626982595006		
474820700	그린빌라					강남구	대치동							116.92547553900619		
474820701	페인트집					강남구	대치동							127.71113740867854		
474820703						강남구	대치동							140.46534535260832		
474820704	청오빌라					강남구	대치동							380.3843696628691		
474820706						강남구	대치동							128.31709536703966		
474820708						강남구	대치동							78.27817655276534		
474820709						강남구	대치동							110.6519598382594		
474820712						강남구	대치동							94.90260390754835		
474820713						강남구	대치동							73.27791160930502		
474820714						강남구	대치동							96.48557422485379		
474820715						강남구	대치동							67.32510232527912		
474821051						강남구	대치동							85.791231775191		
474821053						강남구	대치동							87.20017269880651		
474821054						강남구	대치동							228.77404233764636		
474821056						강남구	대치동							110.19259924124177		
474821057	한신빌라					강남구	대치동							107.64518159064151		
474821058	흥진빌딩					강남구	대치동							290.8290085410111		
474821059	리치빌라					강남구	대치동							274.7831795961993		
474821060						강남구	대치동							96.29597075479575		
474821061	영동빌라					강남구	대치동							110.49549691230911		
475036498	205동	12	36	41	2006	강남구	청담동	12.0	36.0	41	2006	12.0	36.0	573.706009383091	475036497.0	청담e편한세상 2차 아파트
475194947	8동	13		72	1981	송파구	잠실동	13.0		72	1981	13.0	36.4	930.5457015517119	408473622.0	잠실우성1.2.3차아파트
475194948	13동	13		48	1981	송파구	잠실동	13.0		48	1981	13.0	36.4	728.1706590864717	408473622.0	잠실우성1.2.3차아파트
475194949	21동	12		72	1981	송파구	잠실동	12.0		72	1981	12.0	33.599999999999994	930.5656682654219	408473622.0	잠실우성1.2.3차아파트
475194950	20동	12		48	1981	송파구	잠실동	12.0		48	1981	12.0	33.599999999999994	728.1819575046405	408473622.0	잠실우성1.2.3차아파트
475195388		18		172	1986	송파구	잠실동	18.0		172	1986	18.0	50.4	2460.074944283465	408473623.0	아시아선수촌아파트
475195389		18		172	1986	송파구	잠실동	18.0		172	1986	18.0	50.4	2595.6378150730834	408473623.0	아시아선수촌아파트
475305627		4				송파구	송파동	4.0				4.0	11.2	143.3302871052606		
475305628		4				송파구	송파동	4.0				4.0	11.2	110.02589146085977		
475305629		4				송파구	송파동	4.0				4.0	11.2	123.00194590067919		
475307298	49	4				송파구	송파동	4.0				4.0	11.2	116.8219823313452		
475307299		5				송파구	송파동	5.0				5.0	14.0	122.42459455173802		
475307302		5				송파구	송파동	5.0				5.0	14.0	132.43599316409384		
475307303		5				송파구	송파동	5.0				5.0	14.0	182.23660642105148		
475924078	우성아파트	7				강남구	청담동	7.0				7.0	19.599999999999998	587.2208454478867		
478306720	강남역한화오벨리스크	15	45	204	2003	서초구	서초동	15.0	45.0	204	2003	15.0	45.0	615.1372699827748		
479748003	네오블로썸아파트					강남구	삼성동							174.8916248526451		
479820167	101	13	36	40	2005	강남구	삼성동	13.0	36.0	40	2005	13.0	36.0	881.4154333594545	479748004.0	삼성롯데캐슬아파트
480580470	102	13	36	43	2005	강남구	삼성동	13.0	36.0	43	2005	13.0	36.0	881.6978554093826	479748004.0	삼성롯데캐슬아파트
480580471	103	11	31	35	2005	강남구	삼성동	11.0	31.0	35	2005	11.0	31.0	881.7025015398941	479748004.0	삼성롯데캐슬아파트
482260633														392.97771498801404	306337650.0	서초롯데캐슬프레지던트
482260635	102동	27	78	76	2014			27.0	78.0	76	2014	27.0	78.0	949.6720568718129	306337650.0	서초롯데캐슬프레지던트
482260637	103동	29	84	84	2014			29.0	84.0	84	2014	29.0	84.0	924.3369454295963	306337650.0	서초롯데캐슬프레지던트
482260640	101동	31	90	120	2014			31.0	90.0	120	2014	31.0	90.0	732.2423354325302	306337650.0	서초롯데캐슬프레지던트
490632815	62동	12		72	1980	강남구	압구정동	12.0		72	1980	12.0	33.599999999999994	1015.6345579968113	471724970.0	압구정한양6차아파트
491025854		18		72	1993			18.0		72	1993	18.0	50.4	445.03735003395144	306386805.0	유원아파트
491025855		18	48	144	1993			18.0	48.0	144	1993	18.0	48.0	1162.925507688818	306386805.0	유원아파트
491025856		18		246	1993			18.0		246	1993	18.0	50.4	1460.1752150286723	306386805.0	유원아파트
491026809	A동	28		157	2004			28.0		157	2004	28.0	78.39999999999999	1666.290110800924	327205928.0	아크로비스타
491027841	2동	15	44	105	1979			15.0	44.0	105	1979	15.0	44.0	649.096105467195	306385430.0	서초진흥아파트
491027842	1동	15	44	105	1979			15.0	44.0	105	1979	15.0	44.0	646.9241974720856	306385430.0	서초진흥아파트
491027843	3동	15	44	105	1979			15.0	44.0	105	1979	15.0	44.0	626.5647132907213	306385430.0	서초진흥아파트
491027844	5동	15	44	60	1979			15.0	44.0	60	1979	15.0	44.0	646.7241898702805	306385430.0	서초진흥아파트
491027845	6동	15		60	1979			15.0		60	1979	15.0	42.0	696.3294052544517	306385430.0	서초진흥아파트
491027846	8동	15		90	1979			15.0		90	1979	15.0	42.0	833.4701334633405	306385430.0	서초진흥아파트
491027847	7동	15		90	1979			15.0		90	1979	15.0	42.0	793.0972672146876	306385430.0	서초진흥아파트
491028839	103동	24	65	48	2006			24.0	65.0	48	2006	24.0	65.0	286.57640292359036		
491028840	104동	23	63	84	2006			23.0	63.0	84	2006	23.0	63.0	701.1479896099634		
491028842	109동	22	60	44	2006			22.0	60.0	44	2006	22.0	60.0	384.03099867280093		
491028844	105동	26	71	48	2006			26.0	71.0	48	2006	26.0	71.0	385.9016730695067		
491028845	101동	23	62	92	2006			23.0	62.0	92	2006	23.0	62.0	517.3559668689595		
491029539	112동	27	73	107	2006			27.0	73.0	107	2006	27.0	73.0	483.51346457962177		
491030706	5동	15		150	1988			15.0		150	1988	15.0	42.0	917.1433841294738	306385386.0	삼풍아파트
491030707	8동	15		149	1988			15.0		149	1988	15.0	42.0	889.9067837288994	306385386.0	삼풍아파트
491030708	12동	15		90	1988			15.0		90	1988	15.0	42.0	1151.4982105329177	306385386.0	삼풍아파트
491030709	14동	15		120	1988			15.0		120	1988	15.0	42.0	1423.3977314182973	306385386.0	삼풍아파트
491030710	13동	15		120	1988			15.0		120	1988	15.0	42.0	1094.640601741446	306385386.0	삼풍아파트
491030711	20동	15		60	1988			15.0		60	1988	15.0	42.0	786.5723349648408	306385386.0	삼풍아파트
491030712	18동	15		90	1988			15.0		90	1988	15.0	42.0	1215.4274424560822	306385386.0	삼풍아파트
491030713	23동	15		60	1988			15.0		60	1988	15.0	42.0	699.513438145868	306385386.0	삼풍아파트
491030714	25동	11		44	1988			11.0		44	1988	11.0	30.799999999999997	712.7114904753803	306385386.0	삼풍아파트
491030715	24동	9		36	1988			9.0		36	1988	9.0	25.2	670.149879606618	306385386.0	삼풍아파트
491031154		18	49	85	2000			18.0	49.0	85	2000	18.0	49.0	770.9234537301406		
491031155		18	48	34	2000			18.0	48.0	34	2000	18.0	48.0	261.7800425856608		
491033905	10동	15		120	1988			15.0		120	1988	15.0	42.0	1406.7561537813012	306385386.0	삼풍아파트
491034065	16동	15		120	1988			15.0		120	1988	15.0	42.0	1330.5676481846856	306385386.0	삼풍아파트
491034066	22동	15		90	1988			15.0		90	1988	15.0	42.0	1165.9265723524964	306385386.0	삼풍아파트
491089055	코업레지던스	15	64	151	2004			15.0	64.0	151	2004	15.0	64.0	448.69803520738634		
491089057		21	65	19	1996			21.0	65.0	19	1996	21.0	65.0	387.58905045261		
491089058		19	62	19	1996			19.0	62.0	19	1996	19.0	62.0	384.8822814042154		
491089060		15	61	40	2006			15.0	61.0	40	2006	15.0	61.0	593.461125442077		
491094519		9	25	19	2006			9.0	25.0	19	2006	9.0	25.0	533.5767454410459		
491094520		11	38	85	1997			11.0	38.0	85	1997	11.0	38.0	915.4317795935992		
491095925	센터프라자오피스텔	10			1990	서초구	서초동	10.0			1990	10.0	28.0	386.7888367396345		
491227012	1동	15		90	1988			15.0		90	1988	15.0	42.0	711.8692059643218	306385386.0	삼풍아파트
491236505		19	79	174	2010			19.0	79.0	174	2010	19.0	79.0	468.03442555052413		
491242153		13	39	83	2004			13.0	39.0	83	2004	13.0	39.0	1339.2546818332924	1056882861.0	서초삼성래미안
491242154		16	45	109	2001			16.0	45.0	109	2001	16.0	45.0	1005.6068371887941	1056882861.0	서초삼성래미안
491242155		16	45	80	2001			16.0	45.0	80	2001	16.0	45.0	921.8774632843688	1056882861.0	서초삼성래미안
491242156		16	45	110	2001			16.0	45.0	110	2001	16.0	45.0	1087.695989676065	1056882861.0	서초삼성래미안
491242157	훼미리궁전빌라	3						3.0				3.0	8.399999999999999	624.9375871641967		
491243937		13		102	1989			13.0		102	1989	13.0	36.4	821.0840160066386	1056882867.0	서초아남아파트
492133672	21	14		112	1979	강남구	대치동	14.0		112	1979	14.0	39.199999999999996	840.9161500936744	379530474.0	한보은마아파트
492133673	22	14		140	1979	강남구	대치동	14.0		140	1979	14.0	39.199999999999996	1127.2734626057972	379530474.0	한보은마아파트
492133674	29	14		112	1979	강남구	대치동	14.0		112	1979	14.0	39.199999999999996	812.6261966454502	379530474.0	한보은마아파트
492133675	28	14		154	1979	강남구	대치동	14.0		154	1979	14.0	39.199999999999996	1200.4208998099298	379530474.0	한보은마아파트
492133676	10	14		112	1979	강남구	대치동	14.0		112	1979	14.0	39.199999999999996	981.7088576347211	379530474.0	한보은마아파트
492133677	11	14		196	1979	강남구	대치동	14.0		196	1979	14.0	39.199999999999996	1373.4825197005705	379530474.0	한보은마아파트
492133678	15	14		168	1979	강남구	대치동	14.0		168	1979	14.0	39.199999999999996	1341.0249282757727	379530474.0	한보은마아파트
492133679	13	14		112	1979	강남구	대치동	14.0		112	1979	14.0	39.199999999999996	896.4304592146475	379530474.0	한보은마아파트
492133680	12	14		112	1979	강남구	대치동	14.0		112	1979	14.0	39.199999999999996	862.7524789176134	379530474.0	한보은마아파트
492133681	16	14		140	1979	강남구	대치동	14.0		140	1979	14.0	39.199999999999996	967.9378750785331	379530474.0	한보은마아파트
492133682	17	14		238	1979	강남구	대치동	14.0		238	1979	14.0	39.199999999999996	1671.813098144716	379530474.0	한보은마아파트
492133683	7	14		112	1979	강남구	대치동	14.0		112	1979	14.0	39.199999999999996	866.7160338675807	379530474.0	한보은마아파트
492133684	6	14		112	1979	강남구	대치동	14.0		112	1979	14.0	39.199999999999996	943.3023308108624	379530474.0	한보은마아파트
492133685	3	14		196	1979	강남구	대치동	14.0		196	1979	14.0	39.199999999999996	1430.0908602070579	379530474.0	한보은마아파트
492133686	5	14		196	1979	강남구	대치동	14.0		196	1979	14.0	39.199999999999996	1467.6845275296514	379530474.0	한보은마아파트
497993548	3동	12		156	1978	강남구	압구정동	12.0		156	1978	12.0	33.599999999999994	1156.2004519206234	471726603.0	압구정한양1차아파트
498015780	116동	28	78	54	2009			28.0	78.0	54	2009	28.0	78.0	745.0399176071904	165196918.0	반포자이아파트
498015781	115동	28	78	54	2009			28.0	78.0	54	2009	28.0	78.0	745.0695864334325	165196918.0	반포자이아파트
498015782	117동	28	78	54	2009			28.0	78.0	54	2009	28.0	78.0	744.9977788510322	165196918.0	반포자이아파트
498015783	111동	28	79	75	2009			28.0	79.0	75	2009	28.0	79.0	851.4683333550961	165196918.0	반포자이아파트
498015784		21						21.0				21.0	58.8	26.919287419191445	165196918.0	반포자이아파트
498015785		21						21.0				21.0	58.8	47.877012525456095	165196918.0	반포자이아파트
498015786		21						21.0				21.0	58.8	25.886598468808153	165196918.0	반포자이아파트
498015787		21						21.0				21.0	58.8	47.84274380530957	165196918.0	반포자이아파트
498015788		21						21.0				21.0	58.8	25.886520241821387	165196918.0	반포자이아파트
498015789	112동	28	79	75	2009			28.0	79.0	75	2009	28.0	79.0	851.5166515169201	165196918.0	반포자이아파트
498015790		21						21.0				21.0	58.8	26.91920603783669	165196918.0	반포자이아파트
498015791	113동	27	76	52	2009			27.0	76.0	52	2009	27.0	76.0	859.3586719517162	165196918.0	반포자이아파트
498015792	114동	27	76	52	2009			27.0	76.0	52	2009	27.0	76.0	852.361002022405	165196918.0	반포자이아파트
498017583		20						20.0				20.0	56.0	47.84350299434058	165196918.0	반포자이아파트
498017584	128동	27	76	72	2009			27.0	76.0	72	2009	27.0	76.0	851.530163858386	165196918.0	반포자이아파트
498017585		20						20.0				20.0	56.0	25.886931025914354	165196918.0	반포자이아파트
498017586		20						20.0				20.0	56.0	26.919633193501824	165196918.0	반포자이아파트
498017587		20						20.0				20.0	56.0	47.843809050347886	165196918.0	반포자이아파트
498017588	129동	27	76	72	2009			27.0	76.0	72	2009	27.0	76.0	851.5356110526335	165196918.0	반포자이아파트
498017589		20						20.0				20.0	56.0	25.887096631538455	165196918.0	반포자이아파트
498017590		20						20.0				20.0	56.0	26.919805401808574	165196918.0	반포자이아파트
498017591		20						20.0				20.0	56.0	47.84324194673323	165196918.0	반포자이아파트
498017592		20						20.0				20.0	56.0	25.886789780818496	165196918.0	반포자이아파트
498017593	127동	27	76	72	2009			27.0	76.0	72	2009	27.0	76.0	851.5255174746846	165196918.0	반포자이아파트
498017594		20						20.0				20.0	56.0	26.919486316090378	165196918.0	반포자이아파트
498017595	126동	27	76	52	2009			27.0	76.0	52	2009	27.0	76.0	860.172662610617	165196918.0	반포자이아파트
498017596	120동	29	81	85	2009			29.0	81.0	85	2009	29.0	81.0	847.8181112122955	165196918.0	반포자이아파트
498017597	119동	29	81	85	2009			29.0	81.0	85	2009	29.0	81.0	847.7921715662159	165196918.0	반포자이아파트
498017598	121동	29	81	85	2009			29.0	81.0	85	2009	29.0	81.0	847.7640246904745	165196918.0	반포자이아파트
498017599	122동	29	81	85	2009			29.0	81.0	85	2009	29.0	81.0	847.6486466559336	165196918.0	반포자이아파트
498019758	123동	29	81	87	2009			29.0	81.0	87	2009	29.0	81.0	515.4675324155013	165196918.0	반포자이아파트
498019759	124동	29	81	87	2009			29.0	81.0	87	2009	29.0	81.0	515.4697868910843	165196918.0	반포자이아파트
498019760	125동	28	78	84	2009			28.0	78.0	84	2009	28.0	78.0	515.4115015309184	165196918.0	반포자이아파트
498019761	130동	28	78	84	2009			28.0	78.0	84	2009	28.0	78.0	515.5169260375571	165196918.0	반포자이아파트
498019762	131동	26	73	103	2009			26.0	73.0	103	2009	26.0	73.0	494.50053089838815	165196918.0	반포자이아파트
498019763	132동	26	73	103	2009			26.0	73.0	103	2009	26.0	73.0	494.48543058809736	165196918.0	반포자이아파트
498019764	133동	27	76	107	2009			27.0	76.0	107	2009	27.0	76.0	494.4129766764648	165196918.0	반포자이아파트
498023089	143동	26	73	104	2009			26.0	73.0	104	2009	26.0	73.0	621.7754531817556	165196918.0	반포자이아파트
498023090	140동	28	78	112	2009			28.0	78.0	112	2009	28.0	78.0	621.8814418046229	165196918.0	반포자이아파트
498023091	138동	28	78	110	2009			28.0	78.0	110	2009	28.0	78.0	621.712667805541	165196918.0	반포자이아파트
498023092	141동	28	78	56	2009			28.0	78.0	56	2009	28.0	78.0	368.12731342520703	165196918.0	반포자이아파트
498023093	137동	28	78	56	2009			28.0	78.0	56	2009	28.0	78.0	367.99886577145224	165196918.0	반포자이아파트
498023094	134동	28	78	112	2009			28.0	78.0	112	2009	28.0	78.0	416.550048463545	165196918.0	반포자이아파트
498023095	136동	28	78	56	2009			28.0	78.0	56	2009	28.0	78.0	368.1565623034865	165196918.0	반포자이아파트
498023096	135동	27	76	108	2009			27.0	76.0	108	2009	27.0	76.0	535.4776262971365	165196918.0	반포자이아파트
498031727	139동	26	73	52	2009			26.0	73.0	52	2009	26.0	73.0	250.81797205898764	165196918.0	반포자이아파트
498031729	144동	26	73	52	2009			26.0	73.0	52	2009	26.0	73.0	250.8931474171879	165196918.0	반포자이아파트
498031730	142동	23	64	46	2009			23.0	64.0	46	2009	23.0	64.0	250.85971191821287	165196918.0	반포자이아파트
498031732	109동	29	81	116	2009			29.0	81.0	116	2009	29.0	81.0	621.7043985210951	165196918.0	반포자이아파트
498031733	108동	29	81	58	2009			29.0	81.0	58	2009	29.0	81.0	362.0346993961491	165196918.0	반포자이아파트
498031735	107동	26	73	52	2009			26.0	73.0	52	2009	26.0	73.0	362.10635029671505	165196918.0	반포자이아파트
498031736	110동	26	73	52	2009			26.0	73.0	52	2009	26.0	73.0	361.9690418629944	165196918.0	반포자이아파트
498031738	103동	27		81	2009			27.0		81	2009	27.0	75.6	515.4754474966289	165196918.0	반포자이아파트
498031740	101동	29	81	87	2009			29.0	81.0	87	2009	29.0	81.0	515.4770219854399	165196918.0	반포자이아파트
498031742	106동	27	76	81	2009			27.0	76.0	81	2009	27.0	76.0	515.4774095434079	165196918.0	반포자이아파트
498031743	102동	29	81	85	2009			29.0	81.0	85	2009	29.0	81.0	699.6990019028365	165196918.0	반포자이아파트
498031744	104동	29	81	85	2009			29.0	81.0	85	2009	29.0	81.0	699.62326560473	165196918.0	반포자이아파트
498031745	118동	29	81	85	2009			29.0	81.0	85	2009	29.0	81.0	693.0045043266748	165196918.0	반포자이아파트
498319544	10동	12		72	1978	강남구	압구정동	12.0		72	1978	12.0	33.599999999999994	534.0323445145074	471726603.0	압구정한양1차아파트
498559922	105동	35	101	135	2010			35.0	101.0	135	2010	35.0	101.0	692.4300620526495	333075749.0	반포리체아파트
498559924	103동	31	90	117	2010			31.0	90.0	117	2010	31.0	90.0	607.3201693342802	333075749.0	반포리체아파트
498573720	107동	35	101	136	2010			35.0	101.0	136	2010	35.0	101.0	692.4839465998527	333075749.0	반포리체아파트
498573721	104동	35	101	135	2010			35.0	101.0	135	2010	35.0	101.0	704.9723453666927	333075749.0	반포리체아파트
498573722	109동	35	101	133	2010			35.0	101.0	133	2010	35.0	101.0	582.6189595830759	333075749.0	반포리체아파트
499272123	B동	37	120	300	2004			37.0	120.0	300	2004	37.0	120.0	2225.7400437144656	327205928.0	아크로비스타
499481626	501동	14		56	1986			14.0		56	1986	14.0	39.199999999999996	618.8093531330485	499481635.0	삼호가든5차아파트
499481627		16						16.0				16.0	44.8	56.192872545187676	499481635.0	삼호가든5차아파트
499481628	502동	14		56	1986			14.0		56	1986	14.0	39.199999999999996	618.9308783550915	499481635.0	삼호가든5차아파트
499481631		16						16.0				16.0	44.8	56.18172681942108	499481635.0	삼호가든5차아파트
499481632	503동	14		56	1986			14.0		56	1986	14.0	39.199999999999996	618.7329152164511	499481635.0	삼호가든5차아파트
499481633		16						16.0				16.0	44.8	56.22981022969963	499481635.0	삼호가든5차아파트
503015622	4동					강남구	신사동							347.94661734368754	503015621.0	현대맨션
503503946	한신코아	15		493	1988	송파구	신천동	15.0		493	1988	15.0	42.0	3798.8264227186514		
503505200	101	18	50	160	2000	송파구	풍납동	18.0	50.0	160	2000	18.0	50.0	823.2406110389257	503505204.0	신성노바빌아파트
503505202	102	19	53	76	2000	송파구	풍납동	19.0	53.0	76	2000	19.0	53.0	505.8475349886898	503505204.0	신성노바빌아파트
503505207		13		104	1991	송파구	풍납동	13.0		104	1991	13.0	36.4	1064.2877299625648	863710113.0	강변현대아파트
504516297	청실맨션					강남구	신사동							550.522394940015		
506184992	팔레스오피스텔	10			1991	서초구	서초동	10.0			1991	10.0	28.0	356.045171663681		
510394418	104	24	66	74		강남구	역삼동	24.0	66.0	74		24.0	66.0	841.564125368091	510394405.0	래미안 펜타빌
510394420	105	14	41	28	2007	강남구	역삼동	14.0	41.0	28	2007	14.0	41.0	460.14156915450485	510394405.0	래미안 펜타빌
510394422	204	21	58	60	2006	강남구	역삼동	21.0	58.0	60	2006	21.0	58.0	558.5534491283518	510394410.0	역삼 아이파크
510394425	201	18	49	178	2006	강남구	역삼동	18.0	49.0	178	2006	18.0	49.0	531.2230207981064	510394410.0	역삼 아이파크
510394427	202	21	57	63	2006	강남구	역삼동	21.0	57.0	63	2006	21.0	57.0	720.8398652243468	510394410.0	역삼 아이파크
510394430	203	20	55	74	2006	강남구	역삼동	20.0	55.0	74	2006	20.0	55.0	704.6413635835306	510394410.0	역삼 아이파크
510394432	503	25	73	72	2012	강남구	역삼동	25.0	73.0	72	2012	25.0	73.0	1239.8204278642913	510394439.0	개나리 SK뷰
510394434	502	25	73	96	2012	강남구	역삼동	25.0	73.0	96	2012	25.0	73.0	1053.6300977972999	510394439.0	개나리 SK뷰
510394436	501	25	73	72	2012	강남구	역삼동	25.0	73.0	72	2012	25.0	73.0	1168.432396820779	510394439.0	개나리 SK뷰
510394437		21	57	206	1998	강남구	역삼동	21.0	57.0	206	1998	21.0	57.0	1194.3555334177781	417923189.0	동부센트레빌
513582409	55동	13		91	1979	강남구	압구정동	13.0		91	1979	13.0	36.4	587.7216185965273	357034700.0	압구정한양5차아파트
513582410	51동	13		78	1979	강남구	압구정동	13.0		78	1979	13.0	36.4	748.5380630325949	357034700.0	압구정한양5차아파트
513582411	52동	13		78	1979	강남구	압구정동	13.0		78	1979	13.0	36.4	599.5548362518405	357034700.0	압구정한양5차아파트
513582412	53동	12		96	1979	강남구	압구정동	12.0		96	1979	12.0	33.599999999999994	938.6281735791944	357034700.0	압구정한양5차아파트
513582413	81동	15		90	1984	강남구	압구정동	15.0		90	1984	15.0	42.0	1277.1195284181638	513582414.0	압구정한양8차아파트
513582415	71동	12		72	1981	강남구	압구정동	12.0		72	1981	12.0	33.599999999999994	988.5146143386296	357034699.0	압구정한양7차아파트
513582416	72동	12		167	1981	강남구	압구정동	12.0		167	1981	12.0	33.599999999999994	1577.0478093337463	357034699.0	압구정한양7차아파트
513582425	41동	13		91	1978	강남구	압구정동	13.0		91	1978	13.0	36.4	748.4681835132915	471724684.0	압구정한양4차아파트
517839533	109동	10		99	1995	송파구	풍납동	10.0		99	1995	10.0	28.0	1106.4255042457658	854411303.0	한강극동아파트
517839534	108동	10		117	1995	송파구	풍납동	10.0		117	1995	10.0	28.0	1030.563802796628	854411303.0	한강극동아파트
517839535	106동	17	49	120	1995	송파구	풍납동	17.0	49.0	120	1995	17.0	49.0	1291.3729910401505	854411303.0	한강극동아파트
517839536	107동	14		50	1995	송파구	풍납동	14.0		50	1995	14.0	39.199999999999996	417.44563942801943	854411303.0	한강극동아파트
517839537	105동	10		99	1995	송파구	풍납동	10.0		99	1995	10.0	28.0	937.1058654725954	854411303.0	한강극동아파트
517839538	104동	18	49	126	1995	송파구	풍납동	18.0	49.0	126	1995	18.0	49.0	916.0901141169176	854411303.0	한강극동아파트
517839539	102동	18	49	130	1995	송파구	풍납동	18.0	49.0	130	1995	18.0	49.0	920.8553166391534	854411303.0	한강극동아파트
517839540	101동	18	49	102	1995	송파구	풍납동	18.0	49.0	102	1995	18.0	49.0	714.8440068202915	854411303.0	한강극동아파트
517839541	103동	14		52	1995	송파구	풍납동	14.0		52	1995	14.0	39.199999999999996	389.1865660772886	854411303.0	한강극동아파트
521481563	웰리스타워	22	83		1996	송파구	신천동	22.0	83.0		1996	22.0	83.0	904.2104313083963		
522430137	2	12		96	1983	송파구	송파동	12.0		96	1983	12.0	33.599999999999994	2183.0128407708967	549692895.0	한양1차아파트
522430138	1	12		72	1983	송파구	송파동	12.0		72	1983	12.0	33.599999999999994	1003.0974119662005	549692895.0	한양1차아파트
525201139	2동					강남구	신사동							451.47280700529404	503015621.0	현대맨션
526361920	3	12		96	1983	송파구	송파동	12.0		96	1983	12.0	33.599999999999994	1195.2340784145333	549692895.0	한양1차아파트
528350709	103동	22	59	150	2002			22.0	59.0	150	2002	22.0	59.0	1086.4005820554596	528132989.0	강변건영아파트
540190993	한서그린빌리지오피스텔	10		92	1990	서초구	서초동	10.0		92	1990	10.0	28.0	482.0992266815299		
540200852	강남역리가스퀘어오피스텔	14	45	198	2012	서초구	서초동	14.0	45.0	198	2012	14.0	45.0	947.8452431422628		
540377880		10	31	60	1990	서초구	서초동	10.0	31.0	60	1990	10.0	31.0	411.63280184877874		
541642379		17.5						17.5				17.5	49.0	216.45539362620565		
541642384		9						9.0				9.0	25.2	41.32452765293456		
541642385		9						9.0				9.0	25.2	42.10043385803955		
541673316	강남역아이파크2차오피스텔	13	43		2013	서초구	서초동	13.0	43.0		2013	13.0	43.0	412.8171783787736		
541674456	101동	17	47	98	2008			17.0	47.0	98	2008	17.0	47.0	964.4892283444428	541674457.0	두산위브트레지움아파트
541674458	서초타워씨티빌아파트	10	28	19	1997	서초구	서초동	10.0	28.0	19	1997	10.0	28.0	394.2755742717452		
541675941	서초빌라	3						3.0				3.0	8.399999999999999	811.6046491993858		
541675942	102동	23	62	92	2006			23.0	62.0	92	2006	23.0	62.0	517.3601913313024		
541675943	106동	23	63	84	2006			23.0	63.0	84	2006	23.0	63.0	700.5910203682425		
541688432	108동	26	71	48	2006			26.0	71.0	48	2006	26.0	71.0	347.9393124474952		
541688433	110동	24	65	48	2006			24.0	65.0	48	2006	24.0	65.0	286.7079591413049		
541688434	107동	22	60	44	2006			22.0	60.0	44	2006	22.0	60.0	384.34063289998346		
541688435	113동	20	54	78	2006			20.0	54.0	78	2006	20.0	54.0	668.5459824638087		
541688440	114동	27	73	107	2006			27.0	73.0	107	2006	27.0	73.0	483.3559147234747		
541692160	강남역아이파크1차오피스텔	15	52	288	2013	서초구	서초동	15.0	52.0	288	2013	15.0	52.0	1098.2371103554408		
542412457	서초오피스텔	7				서초구	서초동	7.0				7.0	19.599999999999998	979.9915106405014		
554385247		58	192	377	2007	광진구	자양동	58.0	192.0	377	2007	58.0	192.0	1743.2737985490362	1418197917.0	더샵스타시티
557371908	106	9	30	34	1998			9.0	30.0	34	1998	9.0	30.0	606.0591832881519	381961841.0	중앙옥수하이츠아파트
557469204		12	47	189	2003			12.0	47.0	189	2003	12.0	47.0	935.6460172889829		
557469206		22	87	125	2001			22.0	87.0	125	2001	22.0	87.0	613.7081974372825		
557469340		15	84	194	2004	강남구	역삼동	15.0	84.0	194	2004	15.0	84.0	829.6368377414727		
560054779	서초신원아침도시2차아파트	15	43	60	2005	서초구	서초동	15.0	43.0	60	2005	15.0	43.0	690.4308506034658		
560055390	새티스아파트													205.59880667985473		
561305974	29동	17		170	1987	강남구	압구정동	17.0		170	1987	17.0	47.599999999999994	1277.2165909539092	432034139.0	미성2차아파트
561305975	26동	17		68	1987	강남구	압구정동	17.0		68	1987	17.0	47.599999999999994	778.6173017875801	432034139.0	미성2차아파트
561305976	27동	17		67	1987	강남구	압구정동	17.0		67	1987	17.0	47.599999999999994	716.5816947364697	432034139.0	미성2차아파트
561305977	리버빌라													236.82248459648395		
561305983	서전빌라													353.8793314715548		
561305988	잠원청구빌라트	10	31	19	1996			10.0	31.0	19	1996	10.0	31.0	591.155334390925		
561457366		13	33	52	2004	강남구	역삼동	13.0	33.0	52	2004	13.0	33.0	243.59350425298896		
561457370		14	40	143	2004	강남구	역삼동	14.0	40.0	143	2004	14.0	40.0	456.88129014764434		
561457375	대우디오빌플러스	17	45	552	2004	강남구	역삼동	17.0	45.0	552	2004	17.0	45.0	2754.565601896849		
561457377	강남뉴스텔오피스텔	13	44	84	1998	강남구	역삼동	13.0	44.0	84	1998	13.0	44.0	211.26092204324593		
561457378	역삼우정에쉐르1주상복합	15	46	69	2004	강남구	역삼동	15.0	46.0	69	2004	15.0	46.0	647.2482867776196		
561457382		14	37	130	2019	강남구	역삼동	14.0	37.0	130	2019	14.0	37.0	364.6819602421478		
561457386		18	67	191	1999	강남구	역삼동	18.0	67.0	191	1999	18.0	67.0	1072.3225056565868		
561457387		9	32	67	2023	강남구	역삼동	9.0	32.0	67	2023	9.0	32.0	255.88934038282406		
561457393		15	50	122	2002	강남구	역삼동	15.0	50.0	122	2002	15.0	50.0	724.1700925188256		
561457394		14	40	151	2004	강남구	역삼동	14.0	40.0	151	2004	14.0	40.0	474.5709641299251		
561457401	강남역효성해링턴타워더퍼스트 오피스텔	15	57	358	2014	강남구	역삼동	15.0	57.0	358	2014	15.0	57.0	1002.4857275886031		
561457415		19	70	728	2015	강남구	역삼동	19.0	70.0	728	2015	19.0	70.0	1751.2426599513503		
561726116		12	35	160	2006	강남구	역삼동	12.0	35.0	160	2006	12.0	35.0	509.87852445291264		
561726126		12	35	352	2004	강남구	역삼동	12.0	35.0	352	2004	12.0	35.0	1501.9299511330219		
561726171		15	45	98	2014	강남구	역삼동	15.0	45.0	98	2014	15.0	45.0	315.98078419799367		
561726172		13	35	360	2004	강남구	역삼동	13.0	35.0	360	2004	13.0	35.0	1206.3958501448972		
561726175		11	35	198	2003	강남구	역삼동	11.0	35.0	198	2003	11.0	35.0	928.5364538822141		
562010965		18	54	736	2019	강남구	역삼동	18.0	54.0	736	2019	18.0	54.0	1418.395583938829		
562010979		17	48	164	2002	강남구	역삼동	17.0	48.0	164	2002	17.0	48.0	1989.5833248572264		
562010987		14	43	48	2021	강남구	역삼동	14.0	43.0	48	2021	14.0	43.0	174.4084551720438		
562010989		14	39	33	2022	강남구	역삼동	14.0	39.0	33	2022	14.0	39.0	213.4372441880647		
562010993		18	67	33	1999	강남구	역삼동	18.0	67.0	33	1999	18.0	67.0	395.4418817719054		
564499719	14동					강남구	신사동							809.9471939073776		
564499720	15동					강남구	신사동							723.322204870806		
564499733	신성아파트	10	27	55	1996	강남구	신사동	10.0	27.0	55	1996	10.0	27.0	715.8883694196459		
564499766	11동					강남구	신사동							463.2020698491216	503015621.0	현대맨션
564499767	13동					강남구	신사동							496.81412336037505	503015621.0	현대맨션
564499768	12동					강남구	신사동							397.12357921608384	503015621.0	현대맨션
565108103	압구정 하이츠파크	25	84	43	2004	강남구	신사동	25.0	84.0	43	2004	25.0	84.0	750.8656280409855		
565108104	압구정 하이츠파크	25	84	43	2004	강남구	신사동	25.0	84.0	43	2004	25.0	84.0	476.52456362031813		
565108105	16동					강남구	신사동							437.05718402757014		
565108106	17동					강남구	신사동							364.94786702615954		
565108115	22동					강남구	신사동							330.55542337922145		
565108117	23동					강남구	신사동							342.80028905859274		
596587259	잠실푸르지오월드마크	39	130	288	2013	송파구	신천동	39.0	130.0	288	2013	39.0	130.0	8308.088460242792		
596587264	잠실더샵스타리버	39	128	189	2006	송파구	신천동	39.0	128.0	189	2006	39.0	128.0	3163.82661664935		
596587275	잠실더샵스타파크	39	128	213	2008	송파구	신천동	39.0	128.0	213	2008	39.0	128.0	2676.8675014382775		
597046050		20	76	327	1997	강남구	수서동	20.0	76.0	327	1997	20.0	76.0	1500.9420420121219		
597046051	로즈데일오피스텔	20	83	406	2000	강남구	수서동	20.0	83.0	406	2000	20.0	83.0	3381.2982130293844		
601252642	103동	45	144	189	2017			45.0	144.0	189	2017	45.0	144.0	721.8578891632926	601252646.0	서울숲트리마제
601252643	104동	47	150	213	2017			47.0	150.0	213	2017	47.0	150.0	721.9160610556053	601252646.0	서울숲트리마제
601252644	101동	47	157	143	2017			47.0	157.0	143	2017	47.0	157.0	1035.2882030921892	601252646.0	서울숲트리마제
601252645	102동	46	154	143	2017			46.0	154.0	143	2017	46.0	154.0	1035.2400921465312	601252646.0	서울숲트리마제
605797173	101동	32	95	104	2016			32.0	95.0	104	2016	32.0	95.0	855.6212414223128	436698261.0	래미안 신반포팰리스 아파트
605797174	102동	35	103	110	2016			35.0	103.0	110	2016	35.0	103.0	855.7414780685698	436698261.0	래미안 신반포팰리스 아파트
605797175	103동	35	103	124	2016			35.0	103.0	124	2016	35.0	103.0	855.3792712360762	436698261.0	래미안 신반포팰리스 아파트
605797176	105동	35	103	136	2016			35.0	103.0	136	2016	35.0	103.0	855.7794977215214	436698261.0	래미안 신반포팰리스 아파트
605797177	106동	34	100	144	2016			34.0	100.0	144	2016	34.0	100.0	791.4915053993687	436698261.0	래미안 신반포팰리스 아파트
605797178	107동	34	100	144	2016			34.0	100.0	144	2016	34.0	100.0	791.5896761583458	436698261.0	래미안 신반포팰리스 아파트
605797179	108동	30	98	81	2016			30.0	98.0	81	2016	30.0	98.0	483.47954080581707	436698261.0	래미안 신반포팰리스 아파트
605798589	105동	34	104	156	2017			34.0	104.0	156	2017	34.0	104.0	573.0690366026857		
605798590	104동	35	100	140	2017			35.0	100.0	140	2017	35.0	100.0	639.686510814723		
605798591	103동	29	83	140	2017			29.0	83.0	140	2017	29.0	83.0	871.5717314685257		
605798592	102동	34	97	129	2017			34.0	97.0	129	2017	34.0	97.0	479.40600910266704		
605798593	101동	24	69	46	2017			24.0	69.0	46	2017	24.0	69.0	232.06484798510468		
605798594	202동	30	86	150	2017			30.0	86.0	150	2017	30.0	86.0	1168.0577348950728	588027632.0	서초푸르지오써밋 2단지
605798595	201동	30	86	146	2017			30.0	86.0	146	2017	30.0	86.0	1167.7999679168324	588027632.0	서초푸르지오써밋 2단지
605798760	103동	32	95	115	2016			32.0	95.0	115	2016	32.0	95.0	676.3884364714738	589466065.0	래미안서초에스티지아파트
605798761	102동	26	77	104	2016			26.0	77.0	104	2016	26.0	77.0	625.6958307084236	589466065.0	래미안서초에스티지아파트
605798762	101동	33	97	133	2016			33.0	97.0	133	2016	33.0	97.0	578.0939397376	589466065.0	래미안서초에스티지아파트
605798763	104동	24	71	69	2016			24.0	71.0	69	2016	24.0	71.0	350.6533538413121	589466065.0	래미안서초에스티지아파트
605875914	101동	25	79	48	2018			25.0	79.0	48	2018	25.0	79.0	403.53063698481367	491080315.0	반포래미안아이파크아파트
605875915	102동	34	104	109	2018			34.0	104.0	109	2018	34.0	104.0	735.1545402313704	491080315.0	반포래미안아이파크아파트
605875916	103동	34	104	118	2018			34.0	104.0	118	2018	34.0	104.0	735.0432804085261	491080315.0	반포래미안아이파크아파트
605875917	105동	34	104	66	2018			34.0	104.0	66	2018	34.0	104.0	403.52611128588103	491080315.0	반포래미안아이파크아파트
605875918	106동	29	90	87	2018			29.0	90.0	87	2018	29.0	90.0	504.40174098090085	491080315.0	반포래미안아이파크아파트
605875919	110동	22	71	41	2018			22.0	71.0	41	2018	22.0	71.0	363.39022662975015	491080315.0	반포래미안아이파크아파트
605875920	109동	34	104	99	2018			34.0	104.0	99	2018	34.0	104.0	713.4193229809903	491080315.0	반포래미안아이파크아파트
605875921	108동	34	104	66	2018			34.0	104.0	66	2018	34.0	104.0	417.11810345215144	491080315.0	반포래미안아이파크아파트
605875922	112동	29	99	73	2018			29.0	99.0	73	2018	29.0	99.0	464.8368445623516	491080315.0	반포래미안아이파크아파트
605875923	107동	25	76	63	2018			25.0	76.0	63	2018	25.0	76.0	279.37611312634783	491080315.0	반포래미안아이파크아파트
605878711	102동	26	74	91	2018			26.0	74.0	91	2018	26.0	74.0	732.1748739524368	593865558.0	반포센트럴푸르지오써밋아파트
605878712	101동	28	80	106	2018			28.0	80.0	106	2018	28.0	80.0	732.1120403449688	593865558.0	반포센트럴푸르지오써밋아파트
605878713	103동	35	99	134	2018			35.0	99.0	134	2018	35.0	99.0	540.0230495903701	593865558.0	반포센트럴푸르지오써밋아파트
605878714	104동	35	99	138	2018			35.0	99.0	138	2018	35.0	99.0	540.0336845886235	593865558.0	반포센트럴푸르지오써밋아파트
605878715	105동	29	82	131	2018			29.0	82.0	131	2018	29.0	82.0	710.7183458007223	593865558.0	반포센트럴푸르지오써밋아파트
605878716	106동	25	71	105	2018			25.0	71.0	105	2018	25.0	71.0	552.3812944265896	593865558.0	반포센트럴푸르지오써밋아파트
606009736	108동	15	40	60	2002			15.0	40.0	60	2002	15.0	40.0	454.8559558146112	414891735.0	잠원동아아파트
606127865	205동	27	89	84	2018			27.0	89.0	84	2018	27.0	89.0	737.9177044192585	589466066.0	래미안서초에스티지S아파트
606127866	201동	30	97	119	2018			30.0	97.0	119	2018	30.0	97.0	774.1617536414291	589466066.0	래미안서초에스티지S아파트
606127867	204동	30	97	124	2018			30.0	97.0	124	2018	30.0	97.0	837.8519988901212	589466066.0	래미안서초에스티지S아파트
606127868	203동	32	104	134	2018			32.0	104.0	134	2018	32.0	104.0	750.9099141308093	589466066.0	래미안서초에스티지S아파트
606127869	202동	30	97	132	2018			30.0	97.0	132	2018	30.0	97.0	853.4795909754221	589466066.0	래미안서초에스티지S아파트
606127885		29	120	337	2024	강남구	역삼동	29.0	120.0	337	2024	29.0	120.0	1332.8975474691185		
606583570	501	23	64	348	1998			23.0	64.0	348	1998	23.0	64.0	1500.0159957672777	606127876.0	서초우성5차아파트
606583571	502	22	61	60	1998			22.0	61.0	60	1998	22.0	61.0	530.2411586596434	606127876.0	서초우성5차아파트
610468913	93동	12		72	1980	강남구	압구정동	12.0		72	1980	12.0	33.599999999999994	1219.6937180900968	471724556.0	압구정현대8차아파트
610468914	92동	12		72	1980	강남구	압구정동	12.0		72	1980	12.0	33.599999999999994	1270.9022781113154	471724556.0	압구정현대8차아파트
610468922	32동	13		52	1978	강남구	압구정동	13.0		52	1978	13.0	36.4	762.0426586482497	471726187.0	압구정한양3차아파트
610468925	31동	13		52	1978	강남구	압구정동	13.0		52	1978	13.0	36.4	683.9681584549887	471726187.0	압구정한양3차아파트
610468928	36동	13		78	1978	강남구	압구정동	13.0		78	1978	13.0	36.4	853.675429944981	471726187.0	압구정한양3차아파트
610468930	33동	13		52	1978	강남구	압구정동	13.0		52	1978	13.0	36.4	629.1115777863198	471726187.0	압구정한양3차아파트
610468946	11동	12		72	1978	강남구	압구정동	12.0		72	1978	12.0	33.599999999999994	479.884519694799	471726603.0	압구정한양1차아파트
610468949	26동	13		78	1978	강남구	압구정동	13.0		78	1978	13.0	36.4	1164.9572356977912	471725144.0	압구정한양2차아파트
610468951	15동	12		48	1978	강남구	압구정동	12.0		48	1978	12.0	33.599999999999994	877.3102795952884	471725144.0	압구정한양2차아파트
610468953	23동	12		48	1978	강남구	압구정동	12.0		48	1978	12.0	33.599999999999994	787.9378993087862	471725144.0	압구정한양2차아파트
610468956	22동	12		48	1978	강남구	압구정동	12.0		48	1978	12.0	33.599999999999994	823.5858269690966	471725144.0	압구정한양2차아파트
610468958	21동	12		74	1978	강남구	압구정동	12.0		74	1978	12.0	33.599999999999994	1009.5743370353166	471725144.0	압구정한양2차아파트
611808435	강남블루지움	9	35	133	2017	강남구	자곡동	9.0	35.0	133	2017	9.0	35.0	1374.7920041645216		
611926695	더 시그넘 하우스					강남구	자곡동							3758.864886934079		
613615241	6동	15		90	1992			15.0		90	1992	15.0	42.0	731.7629517993962	436698263.0	잠원한신아파트
613615244	5동	15		60	1992			15.0		60	1992	15.0	42.0	459.55978320579334	436698263.0	잠원한신아파트
614353914	비엘 106	15	51	291	2018	강남구	역삼동	15.0	51.0	291	2018	15.0	51.0	951.8087380670481		
614507237	1동					강남구	도곡동							962.4527546216551	614507236.0	삼호아파트
614507238	2동					강남구	도곡동							912.3136376237733	614507236.0	삼호아파트
614627411		15	47	197	2021	강남구	역삼동	15.0	47.0	197	2021	15.0	47.0	524.8001418209323		
614627417		15	47	333	2016	강남구	역삼동	15.0	47.0	333	2016	15.0	47.0	1096.8785573950836		
615425154	1동	15		60	1992			15.0		60	1992	15.0	42.0	498.6512104595876	436698263.0	잠원한신아파트
615425157	7동	15		90	1992			15.0		90	1992	15.0	42.0	719.8277659013413	436698263.0	잠원한신아파트
615425159	4동	15		90	1992			15.0		90	1992	15.0	42.0	725.3656633435378	436698263.0	잠원한신아파트
615425160	2동	15		60	1992			15.0		60	1992	15.0	42.0	479.85004394542943	436698263.0	잠원한신아파트
615425344	3동			90	1992					90	1992			753.2654652365718	436698263.0	잠원한신아파트
615428747	잠원현대훼밀리아파트	17	56	113	1997			17.0	56.0	113	1997	17.0	56.0	627.3956877721711	589460691.0	잠원현대훼밀리아파트
615428750	노블레스 아파트													297.54162101571757		
628575420		12	35	48	2004	강남구	도곡동	12.0	35.0	48	2004	12.0	35.0	1110.8517246303322	379417121.0	도곡동 현대하이페리온아파트
628575421		12	35	23	2004	강남구	도곡동	12.0	35.0	23	2004	12.0	35.0	434.0951504654997	379417121.0	도곡동 현대하이페리온아파트
632227525		15	47	440	2004	강남구	역삼동	15.0	47.0	440	2004	15.0	47.0	1360.3800819968556		
632227527		15	59		1994	강남구	역삼동	15.0	59.0		1994	15.0	59.0	343.76758690812426		
632227529		15	44	56	2005	강남구	역삼동	15.0	44.0	56	2005	15.0	44.0	707.850068409731		
633166602	연세리버테라스아파트	10	33	19	2003	강남구	청담동	10.0	33.0	19	2003	10.0	33.0	718.0964251827111		
633166603						강남구	청담동							788.1544785728095		
633166604						강남구	청담동							631.316491127146		
633181635	삼호빌라					강남구	청담동							860.3676324300277		
633181637	목화아파트	12	34	19	1995	강남구	청담동	12.0	34.0	19	1995	12.0	34.0	387.8782715850065		
633181639	현대한강빌라	10		18	1992	강남구	청담동	10.0		18	1992	10.0	28.0	379.8561574744445		
633181642	강변상지리츠빌	13	42	12	2001	강남구	청담동	13.0	42.0	12	2001	13.0	42.0	265.04513739371896		
633181649						강남구	청담동							1059.7751381572978		
636205477	101	20	58	59	2016	강남구	도곡동	20.0	58.0	59	2016	20.0	58.0	375.17082543103965	614507246.0	래미안도곡카운티아파트
636205478	102	20	58	60	2016	강남구	도곡동	20.0	58.0	60	2016	20.0	58.0	473.0522185947536	614507246.0	래미안도곡카운티아파트
636205479	103	21	60	62	2016	강남구	도곡동	21.0	60.0	62	2016	21.0	60.0	375.02766966639854	614507246.0	래미안도곡카운티아파트
636205480	104	17	49	34	2016	강남구	도곡동	17.0	49.0	34	2016	17.0	49.0	379.97053679690885	614507246.0	래미안도곡카운티아파트
636205481	105	18	52	53	2016	강남구	도곡동	18.0	52.0	53	2016	18.0	52.0	607.8961064238167	614507246.0	래미안도곡카운티아파트
636205482	106	17	49	33	2016	강남구	도곡동	17.0	49.0	33	2016	17.0	49.0	379.85332535737905	614507246.0	래미안도곡카운티아파트
636205483	107	19	55	37	2016	강남구	도곡동	19.0	55.0	37	2016	19.0	55.0	704.9885418230522	614507246.0	래미안도곡카운티아파트
636205484	108	21	60	59	2016	강남구	도곡동	21.0	60.0	59	2016	21.0	60.0	540.0883267384754	614507246.0	래미안도곡카운티아파트
636207735	201	23	62	88	2006	강남구	도곡동	23.0	62.0	88	2006	23.0	62.0	564.0468693796032	469110558.0	도곡렉슬아파트
636207736	202	20	54	78	2006	강남구	도곡동	20.0	54.0	78	2006	20.0	54.0	539.7247345982839	469110558.0	도곡렉슬아파트
636207737	203	23	62	69	2006	강남구	도곡동	23.0	62.0	69	2006	23.0	62.0	394.3665307397017	469110558.0	도곡렉슬아파트
636207738	210	22	59	64	2006	강남구	도곡동	22.0	59.0	64	2006	22.0	59.0	394.5202161438599	469110558.0	도곡렉슬아파트
636207739	212	22	59	65	2006	강남구	도곡동	22.0	59.0	65	2006	22.0	59.0	394.45997474604013	469110558.0	도곡렉슬아파트
636207740	204	20	54	80	2006	강남구	도곡동	20.0	54.0	80	2006	20.0	54.0	539.8488055918365	469110558.0	도곡렉슬아파트
636207741	209	20	54	78	2006	강남구	도곡동	20.0	54.0	78	2006	20.0	54.0	539.6365938400335	469110558.0	도곡렉슬아파트
636207742	302	20	55	74	2006	강남구	도곡동	20.0	55.0	74	2006	20.0	55.0	713.2524764098991	469110558.0	도곡렉슬아파트
636207743	305	18	49	68	2006	강남구	도곡동	18.0	49.0	68	2006	18.0	49.0	713.7536058045229	469110558.0	도곡렉슬아파트
636207744	304	17	46	58	2006	강남구	도곡동	17.0	46.0	58	2006	17.0	46.0	713.6955771783196	469110558.0	도곡렉슬아파트
636207745	303	19	52	72	2006	강남구	도곡동	19.0	52.0	72	2006	19.0	52.0	713.4117104165251	469110558.0	도곡렉슬아파트
636207746	401	22	59	88	2006	강남구	도곡동	22.0	59.0	88	2006	22.0	59.0	714.0267939675317	469110558.0	도곡렉슬아파트
636207747	412	22	59	87	2006	강남구	도곡동	22.0	59.0	87	2006	22.0	59.0	713.4198582896308	469110558.0	도곡렉슬아파트
636207748	411	23	62	85	2006	강남구	도곡동	23.0	62.0	85	2006	23.0	62.0	713.4832124153737	469110558.0	도곡렉슬아파트
636207749	208	20	54	80	2006	강남구	도곡동	20.0	54.0	80	2006	20.0	54.0	539.9057193693874	469110558.0	도곡렉슬아파트
636207750	205	21	57	84	2006	강남구	도곡동	21.0	57.0	84	2006	21.0	57.0	539.9020289224075	469110558.0	도곡렉슬아파트
636207751	301	21	57	63	2006	강남구	도곡동	21.0	57.0	63	2006	21.0	57.0	526.7485134853372	469110558.0	도곡렉슬아파트
636207752	402	23	62	88	2006	강남구	도곡동	23.0	62.0	88	2006	23.0	62.0	713.4930985532833	469110558.0	도곡렉슬아파트
636207753	211	20	54	76	2006	강남구	도곡동	20.0	54.0	76	2006	20.0	54.0	520.6972562157052	469110558.0	도곡렉슬아파트
636207754	306	19	52	38	2006	강남구	도곡동	19.0	52.0	38	2006	19.0	52.0	330.8881455257929	469110558.0	도곡렉슬아파트
636207755	103	23	62	159	2006	강남구	도곡동	23.0	62.0	159	2006	23.0	62.0	796.476933982336	469110558.0	도곡렉슬아파트
636207756	102	23	62	161	2006	강남구	도곡동	23.0	62.0	161	2006	23.0	62.0	796.4084629380801	469110558.0	도곡렉슬아파트
636207757	101	23	62	161	2006	강남구	도곡동	23.0	62.0	161	2006	23.0	62.0	796.4496048303077	469110558.0	도곡렉슬아파트
636207758	104	23	62	120	2006	강남구	도곡동	23.0	62.0	120	2006	23.0	62.0	585.2475927972354	469110558.0	도곡렉슬아파트
636207759	207	23	62	86	2006	강남구	도곡동	23.0	62.0	86	2006	23.0	62.0	608.8120238702567	469110558.0	도곡렉슬아파트
636207760	206	23	62	88	2006	강남구	도곡동	23.0	62.0	88	2006	23.0	62.0	608.7103610429723	469110558.0	도곡렉슬아파트
636212495	408	22	59	88	2006	강남구	도곡동	22.0	59.0	88	2006	22.0	59.0	642.5720814088357	469110558.0	도곡렉슬아파트
636212496	403	22	59	88	2006	강남구	도곡동	22.0	59.0	88	2006	22.0	59.0	642.4745897758538	469110558.0	도곡렉슬아파트
636212497	404	25	67	98	2006	강남구	도곡동	25.0	67.0	98	2006	25.0	67.0	642.4815422248604	469110558.0	도곡렉슬아파트
636212498	407	25	67	98	2006	강남구	도곡동	25.0	67.0	98	2006	25.0	67.0	642.5421499343529	469110558.0	도곡렉슬아파트
636212499	405	25	67	97	2006	강남구	도곡동	25.0	67.0	97	2006	25.0	67.0	642.4452126860918	469110558.0	도곡렉슬아파트
636212500	406	25	67	97	2006	강남구	도곡동	25.0	67.0	97	2006	25.0	67.0	642.548513213634	469110558.0	도곡렉슬아파트
636212501	410	21	56	84	2006	강남구	도곡동	21.0	56.0	84	2006	21.0	56.0	642.5596184224815	469110558.0	도곡렉슬아파트
636212502	409	21	57	84	2006	강남구	도곡동	21.0	57.0	84	2006	21.0	57.0	884.9201007531047	469110558.0	도곡렉슬아파트
636212507	101	34	104	130	2011	강남구	역삼동	34.0	104.0	130	2011	34.0	104.0	750.0669975874218	417923182.0	래미안그레이튼아파트
636212508	102	28	86	108	2011	강남구	역삼동	28.0	86.0	108	2011	28.0	86.0	750.0983681594148	417923182.0	래미안그레이튼아파트
636212509	104	23	71	66	2011	강남구	도곡동	23.0	71.0	66	2011	23.0	71.0	491.1070439917943	417923182.0	래미안그레이튼아파트
636212510	105	23	71	66	2011	강남구	도곡동	23.0	71.0	66	2011	23.0	71.0	491.0251515387107	417923182.0	래미안그레이튼아파트
636212511	103	25	77	94	2011	강남구	역삼동	25.0	77.0	94	2011	25.0	77.0	477.58826632463104	417923182.0	래미안그레이튼아파트
636223044	201	20	56	78	2009	강남구	역삼동	20.0	56.0	78	2009	20.0	56.0	819.9518093859118	636212514.0	래미안그레이튼3차아파트
636223045	202	21	58	42	2009	강남구	역삼동	21.0	58.0	42	2009	21.0	58.0	248.81113758265508	636212514.0	래미안그레이튼3차아파트
636223046	207	21	58	42	2009	강남구	역삼동	21.0	58.0	42	2009	21.0	58.0	248.7696832553648	636212514.0	래미안그레이튼3차아파트
636223047	203				2009	강남구	역삼동				2009			586.7199105934933	636212514.0	래미안그레이튼3차아파트
636223048	204	20	56	88	2009	강남구	역삼동	20.0	56.0	88	2009	20.0	56.0	573.5833466374918	636212514.0	래미안그레이튼3차아파트
636223049	205	19	53	38	2009	강남구	역삼동	19.0	53.0	38	2009	19.0	53.0	335.1050777258076	636212514.0	래미안그레이튼3차아파트
636223050	206	20	56	103	2009	강남구	역삼동	20.0	56.0	103	2009	20.0	56.0	747.483256400702	636212514.0	래미안그레이튼3차아파트
636223052	106	29	85	105	2005	강남구	대치동	29.0	85.0	105	2005	29.0	85.0	1091.0826323600945	443028264.0	대치동부센트레빌아파트
636223053	107	26	76	98	2005	강남구	대치동	26.0	76.0	98	2005	26.0	76.0	1091.1603078894805	443028264.0	대치동부센트레빌아파트
636223054	102	29	85	131	2005	강남구	대치동	29.0	85.0	131	2005	29.0	85.0	1244.5875753114224	443028264.0	대치동부센트레빌아파트
636223055	101	26	79	109	2015	강남구	대치동	26.0	79.0	109	2015	26.0	79.0	784.3140315456	443011156.0	래미안대치팰리스1단지아파트
636223056	103	22	67	97	2015	강남구	대치동	22.0	67.0	97	2015	22.0	67.0	830.3233973547203	443011156.0	래미안대치팰리스1단지아파트
636223057	111	29	88	120	2015	강남구	대치동	29.0	88.0	120	2015	29.0	88.0	793.7715558155487	443011156.0	래미안대치팰리스1단지아파트
636223058	107	30	91	132	2015	강남구	대치동	30.0	91.0	132	2015	30.0	91.0	672.2495236543195	443011156.0	래미안대치팰리스1단지아파트
636223059	112	34	102	141	2015	강남구	대치동	34.0	102.0	141	2015	34.0	102.0	681.3837519887029	443011156.0	래미안대치팰리스1단지아파트
636223060	108	26	79	50	2015	강남구	대치동	26.0	79.0	50	2015	26.0	79.0	372.129777500189	443011156.0	래미안대치팰리스1단지아파트
636223061	102	26	79	48	2015	강남구	대치동	26.0	79.0	48	2015	26.0	79.0	319.64604580390807	443011156.0	래미안대치팰리스1단지아파트
636223062	105	22	67	40	2015	강남구	대치동	22.0	67.0	40	2015	22.0	67.0	284.7701067102445	443011156.0	래미안대치팰리스1단지아파트
636223063	106	35	105	130	2015	강남구	대치동	35.0	105.0	130	2015	35.0	105.0	564.8454347679408	443011156.0	래미안대치팰리스1단지아파트
636223064	113	18	56	71	2015	강남구	대치동	18.0	56.0	71	2015	18.0	56.0	540.2464465005854	443011156.0	래미안대치팰리스1단지아파트
636223066	104	21	65	74	2015	강남구	대치동	21.0	65.0	74	2015	21.0	65.0	565.0281477078879	443011156.0	래미안대치팰리스1단지아파트
636223071	202	35	105	145	2015	강남구	대치동	35.0	105.0	145	2015	35.0	105.0	681.5880224919028	443011306.0	래미안대치팰리스2단지아파트
636223072	201	21	65	35	2015	강남구	대치동	21.0	65.0	35	2015	21.0	65.0	197.89311265381406	443011306.0	래미안대치팰리스2단지아파트
636223073	203	28	85	54	2015	강남구	대치동	28.0	85.0	54	2015	28.0	85.0	378.2231350346892	443011306.0	래미안대치팰리스2단지아파트
636223074	204	34	102	96	2015	강남구	대치동	34.0	102.0	96	2015	34.0	102.0	753.9181141311572	443011306.0	래미안대치팰리스2단지아파트
636898094	102	31	94	138	2016	강남구	역삼동	31.0	94.0	138	2016	31.0	94.0	786.5598295278038	510394413.0	역삼 자이
636898097	103	31	94	141	2016	강남구	역삼동	31.0	94.0	141	2016	31.0	94.0	786.6018336073911	510394413.0	역삼 자이
636898100	101	31	92	129	2016	강남구	역삼동	31.0	92.0	129	2016	31.0	92.0	786.5849395214178	510394413.0	역삼 자이
637366118	111	24	65	96	2008	강남구	대치동	24.0	65.0	96	2008	24.0	65.0	654.6580280414106	614507249.0	대치아이파크아파트
637366119	109	24	67	96	2008	강남구	대치동	24.0	67.0	96	2008	24.0	67.0	654.7806684579564	614507249.0	대치아이파크아파트
637366120	110	18	48	36	2008	강남구	대치동	18.0	48.0	36	2008	18.0	48.0	210.0486800132498	614507249.0	대치아이파크아파트
637366121	107	25	69	48	2008	강남구	대치동	25.0	69.0	48	2008	25.0	69.0	475.50940513156456	614507249.0	대치아이파크아파트
637366123	103	22	59	44	2008	강남구	대치동	22.0	59.0	44	2008	22.0	59.0	329.141590158822	614507249.0	대치아이파크아파트
637366124	102	24	67	85	2008	강남구	대치동	24.0	67.0	85	2008	24.0	67.0	672.082890112875	614507249.0	대치아이파크아파트
637366125	104	24	65	84		강남구	대치동	24.0	65.0	84		24.0	65.0	671.9518188658723	614507249.0	대치아이파크아파트
637366126	106	25	69	48	2008	강남구	대치동	25.0	69.0	48	2008	25.0	69.0	475.50919783257797	614507249.0	대치아이파크아파트
637366127	101	24	65	85	2008	강남구	대치동	24.0	65.0	85	2008	24.0	65.0	671.9904959032829	614507249.0	대치아이파크아파트
637366128	105	25	69	48	2008	강남구	대치동	25.0	69.0	48	2008	25.0	69.0	475.39319924448415	614507249.0	대치아이파크아파트
637366129	108	25	68	98	2008	강남구	대치동	25.0	68.0	98	2008	25.0	68.0	523.3797194104834	614507249.0	대치아이파크아파트
637366137	107	21	57	82	2005	강남구	역삼동	21.0	57.0	82	2005	21.0	57.0	530.4852331324538	417923179.0	역삼 래미안
637366138	108	21	57	82	2005	강남구	역삼동	21.0	57.0	82	2005	21.0	57.0	530.6131001304198	417923179.0	역삼 래미안
637366139	102	22	60	86	2005	강남구	역삼동	22.0	60.0	86	2005	22.0	60.0	530.5562988182074	417923179.0	역삼 래미안
637366140	101	22	60	126	2005	강남구	역삼동	22.0	60.0	126	2005	22.0	60.0	559.2099668816878	417923179.0	역삼 래미안
637366141	105	22	60	86	2005	강남구	역삼동	22.0	60.0	86	2005	22.0	60.0	363.2000475457743	417923179.0	역삼 래미안
637366142	111	20	54	91	2005	강남구	역삼동	20.0	54.0	91	2005	20.0	54.0	463.0906437081376	417923179.0	역삼 래미안
637366143	109	20	54	92	2005	강남구	역삼동	20.0	54.0	92	2005	20.0	54.0	480.17507571751446	417923179.0	역삼 래미안
637366144	106	21	57	99	2005	강남구	역삼동	21.0	57.0	99	2005	21.0	57.0	514.6482087035392	417923179.0	역삼 래미안
637366145	104	22	60	99	2005	강남구	역삼동	22.0	60.0	99	2005	22.0	60.0	432.51476860998554	417923179.0	역삼 래미안
637366146	110	22	60	76	2005	강남구	역삼동	22.0	60.0	76	2005	22.0	60.0	363.2385700574364	417923179.0	역삼 래미안
637366147	112	20	54	83	2005	강남구	역삼동	20.0	54.0	83	2005	20.0	54.0	424.6412740747255	417923179.0	역삼 래미안
637366148	103	18	49	48	2005	강남구	역삼동	18.0	49.0	48	2005	18.0	49.0	214.4699644387673	417923179.0	역삼 래미안
637366150	102	18	48	72	2008	강남구	대치동	18.0	48.0	72	2008	18.0	48.0	739.7759791361929	637366149.0	대치롯데캐슬리베아파트
637366151	101	18	48	72	2008	강남구	대치동	18.0	48.0	72	2008	18.0	48.0	739.4604648361984	637366149.0	대치롯데캐슬리베아파트
647165378	역삼럭키아파트 101동	15	41	135	1995	강남구	도곡동	15.0	41.0	135	1995	15.0	41.0	1158.560588260394	925265461.0	역삼럭키아파트
647165379	역삼럭키아파트 110동	15	41	90	1995	강남구	도곡동	15.0	41.0	90	1995	15.0	41.0	956.0131432660621	925265461.0	역삼럭키아파트
647165380	역삼럭키아파트 102동	15	41	239	1995	강남구	도곡동	15.0	41.0	239	1995	15.0	41.0	1868.0880135441557	925265461.0	역삼럭키아파트
647165381	역삼럭키아파트 105동	15	41	60	1995	강남구	도곡동	15.0	41.0	60	1995	15.0	41.0	606.5349064321465	925265461.0	역삼럭키아파트
647165382	역삼럭키아파트 103동	15	41	135	1995	강남구	도곡동	15.0	41.0	135	1995	15.0	41.0	977.4287425685237	925265461.0	역삼럭키아파트
647165383	역삼럭키아파트 104동	15	41	165	1995	강남구	도곡동	15.0	41.0	165	1995	15.0	41.0	1408.229998515374	925265461.0	역삼럭키아파트
647165384	역삼럭키아파트 108동	15	41	60	1995	강남구	도곡동	15.0	41.0	60	1995	15.0	41.0	667.5177244005627	925265461.0	역삼럭키아파트
647165385	역삼럭키아파트 109동	15	41	60	1995	강남구	도곡동	15.0	41.0	60	1995	15.0	41.0	621.0747979015808	925265461.0	역삼럭키아파트
647165386	역삼럭키아파트 106동	15	41	60	1995	강남구	도곡동	15.0	41.0	60	1995	15.0	41.0	668.8135501332501	925265461.0	역삼럭키아파트
647165387	역삼럭키아파트 107동	15	41	90	1995	강남구	도곡동	15.0	41.0	90	1995	15.0	41.0	1032.3366944566835	925265461.0	역삼럭키아파트
647168399	한라비발디	20	58	110	2016	강남구	도곡동	20.0	58.0	110	2016	20.0	58.0	1765.5177717339384		
647173081	탑팰리스 아파트					강남구	역삼동							564.5858935990171		
647240144	도곡현대그린아파트	18	48	171	2006	강남구	도곡동	18.0	48.0	171	2006	18.0	48.0	1585.8726483355372		
654955583		11		19	1992	강남구	삼성동	11.0		19	1992	11.0	30.799999999999997	372.0494364959626		
654955585		11		19	1992	강남구	삼성동	11.0		19	1992	11.0	30.799999999999997	372.0506330619012		
656644025	109동					강남구	세곡동							1901.2665098256389	656644026.0	강남효성해링턴코트아파트
656644027	110동					강남구	세곡동							755.1546218865892	656644026.0	강남효성해링턴코트아파트
656644028	108동					강남구	세곡동							1059.3319705851432	656644026.0	강남효성해링턴코트아파트
656644029	111동					강남구	세곡동							1326.9325215177334	656644026.0	강남효성해링턴코트아파트
656644030	107동					강남구	세곡동							1092.5099739909354	656644026.0	강남효성해링턴코트아파트
656644031	102동					강남구	세곡동							675.5018673260136	656644026.0	강남효성해링턴코트아파트
656644032	101동					강남구	세곡동							397.9494113579056	656644026.0	강남효성해링턴코트아파트
656644033	103동					강남구	세곡동							772.130087871613	656644026.0	강남효성해링턴코트아파트
656644034	104동					강남구	세곡동							709.3082494402937	656644026.0	강남효성해링턴코트아파트
656644035	105동					강남구	세곡동							1033.4232060237696	656644026.0	강남효성해링턴코트아파트
656644036	106동					강남구	세곡동							664.2849606563229	656644026.0	강남효성해링턴코트아파트
658696626		37	120	300	2004			37.0	120.0	300	2004	37.0	120.0	2210.0210165267135	327205928.0	아크로비스타
663489464	6동	15		90	1984	강남구	청담동	15.0		90	1984	15.0	42.0	999.3795900369221	1077632500.0	청담삼성진흥아파트
663489465	5동	15		135	1984	강남구	청담동	15.0		135	1984	15.0	42.0	1036.7335668440044	1077632500.0	청담삼성진흥아파트
663489466	3동	15		60	1984	강남구	삼성동	15.0		60	1984	15.0	42.0	1610.25414950241	614498549.0	청담삼성진흥아파트
663489467	2동	15		60	1984	강남구	삼성동	15.0		60	1984	15.0	42.0	735.405546612698	614498549.0	청담삼성진흥아파트
663489468	1동	15		60	1984	강남구	삼성동	15.0		60	1984	15.0	42.0	824.8954131301048	614498549.0	청담삼성진흥아파트
663489469	105동	29	88	109	2021	강남구	삼성동	29.0	88.0	109	2021	29.0	88.0	666.6756455544767	614498548.0	래미안라클래시아파트
663489472	107동	28	86	107	2021	강남구	삼성동	28.0	86.0	107	2021	28.0	86.0	585.4022741221063	614498548.0	래미안라클래시아파트
663489473	102동	20	55	179	2000	강남구	삼성동	20.0	55.0	179	2000	20.0	55.0	953.801308187637	471571215.0	삼성동롯데아파트
663489474	103동	20	55	80	2000	강남구	삼성동	20.0	55.0	80	2000	20.0	55.0	447.90615970368583	471571215.0	삼성동롯데아파트
663489475	101동	20	55	80	2000	강남구	삼성동	20.0	55.0	80	2000	20.0	55.0	490.12489714588133	471571215.0	삼성동롯데아파트
663489476	112동	22	60	88	2008	강남구	삼성동	22.0	60.0	88	2008	22.0	60.0	511.30537893781514	471333765.0	삼성동힐스테이트1차아파트
663489477	113동	16	43	64	2008	강남구	삼성동	16.0	43.0	64	2008	16.0	43.0	610.3767236208071	471333765.0	삼성동힐스테이트1차아파트
663489478	111동	18	49	35	2008	강남구	삼성동	18.0	49.0	35	2008	18.0	49.0	268.0574995803372	471333765.0	삼성동힐스테이트1차아파트
663489479	110동	21	57	82	2008	강남구	삼성동	21.0	57.0	82	2008	21.0	57.0	580.1450043317489	471333765.0	삼성동힐스테이트1차아파트
663489480	101동	15	44	29	2008	강남구	삼성동	15.0	44.0	29	2008	15.0	44.0	309.5080724900864	471333765.0	삼성동힐스테이트1차아파트
663489481	102동	23	70	88	2008	강남구	삼성동	23.0	70.0	88	2008	23.0	70.0	598.5398152045939	471333765.0	삼성동힐스테이트1차아파트
663489482	103동	21	60	82	2008	강남구	삼성동	21.0	60.0	82	2008	21.0	60.0	650.7107556760601	471333765.0	삼성동힐스테이트1차아파트
663489483	104동	23	69	44	2008	강남구	삼성동	23.0	69.0	44	2008	23.0	69.0	358.8109902243675	471333765.0	삼성동힐스테이트1차아파트
663489484	105동	23	64	92	2008	강남구	삼성동	23.0	64.0	92	2008	23.0	64.0	590.7670943672764	471333765.0	삼성동힐스테이트1차아파트
663489485	106동	22	61	44	2008	강남구	삼성동	22.0	61.0	44	2008	22.0	61.0	279.34960920681334	471333765.0	삼성동힐스테이트1차아파트
663489486	117동	22	60	126	2008	강남구	삼성동	22.0	60.0	126	2008	22.0	60.0	344.47208906012304	471333765.0	삼성동힐스테이트1차아파트
663489487	109동	22	63	42	2008	강남구	삼성동	22.0	63.0	42	2008	22.0	63.0	378.5286072678804	471333765.0	삼성동힐스테이트1차아파트
663489488	114동	15	40	58	2008	강남구	삼성동	15.0	40.0	58	2008	15.0	40.0	631.9606062565921	471333765.0	삼성동힐스테이트1차아파트
663489491	108동	18	49	72	2008	강남구	삼성동	18.0	49.0	72	2008	18.0	49.0	643.997204845174	471333765.0	삼성동힐스테이트1차아파트
663489492	107동	17	46	34	2008	강남구	삼성동	17.0	46.0	34	2008	17.0	46.0	281.8402145429211	471333765.0	삼성동힐스테이트1차아파트
663489494	302동	22	67	62	2018	강남구	삼성동	22.0	67.0	62	2018	22.0	67.0	484.4067744877427	475032127.0	센트럴아이파크아파트
663489495	303동	27	79	92	2018	강남구	삼성동	27.0	79.0	92	2018	27.0	79.0	545.2221180904847	475032127.0	센트럴아이파크아파트
663489498	301동	31	89	132	2018	강남구	삼성동	31.0	89.0	132	2018	31.0	89.0	419.7391155501958	475032127.0	센트럴아이파크아파트
663489500	304동	31	90	130	2018	강남구	삼성동	31.0	90.0	130	2018	31.0	90.0	428.3135738588402	475032127.0	센트럴아이파크아파트
663489503	205동	14	42	56	2008	강남구	삼성동	14.0	42.0	56	2008	14.0	42.0	571.0622994421557	614498550.0	삼성동힐스테이트2차아파트
663489504	203동	21	58	84	2008	강남구	삼성동	21.0	58.0	84	2008	21.0	58.0	574.2832004210748	614498550.0	삼성동힐스테이트2차아파트
663489505	201동	21	58	84	2008	강남구	삼성동	21.0	58.0	84	2008	21.0	58.0	557.9931366645021	614498550.0	삼성동힐스테이트2차아파트
663489506	202동	21	60	120	2008	강남구	삼성동	21.0	60.0	120	2008	21.0	60.0	448.28795006577195	614498550.0	삼성동힐스테이트2차아파트
663489507	212동	22	61	88	2008	강남구	삼성동	22.0	61.0	88	2008	22.0	61.0	550.5318046580536	614498550.0	삼성동힐스테이트2차아파트
663489508	211동	22	61	44	2008	강남구	삼성동	22.0	61.0	44	2008	22.0	61.0	324.78539378478325	614498550.0	삼성동힐스테이트2차아파트
663489509	210동	22	60	88	2008	강남구	삼성동	22.0	60.0	88	2008	22.0	60.0	593.4455126273865	614498550.0	삼성동힐스테이트2차아파트
663489510	204동	23	66	110	2008	강남구	삼성동	23.0	66.0	110	2008	23.0	66.0	488.87505221125497	614498550.0	삼성동힐스테이트2차아파트
663489511	206동	19	53	76	2008	강남구	삼성동	19.0	53.0	76	2008	19.0	53.0	556.0856130056325	614498550.0	삼성동힐스테이트2차아파트
663489512		16	57	73	2014	강남구	삼성동	16.0	57.0	73	2014	16.0	57.0	248.9127469060904		
663489513	207동	22	63	44	2008	강남구	삼성동	22.0	63.0	44	2008	22.0	63.0	266.0559351401936	614498550.0	삼성동힐스테이트2차아파트
663489514	207동	22	60	88	2008	강남구	삼성동	22.0	60.0	88	2008	22.0	60.0	623.2858897049439	614498550.0	삼성동힐스테이트2차아파트
663489515	208동	22	62	44	2008	강남구	삼성동	22.0	62.0	44	2008	22.0	62.0	244.92411385227442	614498550.0	삼성동힐스테이트2차아파트
663489520	A동	21	61		2003	강남구	삼성동	21.0	61.0		2003	21.0	61.0	363.54176394864555	1077632502.0	쌍용플래티넘아파트
663489521	B동	21	61	88	2003	강남구	삼성동	21.0	61.0	88	2003	21.0	61.0	697.2321043209112	1077632502.0	쌍용플래티넘아파트
663489523		15	52	13	2012	강남구	삼성동	15.0	52.0	13	2012	15.0	52.0	337.44251965501866		
663489529		10	36	19	1998	강남구	삼성동	10.0	36.0	19	1998	10.0	36.0	607.8907299260677		
663505052		15		60	1984	강남구	청담동	15.0		60	1984	15.0	42.0	661.0904314150658	1077632501.0	청담삼성진흥아파트
663505053		15		90	1984	강남구	청담동	15.0		90	1984	15.0	42.0	1207.823575008677	1077632501.0	청담삼성진흥아파트
663505054	101	12		48	1983	강남구	청담동	12.0		48	1983	12.0	33.599999999999994	438.41050970137155	1351511039.0	청담현대1차아파트
663505056	102	12		48	1983	강남구	청담동	12.0		48	1983	12.0	33.599999999999994	710.1410106702803	1351511039.0	청담현대1차아파트
663505064	101동	17	45	68	2002	강남구	청담동	17.0	45.0	68	2002	17.0	45.0	769.4425164272592	475036496.0	청담대림e편한세상1차아파트
663505065	104동	17	45	68	2002	강남구	청담동	17.0	45.0	68	2002	17.0	45.0	541.52716964616	475036496.0	청담대림e편한세상1차아파트
663505066	102동	17	45	68	2002	강남구	청담동	17.0	45.0	68	2002	17.0	45.0	550.1559893173917	475036496.0	청담대림e편한세상1차아파트
663505067	103동	17	45	67	2002	강남구	청담동	17.0	45.0	67	2002	17.0	45.0	529.4938265304595	475036496.0	청담대림e편한세상1차아파트
663505068		16	43	184	1999	강남구	청담동	16.0	43.0	184	1999	16.0	43.0	1610.315911895763	475036501.0	삼환아파트
663505106		15	50	163	2004	강남구	삼성동	15.0	50.0	163	2004	15.0	50.0	441.8509019906459		
663505108	삼성동우림루미아트	8	23	40	2005	강남구	삼성동	8.0	23.0	40	2005	8.0	23.0	970.4480209130032		
664676357		26	73	52	2007	송파구	잠실동	26.0	73.0	52	2007	26.0	73.0	325.10813968769645		
664676358		26	73	52	2007	송파구	잠실동	26.0	73.0	52	2007	26.0	73.0	325.299952189027		
664676359		23	63	46	2007	송파구	잠실동	23.0	63.0	46	2007	23.0	63.0	250.0759258580147		
664676361		28	78	104	2007	송파구	잠실동	28.0	78.0	104	2007	28.0	78.0	583.2702824463574		
664676365		28	77	104	2007	송파구	잠실동	28.0	77.0	104	2007	28.0	77.0	438.0987323913771		
664676366		27	76	104	2007	송파구	잠실동	27.0	76.0	104	2007	27.0	76.0	580.2888211707568		
664676367		27	75	100	2007	송파구	잠실동	27.0	75.0	100	2007	27.0	75.0	609.4075822319594		
664676368		27	76	104	2007	송파구	잠실동	27.0	76.0	104	2007	27.0	76.0	591.6454418635664		
664676369		25	69	50	2007	송파구	잠실동	25.0	69.0	50	2007	25.0	69.0	245.0861975110563		
664676370		27	74	96	2007	송파구	잠실동	27.0	74.0	96	2007	27.0	74.0	467.8839101503565		
664676371		29	81	108	2007	송파구	잠실동	29.0	81.0	108	2007	29.0	81.0	569.7038493197527		
664676372		27	75	100	2007	송파구	잠실동	27.0	75.0	100	2007	27.0	75.0	599.5010984292687		
664676374		23	63	46	2007	송파구	잠실동	23.0	63.0	46	2007	23.0	63.0	230.80114656570987		
664687902		27	74	100	2007	송파구	잠실동	27.0	74.0	100	2007	27.0	74.0	490.9677932877126		
664687903		25	70	100	2007	송파구	잠실동	25.0	70.0	100	2007	25.0	70.0	640.0690368495817		
664687904		29	81	54	2007	송파구	잠실동	29.0	81.0	54	2007	29.0	81.0	365.6426701242618		
664687905		27	75	100	2007	송파구	잠실동	27.0	75.0	100	2007	27.0	75.0	664.3419202282087		
664687906		30	84	56	2007	송파구	잠실동	30.0	84.0	56	2007	30.0	84.0	505.68222573335754		
664687907		23	64	46	2007	송파구	잠실동	23.0	64.0	46	2007	23.0	64.0	403.85648675067966		
664687908		28	78	104	2007	송파구	잠실동	28.0	78.0	104	2007	28.0	78.0	746.6962292320172		
664687909		29	81	108	2007	송파구	잠실동	29.0	81.0	108	2007	29.0	81.0	598.2896840882717		
664687910		28	78	104	2007	송파구	잠실동	28.0	78.0	104	2007	28.0	78.0	632.4946732262022		
664687911		30	84	56	2007	송파구	잠실동	30.0	84.0	56	2007	30.0	84.0	516.7316818767559		
664687912		25	70	100	2007	송파구	잠실동	25.0	70.0	100	2007	25.0	70.0	620.5268453593135		
664687913		30	84	60	2007	송파구	잠실동	30.0	84.0	60	2007	30.0	84.0	389.0464531523012		
664687914		24	66	96	2007	송파구	잠실동	24.0	66.0	96	2007	24.0	66.0	487.35062176050576		
664687915		24	66	94	2007	송파구	잠실동	24.0	66.0	94	2007	24.0	66.0	455.33096351675147		
664687916		27	74	54	2007	송파구	잠실동	27.0	74.0	54	2007	27.0	74.0	251.1357800842385		
664687917		27	74	54	2007	송파구	잠실동	27.0	74.0	54	2007	27.0	74.0	227.66520117467869		
664687918		19	53	32	2007	송파구	잠실동	19.0	53.0	32	2007	19.0	53.0	254.92082220420673		
664687919		19	53	32	2007	송파구	잠실동	19.0	53.0	32	2007	19.0	53.0	253.19434183927893		
664687920		30	84	112	2007	송파구	잠실동	30.0	84.0	112	2007	30.0	84.0	1017.0343923460929		
664687921		26	73	52	2007	송파구	잠실동	26.0	73.0	52	2007	26.0	73.0	407.84311724207623		
664687922		29	81	58	2007	송파구	잠실동	29.0	81.0	58	2007	29.0	81.0	381.2123258952604		
664688165		30	84	60	2007	송파구	잠실동	30.0	84.0	60	2007	30.0	84.0	378.8416319461622		
664689565		31	87	87	2007	송파구	잠실동	31.0	87.0	87	2007	31.0	87.0	444.5839559064352		
664689566		31	87	84	2007	송파구	잠실동	31.0	87.0	84	2007	31.0	87.0	500.6130292309171		
664689567		31	87	92	2007	송파구	잠실동	31.0	87.0	92	2007	31.0	87.0	494.4494212477537		
664689568		31	87	87	2007	송파구	잠실동	31.0	87.0	87	2007	31.0	87.0	481.56716606210887		
664689569		31	87	91	2007	송파구	잠실동	31.0	87.0	91	2007	31.0	87.0	467.80651695765215		
664689570		31	87	90	2007	송파구	잠실동	31.0	87.0	90	2007	31.0	87.0	468.05481821859854		
664689571		32	90	95	2007	송파구	잠실동	32.0	90.0	95	2007	32.0	90.0	454.13115990721894		
664689572		31	87	91	2007	송파구	잠실동	31.0	87.0	91	2007	31.0	87.0	464.89658947306424		
664689573		32	90	92	2007	송파구	잠실동	32.0	90.0	92	2007	32.0	90.0	510.3668412424079		
664689574		32	90	95	2007	송파구	잠실동	32.0	90.0	95	2007	32.0	90.0	471.29855806571527		
664689575		32	90	94	2007	송파구	잠실동	32.0	90.0	94	2007	32.0	90.0	522.5449550265465		
664696231	253동	28	94	58	2008	송파구	잠실동	28.0	94.0	58	2008	28.0	94.0	397.45205937174205		
664696232	254동	28	86	52	2008	송파구	잠실동	28.0	86.0	52	2008	28.0	86.0	410.3370506823827		
664696234	261동	31	94	58	2008	송파구	잠실동	31.0	94.0	58	2008	31.0	94.0	392.25700566386126		
664696235	260동	33	100	62	2008	송파구	잠실동	33.0	100.0	62	2008	33.0	100.0	364.56801195274346		
664696236	262동	26	83	50	2008	송파구	잠실동	26.0	83.0	50	2008	26.0	83.0	376.0935111303866		
664696237	255동	33	100	66	2008	송파구	잠실동	33.0	100.0	66	2008	33.0	100.0	395.14108524808466		
664696238	256동	26	80	48	2008	송파구	잠실동	26.0	80.0	48	2008	26.0	80.0	396.29203099492537		
664696240	259동	33	100	66	2008	송파구	잠실동	33.0	100.0	66	2008	33.0	100.0	394.11160756845777		
669388486		9	25	41	2005	강남구	삼성동	9.0	25.0	41	2005	9.0	25.0	627.9968761788002		
669388496						강남구	삼성동							367.78624957366753		
669388502		15	44	35	2006	강남구	삼성동	15.0	44.0	35	2006	15.0	44.0	512.2264746041004		
669388503		15	44	30	2006	강남구	삼성동	15.0	44.0	30	2006	15.0	44.0	407.2478932014001		
669388504		11	33	68	2006	강남구	삼성동	11.0	33.0	68	2006	11.0	33.0	1123.962188447888		
669388509		6	19	36	2006	강남구	삼성동	6.0	19.0	36	2006	6.0	19.0	974.0275293167552		
669388510		14	37	25	2005	강남구	삼성동	14.0	37.0	25	2005	14.0	37.0	267.6887211829061		
669388511		13	35	19	2005	강남구	삼성동	13.0	35.0	19	2005	13.0	35.0	362.65678213864544		
669388512		12	30	40	2005	강남구	삼성동	12.0	30.0	40	2005	12.0	30.0	921.5108480265511		
669388513		15	41	38	2005	강남구	삼성동	15.0	41.0	38	2005	15.0	41.0	469.3330025229228		
669388519		12	35	112	2006	강남구	삼성동	12.0	35.0	112	2006	12.0	35.0	1101.250420131257		
669388522	금호어울림아파트	11	31	68	2003	강남구	삼성동	11.0	31.0	68	2003	11.0	31.0	1092.7980072081928		
669388524		5				강남구	삼성동	5.0				5.0	14.0	757.3982598427083		
669388525						강남구	삼성동							1213.1506827135106	669388527.0	삼성동 풍림2차아파트
669388528		19	54	252	1998	강남구	삼성동	19.0	54.0	252	1998	19.0	54.0	1835.6021045855503	614502551.0	삼성동 풍림1차아파트
676482828	JBK빌딩	4	12					4.0	12.0			4.0	12.0	130.64594071399193		
676482830		3	9					3.0	9.0			3.0	9.0	129.07051270958496		
676482832		2	6					2.0	6.0			2.0	6.0	114.1347200716163		
676482833		3	9					3.0	9.0			3.0	9.0	164.2295480627033		
676482836		5	15					5.0	15.0			5.0	15.0	95.73488926102976		
676482838		3	9					3.0	9.0			3.0	9.0	144.76311995383838		
676482840		3	9					3.0	9.0			3.0	9.0	131.2232559928549		
676482842		1	5					1.0	5.0			1.0	5.0	126.98608532815217		
676708581		3	12					3.0	12.0			3.0	12.0	170.2396304318604		
676712986		3	9					3.0	9.0			3.0	9.0	123.20020334884721		
676712988		3	9					3.0	9.0			3.0	9.0	107.96855427856421		
676712990		5	15					5.0	15.0			5.0	15.0	155.13335414238742		
676712999		3	9					3.0	9.0			3.0	9.0	167.30624782214622		
676713000		5	15					5.0	15.0			5.0	15.0	139.86481885780756		
676713001		6	18					6.0	18.0			6.0	18.0	144.37804079684076		
676713002		3	9					3.0	9.0			3.0	9.0	150.55139395002965		
676713003		6	18					6.0	18.0			6.0	18.0	377.5453149536179		
676713004		5	15					5.0	15.0			5.0	15.0	96.34353217199539		
676713005		2	6					2.0	6.0			2.0	6.0	116.48157261047858		
676713006		5	15					5.0	15.0			5.0	15.0	170.75379994675112		
676713007		3	9					3.0	9.0			3.0	9.0	124.92434323111515		
676713008		4	12					4.0	12.0			4.0	12.0	158.42013799640014		
676713012		5	15					5.0	15.0			5.0	15.0	100.38588150096416		
676718006		5	15					5.0	15.0			5.0	15.0	144.84454865556916		
676718007		5	15					5.0	15.0			5.0	15.0	133.17335665881453		
676718008		4	12					4.0	12.0			4.0	12.0	117.65551914352464		
676718009		7	21					7.0	21.0			7.0	21.0	350.73335801601326		
676718011		4	12					4.0	12.0			4.0	12.0	144.22460232693007		
676718013		4	12					4.0	12.0			4.0	12.0	105.58204026226836		
676718014		3	9					3.0	9.0			3.0	9.0	161.5775964881437		
676718015		4	12					4.0	12.0			4.0	12.0	160.5250753010455		
676718016		6	18					6.0	18.0			6.0	18.0	133.7758379349774		
676718018		5	15					5.0	15.0			5.0	15.0	187.5625803141142		
676718019		5	15					5.0	15.0			5.0	15.0	143.24762515499214		
676718020		2	6					2.0	6.0			2.0	6.0	126.28287566714536		
676718021		2	6					2.0	6.0			2.0	6.0	108.05708924100657		
676718022		6	18					6.0	18.0			6.0	18.0	104.04403983039055		
676718027		3	9					3.0	9.0			3.0	9.0	134.6643720907643		
676718028		2	6					2.0	6.0			2.0	6.0	212.66614455620532		
676718031		4	12					4.0	12.0			4.0	12.0	150.02715967945545		
676721695		3	9					3.0	9.0			3.0	9.0	109.2107575752372		
676721696		4	12					4.0	12.0			4.0	12.0	138.17664952926023		
676721698		3	9					3.0	9.0			3.0	9.0	139.43900057407956		
676721699		4	12					4.0	12.0			4.0	12.0	126.1864837526608		
676721700		6	18					6.0	18.0			6.0	18.0	129.9085784631574		
676721706		5	15					5.0	15.0			5.0	15.0	135.02613659559816		
676722853		2	6					2.0	6.0			2.0	6.0	144.78009838119388		
676724554		6	18					6.0	18.0			6.0	18.0	131.95653677966317		
676724560		5	15					5.0	15.0			5.0	15.0	154.19471190314854		
676724561		5	15					5.0	15.0			5.0	15.0	155.46729035850325		
676724565		3	9					3.0	9.0			3.0	9.0	115.52637377117495		
676724567		3	9					3.0	9.0			3.0	9.0	114.17391486608574		
676724568		4	12					4.0	12.0			4.0	12.0	110.23316106312312		
676724569		2	6					2.0	6.0			2.0	6.0	147.53481671659677		
676724570		3	9					3.0	9.0			3.0	9.0	102.34228465868033		
676724571		3	9					3.0	9.0			3.0	9.0	103.83368052406463		
676724574		5	15					5.0	15.0			5.0	15.0	107.17367351539366		
676724579		3	9					3.0	9.0			3.0	9.0	126.97069464519339		
676724580		4	12					4.0	12.0			4.0	12.0	134.37132357720859		
676724581		3	15					3.0	15.0			3.0	15.0	114.28200512563191		
676724582		3	9					3.0	9.0			3.0	9.0	100.10693702162835		
676724584		3	9					3.0	9.0			3.0	9.0	118.37399001749061		
676729509		4	12					4.0	12.0			4.0	12.0	114.14709052699452		
676729510		2	6					2.0	6.0			2.0	6.0	98.75358035866799		
676729512		6	18					6.0	18.0			6.0	18.0	128.1289769778704		
676729517		2	6					2.0	6.0			2.0	6.0	158.38620617834945		
676729522		2	6					2.0	6.0			2.0	6.0	123.3889064667642		
676729524		5	15					5.0	15.0			5.0	15.0	125.63099429578274		
676729525		6	18					6.0	18.0			6.0	18.0	382.8275495982986		
676729527		2	6					2.0	6.0			2.0	6.0	162.71632694189097		
676729533		2	6					2.0	6.0			2.0	6.0	124.96998070491891		
676729534		5	15					5.0	15.0			5.0	15.0	139.0387586586893		
676729539		5	15					5.0	15.0			5.0	15.0	153.5094399329662		
676729540		5	15					5.0	15.0			5.0	15.0	140.94690695408622		
676729541		6	18					6.0	18.0			6.0	18.0	231.89208364235344		
676729544		3	9					3.0	9.0			3.0	9.0	122.02452266605738		
676729545	명지빌딩	5	15					5.0	15.0			5.0	15.0	169.5812247563109		
676729546		7	21					7.0	21.0			7.0	21.0	440.16788610344105		
676729547		2	6					2.0	6.0			2.0	6.0	118.94478768184388		
676729553		5	15					5.0	15.0			5.0	15.0	139.5143245167955		
676729554		5	15					5.0	15.0			5.0	15.0	145.69882912915799		
676729558		6	18					6.0	18.0			6.0	18.0	124.18288235726476		
676729559		3	15					3.0	15.0			3.0	15.0	162.87023423929003		
676729560		5	15					5.0	15.0			5.0	15.0	142.58013645895696		
676729561		10	31	23	2020			10.0	31.0	23	2020	10.0	31.0	231.4360929596076		
676730674		4	12					4.0	12.0			4.0	12.0	145.05065435359998		
676730678		4	12					4.0	12.0			4.0	12.0	118.95075463096079		
676731554		4	12					4.0	12.0			4.0	12.0	105.23775193551347		
676732119		7	21					7.0	21.0			7.0	21.0	144.8537200456359		
676732121		7	21					7.0	21.0			7.0	21.0	194.80020123447053		
676732122	한라비발디스튜디오193	12	40	149	2013			12.0	40.0	149	2013	12.0	40.0	999.6317268809214		
676732123		10	34	12	2020			10.0	34.0	12	2020	10.0	34.0	110.7699670011379		
676732131		4	12					4.0	12.0			4.0	12.0	157.64367314875963		
676732135		7	21					7.0	21.0			7.0	21.0	131.92289944916894		
676732140	서초동두산위브	15	50	78	2005			15.0	50.0	78	2005	15.0	50.0	688.2897728368732		
676938577		2	6					2.0	6.0			2.0	6.0	111.6613016460245		
676938580		1	3					1.0	3.0			1.0	3.0	50.86810878306283		
676938581		6	18					6.0	18.0			6.0	18.0	132.52365182327677		
676938582		2	6					2.0	6.0			2.0	6.0	146.99687789291642		
676938585		4	12					4.0	12.0			4.0	12.0	169.77501285186355		
676938587		5	15					5.0	15.0			5.0	15.0	61.54998855648789		
676938588		2	6					2.0	6.0			2.0	6.0	132.79910851284907		
676938589		6	18					6.0	18.0			6.0	18.0	112.00349719956554		
676938591		3	9					3.0	9.0			3.0	9.0	160.58288972543227		
676938592		2	6					2.0	6.0			2.0	6.0	71.1972465165814		
676938594		2	6					2.0	6.0			2.0	6.0	154.61216973431974		
676938597		5	15					5.0	15.0			5.0	15.0	93.72033839435537		
676938598		4	12					4.0	12.0			4.0	12.0	83.4221580263185		
676938601		4	12					4.0	12.0			4.0	12.0	83.53637159646757		
676938602		5	15					5.0	15.0			5.0	15.0	138.49444330134307		
676938603		3	9					3.0	9.0			3.0	9.0	104.38521508927855		
676938604		3	9					3.0	9.0			3.0	9.0	114.50234812921661		
676938605		4	12					4.0	12.0			4.0	12.0	167.63265164733915		
676938606		5	15					5.0	15.0			5.0	15.0	51.09938893215737		
676938607		1	3					1.0	3.0			1.0	3.0	16.685998228962298		
676938608		1	3					1.0	3.0			1.0	3.0	25.624688516396898		
676938609		2	6					2.0	6.0			2.0	6.0	76.4968894809958		
676938610		3	9					3.0	9.0			3.0	9.0	170.88186287300053		
676938611		5	15					5.0	15.0			5.0	15.0	113.65272813672443		
676938612		4	12					4.0	12.0			4.0	12.0	130.43705627935952		
676938613		4	12					4.0	12.0			4.0	12.0	210.19701866483092		
676938615		3	9					3.0	9.0			3.0	9.0	171.02984922915493		
676938616		5	15					5.0	15.0			5.0	15.0	203.2398455599316		
676938617		1	3					1.0	3.0			1.0	3.0	93.05924408135948		
676938619		4	12					4.0	12.0			4.0	12.0	112.24842433828603		
676938620		5	15					5.0	15.0			5.0	15.0	130.24788897029498		
676938621		4	12					4.0	12.0			4.0	12.0	97.16649572473064		
676938622		5	15					5.0	15.0			5.0	15.0	148.78601410637305		
676938625		3	9					3.0	9.0			3.0	9.0	196.99446383050346		
676938627		2	6					2.0	6.0			2.0	6.0	78.75151973969696		
676938630		5	15					5.0	15.0			5.0	15.0	112.24391679089032		
676947833		5	15					5.0	15.0			5.0	15.0	104.59955151039333		
677787312	3	9		51	1994	강남구	도곡동	9.0		51	1994	9.0	25.2	668.2488197153568	925265488.0	도곡현대아파트
677787313	2	15		125	1994	강남구	도곡동	15.0		125	1994	15.0	42.0	986.2229500201571	925265488.0	도곡현대아파트
677796314	현대주상복합아파트	9	30	86	1998	송파구	방이동	9.0	30.0	86	1998	9.0	30.0	1080.0911052148742		
677796319	파라다이스빌 잠실	15	63	64	2006	송파구	방이동	15.0	63.0	64	2006	15.0	63.0	590.7671374847105		
677799945		3	9			송파구	방이동	3.0	9.0			3.0	9.0	178.36018516948508		
677799947		5	15			송파구	방이동	5.0	15.0			5.0	15.0	135.22712866269347		
677799948	세우리빌	5	15			송파구	방이동	5.0	15.0			5.0	15.0	142.89935988095658		
677799949		5	15			송파구	방이동	5.0	15.0			5.0	15.0	252.91813112353123		
677799950		3	9			송파구	방이동	3.0	9.0			3.0	9.0	168.24804897400855		
677799951		3	9			송파구	방이동	3.0	9.0			3.0	9.0	156.29889181484427		
677799952		3	9			송파구	방이동	3.0	9.0			3.0	9.0	179.4450597735297		
677799955		5	15			송파구	방이동	5.0	15.0			5.0	15.0	157.63874103499123		
677799956		5	15			송파구	방이동	5.0	15.0			5.0	15.0	162.56258898128675		
677799958		5	15			송파구	방이동	5.0	15.0			5.0	15.0	280.7325001882638		
677799960		2	6			송파구	방이동	2.0	6.0			2.0	6.0	129.34776295889446		
677799961		2	6			송파구	방이동	2.0	6.0			2.0	6.0	97.31958754941871		
677799962		5	15			송파구	방이동	5.0	15.0			5.0	15.0	202.26990937155665		
677799963		4	12			송파구	방이동	4.0	12.0			4.0	12.0	160.2881733735721		
677799964		5	15			송파구	방이동	5.0	15.0			5.0	15.0	112.37228927757921		
677799965		2	6			송파구	방이동	2.0	6.0			2.0	6.0	147.0420944585469		
677799966		3	9			송파구	방이동	3.0	9.0			3.0	9.0	159.72043479584255		
677799967		2	6			송파구	방이동	2.0	6.0			2.0	6.0	154.571560658509		
677799968		5	15			송파구	방이동	5.0	15.0			5.0	15.0	113.53811891622078		
677799969		3	9			송파구	방이동	3.0	9.0			3.0	9.0	176.5321050460622		
677799970		4	12			송파구	방이동	4.0	12.0			4.0	12.0	186.01576239430503		
677799971		5	15			송파구	방이동	5.0	15.0			5.0	15.0	165.27490958893958		
677799972		5	15			송파구	방이동	5.0	15.0			5.0	15.0	164.7786177125932		
677799973		5	15			송파구	방이동	5.0	15.0			5.0	15.0	135.48536252053844		
677799974	미소람빌	4	12			송파구	방이동	4.0	12.0			4.0	12.0	194.16274885362094		
677799975		4	12			송파구	방이동	4.0	12.0			4.0	12.0	174.97119104571323		
677799976		6	18			송파구	방이동	6.0	18.0			6.0	18.0	157.9769394492954		
677802610		4	12			송파구	방이동	4.0	12.0			4.0	12.0	156.70757071775603		
677802612		6	18			송파구	방이동	6.0	18.0			6.0	18.0	172.6073572442615		
677802613		3	9			송파구	방이동	3.0	9.0			3.0	9.0	164.65749108314927		
677802614		5	15			송파구	방이동	5.0	15.0			5.0	15.0	160.13993724514506		
677802615		3	9			송파구	방이동	3.0	9.0			3.0	9.0	116.43939913278986		
677802616		5	15			송파구	방이동	5.0	15.0			5.0	15.0	158.23042113418438		
677802617		3	9			송파구	방이동	3.0	9.0			3.0	9.0	180.20559225689001		
677802618		3	9			송파구	방이동	3.0	9.0			3.0	9.0	156.25464542635353		
677802619		3	9			송파구	방이동	3.0	9.0			3.0	9.0	168.1193991059245		
677802621	문명주택	3	9			송파구	방이동	3.0	9.0			3.0	9.0	152.93492081433493		
677802622		4	12			송파구	방이동	4.0	12.0			4.0	12.0	142.209316733458		
677802623	오필수주택	4	12			송파구	방이동	4.0	12.0			4.0	12.0	161.45006670781922		
677802624		3	9			송파구	방이동	3.0	9.0			3.0	9.0	180.85936787215076		
677802625		3	9			송파구	방이동	3.0	9.0			3.0	9.0	152.51129126712428		
677802626		3	9			송파구	방이동	3.0	9.0			3.0	9.0	168.82148521671436		
677802627		5	15			송파구	방이동	5.0	15.0			5.0	15.0	126.19852633854458		
677802629		3	9			송파구	방이동	3.0	9.0			3.0	9.0	155.51674280981973		
677802630		5	15			송파구	방이동	5.0	15.0			5.0	15.0	146.17254750249495		
677802631		5	15			송파구	방이동	5.0	15.0			5.0	15.0	209.40854171613805		
677802632		2	6			송파구	방이동	2.0	6.0			2.0	6.0	185.9680160841016		
677802633		5	15			송파구	방이동	5.0	15.0			5.0	15.0	147.180097310479		
677802634		5	15			송파구	방이동	5.0	15.0			5.0	15.0	135.60204103603658		
677802635		4	12			송파구	방이동	4.0	12.0			4.0	12.0	123.20298604851119		
677802636		3	9			송파구	방이동	3.0	9.0			3.0	9.0	168.2995959998596		
677802637		3	9			송파구	방이동	3.0	9.0			3.0	9.0	167.65638918490362		
677802638		5	15			송파구	방이동	5.0	15.0			5.0	15.0	193.04907861715714		
677802639		5	15			송파구	방이동	5.0	15.0			5.0	15.0	163.28434657947753		
677802640		5	15			송파구	방이동	5.0	15.0			5.0	15.0	192.54797218015875		
677802642		3	9			송파구	방이동	3.0	9.0			3.0	9.0	151.73183470933807		
677802643		3	9			송파구	방이동	3.0	9.0			3.0	9.0	145.51747074592404		
677802644		6	18			송파구	방이동	6.0	18.0			6.0	18.0	181.6516604242443		
677802645		3	9			송파구	방이동	3.0	9.0			3.0	9.0	149.3209859056801		
677802648		4	12			송파구	방이동	4.0	12.0			4.0	12.0	199.43165187352076		
677802649		5	15			송파구	방이동	5.0	15.0			5.0	15.0	151.00574298058302		
677802650	부광아파트	5	15			송파구	방이동	5.0	15.0			5.0	15.0	439.41123351176105		
677802652		5	15			송파구	방이동	5.0	15.0			5.0	15.0	165.928811405753		
677802653	뉴파크플러스	6	18			송파구	방이동	6.0	18.0			6.0	18.0	443.86573543430006		
677802654		5	15			송파구	방이동	5.0	15.0			5.0	15.0	197.58634225723083		
677802655	몽촌아파트	6	18			송파구	방이동	6.0	18.0			6.0	18.0	268.4211648159334		
677802656	상아주택	5	15			송파구	방이동	5.0	15.0			5.0	15.0	175.4315664862901		
677802657		4	12			송파구	방이동	4.0	12.0			4.0	12.0	160.35900607729482		
677802658		2	6			송파구	방이동	2.0	6.0			2.0	6.0	163.57431529270545		
677802660		5	15			송파구	방이동	5.0	15.0			5.0	15.0	185.85443074222226		
677802662		5	15			송파구	방이동	5.0	15.0			5.0	15.0	182.73260122477328		
677802663	안단데빌	15	12			송파구	방이동	15.0	12.0			15.0	12.0	164.77883706727067		
677802664		5	15			송파구	방이동	5.0	15.0			5.0	15.0	135.9647240888719		
677802665		2	6			송파구	방이동	2.0	6.0			2.0	6.0	132.9588664067877		
677802667	향림주택	5	15			송파구	방이동	5.0	15.0			5.0	15.0	169.27575742032326		
677802668		4	12			송파구	방이동	4.0	12.0			4.0	12.0	193.40346414874406		
677802669		5	15			송파구	방이동	5.0	15.0			5.0	15.0	172.83697310110483		
677802670		4	12			송파구	방이동	4.0	12.0			4.0	12.0	164.17942627870772		
677802671		2	6			송파구	방이동	2.0	6.0			2.0	6.0	152.37692406359258		
677802672		5	15			송파구	방이동	5.0	15.0			5.0	15.0	140.07095508465392		
677802673		2	6			송파구	방이동	2.0	6.0			2.0	6.0	152.64760121525023		
677802674		5	15			송파구	방이동	5.0	15.0			5.0	15.0	166.83200254812928		
677802676		3	9			송파구	방이동	3.0	9.0			3.0	9.0	152.03270793850768		
677802677		4	12			송파구	방이동	4.0	12.0			4.0	12.0	175.89482729998713		
677802678	베스트빌라	3	9			송파구	방이동	3.0	9.0			3.0	9.0	199.4188966959947		
677802679		2	6			송파구	방이동	2.0	6.0			2.0	6.0	115.77263982037965		
677802680		5	15			송파구	방이동	5.0	15.0			5.0	15.0	158.82013847067395		
677802682		3	9			송파구	방이동	3.0	9.0			3.0	9.0	165.94172883684794		
677802683		2	6			송파구	방이동	2.0	6.0			2.0	6.0	148.93279755586434		
677802684		5	15			송파구	방이동	5.0	15.0			5.0	15.0	153.59185987218672		
677802685	옥계빌라	4	12			송파구	방이동	4.0	12.0			4.0	12.0	252.97340419164564		
677802687		4	12			송파구	방이동	4.0	12.0			4.0	12.0	151.8588978374253		
677802689		2	6			송파구	방이동	2.0	6.0			2.0	6.0	131.8839512132405		
677802692		5	15			송파구	방이동	5.0	15.0			5.0	15.0	155.19747789415104		
677802693		5	15			송파구	방이동	5.0	15.0			5.0	15.0	196.02213705708772		
677802694		2	6			송파구	방이동	2.0	6.0			2.0	6.0	153.86469450972393		
677802695		3	9			송파구	방이동	3.0	9.0			3.0	9.0	168.6246799311961		
677802696		5	15			송파구	방이동	5.0	15.0			5.0	15.0	122.19783638264194		
677802697		4	12			송파구	방이동	4.0	12.0			4.0	12.0	164.71029643183957		
677802698		5	15			송파구	방이동	5.0	15.0			5.0	15.0	168.2671956885444		
677802699		3	9			송파구	방이동	3.0	9.0			3.0	9.0	145.8262526438933		
677802700		4	12			송파구	방이동	4.0	12.0			4.0	12.0	142.97731209654054		
677802701	지피하우스	5	15			송파구	방이동	5.0	15.0			5.0	15.0	155.21715936345703		
677802702		4	12			송파구	방이동	4.0	12.0			4.0	12.0	157.44341460038538		
677802703		5	15			송파구	방이동	5.0	15.0			5.0	15.0	141.7896933532016		
677802704		4	12			송파구	방이동	4.0	12.0			4.0	12.0	131.14825496088065		
677802705		2	6			송파구	방이동	2.0	6.0			2.0	6.0	146.89450631783984		
677802706		4	12			송파구	방이동	4.0	12.0			4.0	12.0	119.67322327908944		
677802708		5	15			송파구	방이동	5.0	15.0			5.0	15.0	160.86762041305562		
677802709		2	6			송파구	방이동	2.0	6.0			2.0	6.0	160.7022414778353		
677802712		5	15			송파구	방이동	5.0	15.0			5.0	15.0	161.78119503869942		
677804190		5	15			송파구	방이동	5.0	15.0			5.0	15.0	152.18327965832688		
677804191		4	12			송파구	방이동	4.0	12.0			4.0	12.0	167.24095808488548		
677804192		5	15			송파구	방이동	5.0	15.0			5.0	15.0	181.49664406968472		
677804193		2	6			송파구	방이동	2.0	6.0			2.0	6.0	189.91597254977887		
677804195		2	6			송파구	방이동	2.0	6.0			2.0	6.0	138.91687603371633		
677804196		5	15			송파구	방이동	5.0	15.0			5.0	15.0	144.24965380486412		
677804197		5	15			송파구	방이동	5.0	15.0			5.0	15.0	181.68458269695165		
677804198		4	12			송파구	방이동	4.0	12.0			4.0	12.0	136.959685045845		
677804199		3	9			송파구	방이동	3.0	9.0			3.0	9.0	162.36918840757457		
677804200		4	12			송파구	방이동	4.0	12.0			4.0	12.0	246.17503031636497		
677804201		1	3			송파구	방이동	1.0	3.0			1.0	3.0	110.8537745643945		
677804202	포커스 파크	5	15			송파구	방이동	5.0	15.0			5.0	15.0	201.08954117954698		
677804203		4	12			송파구	방이동	4.0	12.0			4.0	12.0	156.2691673706251		
677804204		3	9			송파구	방이동	3.0	9.0			3.0	9.0	162.46583335606658		
677804205		4	12			송파구	방이동	4.0	12.0			4.0	12.0	136.45354277612438		
677804206		5	15			송파구	방이동	5.0	15.0			5.0	15.0	150.84764714638294		
677804207		5	15			송파구	방이동	5.0	15.0			5.0	15.0	186.92306533446367		
677804208		5	15			송파구	방이동	5.0	15.0			5.0	15.0	147.1115414781194		
677804209		4	12			송파구	방이동	4.0	12.0			4.0	12.0	147.0805074156115		
677804210		5	15			송파구	방이동	5.0	15.0			5.0	15.0	151.39421451152126		
677804211		4	12			송파구	방이동	4.0	12.0			4.0	12.0	139.22477407609173		
677804212		5	15			송파구	방이동	5.0	15.0			5.0	15.0	147.30670948686065		
677804213		3	9			송파구	방이동	3.0	9.0			3.0	9.0	217.71418974705654		
677804214		3	9			송파구	방이동	3.0	9.0			3.0	9.0	146.64114692105136		
677804216		4	12			송파구	방이동	4.0	12.0			4.0	12.0	163.77463880346784		
677804217		2	6			송파구	방이동	2.0	6.0			2.0	6.0	116.68581201391075		
677804218		4	12			송파구	방이동	4.0	12.0			4.0	12.0	133.44358169080877		
677804219		5	15			송파구	방이동	5.0	15.0			5.0	15.0	149.32207911189278		
677804220		2	6			송파구	방이동	2.0	6.0			2.0	6.0	135.55080184796688		
677804221		5	15			송파구	방이동	5.0	15.0			5.0	15.0	169.35216783672655		
677804222		5	15			송파구	방이동	5.0	15.0			5.0	15.0	154.45197748628863		
677804223		5	15			송파구	방이동	5.0	15.0			5.0	15.0	243.2682902291574		
677804224		4	12			송파구	방이동	4.0	12.0			4.0	12.0	154.5936375363849		
677804225		5	15			송파구	방이동	5.0	15.0			5.0	15.0	141.08780504286526		
677804227		5	15			송파구	방이동	5.0	15.0			5.0	15.0	137.83304507391387		
677804228		4	12			송파구	방이동	4.0	12.0			4.0	12.0	143.1747712731155		
677804229		3	9			송파구	방이동	3.0	9.0			3.0	9.0	210.49632536180786		
677804230		4	12			송파구	방이동	4.0	12.0			4.0	12.0	152.72595484583204		
677804231	린팰리스	5	15			송파구	방이동	5.0	15.0			5.0	15.0	155.2503386306459		
677804232		5	15			송파구	방이동	5.0	15.0			5.0	15.0	165.0599627158245		
677804233		4	12			송파구	방이동	4.0	12.0			4.0	12.0	149.7320900700665		
677804234	명성빌하우스	5	15			송파구	방이동	5.0	15.0			5.0	15.0	202.82082217951506		
677804235		5	15			송파구	방이동	5.0	15.0			5.0	15.0	172.48179068715646		
677804236		5	15			송파구	방이동	5.0	15.0			5.0	15.0	215.3319902343279		
677804237		3	9			송파구	방이동	3.0	9.0			3.0	9.0	171.35092166654147		
677804240		3	9			송파구	방이동	3.0	9.0			3.0	9.0	160.43349926694276		
677804241		4	12			송파구	방이동	4.0	12.0			4.0	12.0	146.7929060116877		
677804242		4	12			송파구	방이동	4.0	12.0			4.0	12.0	147.80929737779906		
677804243		2	6			송파구	방이동	2.0	6.0			2.0	6.0	141.38772607848364		
677804245		3	9			송파구	방이동	3.0	9.0			3.0	9.0	194.41167763578045		
677804246		5	15			송파구	방이동	5.0	15.0			5.0	15.0	148.28771792706343		
677804247	그린파크빌아파트	5	15			송파구	방이동	5.0	15.0			5.0	15.0	503.3645729011199		
677804248		2	6			송파구	방이동	2.0	6.0			2.0	6.0	139.61097563783073		
677817954	수남빌라	5	15			송파구	방이동	5.0	15.0			5.0	15.0	141.7542708364229		
677820280		4	12			송파구	방이동	4.0	12.0			4.0	12.0	127.37507292834923		
678034609		2	6			송파구	방이동	2.0	6.0			2.0	6.0	138.19131843806713		
678034610		5	15			송파구	방이동	5.0	15.0			5.0	15.0	146.1265057831487		
678034612		2	6			송파구	방이동	2.0	6.0			2.0	6.0	107.86558560901288		
678034614		5	15			송파구	방이동	5.0	15.0			5.0	15.0	154.8843600554489		
678034615		2	6			송파구	방이동	2.0	6.0			2.0	6.0	149.2827829062801		
678034616		2	6			송파구	방이동	2.0	6.0			2.0	6.0	117.63543369148296		
678034617		5	15			송파구	방이동	5.0	15.0			5.0	15.0	149.72653164041643		
678034618		2	6			송파구	방이동	2.0	6.0			2.0	6.0	139.4142862882409		
678034619		4	12			송파구	방이동	4.0	12.0			4.0	12.0	136.4451481621088		
678034621		2	6			송파구	방이동	2.0	6.0			2.0	6.0	140.21947918461143		
678034622		2	6			송파구	방이동	2.0	6.0			2.0	6.0	109.64149733703682		
678034624		4	12			송파구	방이동	4.0	12.0			4.0	12.0	117.84659103737206		
678034625		5	15			송파구	방이동	5.0	15.0			5.0	15.0	126.13683262173332		
678034626		5	15			송파구	방이동	5.0	15.0			5.0	15.0	157.8838151676723		
678038049		5	15			송파구	방이동	5.0	15.0			5.0	15.0	151.78801316186428		
678038051		4	12			송파구	방이동	4.0	12.0			4.0	12.0	125.19132406235387		
678038052		2	6			송파구	방이동	2.0	6.0			2.0	6.0	135.73746462992452		
678038055		2	6			송파구	방이동	2.0	6.0			2.0	6.0	123.81101481257232		
678038056		5	15			송파구	방이동	5.0	15.0			5.0	15.0	259.32307672170407		
678038057		2	6			송파구	방이동	2.0	6.0			2.0	6.0	132.00905287372444		
678038059		5	15			송파구	방이동	5.0	15.0			5.0	15.0	197.9822769642833		
678038074		2	6			송파구	방이동	2.0	6.0			2.0	6.0	127.84551746916294		
678038076		4	12			송파구	방이동	4.0	12.0			4.0	12.0	162.5376696430229		
678038080		4	12			송파구	방이동	4.0	12.0			4.0	12.0	146.11752326654394		
678038084		4	12			송파구	방이동	4.0	12.0			4.0	12.0	247.2428393411273		
678038086		2	6			송파구	방이동	2.0	6.0			2.0	6.0	110.57951628297768		
678038090		7	21			송파구	방이동	7.0	21.0			7.0	21.0	224.68737621388897		
678038092	해오름빌	5	15			송파구	방이동	5.0	15.0			5.0	15.0	127.31492195562141		
678038096		2	6			송파구	방이동	2.0	6.0			2.0	6.0	108.64392259113734		
678038098		2	6			송파구	방이동	2.0	6.0			2.0	6.0	163.60758919272794		
678038100		2	6			송파구	방이동	2.0	6.0			2.0	6.0	103.72162564266995		
678038106		5	15			송파구	방이동	5.0	15.0			5.0	15.0	190.67200612056385		
678038108		2	6			송파구	방이동	2.0	6.0			2.0	6.0	122.89701575315154		
678038114		2	6			송파구	방이동	2.0	6.0			2.0	6.0	109.8951311729733		
678038117		7	21			송파구	방이동	7.0	21.0			7.0	21.0	226.38418495845443		
678038121		2	6			송파구	방이동	2.0	6.0			2.0	6.0	111.25566597013524		
678038123		5	15			송파구	방이동	5.0	15.0			5.0	15.0	250.24664903441447		
678038390	한솔빌라트	18	57	17	1995	송파구	방이동	18.0	57.0	17	1995	18.0	57.0	280.59624145726383		
678038391	방이동그린파크아파트	14	42	13	1993	송파구	방이동	14.0	42.0	13	1993	14.0	42.0	208.0806080164564		
678038393	도무스빌	14	48	13	2004	송파구	방이동	14.0	48.0	13	2004	14.0	48.0	242.30799144383963		
678041047	생츄어리	5	15			송파구	방이동	5.0	15.0			5.0	15.0	172.90861738237862		
678041048		3	9			송파구	방이동	3.0	9.0			3.0	9.0	252.67342793637408		
678041049		5	15			송파구	방이동	5.0	15.0			5.0	15.0	204.9450206979805		
678041050		4	12			송파구	방이동	4.0	12.0			4.0	12.0	271.2807814931409		
678041051		5	15			송파구	방이동	5.0	15.0			5.0	15.0	188.7368501610917		
678041052		2	6			송파구	방이동	2.0	6.0			2.0	6.0	148.41805710082963		
678041053		5	15			송파구	방이동	5.0	15.0			5.0	15.0	183.11095502144835		
678041054		4	12			송파구	방이동	4.0	12.0			4.0	12.0	225.2835657081696		
678041055		2	6			송파구	방이동	2.0	6.0			2.0	6.0	178.78443652339504		
678041056		5	15			송파구	방이동	5.0	15.0			5.0	15.0	186.53227209407547		
678041057		4	12			송파구	방이동	4.0	12.0			4.0	12.0	183.9954573960137		
678041058		4	16			송파구	방이동	4.0	16.0			4.0	16.0	323.6416753647454		
678041059	모던하우스	5	15			송파구	방이동	5.0	15.0			5.0	15.0	194.38108636650153		
678041060	건화유로빌	4	12			송파구	방이동	4.0	12.0			4.0	12.0	221.49944701540454		
678041061		3	9			송파구	방이동	3.0	9.0			3.0	9.0	340.0026463727344		
678041062		3	9			송파구	방이동	3.0	9.0			3.0	9.0	245.32274928995298		
678041063		4	12			송파구	방이동	4.0	12.0			4.0	12.0	260.32722799638873		
678041064		3	9			송파구	방이동	3.0	9.0			3.0	9.0	345.1728722913514		
678041066		3	9			송파구	방이동	3.0	9.0			3.0	9.0	160.12362500877921		
678041067		2	6			송파구	방이동	2.0	6.0			2.0	6.0	154.7605149795814		
678041068		5	15			송파구	방이동	5.0	15.0			5.0	15.0	127.6057470797981		
678041069		3	9			송파구	방이동	3.0	9.0			3.0	9.0	746.753465556447		
678041070	더드림빌	5	15			송파구	방이동	5.0	15.0			5.0	15.0	149.79576709342717		
678041071		2	6			송파구	방이동	2.0	6.0			2.0	6.0	155.52998029351005		
678041072		3	9			송파구	방이동	3.0	9.0			3.0	9.0	104.49486797061493		
678041073		5	15			송파구	방이동	5.0	15.0			5.0	15.0	184.9495353681299		
678041074		3	8			송파구	방이동	3.0	8.0			3.0	8.0	134.02714726369365		
678041076		2	6			송파구	방이동	2.0	6.0			2.0	6.0	153.74604136717613		
678041077		3	9			송파구	방이동	3.0	9.0			3.0	9.0	149.3183879643751		
678041078		3	9			송파구	방이동	3.0	9.0			3.0	9.0	144.36377071564797		
678041079		3	9			송파구	방이동	3.0	9.0			3.0	9.0	171.66357523754837		
678041080		2	6			송파구	방이동	2.0	6.0			2.0	6.0	173.2110070672757		
678041081		5	15			송파구	방이동	5.0	15.0			5.0	15.0	206.3568991870219		
678041082	파크하우스	5	15			송파구	방이동	5.0	15.0			5.0	15.0	181.69865702712525		
678041083		2	6			송파구	방이동	2.0	6.0			2.0	6.0	126.96165842611751		
678041084		3	9			송파구	방이동	3.0	9.0			3.0	9.0	158.31311224982798		
678041085		2	6			송파구	방이동	2.0	6.0			2.0	6.0	154.33033600480093		
678041086		3	9			송파구	방이동	3.0	9.0			3.0	9.0	347.0091461483042		
678041087		3	9			송파구	방이동	3.0	9.0			3.0	9.0	349.025147463723		
678041088		3	9			송파구	방이동	3.0	9.0			3.0	9.0	348.8390704442145		
678041089		4	12			송파구	방이동	4.0	12.0			4.0	12.0	321.15074739723116		
678041090	우성파크빌	5	15			송파구	방이동	5.0	15.0			5.0	15.0	180.20683902603153		
678041091		2	6			송파구	방이동	2.0	6.0			2.0	6.0	150.92471242493843		
678041092		3	9			송파구	방이동	3.0	9.0			3.0	9.0	344.7287346941047		
678041094		3	9			송파구	방이동	3.0	9.0			3.0	9.0	153.47283718808833		
678041095		4	12			송파구	방이동	4.0	12.0			4.0	12.0	169.4244448385948		
678041096	강동주택	4	12			송파구	방이동	4.0	12.0			4.0	12.0	179.01375555184316		
678041097		3	9			송파구	방이동	3.0	9.0			3.0	9.0	239.4925085225264		
678041098		3	9			송파구	방이동	3.0	9.0			3.0	9.0	156.0416559030986		
678041099		4	12			송파구	방이동	4.0	12.0			4.0	12.0	183.95197084174458		
678041100		3	9			송파구	방이동	3.0	9.0			3.0	9.0	158.65083316995333		
678041101		4	12			송파구	방이동	4.0	12.0			4.0	12.0	156.5508331194046		
678041102		5	15			송파구	방이동	5.0	15.0			5.0	15.0	157.01746562115773		
678041103		3	9			송파구	방이동	3.0	9.0			3.0	9.0	349.16291544445596		
678041104		3	9			송파구	방이동	3.0	9.0			3.0	9.0	309.4848323169369		
678041105		2	6			송파구	방이동	2.0	6.0			2.0	6.0	133.79771160195813		
678041107	우광아파트	5	15			송파구	방이동	5.0	15.0			5.0	15.0	320.0654338223052		
678041108	크라운빌	5	15			송파구	방이동	5.0	15.0			5.0	15.0	179.4503108407931		
678041109		6	18			송파구	방이동	6.0	18.0			6.0	18.0	155.45642758102935		
678041110		5	15			송파구	방이동	5.0	15.0			5.0	15.0	163.594964189017		
678041111	방이어반하우스	5	15			송파구	방이동	5.0	15.0			5.0	15.0	285.6619459735304		
678041112		5	15			송파구	방이동	5.0	15.0			5.0	15.0	148.90126222496525		
678041113		2	6			송파구	방이동	2.0	6.0			2.0	6.0	158.9955744827411		
678041114		2	6			송파구	방이동	2.0	6.0			2.0	6.0	166.05729862195173		
678041115	오라하우스	6	18			송파구	방이동	6.0	18.0			6.0	18.0	131.37918664229124		
678041117		2	6			송파구	방이동	2.0	6.0			2.0	6.0	147.30925684453075		
678041120		3	9			송파구	방이동	3.0	9.0			3.0	9.0	239.95438076789418		
678041579		5	15			송파구	방이동	5.0	15.0			5.0	15.0	166.81939986309854		
678041580		2	6			송파구	방이동	2.0	6.0			2.0	6.0	184.3206909816459		
678041581		2	6			송파구	방이동	2.0	6.0			2.0	6.0	182.5362840651068		
678041582		2	6			송파구	방이동	2.0	6.0			2.0	6.0	152.726087121084		
678041584		2	6			송파구	방이동	2.0	6.0			2.0	6.0	125.41796364068647		
678041585		2	6			송파구	방이동	2.0	6.0			2.0	6.0	145.8831341462994		
678041586	방이동드림펠리스	6	18			송파구	방이동	6.0	18.0			6.0	18.0	274.5219751522553		
678041587		5	15			송파구	방이동	5.0	15.0			5.0	15.0	159.12149390172516		
678041588	Htopia	5	15			송파구	방이동	5.0	15.0			5.0	15.0	189.5456000606889		
678041589		6	18			송파구	방이동	6.0	18.0			6.0	18.0	137.55586046119333		
678041590		4	12			송파구	방이동	4.0	12.0			4.0	12.0	178.49622139112816		
678041591		7	21			송파구	방이동	7.0	21.0			7.0	21.0	461.2240168568583		
678041592		6	18			송파구	방이동	6.0	18.0			6.0	18.0	226.53139299667885		
678041593		5	15			송파구	방이동	5.0	15.0			5.0	15.0	136.14273122871384		
678041594	리치빌	4	12			송파구	방이동	4.0	12.0			4.0	12.0	207.67377308812513		
678041595		2	6			송파구	방이동	2.0	6.0			2.0	6.0	133.17278005232754		
678041596		5	15			송파구	방이동	5.0	15.0			5.0	15.0	162.43092180671673		
678041597		6	18			송파구	방이동	6.0	18.0			6.0	18.0	160.82893199458425		
678041598		3	9			송파구	방이동	3.0	9.0			3.0	9.0	140.60673730939192		
678041599		3	9			송파구	방이동	3.0	9.0			3.0	9.0	114.38665688685514		
678041600		5	15			송파구	방이동	5.0	15.0			5.0	15.0	133.34108670102822		
678041601		2	6			송파구	방이동	2.0	6.0			2.0	6.0	128.30684032366707		
678041602		2	6			송파구	방이동	2.0	6.0			2.0	6.0	145.9851725861431		
678041603		2	6			송파구	방이동	2.0	6.0			2.0	6.0	122.11425431051639		
678041604	광남벨라스아파트	7	21			송파구	방이동	7.0	21.0			7.0	21.0	425.03513189854533		
678041605		4	12			송파구	방이동	4.0	12.0			4.0	12.0	131.09866529765745		
678041606		4	12			송파구	방이동	4.0	12.0			4.0	12.0	163.76478546993283		
678041607		4	12			송파구	방이동	4.0	12.0			4.0	12.0	198.57532008348826		
678041608		5	15			송파구	방이동	5.0	15.0			5.0	15.0	137.36429868834443		
678041609	에비앙하우스	6	18			송파구	방이동	6.0	18.0			6.0	18.0	211.52640470447244		
678041610		4	12			송파구	방이동	4.0	12.0			4.0	12.0	130.24683193697834		
678041611		5	15			송파구	방이동	5.0	15.0			5.0	15.0	138.1027857864712		
678041612		5	15			송파구	방이동	5.0	15.0			5.0	15.0	157.08961384140042		
678041613		3	9			송파구	방이동	3.0	9.0			3.0	9.0	112.96340644374021		
678041614		4	12			송파구	방이동	4.0	12.0			4.0	12.0	171.39685107723875		
678041615		5	15			송파구	방이동	5.0	15.0			5.0	15.0	179.18489487208598		
678041616		4	12			송파구	방이동	4.0	12.0			4.0	12.0	390.00306748727553		
678041617		2	6			송파구	방이동	2.0	6.0			2.0	6.0	152.51916218013446		
678041618		2	6			송파구	방이동	2.0	6.0			2.0	6.0	146.8291384733124		
678041619		4	12			송파구	방이동	4.0	12.0			4.0	12.0	97.7176410326705		
678041620		4	12			송파구	방이동	4.0	12.0			4.0	12.0	170.86328810340967		
678041621		5	15			송파구	방이동	5.0	15.0			5.0	15.0	132.6783484158542		
678041622		5	15			송파구	방이동	5.0	15.0			5.0	15.0	147.00142769966897		
678041623	돈하버하우징	4	12			송파구	방이동	4.0	12.0			4.0	12.0	132.16639560606833		
678041624		5	15			송파구	방이동	5.0	15.0			5.0	15.0	141.70003090857062		
678041625		2	6			송파구	방이동	2.0	6.0			2.0	6.0	186.3894903833494		
678041626	조이빌	5	15			송파구	방이동	5.0	15.0			5.0	15.0	196.90324694123575		
678041627		4	12			송파구	방이동	4.0	12.0			4.0	12.0	632.6896325831569		
678041628		5	15			송파구	방이동	5.0	15.0			5.0	15.0	130.84031873328746		
678041629		2	6			송파구	방이동	2.0	6.0			2.0	6.0	124.25676136569018		
678041630		2	6			송파구	방이동	2.0	6.0			2.0	6.0	151.4700036463528		
678041631		6	18			송파구	방이동	6.0	18.0			6.0	18.0	242.89064626150915		
678041632		4	12			송파구	방이동	4.0	12.0			4.0	12.0	129.2765124200844		
678041633		3	9			송파구	방이동	3.0	9.0			3.0	9.0	170.18985661900803		
678041634		5	15			송파구	방이동	5.0	15.0			5.0	15.0	135.74530919583526		
678041635		5	15			송파구	방이동	5.0	15.0			5.0	15.0	146.2907897876886		
678041636		5	15			송파구	방이동	5.0	15.0			5.0	15.0	121.37390417241107		
678041637		2	6			송파구	방이동	2.0	6.0			2.0	6.0	150.33008410108033		
678041638	주함위너스II	7	21			송파구	방이동	7.0	21.0			7.0	21.0	356.9531326689224		
678041639		3	9			송파구	방이동	3.0	9.0			3.0	9.0	156.8060018872905		
678041640	그린파크	5	15			송파구	방이동	5.0	15.0			5.0	15.0	164.6540355223155		
678041641		5	15			송파구	방이동	5.0	15.0			5.0	15.0	137.18713951783917		
678041642		2	6			송파구	방이동	2.0	6.0			2.0	6.0	145.18082359873532		
678041643		2	6			송파구	방이동	2.0	6.0			2.0	6.0	135.9363356070098		
678041644		2	6			송파구	방이동	2.0	6.0			2.0	6.0	127.22126900786645		
678041645		4	12			송파구	방이동	4.0	12.0			4.0	12.0	185.318358901313		
678041646		2	6			송파구	방이동	2.0	6.0			2.0	6.0	118.58766269005939		
678041647		2	6			송파구	방이동	2.0	6.0			2.0	6.0	99.46500395253001		
678041648		3	9			송파구	방이동	3.0	9.0			3.0	9.0	168.2414203084747		
678041649		6	18			송파구	방이동	6.0	18.0			6.0	18.0	185.38313062744737		
678041650		3	9			송파구	방이동	3.0	9.0			3.0	9.0	158.63701736763744		
678041651		5	15			송파구	방이동	5.0	15.0			5.0	15.0	165.87808441296727		
678041652		2	6			송파구	방이동	2.0	6.0			2.0	6.0	141.79708518820493		
678041653		6	18			송파구	방이동	6.0	18.0			6.0	18.0	161.80552052249243		
678041654		5	15			송파구	방이동	5.0	15.0			5.0	15.0	131.9744683359681		
678041655		5	15			송파구	방이동	5.0	15.0			5.0	15.0	134.63492275043663		
678041656		3	9			송파구	방이동	3.0	9.0			3.0	9.0	128.18790587705385		
678041657		3	9			송파구	방이동	3.0	9.0			3.0	9.0	121.38380441125204		
678041658	호민 하우스빌	5	15			송파구	방이동	5.0	15.0			5.0	15.0	138.47415447639722		
678041659		4	12			송파구	방이동	4.0	12.0			4.0	12.0	119.19254296977316		
678041660		2	6			송파구	방이동	2.0	6.0			2.0	6.0	155.2615687024781		
678041661		2	6			송파구	방이동	2.0	6.0			2.0	6.0	140.19198762994813		
678041662		4	12			송파구	방이동	4.0	12.0			4.0	12.0	182.38166046446742		
678041663		5	15			송파구	방이동	5.0	15.0			5.0	15.0	135.29352611040352		
678041664		2	6			송파구	방이동	2.0	6.0			2.0	6.0	125.65515815414187		
678041665		4	12			송파구	방이동	4.0	12.0			4.0	12.0	130.02352649863138		
678041666		2	6			송파구	방이동	2.0	6.0			2.0	6.0	152.63892919541706		
678041667		4	12			송파구	방이동	4.0	12.0			4.0	12.0	129.985948411988		
678041668	선민모닝빌	5	15			송파구	방이동	5.0	15.0			5.0	15.0	143.27628319051564		
678041669		2	6			송파구	방이동	2.0	6.0			2.0	6.0	231.1502921713847		
678055392		2	6			송파구	방이동	2.0	6.0			2.0	6.0	133.4136636458877		
678055393		4	12			송파구	방이동	4.0	12.0			4.0	12.0	135.00065972129548		
678055394		2	6			송파구	방이동	2.0	6.0			2.0	6.0	136.36571327404891		
678055395		2	6			송파구	방이동	2.0	6.0			2.0	6.0	121.29920731016736		
678055396		5	15			송파구	방이동	5.0	15.0			5.0	15.0	144.44635765411934		
678055397		5	15			송파구	방이동	5.0	15.0			5.0	15.0	139.36348881651162		
678055398		6	18			송파구	방이동	6.0	18.0			6.0	18.0	169.10988017691704		
678055399		4	12			송파구	방이동	4.0	12.0			4.0	12.0	1203.8623832057267		
678055400		5	15			송파구	방이동	5.0	15.0			5.0	15.0	175.75639304851546		
678055401		3	9			송파구	방이동	3.0	9.0			3.0	9.0	117.08706943077605		
678055402		2	6			송파구	방이동	2.0	6.0			2.0	6.0	114.98714017233843		
678055403		3	9			송파구	방이동	3.0	9.0			3.0	9.0	128.3984838516382		
678055404		4	12			송파구	방이동	4.0	12.0			4.0	12.0	153.80034229637684		
678055405		5	15			송파구	방이동	5.0	15.0			5.0	15.0	151.38131715554593		
678055406		6	18			송파구	방이동	6.0	18.0			6.0	18.0	158.5579896375831		
678055408		2	6			송파구	방이동	2.0	6.0			2.0	6.0	116.81327579046396		
678055409		4	12			송파구	방이동	4.0	12.0			4.0	12.0	118.1096780367298		
678055410		4	12			송파구	방이동	4.0	12.0			4.0	12.0	236.57110220587805		
678055411		3	9			송파구	방이동	3.0	9.0			3.0	9.0	135.53134779896985		
678055412		4	12			송파구	방이동	4.0	12.0			4.0	12.0	342.3197822298887		
678055413		5	15			송파구	방이동	5.0	15.0			5.0	15.0	187.34128795104252		
678055414		4	12			송파구	방이동	4.0	12.0			4.0	12.0	152.9769437948904		
678055415		6	18			송파구	방이동	6.0	18.0			6.0	18.0	166.25273192057273		
678055416		5	15			송파구	방이동	5.0	15.0			5.0	15.0	128.97765701684978		
678055417		6	18			송파구	방이동	6.0	18.0			6.0	18.0	140.84492932930596		
678055418		2	6			송파구	방이동	2.0	6.0			2.0	6.0	122.65316023367366		
678055419		5	15			송파구	방이동	5.0	15.0			5.0	15.0	170.2747388637453		
678055420		2	6			송파구	방이동	2.0	6.0			2.0	6.0	158.98355748320344		
678055421		5	15			송파구	방이동	5.0	15.0			5.0	15.0	166.1680688132895		
678055422		2	6			송파구	방이동	2.0	6.0			2.0	6.0	129.68330851058033		
678055423		2	6			송파구	방이동	2.0	6.0			2.0	6.0	116.43988807088665		
678055425		5	15			송파구	방이동	5.0	15.0			5.0	15.0	148.13029752816053		
678055426		5	15			송파구	방이동	5.0	15.0			5.0	15.0	153.74889099936917		
678055427		6	18			송파구	방이동	6.0	18.0			6.0	18.0	233.11633353248894		
678055428		3	9			송파구	방이동	3.0	9.0			3.0	9.0	120.64273781773556		
678055429		5	15			송파구	방이동	5.0	15.0			5.0	15.0	168.57020537641094		
678055430	은성아파트	5	15			송파구	방이동	5.0	15.0			5.0	15.0	441.17035523055387		
678055431		5	15			송파구	방이동	5.0	15.0			5.0	15.0	120.82416851596113		
678055432		5	15			송파구	방이동	5.0	15.0			5.0	15.0	159.4605393283563		
678055433		5	15			송파구	방이동	5.0	15.0			5.0	15.0	175.97750785387302		
678055434		2	6			송파구	방이동	2.0	6.0			2.0	6.0	137.77564482899695		
678055435		5	15			송파구	방이동	5.0	15.0			5.0	15.0	140.2783749060289		
678055436		2	6			송파구	방이동	2.0	6.0			2.0	6.0	122.88546359194169		
678055437		5	15			송파구	방이동	5.0	15.0			5.0	15.0	174.01430795263474		
678055438		6	18			송파구	방이동	6.0	18.0			6.0	18.0	141.86487959994838		
678055439		5	15			송파구	방이동	5.0	15.0			5.0	15.0	155.13587758836758		
678055440		5	15			송파구	방이동	5.0	15.0			5.0	15.0	125.3570086761741		
678055441		5	15			송파구	방이동	5.0	15.0			5.0	15.0	121.925230787134		
678055442		2	6			송파구	방이동	2.0	6.0			2.0	6.0	119.55501999454168		
678055443		5	15			송파구	방이동	5.0	15.0			5.0	15.0	157.77062077443134		
678055444		4	12			송파구	방이동	4.0	12.0			4.0	12.0	187.97197048079207		
678055445		3	9			송파구	방이동	3.0	9.0			3.0	9.0	125.92081677111219		
678055446		5	15			송파구	방이동	5.0	15.0			5.0	15.0	135.4936841532081		
678055447		4	12			송파구	방이동	4.0	12.0			4.0	12.0	150.4653687472935		
678055448		5	15			송파구	방이동	5.0	15.0			5.0	15.0	177.4442694396102		
678055449		2	6			송파구	방이동	2.0	6.0			2.0	6.0	127.572612718373		
678055450		4	12			송파구	방이동	4.0	12.0			4.0	12.0	197.31912981773348		
678055451		4	12			송파구	방이동	4.0	12.0			4.0	12.0	147.99105996390202		
678055452		3	9			송파구	방이동	3.0	9.0			3.0	9.0	122.4573924900589		
678055453		4	12			송파구	방이동	4.0	12.0			4.0	12.0	146.59262554154165		
678055454		4	12			송파구	방이동	4.0	12.0			4.0	12.0	225.6333928949731		
678055455		2	6			송파구	방이동	2.0	6.0			2.0	6.0	120.24643932855554		
678055456		2	6			송파구	방이동	2.0	6.0			2.0	6.0	122.48113512175775		
678055457		2	6			송파구	방이동	2.0	6.0			2.0	6.0	125.28840142020613		
678055458		4	12			송파구	방이동	4.0	12.0			4.0	12.0	145.40546527129752		
678055459		2	6			송파구	방이동	2.0	6.0			2.0	6.0	124.530679092604		
678055460		5	15			송파구	방이동	5.0	15.0			5.0	15.0	172.99885556726122		
678055461		2	6			송파구	방이동	2.0	6.0			2.0	6.0	118.83481986211133		
678055462		2	6			송파구	방이동	2.0	6.0			2.0	6.0	127.23757465827164		
678055463	백남빌라	5	15			송파구	방이동	5.0	15.0			5.0	15.0	117.07294172711164		
678055464		6	18			송파구	방이동	6.0	18.0			6.0	18.0	138.62216422499284		
678055466		5	15			송파구	방이동	5.0	15.0			5.0	15.0	121.87179191098937		
678055468		2	6			송파구	방이동	2.0	6.0			2.0	6.0	122.48998663372326		
678055469		5	15			송파구	방이동	5.0	15.0			5.0	15.0	182.0118297972964		
678055470		5	15			송파구	방이동	5.0	15.0			5.0	15.0	149.3518816024908		
678055471		2	6			송파구	방이동	2.0	6.0			2.0	6.0	157.00845048626007		
678055472		6	18			송파구	방이동	6.0	18.0			6.0	18.0	137.63431332028264		
678055473		5	15			송파구	방이동	5.0	15.0			5.0	15.0	146.3750389228639		
678055474		5	15			송파구	방이동	5.0	15.0			5.0	15.0	193.69940754234165		
678055475		5	15			송파구	방이동	5.0	15.0			5.0	15.0	136.49971269764097		
678055476		3	9			송파구	방이동	3.0	9.0			3.0	9.0	120.03914458090212		
678055477		5	15			송파구	방이동	5.0	15.0			5.0	15.0	129.4757245825846		
678055478		4	12			송파구	방이동	4.0	12.0			4.0	12.0	183.3305084662603		
678055479		3	9			송파구	방이동	3.0	9.0			3.0	9.0	131.86031278205238		
678055480		2	6			송파구	방이동	2.0	6.0			2.0	6.0	134.89035773949382		
678055481		5	15			송파구	방이동	5.0	15.0			5.0	15.0	169.59125583148855		
678055482		4	12			송파구	방이동	4.0	12.0			4.0	12.0	148.39128321282288		
678055483		5	15			송파구	방이동	5.0	15.0			5.0	15.0	138.78509393717735		
678055484		4	12			송파구	방이동	4.0	12.0			4.0	12.0	136.82851413130703		
678055485		4	12			송파구	방이동	4.0	12.0			4.0	12.0	223.15911326999677		
678055486	동명아트빌	5	15			송파구	방이동	5.0	15.0			5.0	15.0	171.38560305273168		
678055487		4	12			송파구	방이동	4.0	12.0			4.0	12.0	177.55222708086862		
678055488		3	9			송파구	방이동	3.0	9.0			3.0	9.0	140.48622871595842		
678055489		2	6			송파구	방이동	2.0	6.0			2.0	6.0	129.4280801420737		
678055490		5	15			송파구	방이동	5.0	15.0			5.0	15.0	138.35817090987928		
678055491		2	6			송파구	방이동	2.0	6.0			2.0	6.0	114.43347606879213		
678055492		2	6			송파구	방이동	2.0	6.0			2.0	6.0	125.70968722837945		
678055493		2	6			송파구	방이동	2.0	6.0			2.0	6.0	240.99760425920323		
678055494		3	9			송파구	방이동	3.0	9.0			3.0	9.0	135.90063831664034		
678055495		4	12			송파구	방이동	4.0	12.0			4.0	12.0	172.1495435661046		
678055496	은하아크빌	5	15			송파구	방이동	5.0	15.0			5.0	15.0	141.05144148086893		
678055497		5	15			송파구	방이동	5.0	15.0			5.0	15.0	182.90933039751454		
678055498		4	12			송파구	방이동	4.0	12.0			4.0	12.0	200.7458223776052		
678055499		2	6			송파구	방이동	2.0	6.0			2.0	6.0	133.6926330031556		
678055500		2	6			송파구	방이동	2.0	6.0			2.0	6.0	119.40540170933528		
678055501		4	12			송파구	방이동	4.0	12.0			4.0	12.0	123.88172764869057		
678055502		6	18			송파구	방이동	6.0	18.0			6.0	18.0	187.48060120296475		
678055503		4	12			송파구	방이동	4.0	12.0			4.0	12.0	468.7038952698072		
678055504		6	18			송파구	방이동	6.0	18.0			6.0	18.0	141.9802127182218		
678055505		5	15			송파구	방이동	5.0	15.0			5.0	15.0	141.7727717471031		
678055506		6	18			송파구	방이동	6.0	18.0			6.0	18.0	140.14011480887095		
678055507		3	9			송파구	방이동	3.0	9.0			3.0	9.0	122.0333583099467		
678055508		5	15			송파구	방이동	5.0	15.0			5.0	15.0	194.93620166494776		
678071982		5	15			송파구	방이동	5.0	15.0			5.0	15.0	165.4264963064056		
678085948	주함위너스I	7	21			송파구	방이동	7.0	21.0			7.0	21.0	380.48971135342913		
678302649		5	15			송파구	방이동	5.0	15.0			5.0	15.0	183.72832830616278		
679004788	프라임아파트					강남구	논현동							506.4887466725142		
684421220	109	15		120	1988	송파구	문정동	15.0		120	1988	15.0	42.0	971.1533814440586	901606902.0	올림픽훼미리타운아파트 1단지
684421221	107	15		120	1988	송파구	문정동	15.0		120	1988	15.0	42.0	971.95126697821	901606902.0	올림픽훼미리타운아파트 1단지
684421222	105	15		120	1988	송파구	문정동	15.0		120	1988	15.0	42.0	971.3355807529798	901606902.0	올림픽훼미리타운아파트 1단지
684421223	106	15		60	1988	송파구	문정동	15.0		60	1988	15.0	42.0	670.4885468879653	901606902.0	올림픽훼미리타운아파트 1단지
684421224	108	15		90	1988	송파구	문정동	15.0		90	1988	15.0	42.0	648.030652851306	901606902.0	올림픽훼미리타운아파트 1단지
684421225	104	15		60	1988	송파구	문정동	15.0		60	1988	15.0	42.0	670.4226044000728	901606902.0	올림픽훼미리타운아파트 1단지
684421226	103	15		120	1988	송파구	문정동	15.0		120	1988	15.0	42.0	958.2417201086507	901606902.0	올림픽훼미리타운아파트 1단지
684421227	102	15		60	1988	송파구	문정동	15.0		60	1988	15.0	42.0	623.0262301889563	901606902.0	올림픽훼미리타운아파트 1단지
684421228	101	15		120	1988	송파구	문정동	15.0		120	1988	15.0	42.0	1012.0313884465296	901606902.0	올림픽훼미리타운아파트 1단지
689645719	512동	29	82	286	2018	송파구	가락동	29.0	82.0	286	2018	29.0	82.0	657.6256652562666	474304292.0	송파헬리오시티
689645720	517동	29	82	114	2018	송파구	가락동	29.0	82.0	114	2018	29.0	82.0	1218.7203043283305	474304292.0	송파헬리오시티
689645722	511동	17	49	32	2018	송파구	가락동	17.0	49.0	32	2018	17.0	49.0	402.5219371972142	474304292.0	송파헬리오시티
689649138	510동	22	54	76		송파구	가락동	22.0	54.0	76		22.0	54.0	488.2213771880394	474304292.0	송파헬리오시티
689649139	502동	15	43	56	2018	송파구	가락동	15.0	43.0	56	2018	15.0	43.0	681.8607514693172	474304292.0	송파헬리오시티
689649140	501동	15	43	56	2018	송파구	가락동	15.0	43.0	56	2018	15.0	43.0	671.1545997474287	474304292.0	송파헬리오시티
689649141	503동	23	65	92	2018	송파구	가락동	23.0	65.0	92	2018	23.0	65.0	602.9684622127492	474304292.0	송파헬리오시티
689649147	509동	22	54	76	2018	송파구	가락동	22.0	54.0	76	2018	22.0	54.0	999.9527478067386	474304292.0	송파헬리오시티
689649148	513동	29	82	112	2018	송파구	가락동	29.0	82.0	112	2018	29.0	82.0	1438.001454913732	474304292.0	송파헬리오시티
689649150	516동	29	82	114	2018	송파구	가락동	29.0	82.0	114	2018	29.0	82.0	588.3022080040276	474304292.0	송파헬리오시티
689649151	514동	29	82	142	2018	송파구	가락동	29.0	82.0	142	2018	29.0	82.0	925.9975476058557	474304292.0	송파헬리오시티
690413728	508동	22	63	112	2018	송파구	가락동	22.0	63.0	112	2018	22.0	63.0	939.4036998880621	474304292.0	송파헬리오시티
690415745	507동	18	51	72	2018	송파구	가락동	18.0	51.0	72	2018	18.0	51.0	620.6709084416818	474304292.0	송파헬리오시티
690415749	515동	29	82	114	2018	송파구	가락동	29.0	82.0	114	2018	29.0	82.0	579.8878358891692	474304292.0	송파헬리오시티
690416854	504동	10	29	36		송파구	가락동	10.0	29.0	36		10.0	29.0	515.9762341412925	474304292.0	송파헬리오시티
690416855	505동	10	29	36		송파구	가락동	10.0	29.0	36		10.0	29.0	557.1687346435623	474304292.0	송파헬리오시티
690416856	506동	22	63	94	2018	송파구	가락동	22.0	63.0	94	2018	22.0	63.0	593.2315218651084	474304292.0	송파헬리오시티
691174946	315동	29	82	112	2018	송파구	가락동	29.0	82.0	112	2018	29.0	82.0	1087.061015017845	474304292.0	송파헬리오시티
691174948	316동				2018	송파구	가락동				2018			619.1335514422649	474304292.0	송파헬리오시티
691174952	314동	29	82	142	2018	송파구	가락동	29.0	82.0	142	2018	29.0	82.0	1092.2100782006478	474304292.0	송파헬리오시티
691174954	317동	29	82	114	2018	송파구	가락동	29.0	82.0	114	2018	29.0	82.0	539.5099022292295	474304292.0	송파헬리오시티
691174955	313동	35	99	136	2018	송파구	가락동	35.0	99.0	136	2018	35.0	99.0	879.2317496664738	474304292.0	송파헬리오시티
691174958	318동	35	99	138	2018	송파구	가락동	35.0	99.0	138	2018	35.0	99.0	723.0846581039501	474304292.0	송파헬리오시티
691174960	309동	18	51	68	2018	송파구	가락동	18.0	51.0	68	2018	18.0	51.0	448.71728348735786	474304292.0	송파헬리오시티
691174962	312동	35	99	136	2018	송파구	가락동	35.0	99.0	136	2018	35.0	99.0	932.4490148986132	474304292.0	송파헬리오시티
691174967	106동	35	99	138	2018	송파구	가락동	35.0	99.0	138	2018	35.0	99.0	494.18708724852297	474304292.0	송파헬리오시티
691174970	308동	21	60	128	2018	송파구	가락동	21.0	60.0	128	2018	21.0	60.0	754.453815908369	474304292.0	송파헬리오시티
691174971	307동	22	63	88	2018	송파구	가락동	22.0	63.0	88	2018	22.0	63.0	682.5639331635825	474304292.0	송파헬리오시티
691174972	306동	22	63	42	2018	송파구	가락동	22.0	63.0	42	2018	22.0	63.0	477.84746818618464	474304292.0	송파헬리오시티
691174973	303동	26	74	100	2018	송파구	가락동	26.0	74.0	100	2018	26.0	74.0	667.7644732278658	474304292.0	송파헬리오시티
691174974	304동	26	74	100	2018	송파구	가락동	26.0	74.0	100	2018	26.0	74.0	608.2557979374238	474304292.0	송파헬리오시티
691174990	311동	18	51	68	2018	송파구	가락동	18.0	51.0	68	2018	18.0	51.0	418.17026492400163	474304292.0	송파헬리오시티
691174991	310동	21	60	128	2018	송파구	가락동	21.0	60.0	128	2018	21.0	60.0	630.9050985400506	474304292.0	송파헬리오시티
691174994	305동	32	91	316	2018	송파구	가락동	32.0	91.0	316	2018	32.0	91.0	594.4834806274348	474304292.0	송파헬리오시티
691912335	302동	13	37	48	2018	송파구	가락동	13.0	37.0	48	2018	13.0	37.0	532.772963232766	474304292.0	송파헬리오시티
691912336	301동	13	37	48	2018	송파구	가락동	13.0	37.0	48	2018	13.0	37.0	441.5746233074177	474304292.0	송파헬리오시티
691912342	104동	35	99	136	2018	송파구	가락동	35.0	99.0	136	2018	35.0	99.0	635.6571910591844	474304292.0	송파헬리오시티
691912344	103동	21	60	128	2018	송파구	가락동	21.0	60.0	128	2018	21.0	60.0	543.1432572236035	474304292.0	송파헬리오시티
691912348	101동	13	37	48	2018	송파구	가락동	13.0	37.0	48	2018	13.0	37.0	528.1534916685449	474304292.0	송파헬리오시티
691912349	102동	31	88	119	2018	송파구	가락동	31.0	88.0	119	2018	31.0	88.0	464.86086165703665	474304292.0	송파헬리오시티
691912358	105동	35	99	138		송파구	가락동	35.0	99.0	138		35.0	99.0	557.315588136114	474304292.0	송파헬리오시티
692770083	107동	35	99	138	2018	송파구	가락동	35.0	99.0	138	2018	35.0	99.0	549.4018747779897	474304292.0	송파헬리오시티
692770087	108동	35	99	138	2018	송파구	가락동	35.0	99.0	138	2018	35.0	99.0	647.4360355023675	474304292.0	송파헬리오시티
692770092	110동	35	99	136	2018	송파구	가락동	35.0	99.0	136	2018	35.0	99.0	657.1812154710482	474304292.0	송파헬리오시티
692770099	111동	35	99	138	2018	송파구	가락동	35.0	99.0	138	2018	35.0	99.0	663.6316537584412	474304292.0	송파헬리오시티
692770101	112동	33	93	130	2018	송파구	가락동	33.0	93.0	130	2018	33.0	93.0	658.651799109296	474304292.0	송파헬리오시티
692770105	109동	35	99	136	2018	송파구	가락동	35.0	99.0	136	2018	35.0	99.0	637.5624107496237	474304292.0	송파헬리오시티
693480746	201동	35	99	138	2018	송파구	가락동	35.0	99.0	138	2018	35.0	99.0	377.5712550568702	474304292.0	송파헬리오시티
693480747	208동	35	99	138	2018	송파구	가락동	35.0	99.0	138	2018	35.0	99.0	544.920181359532	474304292.0	송파헬리오시티
693480749	207동	35	99	171	2018	송파구	가락동	35.0	99.0	171	2018	35.0	99.0	637.0360861522436	474304292.0	송파헬리오시티
693480752	218동	35	99	138	2018	송파구	가락동	35.0	99.0	138	2018	35.0	99.0	500.61894428686765	474304292.0	송파헬리오시티
693480755	209동	26	74	140	2018	송파구	가락동	26.0	74.0	140	2018	26.0	74.0	611.1251699698205	474304292.0	송파헬리오시티
693480756	219동	34	96	168	2018	송파구	가락동	34.0	96.0	168	2018	34.0	96.0	629.6928920137993	474304292.0	송파헬리오시티
693480757	217동	28	79	112	2018	송파구	가락동	28.0	79.0	112	2018	28.0	79.0	702.9848339788772	474304292.0	송파헬리오시티
693480760	210동	25	71	134	2018	송파구	가락동	25.0	71.0	134	2018	25.0	71.0	428.5786340792538	474304292.0	송파헬리오시티
693480762	216동	12	35	48	2018	송파구	가락동	12.0	35.0	48	2018	12.0	35.0	530.7556480847098	474304292.0	송파헬리오시티
693480764	211동	21	60	82	2018	송파구	가락동	21.0	60.0	82	2018	21.0	60.0	388.3067414897598	474304292.0	송파헬리오시티
693480765	215동	12	35	48	2018	송파구	가락동	12.0	35.0	48	2018	12.0	35.0	428.9548655494559	474304292.0	송파헬리오시티
693480768	206동	28	79	138	2018	송파구	가락동	28.0	79.0	138	2018	28.0	79.0	639.4401502155786	474304292.0	송파헬리오시티
693480769	202동	29	82	114	2018	송파구	가락동	29.0	82.0	114	2018	29.0	82.0	658.0072140537054	474304292.0	송파헬리오시티
693480771	203동	29	82	144	2018	송파구	가락동	29.0	82.0	144	2018	29.0	82.0	423.02733506448584	474304292.0	송파헬리오시티
697743560	205동	29	82	142	2018	송파구	가락동	29.0	82.0	142	2018	29.0	82.0	634.7274510989591	474304292.0	송파헬리오시티
697743563	214동	22	65	92	2018	송파구	가락동	22.0	65.0	92	2018	22.0	65.0	495.03421113242337	474304292.0	송파헬리오시티
697743565	212동	21	60	82	2018	송파구	가락동	21.0	60.0	82	2018	21.0	60.0	504.48308364755934	474304292.0	송파헬리오시티
697743566	213동	25	71	98	2018	송파구	가락동	25.0	71.0	98	2018	25.0	71.0	586.9885691639998	474304292.0	송파헬리오시티
697743567	407동	29	82	286	2018	송파구	가락동	29.0	82.0	286	2018	29.0	82.0	650.770423724797	474304292.0	송파헬리오시티
697743569	204동	29	82	144	2018	송파구	가락동	29.0	82.0	144	2018	29.0	82.0	539.5952894864554	474304292.0	송파헬리오시티
697743570	416동	12	35	48	2018	송파구	가락동	12.0	35.0	48	2018	12.0	35.0	432.4365224984403	474304292.0	송파헬리오시티
697743585	401동	29	82	114	2018	송파구	가락동	29.0	82.0	114	2018	29.0	82.0	661.0773722443736	474304292.0	송파헬리오시티
699367969	408동	20	57	120	2018	송파구	가락동	20.0	57.0	120	2018	20.0	57.0	505.91888122981504	474304292.0	송파헬리오시티
699367971	415동	12	35	48	2018	송파구	가락동	12.0	35.0	48	2018	12.0	35.0	355.97260441395827	474304292.0	송파헬리오시티
699367972	409동	20	57	80	2018	송파구	가락동	20.0	57.0	80	2018	20.0	57.0	467.2573271230435	474304292.0	송파헬리오시티
699367973	406동	29	82	142	2018	송파구	가락동	29.0	82.0	142	2018	29.0	82.0	810.8040409837323	474304292.0	송파헬리오시티
699367975	410동	29	82	127	2018	송파구	가락동	29.0	82.0	127	2018	29.0	82.0	737.5769988219713	474304292.0	송파헬리오시티
699367976	414동	24	68	96	2018	송파구	가락동	24.0	68.0	96	2018	24.0	68.0	462.3888727762993	474304292.0	송파헬리오시티
699367977	417동	24	68	118	2018	송파구	가락동	24.0	68.0	118	2018	24.0	68.0	646.8981284100375	474304292.0	송파헬리오시티
699367981	402동	29	82	114	2018	송파구	가락동	29.0	82.0	114	2018	29.0	82.0	483.6177366055739	474304292.0	송파헬리오시티
699367982	413동	28	79	108	2018	송파구	가락동	28.0	79.0	108	2018	28.0	79.0	538.9201580726449	474304292.0	송파헬리오시티
699367984	418동	27	77	133	2018	송파구	가락동	27.0	77.0	133	2018	27.0	77.0	540.0948630935461	474304292.0	송파헬리오시티
699367985	411동	29	82	114	2018	송파구	가락동	29.0	82.0	114	2018	29.0	82.0	655.0125376146211	474304292.0	송파헬리오시티
699367986	412동	29	82	114	2018	송파구	가락동	29.0	82.0	114	2018	29.0	82.0	562.114949478363	474304292.0	송파헬리오시티
699367987	403동	29	82	114	2018	송파구	가락동	29.0	82.0	114	2018	29.0	82.0	406.8480036357591	474304292.0	송파헬리오시티
699367988	404동	29	82	114	2018	송파구	가락동	29.0	82.0	114	2018	29.0	82.0	489.3284106364043	474304292.0	송파헬리오시티
699367989	405동	29	82	142	2018	송파구	가락동	29.0	82.0	142	2018	29.0	82.0	749.1377045079257	474304292.0	송파헬리오시티
700865396	101동	25	76	74	2019			25.0	76.0	74	2019	25.0	76.0	1081.256901627406	607709401.0	래미안신반포리오센트아파트
700865397	105동	29	88	56	2019			29.0	88.0	56	2019	29.0	88.0	400.9830817450093	607709401.0	래미안신반포리오센트아파트
700865398	103동	30	91	58	2019			30.0	91.0	58	2019	30.0	91.0	400.93480304074626	607709401.0	래미안신반포리오센트아파트
700865399	106동	25	76	70	2019			25.0	76.0	70	2019	25.0	76.0	576.4760438087781	607709401.0	래미안신반포리오센트아파트
700865400	102동	23	70	71	2019			23.0	70.0	71	2019	23.0	70.0	452.07145702529823	607709401.0	래미안신반포리오센트아파트
700865401	104동	32	96	146	2019			32.0	96.0	146	2019	32.0	96.0	694.8495704126774	607709401.0	래미안신반포리오센트아파트
700870359	201	17	51	65	2019	강남구	개포동	17.0	51.0	65	2019	17.0	51.0	2249.2073983508208	689125593.0	래미안블레스티지아파트
700870360	223	8	27	65	2019	강남구	개포동	8.0	27.0	65	2019	8.0	27.0	1135.8810078888018	689125593.0	래미안블레스티지아파트
700870361	205	20	60	78		강남구	개포동	20.0	60.0	78		20.0	60.0	678.1605624965018	689125593.0	래미안블레스티지아파트
700870362	202	22	66	86	2019	강남구	개포동	22.0	66.0	86	2019	22.0	66.0	548.0889410474276	689125593.0	래미안블레스티지아파트
700870363	212	35	104	170	2019	강남구	개포동	35.0	104.0	170	2019	35.0	104.0	956.102919763412	689125593.0	래미안블레스티지아파트
700870364	213	35	104	135	2019	강남구	개포동	35.0	104.0	135	2019	35.0	104.0	960.0132860573145	689125593.0	래미안블레스티지아파트
700870365	214	33	98	127	2019	강남구	개포동	33.0	98.0	127	2019	33.0	98.0	960.0498912156299	689125593.0	래미안블레스티지아파트
700870366	215	34	101	132	2019	강남구	개포동	34.0	101.0	132	2019	34.0	101.0	960.1048438072253	689125593.0	래미안블레스티지아파트
700870367	206	17	51	64	2019	강남구	개포동	17.0	51.0	64	2019	17.0	51.0	678.1569653089523	689125593.0	래미안블레스티지아파트
700870368	207	7	22	24	2019	강남구	개포동	7.0	22.0	24	2019	7.0	22.0	524.6162340095113	689125593.0	래미안블레스티지아파트
700870369	210	29	86	111	2019	강남구	개포동	29.0	86.0	111	2019	29.0	86.0	861.1158040660407	689125593.0	래미안블레스티지아파트
700870370	204	24	72	46	2019	강남구	개포동	24.0	72.0	46	2019	24.0	72.0	386.0383000636623	689125593.0	래미안블레스티지아파트
700870371	211	29	86	111	2019	강남구	개포동	29.0	86.0	111	2019	29.0	86.0	860.7086697516704	689125593.0	래미안블레스티지아파트
700870372	216	29	86	114		강남구	개포동	29.0	86.0	114		29.0	86.0	861.2008575393282	689125593.0	래미안블레스티지아파트
700870373	203	23	69	88	2019	강남구	개포동	23.0	69.0	88	2019	23.0	69.0	678.160993581281	689125593.0	래미안블레스티지아파트
700870374	221	22	66	84	2019	강남구	개포동	22.0	66.0	84	2019	22.0	66.0	798.4076612808966	689125593.0	래미안블레스티지아파트
700870375	222	21	63	82	2019	강남구	개포동	21.0	63.0	82	2019	21.0	63.0	659.9183666198085	689125593.0	래미안블레스티지아파트
700870376	219	17	54	64	2019	강남구	개포동	17.0	54.0	64	2019	17.0	54.0	797.904107173913	689125593.0	래미안블레스티지아파트
700870377	220	19	57	34	2019	강남구	개포동	19.0	57.0	34	2019	19.0	57.0	416.2355686889683	689125593.0	래미안블레스티지아파트
700870378	218	16	48	94	2019	강남구	개포동	16.0	48.0	94	2019	16.0	48.0	718.9119894219143	689125593.0	래미안블레스티지아파트
700870379	217	20	60	78	2019	강남구	개포동	20.0	60.0	78	2019	20.0	60.0	561.6614444858449	689125593.0	래미안블레스티지아파트
700870380	209	15	45	56	2019	강남구	개포동	15.0	45.0	56	2019	15.0	45.0	481.7634003123757	689125593.0	래미안블레스티지아파트
700870381	208	7	22	11		강남구	개포동	7.0	22.0	11		7.0	22.0	230.76729372321887	689125593.0	래미안블레스티지아파트
701096918	303	15	45	64	2013			15.0	45.0	64	2013	15.0	45.0	717.7191484276583	370736556.0	서초네이처힐3단지아파트
701096919	301	15	45	110	2013			15.0	45.0	110	2013	15.0	45.0	769.6816603894603	370736556.0	서초네이처힐3단지아파트
701096920	305	12	36	40	2013			12.0	36.0	40	2013	12.0	36.0	381.04641242072137	370736556.0	서초네이처힐3단지아파트
701096921	317	15	45	112	2013			15.0	45.0	112	2013	15.0	45.0	716.3682040062004	370736556.0	서초네이처힐3단지아파트
701096922	308	16	51	74	2013			16.0	51.0	74	2013	16.0	51.0	741.3885612491201	370736556.0	서초네이처힐3단지아파트
701096923	306	17	51	74	2013			17.0	51.0	74	2013	17.0	51.0	741.3109985415269	370736556.0	서초네이처힐3단지아파트
701096924	309	17	51	72	2013			17.0	51.0	72	2013	17.0	51.0	664.2562142137917	370736556.0	서초네이처힐3단지아파트
701096925	310	19	56	82	2013			19.0	56.0	82	2013	19.0	56.0	786.7470560704892	370736556.0	서초네이처힐3단지아파트
701096926	312	19	56	68	2013			19.0	56.0	68	2013	19.0	56.0	670.7844547363682	370736556.0	서초네이처힐3단지아파트
701096927	313	19	56	68	2013			19.0	56.0	68	2013	19.0	56.0	670.7200109019398	370736556.0	서초네이처힐3단지아파트
701096928	311	19	56	68	2013			19.0	56.0	68	2013	19.0	56.0	670.8617495282797	370736556.0	서초네이처힐3단지아파트
701096929	314	14	42	76	2013			14.0	42.0	76	2013	14.0	42.0	681.8354111185447	370736556.0	서초네이처힐3단지아파트
701096930	315	15	45	95	2013			15.0	45.0	95	2013	15.0	45.0	681.9403672911733	370736556.0	서초네이처힐3단지아파트
701096931	316	15	45	56	2013			15.0	45.0	56	2013	15.0	45.0	466.69856219818803	370736556.0	서초네이처힐3단지아파트
701096932	302	15	45	112	2013			15.0	45.0	112	2013	15.0	45.0	655.5512820402762	370736556.0	서초네이처힐3단지아파트
701096933	304	17	51	60	2013			17.0	51.0	60	2013	17.0	51.0	617.4087142661459	370736556.0	서초네이처힐3단지아파트
701096934	307	12	36	20	2013			12.0	36.0	20	2013	12.0	36.0	293.53866928672846	370736556.0	서초네이처힐3단지아파트
701101148	107	7	21	14	2012			7.0	21.0	14	2012	7.0	21.0	264.9376384148408	556434348.0	서초네이처힐1단지아파트
701101149	109	7	21	13	2012			7.0	21.0	13	2012	7.0	21.0	264.89786076341016	556434348.0	서초네이처힐1단지아파트
701101150	106	7	21	14	2012			7.0	21.0	14	2012	7.0	21.0	264.81575867218663	556434348.0	서초네이처힐1단지아파트
701101151	108	7	21	14	2012			7.0	21.0	14	2012	7.0	21.0	265.00714693362517	556434348.0	서초네이처힐1단지아파트
701101152	104	6	19	12	2012			6.0	19.0	12	2012	6.0	19.0	255.70171045676366	556434348.0	서초네이처힐1단지아파트
701101153	102	7	21	50	2012			7.0	21.0	50	2012	7.0	21.0	664.4608821496313	556434348.0	서초네이처힐1단지아파트
701101156	110	7	21	13	2012			7.0	21.0	13	2012	7.0	21.0	264.90721219581144	556434348.0	서초네이처힐1단지아파트
701101157	105	7	21	14	2012			7.0	21.0	14	2012	7.0	21.0	313.6181465727744	556434348.0	서초네이처힐1단지아파트
701101158	103	7	21	12	2012			7.0	21.0	12	2012	7.0	21.0	313.6397619381419	556434348.0	서초네이처힐1단지아파트
701101161	204	5	16	10	2012			5.0	16.0	10	2012	5.0	16.0	236.63786607545657	556434063.0	서초네이처힐2단지아파트
701101162	203	7	22	14	2012			7.0	22.0	14	2012	7.0	22.0	334.6456225274923	556434063.0	서초네이처힐2단지아파트
701101163	202	7	22	14	2012			7.0	22.0	14	2012	7.0	22.0	334.37477753660215	556434063.0	서초네이처힐2단지아파트
701101164	206	7	22	28	2012			7.0	22.0	28	2012	7.0	22.0	381.15941040823975	556434063.0	서초네이처힐2단지아파트
701101165	207	7	22	27	2012			7.0	22.0	27	2012	7.0	22.0	244.85373816126008	556434063.0	서초네이처힐2단지아파트
701101166	201	7	22	13	2012			7.0	22.0	13	2012	7.0	22.0	334.3735182942999	556434063.0	서초네이처힐2단지아파트
701101167	208	7	22	14	2012			7.0	22.0	14	2012	7.0	22.0	236.6246153936195	556434063.0	서초네이처힐2단지아파트
701101168	205	7	22	13	2012			7.0	22.0	13	2012	7.0	22.0	188.0900300242761	556434063.0	서초네이처힐2단지아파트
701115051	701	17	51	64	2011			17.0	51.0	64	2011	17.0	51.0	423.17085898547555		
701115052	705	17	51	111	2011			17.0	51.0	111	2011	17.0	51.0	545.6757865415125		
701115053	705	10	30	36	2011			10.0	30.0	36	2011	10.0	30.0	271.9492703486859		
701115054	703	10	30	33	2011			10.0	30.0	33	2011	10.0	30.0	271.73482061059855		
701115055	702	17	51	32	2011			17.0	51.0	32	2011	17.0	51.0	272.32887445269233		
701115064	603	10	30	37	2013			10.0	30.0	37	2013	10.0	30.0	271.7774324808629	370736554.0	서초네이처힐6단지아파트
701115065	602	10	30	37	2013			10.0	30.0	37	2013	10.0	30.0	271.85729441352817	370736554.0	서초네이처힐6단지아파트
701115066	601	10	30	37	2013			10.0	30.0	37	2013	10.0	30.0	271.86053098194475	370736554.0	서초네이처힐6단지아파트
701115067	607	17	51	77	2013			17.0	51.0	77	2013	17.0	51.0	776.3394020968558	370736554.0	서초네이처힐6단지아파트
701115068	605	14	42	52	2013			14.0	42.0	52	2013	14.0	42.0	399.24422936243485	370736554.0	서초네이처힐6단지아파트
701115069	604	15	41	60	2013			15.0	41.0	60	2013	15.0	41.0	466.4105390612609	370736554.0	서초네이처힐6단지아파트
701115070	606	16	48	82	2013			16.0	48.0	82	2013	16.0	48.0	658.12352495461	370736554.0	서초네이처힐6단지아파트
701115082	502	13	37	52	2011			13.0	37.0	52	2011	13.0	37.0	511.9850556618213	370736551.0	서초네이처힐5단지아파트
701115083	503	17	51	122	2011			17.0	51.0	122	2011	17.0	51.0	826.3754931195035	370736551.0	서초네이처힐5단지아파트
701115084	504	17	51	108	2011			17.0	51.0	108	2011	17.0	51.0	678.7775859197518	370736551.0	서초네이처힐5단지아파트
701115085	505	14	42	39	2011			14.0	42.0	39	2011	14.0	42.0	613.0783991029036	370736551.0	서초네이처힐5단지아파트
701115086	506	15	45	40	2011			15.0	45.0	40	2011	15.0	45.0	613.4739939921636	370736551.0	서초네이처힐5단지아파트
701115087	507	15	51	49	2011			15.0	51.0	49	2011	15.0	51.0	613.1585362620661	370736551.0	서초네이처힐5단지아파트
701115088	508	15	51	47	2011			15.0	51.0	47	2011	15.0	51.0	613.2329670981602	370736551.0	서초네이처힐5단지아파트
701115089	501	14	42	52	2011			14.0	42.0	52	2011	14.0	42.0	617.8383039159435	370736551.0	서초네이처힐5단지아파트
701115097	403	15	45	41	2011			15.0	45.0	41	2011	15.0	45.0	471.10721533378387	370736552.0	서초네이처힐4단지아파트
701115098	402	15	45	58	2011			15.0	45.0	58	2011	15.0	45.0	343.2585568195434	370736552.0	서초네이처힐4단지아파트
701115099	401	15	45	56	2011			15.0	45.0	56	2011	15.0	45.0	466.9173338207488	370736552.0	서초네이처힐4단지아파트
701115100	407	15	45	58	2011			15.0	45.0	58	2011	15.0	45.0	436.4001427990777	370736552.0	서초네이처힐4단지아파트
701115101	405	15	45	69	2011			15.0	45.0	69	2011	15.0	45.0	774.2408491336511	370736552.0	서초네이처힐4단지아파트
701115102	404	15	45	67	2011			15.0	45.0	67	2011	15.0	45.0	774.2998091986982	370736552.0	서초네이처힐4단지아파트
701115103	406	15	45	60	2011			15.0	45.0	60	2011	15.0	45.0	332.26090995691703	370736552.0	서초네이처힐4단지아파트
701383741	10	12		101	1989	서초구	서초동	12.0		101	1989	12.0	33.599999999999994	1191.382301893047	701383740.0	현대아이파크아파트
701383742	11	12		47	1989	서초구	서초동	12.0		47	1989	12.0	33.599999999999994	678.3963584806747	701383740.0	현대아이파크아파트
701383743	12	3		12	1989	서초구	서초동	3.0		12	1989	3.0	8.399999999999999	398.12201260125084	701383740.0	현대아이파크아파트
701386981	20	15		134	1989			15.0		134	1989	15.0	42.0	1186.3455534403372	701384490.0	현대아파트
701386982	21	15		119	1989			15.0		119	1989	15.0	42.0	1054.9364056793195	701384490.0	현대아파트
703087376		12	39	47	2016	강남구	수서동	12.0	39.0	47	2016	12.0	39.0	1263.1923255161962	644037586.0	강남더샵포레스트아파트
703087377		12	39	23	2016	강남구	수서동	12.0	39.0	23	2016	12.0	39.0	559.341923170102	644037586.0	강남더샵포레스트아파트
703087378		12	39	46	2016	강남구	수서동	12.0	39.0	46	2016	12.0	39.0	1163.2901028875056	644037586.0	강남더샵포레스트아파트
703087379		12	39	23	2016	강남구	수서동	12.0	39.0	23	2016	12.0	39.0	534.201425196547	644037586.0	강남더샵포레스트아파트
703087380		12	39	47	2016	강남구	수서동	12.0	39.0	47	2016	12.0	39.0	1318.182072427854	644037586.0	강남더샵포레스트아파트
703087381		12	39	47	2016	강남구	수서동	12.0	39.0	47	2016	12.0	39.0	1219.5908988855083	644037586.0	강남더샵포레스트아파트
703087382		12	39	46	2016	강남구	수서동	12.0	39.0	46	2016	12.0	39.0	1112.988863003432	644037586.0	강남더샵포레스트아파트
703087383		12	39	58	2016	강남구	수서동	12.0	39.0	58	2016	12.0	39.0	1541.6247119451082	644037586.0	강남더샵포레스트아파트
703087384		10	33	19	2016	강남구	수서동	10.0	33.0	19	2016	10.0	33.0	578.585060943303	644037586.0	강남더샵포레스트아파트
703087385		12	39	44	2016	강남구	수서동	12.0	39.0	44	2016	12.0	39.0	1054.1380418455226	644037586.0	강남더샵포레스트아파트
703087412	호정빌라트					강남구	일원동							660.5952896965712	984871717.0	대청마을
705689790	109	23	70	86	2018	강남구	일원동	23.0	70.0	86	2018	23.0	70.0	786.3605858371413	694629392.0	래미안 루체하임 아파트
705689791	106	23	68	85	2018	강남구	일원동	23.0	68.0	85	2018	23.0	68.0	866.632239940119	694629392.0	래미안 루체하임 아파트
705689792	108	25	76	72	2018	강남구	일원동	25.0	76.0	72	2018	25.0	76.0	726.8472965317725	694629392.0	래미안 루체하임 아파트
705689793	107	25	76	72	2018	강남구	일원동	25.0	76.0	72	2018	25.0	76.0	744.8245127896231	694629392.0	래미안 루체하임 아파트
705689794	105	25	74	72	2018	강남구	일원동	25.0	74.0	72	2018	25.0	74.0	775.3576791617488	694629392.0	래미안 루체하임 아파트
705689795	104	25	74	72	2018	강남구	일원동	25.0	74.0	72	2018	25.0	74.0	727.2670485518895	694629392.0	래미안 루체하임 아파트
705689796	103	23	68	71	2018	강남구	일원동	23.0	68.0	71	2018	23.0	68.0	830.6805094420281	694629392.0	래미안 루체하임 아파트
705689797	101	19	56	68	2018	강남구	일원동	19.0	56.0	68	2018	19.0	56.0	636.9673748588875	694629392.0	래미안 루체하임 아파트
705689798	102	24	71	74	2018	강남구	일원동	24.0	71.0	74	2018	24.0	71.0	599.5931650493334	694629392.0	래미안 루체하임 아파트
705689811	106	5		30	1993	강남구	일원동	5.0		30	1993	5.0	14.0	851.9549058773355	548704027.0	가람아파트
705689812	107	5		20	1993	강남구	일원동	5.0		20	1993	5.0	14.0	527.7999657163516	548704027.0	가람아파트
705689818		12	43	61	2014	강남구	수서동	12.0	43.0	61	2014	12.0	43.0	803.100224536029	644037585.0	강남데시앙포레아파트
705689819		10	37	31	2014	강남구	수서동	10.0	37.0	31	2014	10.0	37.0	454.86839058856447	644037585.0	강남데시앙포레아파트
705689821		15	52	56	2014	강남구	수서동	15.0	52.0	56	2014	15.0	52.0	789.1081324982162	644037585.0	강남데시앙포레아파트
705689822		12	43	59	2014	강남구	수서동	12.0	43.0	59	2014	12.0	43.0	902.5763565838955	644037585.0	강남데시앙포레아파트
714714353	신동아로잔뷰	15	49	62	2005	송파구	석촌동	15.0	49.0	62	2005	15.0	49.0	804.898877146273		
714714357		30	83	88	2006	송파구	잠실동	30.0	83.0	88	2006	30.0	83.0	598.0683366266552		
714714358		31	86	91	2006	송파구	잠실동	31.0	86.0	91	2006	31.0	86.0	627.8009479218789		
714714359	133	32	89	94	2006	송파구	잠실동	32.0	89.0	94	2006	32.0	89.0	561.0323577341117		
714714360	132	31	86	91	2006	송파구	잠실동	31.0	86.0	91	2006	31.0	86.0	579.6216188604496		
714714361	131	30	83	88	2006	송파구	잠실동	30.0	83.0	88	2006	30.0	83.0	602.6855587672491		
714714362	130	28	77	56	2006	송파구	잠실동	28.0	77.0	56	2006	28.0	77.0	257.10273445816614		
714714363	129	20	54	40	2006	송파구	잠실동	20.0	54.0	40	2006	20.0	54.0	322.0033060399484		
714714364	128	20	54	40	2006	송파구	잠실동	20.0	54.0	40	2006	20.0	54.0	308.74618431824837		
714714365	127	26	71	52	2006	송파구	잠실동	26.0	71.0	52	2006	26.0	71.0	313.2664681632858		
714714368	110동	29	79	58	2006	송파구	잠실동	29.0	79.0	58	2006	29.0	79.0	336.16488556740336		
714714369	111동	27	74	98	2006	송파구	잠실동	27.0	74.0	98	2006	27.0	74.0	462.9866993880151		
714714372	101동	30	82	84	2006	송파구	잠실동	30.0	82.0	84	2006	30.0	82.0	300.13209465642797		
714714373	102동	28	77	56	2006	송파구	잠실동	28.0	77.0	56	2006	28.0	77.0	240.9467619513851		
714714374	103동	27	74	102	2006	송파구	잠실동	27.0	74.0	102	2006	27.0	74.0	378.99037648577354		
714714375	104동	30	82	84	2006	송파구	잠실동	30.0	82.0	84	2006	30.0	82.0	244.02241329600545		
714714376	105동	28	77	106	2006	송파구	잠실동	28.0	77.0	106	2006	28.0	77.0	542.5687631460221		
714714377	106동	30	82	84	2006	송파구	잠실동	30.0	82.0	84	2006	30.0	82.0	300.8936787947759		
714714378	107동	28	77	106	2006	송파구	잠실동	28.0	77.0	106	2006	28.0	77.0	507.2881846147981		
714714379	108동	30	82	84	2006	송파구	잠실동	30.0	82.0	84	2006	30.0	82.0	297.0816109454697		
714714380	109동	28	82	106	2006	송파구	잠실동	28.0	82.0	106	2006	28.0	82.0	510.61224440284104		
714714381	112동	29	79	58	2006	송파구	잠실동	29.0	79.0	58	2006	29.0	79.0	331.7632296802548		
714714387		29	79	58	2006	송파구	잠실동	29.0	79.0	58	2006	29.0	79.0	296.8850364590675		
714714388		28	77	52	2006	송파구	잠실동	28.0	77.0	52	2006	28.0	77.0	321.78544141112604		
714714389		26	71	48	2006	송파구	잠실동	26.0	71.0	48	2006	26.0	71.0	305.6684837162414		
714714390		28	77	52	2006	송파구	잠실동	28.0	77.0	52	2006	28.0	77.0	326.1243028038135		
714714391	123	26	71	96	2006	송파구	잠실동	26.0	71.0	96	2006	26.0	71.0	484.15755845236873		
714714392	122동	23	63	46	2006	송파구	잠실동	23.0	63.0	46	2006	23.0	63.0	296.2301308225478		
714714393	121동	21	57	42	2006	송파구	잠실동	21.0	57.0	42	2006	21.0	57.0	310.0549197354981		
714714394	116동	28	77	56	2006	송파구	잠실동	28.0	77.0	56	2006	28.0	77.0	323.67834077209335		
714714395	115동	29	79	106	2006	송파구	잠실동	29.0	79.0	106	2006	29.0	79.0	550.7666148829413		
714714396	114동	28	77	104	2006	송파구	잠실동	28.0	77.0	104	2006	28.0	77.0	576.3526487126904		
714714397	113	29	79	106	2006	송파구	잠실동	29.0	79.0	106	2006	29.0	79.0	510.8978105452157		
714714398	124	19	51	76	2006	송파구	잠실동	19.0	51.0	76	2006	19.0	51.0	663.0464547682504		
714714399	126	22	60	88	2006	송파구	잠실동	22.0	60.0	88	2006	22.0	60.0	530.9641493856105		
714714400	125	22	60	80	2006	송파구	잠실동	22.0	60.0	80	2006	22.0	60.0	577.4256511245035		
714791991	9	12		72	1982			12.0		72	1982	12.0	33.599999999999994	470.80428827257083	381961842.0	한남하이츠아파트
714791992	8	14		112	1982			14.0		112	1982	14.0	39.199999999999996	778.4437287896063	381961842.0	한남하이츠아파트
714791993	5	12		48	1982			12.0		48	1982	12.0	33.599999999999994	619.5644737629884	381961842.0	한남하이츠아파트
714791994	3	14		56	1982			14.0		56	1982	14.0	39.199999999999996	581.3459037175235	381961842.0	한남하이츠아파트
714791995	2	14		84	1982			14.0		84	1982	14.0	39.199999999999996	1252.0049581303915	381961842.0	한남하이츠아파트
714792000	6	13		50	1982			13.0		50	1982	13.0	36.4	678.3901600781247	381961842.0	한남하이츠아파트
714792001	1	12		48	1982			12.0		48	1982	12.0	33.599999999999994	827.2341355732342	381961842.0	한남하이츠아파트
720203485						송파구	석촌동							108.51198804405348		
720203486						송파구	석촌동							126.39595165497727		
720203487						송파구	석촌동							68.29305797055045		
720203488						송파구	석촌동							112.2592486731979		
720203489						송파구	석촌동							109.84469699669357		
720203490						송파구	석촌동							92.25472533716058		
720203491						송파구	석촌동							107.17435738922771		
720203492						송파구	석촌동							73.99748039596315		
722405699		4				강남구	대치동	4.0				4.0	11.2	230.44446923743132		
722405700	대치 모두家	5				강남구	대치동	5.0				5.0	14.0	229.92556025628687		
726104716						송파구	잠실동							110.34226967460287		
726104719						송파구	잠실동							132.90751364633516		
730009515	잠실아르누보팰리스아파트	20	79	53	2007	송파구	송파동	20.0	79.0	53	2007	20.0	79.0	665.1137433741609		
730009516		24	80	36	1999	송파구	송파동	24.0	80.0	36	1999	24.0	80.0	469.0134854503316		
730009517		29	99	50	2003	송파구	송파동	29.0	99.0	50	2003	29.0	99.0	645.3343560988084		
730009518		23	79	44	1999	송파구	송파동	23.0	79.0	44	1999	23.0	79.0	1227.596216543101		
730009519		9	30	13	2018	송파구	송파동	9.0	30.0	13	2018	9.0	30.0	409.67702820264935		
730009520		28	93	69	2002	송파구	송파동	28.0	93.0	69	2002	28.0	93.0	881.592239466585		
730009796		22	91	257	2015	송파구	석촌동	22.0	91.0	257	2015	22.0	91.0	1204.622034462823		
730009797			35			송파구	석촌동		35.0			12.0	35.0	793.3317747326452		
730009798	잠실미켈란호수가아파트	26	83	73	2007	송파구	석촌동	26.0	83.0	73	2007	26.0	83.0	862.0342272012579		
732490847						송파구	석촌동							201.07081819282496		
744908092	청학아파트 c동	5				강남구	논현동	5.0				5.0	14.0	702.7904985719408	744908093.0	청학아파트
744908094	청학아파트 B동	5				강남구	논현동	5.0				5.0	14.0	294.09520764040735	744908093.0	청학아파트
744908095	청학아파트 A동	5				강남구	논현동	5.0				5.0	14.0	344.55324174108176	744908093.0	청학아파트
744908098	MINI도이치모터스 강남전시장	19	74	27	2024	강남구	논현동	19.0	74.0	27	2024	19.0	74.0	522.4492712703812		
767738068		15	52	57	2014	강남구	수서동	15.0	52.0	57	2014	15.0	52.0	947.1242635679798	644037585.0	강남데시앙포레아파트
767738809		15	52	54	2014	강남구	수서동	15.0	52.0	54	2014	15.0	52.0	680.6136096994683	644037585.0	강남데시앙포레아파트
767738810		15	52	53	2014	강남구	수서동	15.0	52.0	53	2014	15.0	52.0	643.9398142998211	644037585.0	강남데시앙포레아파트
767738811		15	52	53	2014	강남구	수서동	15.0	52.0	53	2014	15.0	52.0	606.3624683871845	644037585.0	강남데시앙포레아파트
767738812		15	52	54	2014	강남구	수서동	15.0	52.0	54	2014	15.0	52.0	668.0089675888752	644037585.0	강남데시앙포레아파트
767738813		15	52	57	2014	강남구	수서동	15.0	52.0	57	2014	15.0	52.0	784.1289698657379	644037585.0	강남데시앙포레아파트
767738814		13	45	62	2014	강남구	수서동	13.0	45.0	62	2014	13.0	45.0	985.565278559452	644037585.0	강남데시앙포레아파트
767738815		15	52	56	2014	강남구	수서동	15.0	52.0	56	2014	15.0	52.0	738.3245619992695	644037585.0	강남데시앙포레아파트
767738816		15	52	66	2014	강남구	수서동	15.0	52.0	66	2014	15.0	52.0	1112.6229615142638	644037585.0	강남데시앙포레아파트
767738817		15	52	68	2014	강남구	수서동	15.0	52.0	68	2014	15.0	52.0	1042.3650880781734	644037585.0	강남데시앙포레아파트
769718613	301	6	20	46	2019	강남구	개포동	6.0	20.0	46	2019	6.0	20.0	802.5076970879304	357824807.0	디에이치아너힐즈아파트
769718614	323	7	23	62		강남구	개포동	7.0	23.0	62		7.0	23.0	983.5631797503831	357824807.0	디에이치아너힐즈아파트
769718615	305	29	91	64	2019	강남구	개포동	29.0	91.0	64	2019	29.0	91.0	294.40551557381605	357824807.0	디에이치아너힐즈아파트
769718616	306	20	64	28	2019	강남구	개포동	20.0	64.0	28	2019	20.0	64.0	324.2787865286532	357824807.0	디에이치아너힐즈아파트
769718617	322	28	88	106	2019	강남구	개포동	28.0	88.0	106	2019	28.0	88.0	681.2203785735798	357824807.0	디에이치아너힐즈아파트
769718618	321	2	8	4	2019	강남구	개포동	2.0	8.0	4	2019	2.0	8.0	334.50938868867877	357824807.0	디에이치아너힐즈아파트
769718619	316	20	67	40	2019	강남구	개포동	20.0	67.0	40	2019	20.0	67.0	231.54643687391342	357824807.0	디에이치아너힐즈아파트
769718620	313	29	91	54	2019	강남구	개포동	29.0	91.0	54	2019	29.0	91.0	274.9520048109763	357824807.0	디에이치아너힐즈아파트
769718621	314	10	64	38	2019	강남구	개포동	10.0	64.0	38	2019	10.0	64.0	302.2689523691172	357824807.0	디에이치아너힐즈아파트
769718622	311	29	91	54	2019	강남구	개포동	29.0	91.0	54	2019	29.0	91.0	244.12638997086455	357824807.0	디에이치아너힐즈아파트
769718623	312	21	67	40	2019	강남구	개포동	21.0	67.0	40	2019	21.0	67.0	244.47040874242379	357824807.0	디에이치아너힐즈아파트
769718624	315	29	91	56	2019	강남구	개포동	29.0	91.0	56	2019	29.0	91.0	267.7538219359767	357824807.0	디에이치아너힐즈아파트
769718625	320	33	107	126	2019	강남구	개포동	33.0	107.0	126	2019	33.0	107.0	967.9084443003786	357824807.0	디에이치아너힐즈아파트
769718626	319	2	5	4	2019	강남구	개포동	2.0	5.0	4	2019	2.0	5.0	696.8179887334373	357824807.0	디에이치아너힐즈아파트
769718627	302	28	88	106	2019	강남구	개포동	28.0	88.0	106	2019	28.0	88.0	586.7492144446757	357824807.0	디에이치아너힐즈아파트
769718628	303	23	73	42	2019	강남구	개포동	23.0	73.0	42	2019	23.0	73.0	235.16967167695452	357824807.0	디에이치아너힐즈아파트
769718629	304	18	61	34	2019	강남구	개포동	18.0	61.0	34	2019	18.0	61.0	197.54809327158023	357824807.0	디에이치아너힐즈아파트
769718630	307	29	91	54	2019	강남구	개포동	29.0	91.0	54	2019	29.0	91.0	274.7993800301922	357824807.0	디에이치아너힐즈아파트
769718631	308	20	64	38	2019	강남구	개포동	20.0	64.0	38	2019	20.0	64.0	302.16291615485807	357824807.0	디에이치아너힐즈아파트
769718632	309	29	91	54	2019	강남구	개포동	29.0	91.0	54	2019	29.0	91.0	274.9773335878062	357824807.0	디에이치아너힐즈아파트
769718633	310	20	64	38	2019	강남구	개포동	20.0	64.0	38	2019	20.0	64.0	302.21814542484185	357824807.0	디에이치아너힐즈아파트
769718634	317	29	91	106	2019	강남구	개포동	29.0	91.0	106	2019	29.0	91.0	868.1718695687991	357824807.0	디에이치아너힐즈아파트
769718635	318	33	107	126	2019	강남구	개포동	33.0	107.0	126	2019	33.0	107.0	912.4838054405344	357824807.0	디에이치아너힐즈아파트
775465803	유로미아파트					강남구	신사동							356.73490263215336		
775465804	유로미아파트					강남구	신사동							449.79697324031986		
775687306	1	14		196	1979	강남구	대치동	14.0		196	1979	14.0	39.199999999999996	1467.586570607352	379530474.0	한보은마아파트
775687307	2	14		196	1979	강남구	대치동	14.0		196	1979	14.0	39.199999999999996	1374.5166951723452	379530474.0	한보은마아파트
775687308	30	14		210	1979	강남구	대치동	14.0		210	1979	14.0	39.199999999999996	1472.550487864093	379530474.0	한보은마아파트
775926771	106	14		112	1983	강남구	대치동	14.0		112	1983	14.0	39.199999999999996	1351.8156884452399	548803574.0	한보미도맨션1차
775926772	105	14		112	1983	강남구	대치동	14.0		112	1983	14.0	39.199999999999996	1352.022665247605	548803574.0	한보미도맨션1차
775926773	103	14		112	1983	강남구	대치동	14.0		112	1983	14.0	39.199999999999996	1351.9062017703015	548803574.0	한보미도맨션1차
775926774	102	14		168	1983	강남구	대치동	14.0		168	1983	14.0	39.199999999999996	1351.2179173040317	548803574.0	한보미도맨션1차
775926775	101	14		168	1983	강남구	대치동	14.0		168	1983	14.0	39.199999999999996	1351.2081010301933	548803574.0	한보미도맨션1차
775926776	109	14		112	1983	강남구	대치동	14.0		112	1983	14.0	39.199999999999996	1621.5784964533389	548803574.0	한보미도맨션1차
775926777	110	14		112	1983	강남구	대치동	14.0		112	1983	14.0	39.199999999999996	1620.9608351771394	548803574.0	한보미도맨션1차
775926778	111	14		84	1983	강남구	대치동	14.0		84	1983	14.0	39.199999999999996	1621.6013920553926	548803574.0	한보미도맨션1차
775926779	108	14		112	1983	강남구	대치동	14.0		112	1983	14.0	39.199999999999996	1351.2620653793572	548803574.0	한보미도맨션1차
775926780	107	14		111	1983	강남구	대치동	14.0		111	1983	14.0	39.199999999999996	1351.201427126786	548803574.0	한보미도맨션1차
775926781	206	14		112	1985	강남구	대치동	14.0		112	1985	14.0	39.199999999999996	1363.848347553107	548803573.0	한보미도맨션2차
775926782	207	14		84	1985	강남구	대치동	14.0		84	1985	14.0	39.199999999999996	1363.8583566200866	548803573.0	한보미도맨션2차
775926783	205	14		112	1985	강남구	대치동	14.0		112	1985	14.0	39.199999999999996	1364.400635202107	548803573.0	한보미도맨션2차
775926784	203	14		112	1985	강남구	대치동	14.0		112	1985	14.0	39.199999999999996	1364.040047562415	548803573.0	한보미도맨션2차
775926785	202	14		112	1985	강남구	대치동	14.0		112	1985	14.0	39.199999999999996	1363.4092370558596	548803573.0	한보미도맨션2차
775926786	201	14		140	1985	강남구	대치동	14.0		140	1985	14.0	39.199999999999996	1368.6607721637852	548803573.0	한보미도맨션2차
775926787	208	14		140	1985	강남구	대치동	14.0		140	1985	14.0	39.199999999999996	1368.6540818920507	548803573.0	한보미도맨션2차
775926788	209	14		112	1985	강남구	대치동	14.0		112	1985	14.0	39.199999999999996	1381.6813038197229	548803573.0	한보미도맨션2차
775926789	210	14		112	1985	강남구	대치동	14.0		112	1985	14.0	39.199999999999996	1381.6912728499778	548803573.0	한보미도맨션2차
775926790	211	14		112	1985	강남구	대치동	14.0		112	1985	14.0	39.199999999999996	1381.701024441334	548803573.0	한보미도맨션2차
775926791	212	14		84	1985	강남구	대치동	14.0		84	1985	14.0	39.199999999999996	1170.1243105470096	548803573.0	한보미도맨션2차
793603147	108동	15		105	1983	송파구	잠실동	15.0		105	1983	15.0	42.0	690.9930710674837	1067083856.0	잠실우성4차아파트
793603148	107동	15		60	1983	송파구	잠실동	15.0		60	1983	15.0	42.0	480.13407883575616	1067083856.0	잠실우성4차아파트
793603149	106동	15		60	1983	송파구	잠실동	15.0		60	1983	15.0	42.0	428.7721057902605	1067083856.0	잠실우성4차아파트
793603150	105동	15		60	1983	송파구	잠실동	15.0		60	1983	15.0	42.0	740.7421324965763	1067083856.0	잠실우성4차아파트
793603151	101동	15		90	1983	송파구	잠실동	15.0		90	1983	15.0	42.0	725.2034234240965	1067083856.0	잠실우성4차아파트
793603152	102동	15		90	1983	송파구	잠실동	15.0		90	1983	15.0	42.0	637.082477797064	1067083856.0	잠실우성4차아파트
793603153	103동	15		90	1983	송파구	잠실동	15.0		90	1983	15.0	42.0	751.3992956066226	1067083856.0	잠실우성4차아파트
793772360						송파구	잠실동							96.14966285240529		
793772361						송파구	잠실동							126.09551437486869		
793787325	잠실렉스빌 오피스텔					송파구	잠실동							281.3595049934722		
793787328		16	50	66	2012	송파구	잠실동	16.0	50.0	66	2012	16.0	50.0	236.09572274783864		
793787331		17	50	116	2019	송파구	잠실동	17.0	50.0	116	2019	17.0	50.0	342.6326039412625		
793787343						송파구	잠실동							160.28099691217471		
793787344						송파구	잠실동							141.06610134168426		
793787346						송파구	잠실동							187.33350281778314		
794559254						송파구	잠실동							155.70513074935593		
794559255						송파구	잠실동							749.6520015533022		
794559256	신동아예지움아파트	10	29	19	1993	송파구	잠실동	10.0	29.0	19	1993	10.0	29.0	318.2910349917571		
794929549						송파구	잠실동							170.08619407317838		
794929552	파크인수아파트	16	59	24	2010	송파구	잠실동	16.0	59.0	24	2010	16.0	59.0	695.8836386314017		
794929571						송파구	잠실동							146.92243282615613		
794929572						송파구	잠실동							106.70792579556185		
794929573						송파구	잠실동							103.79905891282911		
794929574						송파구	잠실동							102.41204835013606		
794929575						송파구	잠실동							108.91369676486491		
794929576						송파구	잠실동							119.98235608185095		
794929577						송파구	잠실동							130.45125926981518		
794929578						송파구	잠실동							131.62470150993244		
794929579						송파구	잠실동							174.01931760853748		
794929580						송파구	잠실동							177.90490254950222		
794929581						송파구	잠실동							159.4695079738163		
794929582						송파구	잠실동							179.4490201355449		
794929583						송파구	잠실동							242.55530025168295		
794929590						송파구	잠실동							195.21599739372425		
794929592						송파구	잠실동							190.2698073417736		
794929593						송파구	잠실동							182.91284149351893		
794929594						송파구	잠실동							195.1807113777382		
794929596						송파구	잠실동							183.7540005835952		
795275566						송파구	잠실동							316.9731488750042		
795275567						송파구	잠실동							198.99261396736594		
795275568						송파구	잠실동							115.5265745683201		
795275569						송파구	잠실동							115.47209682322018		
795275570						송파구	잠실동							171.56171831713363		
795275571						송파구	잠실동							174.18222437619653		
795275572						송파구	잠실동							130.22338172520827		
795275575						송파구	잠실동							125.71588218654452		
795275576						송파구	잠실동							155.64069475870335		
795275577						송파구	잠실동							152.77514210922828		
795275578						송파구	잠실동							124.11178173233071		
795275579						송파구	잠실동							191.59495084570779		
795275580		10	31	24	2019	송파구	잠실동	10.0	31.0	24	2019	10.0	31.0	257.1494268456259		
795275583						송파구	잠실동							176.52325861035666		
795275584						송파구	잠실동							150.50850356899056		
795275585						송파구	잠실동							124.44533142982107		
795275586						송파구	잠실동							116.97668200186371		
795275587						송파구	잠실동							143.2114937357391		
795275588						송파구	잠실동							104.88635586802948		
795275590						송파구	잠실동							322.4216107703095		
795275596						송파구	잠실동							117.61527675782509		
795275598						송파구	잠실동							145.17678353290282		
795275605						송파구	잠실동							77.4674794450872		
795275606						송파구	잠실동							106.48923406216188		
795275607						송파구	잠실동							81.49028020044686		
795275608						송파구	잠실동							92.28713131409839		
795275609						송파구	잠실동							92.51172304805871		
795275610						송파구	잠실동							111.18838592254951		
795275611						송파구	잠실동							128.17708305758313		
795275612						송파구	잠실동							128.14874085778845		
795275613						송파구	잠실동							69.41074481327284		
795275614						송파구	잠실동							69.44322003590678		
795275615						송파구	잠실동							69.41078716700159		
795275616						송파구	잠실동							69.41080777736357		
795275617						송파구	잠실동							69.42916609529952		
795281841						송파구	잠실동							74.76234030779803		
795281842						송파구	잠실동							92.91112726864233		
795281843						송파구	잠실동							100.16557583743254		
795281844						송파구	잠실동							87.2431124892565		
795281848						송파구	잠실동							114.37839013768811		
795571453		16	50	248	2018	송파구	잠실동	16.0	50.0	248	2018	16.0	50.0	668.8830513024827		
795571462		15	50	46	2024	송파구	잠실동	15.0	50.0	46	2024	15.0	50.0	225.51261078843174		
795963602						송파구	잠실동							154.08792174739222		
795963603						송파구	잠실동							110.42121463845584		
795963604						송파구	잠실동							150.03571231644793		
795963605						송파구	잠실동							106.07072714726874		
795963609						송파구	잠실동							123.25714514284918		
795963610						송파구	잠실동							120.7703883106596		
795963614						송파구	잠실동							134.0532627282266		
795963617						송파구	잠실동							179.17510157492458		
795963619						송파구	잠실동							143.80587336741735		
795963620						송파구	잠실동							133.30411084607113		
795963621						송파구	잠실동							109.745610694068		
795963623						송파구	잠실동							188.06436253310815		
795963626						송파구	잠실동							205.46074065783824		
795963627						송파구	잠실동							111.49763451859481		
795963631						송파구	잠실동							109.05241561338963		
795963633						송파구	잠실동							143.65317267121455		
795963635						송파구	잠실동							93.54434648632619		
795963639						송파구	잠실동							151.3813545169653		
795963641						송파구	잠실동							199.56232473037372		
795963644						송파구	잠실동							165.07258045369326		
795963657						송파구	잠실동							193.16319793998233		
795963660						송파구	잠실동							203.12791399791354		
795963661						송파구	잠실동							203.98739256589738		
796356224						송파구	잠실동							76.93565743053853		
796356225						송파구	잠실동							76.95999270192294		
796356226						송파구	잠실동							76.97075060449056		
796356227						송파구	잠실동							77.00293576457872		
796356228						송파구	잠실동							76.97089046276038		
796356229						송파구	잠실동							122.71204031059537		
796356238						송파구	잠실동							200.70876977790417		
796356239						송파구	잠실동							69.09869553537037		
796356240						송파구	잠실동							75.25332571090958		
796356244						송파구	잠실동							80.7645093672831		
796356245						송파구	잠실동							68.5127164288221		
796356249						송파구	잠실동							70.91316644843977		
796356250						송파구	잠실동							73.1656439582545		
796356251						송파구	잠실동							95.27558644467783		
796356252						송파구	잠실동							65.45225012237641		
796356253						송파구	잠실동							70.44195240618475		
796356254						송파구	잠실동							120.53990602643111		
796356255						송파구	잠실동							115.08465111352527		
796356256						송파구	잠실동							82.51805702987463		
796356257						송파구	잠실동							163.96383732677452		
796356258						송파구	잠실동							209.12529790229377		
796356259						송파구	잠실동							160.15743189249613		
796356260						송파구	잠실동							119.57245573462001		
796356263						송파구	잠실동							73.7643931864463		
796356264						송파구	잠실동							70.00461771648791		
796356265						송파구	잠실동							82.17553864446147		
796356266						송파구	잠실동							82.04332882772255		
796356267						송파구	잠실동							82.17576945548326		
796356268						송파구	잠실동							82.09504488062615		
796356269						송파구	잠실동							82.17562022193133		
796356270						송파구	잠실동							68.59922307351201		
796356271						송파구	잠실동							216.13336968898324		
796356273						송파구	잠실동							108.01495441309083		
796356274						송파구	잠실동							112.96993726921917		
796356275						송파구	잠실동							68.59016200196531		
796356276						송파구	잠실동							68.53454830122558		
796356277						송파구	잠실동							96.00459974826327		
796356278						송파구	잠실동							68.53444308217672		
796356279						송파구	잠실동							68.55433747995046		
796356280						송파구	잠실동							68.55427615403882		
796356281						송파구	잠실동							68.55421574192121		
796356282						송파구	잠실동							68.53420185107151		
796356283						송파구	잠실동							68.55409266245374		
796356284						송파구	잠실동							68.55403186711995		
796356285						송파구	잠실동							68.599203710466		
796356286						송파구	잠실동							68.61909466375819		
796356287						송파구	잠실동							68.5543166979751		
796356288						송파구	잠실동							68.53430268756756		
796356289						송파구	잠실동							68.55419789664262		
796356290						송파구	잠실동							68.5341849175028		
796356291						송파구	잠실동							68.55407584784085		
796356292						송파구	잠실동							68.53406086457136		
796356295						송파구	잠실동							71.87002624671094		
796356296						송파구	잠실동							56.408021517644805		
796356297						송파구	잠실동							56.40794139199976		
796356298						송파구	잠실동							125.7124793678303		
796356299						송파구	잠실동							84.93891297039512		
796356300						송파구	잠실동							183.72849149129354		
796356301						송파구	잠실동							218.86872418652104		
796356302						송파구	잠실동							60.59558116969868		
796356303						송파구	잠실동							83.48922104544015		
796356304						송파구	잠실동							193.94347717427937		
796356305						송파구	잠실동							83.56911007818219		
796356306						송파구	잠실동							83.55128917922353		
796356307						송파구	잠실동							88.71633471759033		
796356308						송파구	잠실동							88.65882960121918		
796356309						송파구	잠실동							88.65892067782512		
796356310						송파구	잠실동							194.18266652079893		
796356311						송파구	잠실동							111.2356083193297		
796356312						송파구	잠실동							81.90598897958385		
796356313						송파구	잠실동							87.13170514235051		
796356316						송파구	잠실동							91.48757030006033		
796356317						송파구	잠실동							208.23141580910445		
796356318						송파구	잠실동							80.9457673704772		
796356319						송파구	잠실동							224.0855502746307		
796356320						송파구	잠실동							103.64008290578047		
796356321						송파구	잠실동							81.01839080614336		
796356322						송파구	잠실동							80.98026614234988		
796356323						송파구	잠실동							80.98018922203498		
796356324						송파구	잠실동							80.98010999681125		
796356325						송파구	잠실동							81.01807949649191		
796356326						송파구	잠실동							80.97986360974194		
796356327						송파구	잠실동							80.9076240992939		
796356328						송파구	잠실동							80.97996063028617		
796356329						송파구	잠실동							81.01793230488553		
796356330						송파구	잠실동							80.97980907249597		
796356331						송파구	잠실동							80.97972994425947		
796356332						송파구	잠실동							81.01770141819891		
796356333						송파구	잠실동							80.97958113650675		
796356334						송파구	잠실동							79.64549423038021		
796356335						송파구	잠실동							93.55165908157113		
796356339						송파구	잠실동							84.88131821337554		
796356343						송파구	잠실동							157.5520603009419		
796356344						송파구	잠실동							146.39274785870367		
796356345						송파구	잠실동							72.45070124056643		
796356346						송파구	잠실동							72.45076709033863		
796356347						송파구	잠실동							174.323258936232		
796356348						송파구	잠실동							72.4509924529606		
796356349						송파구	잠실동							72.4319166979961		
796356350						송파구	잠실동							72.43194063004451		
796356351						송파구	잠실동							72.38271002706567		
796356352						송파구	잠실동							72.46936530412975		
796356353						송파구	잠실동							72.45117298686827		
796356354						송파구	잠실동							72.43746572992343		
796356355						송파구	잠실동							72.45126025704683		
796356356						송파구	잠실동							72.41848543801942		
796356357						송파구	잠실동							72.45129846776064		
796356358						송파구	잠실동							72.43759429266026		
796356359						송파구	잠실동							72.45137282057057		
796356361						송파구	잠실동							72.43192696227486		
796356367						송파구	잠실동							72.43761212579243		
796356368						송파구	잠실동							72.43754427621437		
796356369						송파구	잠실동							72.43208349857971		
796356370						송파구	잠실동							72.38274521534206		
796356371						송파구	잠실동							72.43733986971547		
796356372						송파구	잠실동							72.43188061296061		
796356376						송파구	잠실동							119.25137369974424		
797055009	잠실아이파크	10	35	8	2013	송파구	잠실동	10.0	35.0	8	2013	10.0	35.0	1076.989110652013		
797055077						송파구	잠실동							126.70738177125006		
797055079						송파구	잠실동							116.81995183522848		
797055080						송파구	잠실동							162.27384178029973		
797055081						송파구	잠실동							140.83706390050082		
797055082						송파구	잠실동							159.07474120251425		
797055083						송파구	잠실동							173.45202345562086		
797055084						송파구	잠실동							119.17810045669734		
797055085						송파구	잠실동							151.3024395465314		
797055086						송파구	잠실동							110.20699993021819		
797055087						송파구	잠실동							110.20685687820082		
797055089						송파구	잠실동							110.32068431832704		
797892658						송파구	잠실동							164.9219958498145		
797892659						송파구	잠실동							214.3400034469114		
797892660						송파구	잠실동							122.90467740215276		
797892661						송파구	잠실동							137.38000522837777		
797892662						송파구	잠실동							171.66353872015634		
797892664						송파구	잠실동							120.98204987383605		
797892670						송파구	잠실동							191.07750852366993		
798084928						송파구	잠실동							122.63572890376356		
798084929						송파구	잠실동							129.99403446694166		
798084930						송파구	잠실동							120.43541136410101		
798084931						송파구	잠실동							122.61528590661628		
798084932						송파구	잠실동							124.29022714388493		
798084933						송파구	잠실동							129.79249053475215		
798084934						송파구	잠실동							169.43831111955103		
798084935						송파구	잠실동							153.61000668301622		
798084936						송파구	잠실동							157.600242483259		
798084937						송파구	잠실동							163.53460952381613		
798084940						송파구	잠실동							238.39866531431554		
798084941						송파구	잠실동							172.72202748882455		
798084942						송파구	잠실동							189.10965220505977		
798084943						송파구	잠실동							182.64162593745579		
798084944						송파구	잠실동							150.2991474164577		
798084945						송파구	잠실동							128.30724740516112		
798084946						송파구	잠실동							119.77171793575391		
798084947						송파구	잠실동							124.94889827646625		
798084948						송파구	잠실동							124.02426853543994		
798084950						송파구	잠실동							101.7602934019997		
798084951						송파구	잠실동							104.06246286906932		
798084952						송파구	잠실동							176.54612009161434		
798084953						송파구	잠실동							274.1380727626377		
798084954						송파구	잠실동							164.8103259096442		
798084955						송파구	잠실동							245.7083770482475		
798084956						송파구	잠실동							194.1321806002772		
798084957						송파구	잠실동							205.556891716856		
798084958						송파구	잠실동							187.70403554476832		
798084959						송파구	잠실동							173.96430654157203		
798084960						송파구	잠실동							190.2022726201626		
798084962						송파구	잠실동							171.55762135785807		
798084964						송파구	잠실동							118.39648045092596		
798084965						송파구	잠실동							144.696348296752		
798084966						송파구	잠실동							138.25121970835247		
798084967						송파구	잠실동							139.68225724154846		
798084968						송파구	잠실동							178.62302143157987		
798084969						송파구	잠실동							137.48789088483946		
798084970						송파구	잠실동							131.62651005077336		
798084971						송파구	잠실동							149.9732238624389		
798084972						송파구	잠실동							185.71657543262646		
798084973						송파구	잠실동							187.70369579500564		
798084974						송파구	잠실동							201.9837194965629		
798084975						송파구	잠실동							160.82599032154226		
798084976						송파구	잠실동							167.7032766573157		
798084977						송파구	잠실동							155.34406370492096		
798084978						송파구	잠실동							153.25110859358057		
798084979						송파구	잠실동							147.98787621095641		
798084980						송파구	잠실동							172.9434179916484		
798084981						송파구	잠실동							159.72133496646524		
798084982						송파구	잠실동							169.93026331640937		
798084983						송파구	잠실동							189.4035518865448		
798084986	트윈빌라B동					송파구	잠실동							248.26264402882072		
798084987						송파구	잠실동							116.89384651321633		
798084988						송파구	잠실동							104.8604525168323		
798084989						송파구	잠실동							161.59763826780224		
798084990						송파구	잠실동							176.36156038640792		
798084991						송파구	잠실동							131.5229474133726		
798084992						송파구	잠실동							181.75118029736166		
798084993						송파구	잠실동							132.34202205685696		
798084994						송파구	잠실동							224.2102755322406		
798084995						송파구	잠실동							154.40280302138189		
798084996	트윈빌라A동					송파구	잠실동							248.1096187983784		
798084997						송파구	잠실동							181.74986723955055		
798084998						송파구	잠실동							179.11127533717104		
798085000						송파구	잠실동							150.1779698679384		
798085001						송파구	잠실동							281.89240248337074		
798085004						송파구	잠실동							170.20301316895365		
798085005						송파구	잠실동							173.8948563159844		
798085006						송파구	잠실동							109.7967046699343		
798085007						송파구	잠실동							179.94922821502186		
798085008						송파구	잠실동							173.58758490456572		
798085009						송파구	잠실동							123.29681547262412		
798085010						송파구	잠실동							93.8588132793526		
798085011						송파구	잠실동							142.72583038938063		
798085012						송파구	잠실동							131.23465558144483		
798085013						송파구	잠실동							152.1742252234692		
798085014						송파구	잠실동							156.47175086249584		
798085015						송파구	잠실동							132.75721887330494		
798085016						송파구	잠실동							89.77159001404894		
798085017						송파구	잠실동							121.85152532776699		
798085020						송파구	잠실동							160.40327469409277		
798085021						송파구	잠실동							110.92080818154572		
798085022						송파구	잠실동							126.02814801639119		
798085023						송파구	잠실동							89.72996320780105		
798085025						송파구	잠실동							127.97796664012765		
798085026						송파구	잠실동							147.413941974595		
798085027						송파구	잠실동							165.49742999132445		
798085029						송파구	잠실동							192.52622291632264		
798085031						송파구	잠실동							189.52637562925293		
798085032						송파구	잠실동							109.93304662516428		
798085033						송파구	잠실동							106.62014806349933		
798288387	107동	6		24	1994			6.0		24	1994	6.0	16.799999999999997	366.5224708335027	798288394.0	우면한라아파트
798288388	104동	6		36	1994			6.0		36	1994	6.0	16.799999999999997	546.8937344637479	798288394.0	우면한라아파트
798288389	105동	6		36	1994			6.0		36	1994	6.0	16.799999999999997	547.1503869770227	798288394.0	우면한라아파트
798288390	103동	6		36	1994			6.0		36	1994	6.0	16.799999999999997	546.9683996804249	798288394.0	우면한라아파트
798288391	102동	6		36	1994			6.0		36	1994	6.0	16.799999999999997	547.2251403572433	798288394.0	우면한라아파트
798288392	106동	6		48	1994			6.0		48	1994	6.0	16.799999999999997	715.8876237519777	798288394.0	우면한라아파트
798288393	101동	6		36	1994			6.0		36	1994	6.0	16.799999999999997	547.2237516585978	798288394.0	우면한라아파트
798494184						송파구	잠실동							161.22948679857566		
798494185						송파구	잠실동							216.79943757680297		
798494186						송파구	잠실동							142.32877419184268		
798494187						송파구	잠실동							142.35715745146234		
798494188						송파구	잠실동							144.99409471662025		
798494189						송파구	잠실동							178.426473851273		
798494190						송파구	잠실동							114.30442591941143		
798494191						송파구	잠실동							179.49364815633476		
798494192						송파구	잠실동							157.3557653681278		
798494193						송파구	잠실동							185.51912878205223		
798494194						송파구	잠실동							95.10068245142199		
798494195						송파구	잠실동							122.94763815070792		
798494196						송파구	잠실동							130.41177987350835		
798494197						송파구	잠실동							203.21724876156534		
798494198						송파구	잠실동							182.83115132094775		
798494201						송파구	잠실동							127.27632146859541		
798494202						송파구	잠실동							173.31313731476803		
798494203						송파구	잠실동							123.20850529723214		
798494204						송파구	잠실동							118.06867774071819		
798494205						송파구	잠실동							123.8960200369487		
798494206						송파구	잠실동							118.000937460259		
798494207						송파구	잠실동							181.2642885345295		
798494208						송파구	잠실동							167.6801148277417		
798494209						송파구	잠실동							144.4047259080697		
798494210						송파구	잠실동							126.46550764420144		
798494211						송파구	잠실동							156.0995952260747		
798494212						송파구	잠실동							168.1291979952793		
798494213						송파구	잠실동							139.44442582841623		
798494218						송파구	잠실동							164.8638946909564		
798494219						송파구	잠실동							161.79206305087538		
798494221						송파구	잠실동							119.6437989011241		
798494222						송파구	잠실동							141.33950074027098		
798494223						송파구	잠실동							221.89432324483596		
798494224						송파구	잠실동							135.58050557366136		
798494225						송파구	잠실동							154.7927843584089		
798494226						송파구	잠실동							154.73843626385326		
798494227						송파구	잠실동							104.0326002046971		
798793503						송파구	잠실동							101.94500890718254		
798793504						송파구	잠실동							148.6128245460563		
798793505						송파구	잠실동							95.04910398897556		
798793506						송파구	잠실동							201.21341518464652		
798793507						송파구	잠실동							164.35554860832048		
798793508						송파구	잠실동							132.4770721881067		
798793509						송파구	잠실동							175.72487533464556		
798793510						송파구	잠실동							142.00627910196528		
798793511						송파구	잠실동							142.0062198433426		
798793512						송파구	잠실동							142.00616478257118		
798793513						송파구	잠실동							142.08371777516905		
798793514						송파구	잠실동							141.98731604102198		
798793515						송파구	잠실동							142.0556927419469		
798793516						송파구	잠실동							142.00591719290512		
798793517						송파구	잠실동							142.00639552455087		
798793518						송파구	잠실동							119.61168969778913		
798793521						송파구	잠실동							177.41745886333308		
798793522						송파구	잠실동							102.93101359770121		
798793523						송파구	잠실동							117.92795190815585		
798793524						송파구	잠실동							147.12121165656293		
798793525						송파구	잠실동							125.4092793831963		
798793526						송파구	잠실동							128.80382756012602		
798793527						송파구	잠실동							107.74652622959636		
798793528						송파구	잠실동							126.82976424649065		
798793529						송파구	잠실동							116.67303116871405		
798793530						송파구	잠실동							115.1056128558379		
798793531						송파구	잠실동							112.49272412746583		
798793532						송파구	잠실동							149.96676236409684		
798793534						송파구	잠실동							126.95379837022162		
798793535						송파구	잠실동							126.95354962412148		
798793536						송파구	잠실동							126.95349698312512		
798793537						송파구	잠실동							126.88078455241298		
798793538						송파구	잠실동							126.96778665102747		
798793539						송파구	잠실동							126.80502102222722		
798793540						송파구	잠실동							137.29230173995379		
798793541						송파구	잠실동							141.85457719456062		
798793542						송파구	잠실동							154.24677675914953		
798793543						송파구	잠실동							170.37359692735052		
798793544						송파구	잠실동							145.5824421515776		
798793545						송파구	잠실동							150.39705775694262		
798793546						송파구	잠실동							126.90356164553714		
798793547						송파구	잠실동							140.8450406507473		
798793548						송파구	잠실동							131.61140984990416		
798793549						송파구	잠실동							125.62547519951872		
798793550						송파구	잠실동							139.8240874085157		
798793551						송파구	잠실동							154.10695785537456		
798793552						송파구	잠실동							100.8045678210531		
798793553						송파구	잠실동							135.74647689524733		
798793554						송파구	잠실동							119.48147400232307		
798793555						송파구	잠실동							119.91266515983101		
798793556						송파구	잠실동							257.2086486830918		
798793557						송파구	잠실동							109.32077847403677		
798793558						송파구	잠실동							252.63669277583165		
798793559						송파구	잠실동							112.62209026465258		
798793560						송파구	잠실동							131.05583202313946		
798793561						송파구	잠실동							140.69921281086934		
798793562						송파구	잠실동							132.47388868243388		
798793563						송파구	잠실동							158.05457438791754		
798793564						송파구	잠실동							143.25351853863546		
798793565						송파구	잠실동							121.99795605145727		
798793566						송파구	잠실동							159.32225334043602		
798793567						송파구	잠실동							196.56001235069226		
798793568						송파구	잠실동							153.45570122149823		
798793569						송파구	잠실동							116.27105472301756		
798793570						송파구	잠실동							159.4503038493238		
798793571						송파구	잠실동							165.27657007126902		
798793572						송파구	잠실동							204.24618492632655		
798793582						송파구	잠실동							289.17466085297843		
798793583						송파구	잠실동							178.58763398471615		
798793584						송파구	잠실동							139.44631420011223		
798793585						송파구	잠실동							131.77672930318928		
798793586						송파구	잠실동							182.99539134738694		
798793587						송파구	잠실동							162.1227168668977		
798793588						송파구	잠실동							175.64005120871175		
798793589						송파구	잠실동							216.09029115359567		
798793590						송파구	잠실동							160.85417854559915		
798793591						송파구	잠실동							174.9128000635812		
798793592						송파구	잠실동							204.97928873515906		
798793593						송파구	잠실동							283.03492579763576		
798793594						송파구	잠실동							167.14241515567124		
798793595						송파구	잠실동							123.72772782282723		
798793596						송파구	잠실동							220.34982987180678		
798793597						송파구	잠실동							203.42566657502462		
798793598						송파구	잠실동							220.24257605949444		
798793599						송파구	잠실동							199.9190237627897		
798793600						송파구	잠실동							126.40432159800781		
798793601						송파구	잠실동							165.03555394529087		
798793603						송파구	잠실동							157.1936424131388		
798793604						송파구	잠실동							141.73985708461953		
798793605						송파구	잠실동							154.9860555973974		
798793607						송파구	잠실동							139.87930116435135		
798793608						송파구	잠실동							129.1697512093233		
798793609						송파구	잠실동							147.92220240839717		
798793611						송파구	잠실동							134.37913802715468		
798793612						송파구	잠실동							169.74262551041386		
798793613						송파구	잠실동							134.85641444423956		
798957409	103동	7	19	28	2005			7.0	19.0	28	2005	7.0	19.0	667.2190322195141	798957408.0	서초롯데캐슬리버티아파트
798957410	102동	12	32	57	2005			12.0	32.0	57	2005	12.0	32.0	1206.0627177487765	798957408.0	서초롯데캐슬리버티아파트
798957411	101동	9	24	47	2005			9.0	24.0	47	2005	9.0	24.0	1145.5901051794333	798957408.0	서초롯데캐슬리버티아파트
798963237	102동	15		90	1995			15.0		90	1995	15.0	42.0	1136.4982728642747	468651668.0	우면대림아파트
798963238	103동	15		90	1995			15.0		90	1995	15.0	42.0	1128.388980672556	468651668.0	우면대림아파트
798963239	104동	15		60	1995			15.0		60	1995	15.0	42.0	761.5025303505635	468651668.0	우면대림아파트
798963240	105동	15	41	90	1995			15.0	41.0	90	1995	15.0	41.0	745.1212538881044	468651668.0	우면대림아파트
798963241	105동	14		56	1995			14.0		56	1995	14.0	39.199999999999996	742.653264278785	468651668.0	우면대림아파트
798963242	101동	14	41	56	1995			14.0	41.0	56	1995	14.0	41.0	788.5853223588012	468651668.0	우면대림아파트
798963243	105동	15	41	149	1994			15.0	41.0	149	1994	15.0	41.0	440.60222263010183	468651669.0	주공아파트
798963244	106동	15	41	239	1994			15.0	41.0	239	1994	15.0	41.0	808.0614013892621	468651669.0	주공아파트
798963245	104동	15	41	149	1994			15.0	41.0	149	1994	15.0	41.0	415.67310183848133	468651669.0	주공아파트
798963246	103동	15	41	149	1994			15.0	41.0	149	1994	15.0	41.0	487.63232426869536	468651669.0	주공아파트
798963247	102동	15	41	149	1994			15.0	41.0	149	1994	15.0	41.0	436.56173843417656	468651669.0	주공아파트
798963248	101동	15	41	149	1994			15.0	41.0	149	1994	15.0	41.0	528.874315907379	468651669.0	주공아파트
798963249	105동	15		86	1995			15.0		86	1995	15.0	42.0	715.772193170167	468651670.0	동양고속건설아파트
798963250	103동	15		60	1995			15.0		60	1995	15.0	42.0	423.37900453264706	468651670.0	동양고속건설아파트
798963251	104동	13		52	1995			13.0		52	1995	13.0	36.4	473.3084776712444	468651670.0	동양고속건설아파트
798963252	102동	12		72	1995			12.0		72	1995	12.0	33.599999999999994	790.7812280560214	468651670.0	동양고속건설아파트
798963253	101동	15		60	1995			15.0		60	1995	15.0	42.0	433.14280223836647	468651670.0	동양고속건설아파트
798997125	21동	15		90	1988			15.0		90	1988	15.0	42.0	1137.7870331348804	306385386.0	삼풍아파트
798997126	17동	15		90	1988			15.0		90	1988	15.0	42.0	1265.8670128569568	306385386.0	삼풍아파트
798997127	15동	15		90	1988			15.0		90	1988	15.0	42.0	1203.4929018993512	306385386.0	삼풍아파트
799003863						송파구	잠실동							130.03620411216318		
799003864						송파구	잠실동							109.48798018608022		
799003865						송파구	잠실동							109.71945882101261		
799003866						송파구	잠실동							143.7820030156801		
799003867						송파구	잠실동							232.78933492665223		
799003868						송파구	잠실동							249.9443425962532		
799003869						송파구	잠실동							214.07830318739272		
799003870						송파구	잠실동							198.01168078005887		
799003871						송파구	잠실동							175.68277090510935		
799003872						송파구	잠실동							215.98617389072092		
799003873						송파구	잠실동							164.69408736946286		
799003874						송파구	잠실동							110.89061498787233		
799003875						송파구	잠실동							103.18917230847501		
799003876						송파구	잠실동							151.60286964689638		
799003877						송파구	잠실동							102.0634554985306		
799003878						송파구	잠실동							113.14161135413843		
799003879						송파구	잠실동							253.83533698261343		
799003880						송파구	잠실동							214.07011517382367		
799003881						송파구	잠실동							137.03838877752725		
799003882						송파구	잠실동							135.0760435203312		
799003883						송파구	잠실동							151.45825849549558		
799003884						송파구	잠실동							151.21718092138588		
799003885						송파구	잠실동							416.3045938460886		
799363457						송파구	잠실동							169.0811467689655		
799363458						송파구	잠실동							133.70237841966096		
799363459						송파구	잠실동							101.14644554153482		
799363460						송파구	잠실동							138.8310345882886		
799363461						송파구	잠실동							175.7464650697127		
799363462						송파구	잠실동							194.87748043852358		
799363463						송파구	잠실동							170.49277948695783		
799363464						송파구	잠실동							165.79760858422222		
799363465						송파구	잠실동							156.70461143310723		
799363466						송파구	잠실동							184.63339528427156		
799363467						송파구	잠실동							172.18875534483647		
799363468						송파구	잠실동							175.91407273451475		
799363469						송파구	잠실동							172.69443198421814		
799363470						송파구	잠실동							144.5040301961457		
799363471						송파구	잠실동							153.39286494977068		
799363472						송파구	잠실동							150.66887340386984		
799363473						송파구	잠실동							129.01500183080287		
800180997	102	13		52	1992	강남구	삼성동	13.0		52	1992	13.0	36.4	607.974096397307	898326942.0	삼성동 청구아파트
800180998	103	11		55	1992	강남구	삼성동	11.0		55	1992	11.0	30.799999999999997	645.5107172713026	898326942.0	삼성동 청구아파트
800180999	101	15		60	1992	강남구	삼성동	15.0		60	1992	15.0	42.0	588.9439246801359	898326942.0	삼성동 청구아파트
800184115						강남구	삼성동							654.485138377336		
800184116						강남구	삼성동							359.04376010495156		
800184117	다우림하우스					강남구	삼성동							162.4109980565052		
800186844	아셈아파트					강남구	삼성동							431.2018949671475		
800186846	삼성아트빌					강남구	삼성동							306.29746967546214		
800186857	LH삼성아파트					강남구	삼성동							430.4316464929384		
800188074	라테라스	16	58	18	2013	강남구	삼성동	16.0	58.0	18	2013	16.0	58.0	610.4361927909995		
800212819	101동	12	37	46	2006	강남구	청담동	12.0	37.0	46	2006	12.0	37.0	1235.1098289620738	85032877.0	청담동양파라곤아파트
800212820	102동	12	37	46	2006	강남구	청담동	12.0	37.0	46	2006	12.0	37.0	1269.728535766763	85032877.0	청담동양파라곤아파트
800225887		20	85	183	2014	강남구	삼성동	20.0	85.0	183	2014	20.0	85.0	669.8278252515696		
800235406		22	72	72	2003	강남구	삼성동	22.0	72.0	72	2003	22.0	72.0	1229.1131546482834		
800238587						송파구	잠실동							83.56108437706538		
800238588						송파구	잠실동							211.33073259437808		
800238589						송파구	잠실동							81.84222839053042		
800238590						송파구	잠실동							138.94404617894176		
800238591						송파구	잠실동							218.02863288806157		
800238592						송파구	잠실동							173.82896218257616		
800238593						송파구	잠실동							183.5443813697429		
800238594						송파구	잠실동							109.50329219642822		
800238595						송파구	잠실동							162.44014979246813		
800238596						송파구	잠실동							112.65542696267262		
800238597						송파구	잠실동							109.57287032890201		
800238598						송파구	잠실동							183.14777414326045		
800238599						송파구	잠실동							113.31278022300202		
800238600						송파구	잠실동							118.80645655412371		
800238601						송파구	잠실동							179.95237049533065		
800238602						송파구	잠실동							199.10600263705447		
800238603						송파구	잠실동							206.03714053725326		
800238604						송파구	잠실동							240.71453972498222		
800238605						송파구	잠실동							85.79747130632609		
800238606						송파구	잠실동							160.5363934573064		
800238607						송파구	잠실동							200.5984687633156		
800238608						송파구	잠실동							108.31491638517184		
800238609						송파구	잠실동							154.84112321295407		
800238610						송파구	잠실동							207.45327411782137		
800238611						송파구	잠실동							193.97150512161826		
800238612						송파구	잠실동							143.80707104724186		
800238613						송파구	잠실동							219.7027406808981		
800238614						송파구	잠실동							125.35172780182555		
800238615						송파구	잠실동							164.8443181476439		
800238616						송파구	잠실동							128.47502141348346		
800238617						송파구	잠실동							104.4041078724435		
800238618						송파구	잠실동							76.32941181180104		
800238619						송파구	잠실동							151.49539229398874		
800238620						송파구	잠실동							121.32384995264167		
800238621						송파구	잠실동							242.31301309280258		
800238624						송파구	잠실동							180.05054598729384		
800238625						송파구	잠실동							92.92453308932957		
800238626						송파구	잠실동							137.46296868630552		
800238629						송파구	잠실동							171.94407749432696		
800238630						송파구	잠실동							155.37744136345484		
800238631						송파구	잠실동							179.17391914894066		
800238632						송파구	잠실동							182.3765434581496		
800238633						송파구	잠실동							128.9853811052918		
800238634						송파구	잠실동							129.00351598930018		
800238635						송파구	잠실동							129.03298539922474		
800238636						송파구	잠실동							128.98521191135438		
800238637						송파구	잠실동							128.98516378642827		
800238638						송파구	잠실동							128.98511192423453		
800238639						송파구	잠실동							131.00805324424192		
800238640						송파구	잠실동							151.04050996653126		
800238641						송파구	잠실동							143.3415625167716		
800238642						송파구	잠실동							159.4898235736502		
800238643						송파구	잠실동							208.49643325243926		
800238996	17	12	35	90	2006	강남구	삼성동	12.0	35.0	90	2006	12.0	35.0	1514.478501926021		
800241186		12	35	242	2003	강남구	삼성동	12.0	35.0	242	2003	12.0	35.0	886.9388386921242		
800246418	102동					강남구	삼성동							945.5759432512318	800246420.0	삼성오네뜨아파트
800246419	101동					강남구	삼성동							526.3836466067584	800246420.0	삼성오네뜨아파트
800253306		15	47	207	2019	강남구	대치동	15.0	47.0	207	2019	15.0	47.0	818.0456883438331		
800253307		10	30	144	2004	강남구	대치동	10.0	30.0	144	2004	10.0	30.0	390.12825059714197		
800266217	동일파크스위트	13	40	36	2007	강남구	삼성동	13.0	40.0	36	2007	13.0	40.0	774.4221582653553		
800266226	강변삼부아파트	14	40	48	2000	강남구	삼성동	14.0	40.0	48	2000	14.0	40.0	618.636489292193		
800266227	101동	11	35	43	1998	강남구	삼성동	11.0	35.0	43	1998	11.0	35.0	594.337396553593	1078755070.0	삼부아파트
800266229	102동	9	33	40	1998	강남구	삼성동	9.0	33.0	40	1998	9.0	33.0	594.0816630889101	800266228.0	삼부아파트
800266233		20	70	17	2008	강남구	삼성동	20.0	70.0	17	2008	20.0	70.0	809.2512800814937		
800266234		20	62	19	1999	강남구	삼성동	20.0	62.0	19	1999	20.0	62.0	616.4488271709131		
800266235		18	55	17	2000	강남구	삼성동	18.0	55.0	17	2000	18.0	55.0	490.6811849058991		
800501444						송파구	잠실동							131.14498402110036		
800501445						송파구	잠실동							162.7832700332682		
800501446						송파구	잠실동							182.35863632713466		
800501447						송파구	잠실동							131.56721350760927		
800501448						송파구	잠실동							355.31134772106145		
800501449						송파구	잠실동							153.9552110928161		
800501450						송파구	잠실동							130.17394347195616		
800501451						송파구	잠실동							168.42244525115578		
800501452						송파구	잠실동							140.33598425179025		
800501453						송파구	잠실동							204.773094667157		
800501454						송파구	잠실동							167.97020528243868		
800501455						송파구	잠실동							199.56105062258013		
800501456						송파구	잠실동							151.27429742507536		
800501457						송파구	잠실동							108.29586701262386		
800501458						송파구	잠실동							102.19901497860133		
800501459						송파구	잠실동							111.06147815262663		
800501460						송파구	잠실동							125.65442636128832		
800501461						송파구	잠실동							131.88336493585453		
800501462						송파구	잠실동							137.02230929698263		
800501463						송파구	잠실동							141.7744107897148		
800501464						송파구	잠실동							152.01132107497705		
800501466						송파구	잠실동							207.01221207387596		
800501467						송파구	잠실동							154.41087050051527		
800501468						송파구	잠실동							109.90466452999419		
800501469						송파구	잠실동							114.61895396946623		
800501470						송파구	잠실동							224.61699482367385		
800501471						송파구	잠실동							202.3185217299933		
800501472						송파구	잠실동							158.20145695416235		
800501473						송파구	잠실동							224.0365671190793		
800501474						송파구	잠실동							150.79540206722302		
800501475						송파구	잠실동							130.8828097753393		
800501478						송파구	잠실동							157.5488564563796		
800501479						송파구	잠실동							136.80744544850234		
800501480						송파구	잠실동							109.13192299531644		
800501481						송파구	잠실동							115.7584205936503		
800501482						송파구	잠실동							93.37698096591276		
800501483						송파구	잠실동							185.91128313171606		
800501484						송파구	잠실동							182.39400657618665		
800501485						송파구	잠실동							161.12151550133245		
800501486						송파구	잠실동							189.6277810225722		
800734953		10	27	9	2006	강남구	역삼동	10.0	27.0	9	2006	10.0	27.0	140.3377118635426		
800734954		10	27	18	2006	강남구	역삼동	10.0	27.0	18	2006	10.0	27.0	140.23975603015356		
800821401						송파구	잠실동							133.68316295197764		
800821402						송파구	잠실동							179.00188625888353		
800821403						송파구	잠실동							111.15931356339985		
800821404						송파구	잠실동							99.25327577338633		
800821405						송파구	잠실동							110.44761830451584		
800821406						송파구	잠실동							118.56249186041495		
800821407						송파구	잠실동							88.87050439177055		
800821408						송파구	잠실동							108.88138281958337		
800821409						송파구	잠실동							125.64848772771303		
800821410						송파구	잠실동							108.28963816381132		
800821411						송파구	잠실동							149.80028829556474		
800821412						송파구	잠실동							161.10240415387855		
800821413						송파구	잠실동							116.28218755047823		
800821414						송파구	잠실동							220.60271665694484		
800821415						송파구	잠실동							120.35264190010324		
800821416						송파구	잠실동							138.97029998413555		
800821417						송파구	잠실동							141.70281790157884		
800821420						송파구	잠실동							185.36897515472697		
800821421						송파구	잠실동							136.2086436074504		
800821422						송파구	잠실동							196.57132562133097		
800821423						송파구	잠실동							107.13545655989674		
800821424						송파구	잠실동							120.43007714398533		
800821425						송파구	잠실동							148.76344939293995		
800821426						송파구	잠실동							73.21775271158634		
800821427						송파구	잠실동							137.4998777272566		
800821428						송파구	잠실동							111.74807258806358		
800821429						송파구	잠실동							113.97318746191789		
800821430						송파구	잠실동							146.2348968217059		
800821431						송파구	잠실동							211.16733941224487		
800821432						송파구	잠실동							199.98507082849716		
800821433						송파구	잠실동							154.06281888612506		
800821434						송파구	잠실동							121.1824780417187		
800821435						송파구	잠실동							140.82627833369065		
800821436						송파구	잠실동							190.6888884969589		
800821437						송파구	잠실동							136.21218741547344		
800821438						송파구	잠실동							131.2941480596503		
800821439						송파구	잠실동							116.88421689583234		
800821440						송파구	잠실동							158.76936973611947		
800821441						송파구	잠실동							165.4316530009284		
800821442						송파구	잠실동							82.99152358496653		
800821443						송파구	잠실동							113.64870586965179		
800821444						송파구	잠실동							110.98405909252834		
800821445						송파구	잠실동							106.75794977061022		
800821446						송파구	잠실동							111.1246449262031		
800821447						송파구	잠실동							114.4701944331891		
800821448						송파구	잠실동							128.9883028109756		
800821451						송파구	잠실동							123.91065177672714		
800821452						송파구	잠실동							191.64692658191493		
800821453						송파구	잠실동							141.96537782640874		
800821454						송파구	잠실동							117.13050565124965		
800821455						송파구	잠실동							125.02417028901016		
800821456						송파구	잠실동							118.73384635377388		
800821457						송파구	잠실동							129.2141300397189		
800821458						송파구	잠실동							177.52677601480642		
800821459						송파구	잠실동							108.47385175184553		
800821460						송파구	잠실동							859.531852765217		
800821461						송파구	잠실동							281.57019327011056		
800821462						송파구	잠실동							130.90222204757782		
800821463						송파구	잠실동							189.13187587609468		
800821464						송파구	잠실동							186.61505129643135		
800821465						송파구	잠실동							145.77809031904835		
800821466						송파구	잠실동							103.82747025927358		
800821467						송파구	잠실동							120.06986839945185		
800821468						송파구	잠실동							158.5107298272258		
800821469						송파구	잠실동							129.07381324658868		
800821470						송파구	잠실동							156.03920397824044		
800821471						송파구	잠실동							183.61771836865137		
800821472						송파구	잠실동							162.53832226386842		
800821473						송파구	잠실동							215.18895605351648		
800821474						송파구	잠실동							133.04959286269354		
801040103						송파구	잠실동							81.94928116536636		
801040104						송파구	잠실동							74.03621435616117		
801040105						송파구	잠실동							74.00882034394017		
801040106						송파구	잠실동							111.13910930010931		
801040107						송파구	잠실동							77.4234157883971		
801040108						송파구	잠실동							94.0273104275286		
801040109						송파구	잠실동							92.22684801487215		
801040110						송파구	잠실동							113.226327713512		
801040111						송파구	잠실동							95.40192752061061		
801040112						송파구	잠실동							96.77452157088427		
801040113						송파구	잠실동							98.30498813668372		
801040114						송파구	잠실동							166.22038816916097		
801040115						송파구	잠실동							181.90686563624675		
801040116						송파구	잠실동							197.4975322582635		
801040117						송파구	잠실동							145.7018531877955		
801040118						송파구	잠실동							144.58707692788946		
801040119						송파구	잠실동							96.66732360151752		
801040120						송파구	잠실동							117.4802198041755		
801040121						송파구	잠실동							116.81500934653363		
801040122						송파구	잠실동							118.93747693447263		
801040123						송파구	잠실동							120.66400355141774		
801040124						송파구	잠실동							104.55855589183251		
801040125						송파구	잠실동							104.55851546958428		
801040126						송파구	잠실동							105.91477361416395		
801040127						송파구	잠실동							152.17728084317397		
801040130						송파구	잠실동							109.19475802728716		
801040131						송파구	잠실동							99.76042619760153		
801040132						송파구	잠실동							99.76038575096814		
801040133						송파구	잠실동							190.78712013417217		
801040134						송파구	잠실동							99.80219815281872		
801040135						송파구	잠실동							99.82538184244532		
801040136						송파구	잠실동							99.73755278430646		
801040137						송파구	잠실동							141.61809095184964		
801040138						송파구	잠실동							141.5179450840474		
801040139						송파구	잠실동							141.61821974774438		
801040140						송파구	잠실동							141.59592459505373		
801040141						송파구	잠실동							203.3764453943891		
801040142						송파구	잠실동							210.98580010273025		
801040143						송파구	잠실동							147.7649759494086		
801040144						송파구	잠실동							127.95133075508804		
801040145						송파구	잠실동							89.77856457774689		
801040146						송파구	잠실동							89.73931054741756		
801040147						송파구	잠실동							89.71638448088578		
801040148						송파구	잠실동							89.77847106998408		
801040149						송파구	잠실동							147.742854588778		
801040150						송파구	잠실동							168.53951768844655		
801040151						송파구	잠실동							135.87317750767073		
801040154						송파구	잠실동							83.03099300703107		
801040155						송파구	잠실동							127.90075843667215		
801040156						송파구	잠실동							168.08930000705615		
801040157						송파구	잠실동							110.62683389808691		
801040158						송파구	잠실동							95.07547216771218		
801040159						송파구	잠실동							78.43154692492664		
801040160						송파구	잠실동							76.81039951597867		
801040161						송파구	잠실동							123.03218889877769		
801040162						송파구	잠실동							110.33363050153241		
801040163						송파구	잠실동							109.34537014149628		
801040164						송파구	잠실동							105.57052027257623		
801040165						송파구	잠실동							120.68556668370789		
801040166						송파구	잠실동							117.92983134671013		
801040167						송파구	잠실동							111.68865650537428		
801040168						송파구	잠실동							123.42807914047006		
801040169						송파구	잠실동							105.2641888668592		
801040170						송파구	잠실동							125.6874713253327		
801040171						송파구	잠실동							205.64502567343567		
801040172						송파구	잠실동							226.7910196447591		
801040174						송파구	잠실동							143.1662414127517		
801040175						송파구	잠실동							100.68248830393514		
801040176						송파구	잠실동							129.6964487039821		
801040177						송파구	잠실동							168.4151031614226		
801040180						송파구	잠실동							122.92127426082308		
801040181						송파구	잠실동							125.32783532224559		
801040182						송파구	잠실동							120.77605378484591		
801040183						송파구	잠실동							135.06282429430746		
801040184						송파구	잠실동							132.08613781666438		
801040185						송파구	잠실동							231.38227269967763		
801040186						송파구	잠실동							112.56325825260149		
801040187						송파구	잠실동							124.25337610596799		
801040188						송파구	잠실동							121.16383697875112		
801040189						송파구	잠실동							141.76868058792942		
801040190						송파구	잠실동							119.86452397654156		
801040191						송파구	잠실동							102.40875543549512		
801040192						송파구	잠실동							158.20733708129484		
801040193						송파구	잠실동							174.52223620941487		
801040194						송파구	잠실동							110.80631109462466		
801040195						송파구	잠실동							109.65737784957136		
801040196						송파구	잠실동							102.72658949650693		
801040197						송파구	잠실동							122.64870490483398		
801040198						송파구	잠실동							141.42944514097974		
801040199						송파구	잠실동							140.85425024639383		
801040200						송파구	잠실동							158.12895226503502		
801040201						송파구	잠실동							146.51537670390599		
801040202						송파구	잠실동							156.3124590701689		
801040203						송파구	잠실동							149.94915206119606		
801040204						송파구	잠실동							149.98005619416338		
801040205						송파구	잠실동							151.2403246278216		
801040206						송파구	잠실동							180.19611836527662		
801040207						송파구	잠실동							170.20825293267617		
801040208						송파구	잠실동							78.62164601466965		
801040209						송파구	잠실동							175.22239038998677		
801040210						송파구	잠실동							168.9380484655818		
801040211						송파구	잠실동							218.7582298644478		
801056158		16	45	180	2019	강남구	삼성동	16.0	45.0	180	2019	16.0	45.0	411.56905464742545		
801200375		14	39	67	2003	강남구	삼성동	14.0	39.0	67	2003	14.0	39.0	455.1795175090933		
801830912	신동아타워아파트	21	75	96	1995	송파구	방이동	21.0	75.0	96	1995	21.0	75.0	1101.7469106949836		
801832680		10	30	16	2018	송파구	송파동	10.0	30.0	16	2018	10.0	30.0	193.34128600124535		
801832688	레이크해모로아파트	15	47	75	2005	송파구	송파동	15.0	47.0	75	2005	15.0	47.0	1286.7520379525463		
801836938		10	29	19	1998	송파구	방이동	10.0	29.0	19	1998	10.0	29.0	588.0103571298788		
801840459	석촌효신아파트					송파구	석촌동							410.4182407596092		
801844459	잠실아이스페이스	27	97	84	2001	송파구	신천동	27.0	97.0	84	2001	27.0	97.0	949.2809336389072		
802072900		15		116	1987	송파구	풍납동	15.0		116	1987	15.0	42.0	988.3605195974228	802072894.0	극동아파트
802072901		15		75	1987	송파구	풍납동	15.0		75	1987	15.0	42.0	459.90074947710997	802072894.0	극동아파트
802072902		15		116	1987	송파구	풍납동	15.0		116	1987	15.0	42.0	1076.6802678649065	802072894.0	극동아파트
802072904						송파구	풍납동							586.3258459420288	802072905.0	연지토성아파트
802072911		20	55	159	1994	송파구	풍납동	20.0	55.0	159	1994	20.0	55.0	1154.0211877676825	972154306.0	풍납쌍용아파트
802719246	704동	15		149	1992	강남구	수서동	15.0		149	1992	15.0	42.0	562.2356905409202	802719255.0	수서신동아아파트
802719247	703동	15		149	1992	강남구	수서동	15.0		149	1992	15.0	42.0	527.2250952041227	802719255.0	수서신동아아파트
802719248	701동	15		89	1992	강남구	수서동	15.0		89	1992	15.0	42.0	445.34048830253096	802719255.0	수서신동아아파트
802719249	702동	15		119	1992	강남구	수서동	15.0		119	1992	15.0	42.0	578.0057153783689	802719255.0	수서신동아아파트
802719250	706동	15		179	1992	강남구	수서동	15.0		179	1992	15.0	42.0	855.9633311056062	802719255.0	수서신동아아파트
802719251	705동	15		119	1992	강남구	수서동	15.0		119	1992	15.0	42.0	531.7597946650079	802719255.0	수서신동아아파트
802719252	708동	15		180	1992	강남구	수서동	15.0		180	1992	15.0	42.0	855.9755435885638	802719255.0	수서신동아아파트
802719253	707동	15		179	1992	강남구	수서동	15.0		179	1992	15.0	42.0	855.896033308374	802719255.0	수서신동아아파트
802719254	801동	15	41	90	1993	강남구	수서동	15.0	41.0	90	1993	15.0	41.0	818.9738612485901	802719259.0	수서동익아파트
802719256	803동	15	41	60	1993	강남구	수서동	15.0	41.0	60	1993	15.0	41.0	547.2804149458592	802719259.0	수서동익아파트
802719257	802동	15	41	90	1993	강남구	수서동	15.0	41.0	90	1993	15.0	41.0	819.3365568299091	802719259.0	수서동익아파트
802719258	804동	15	41	90	1993	강남구	수서동	15.0	41.0	90	1993	15.0	41.0	740.9237259835799	802719259.0	수서동익아파트
803185007	9	14		56	1984	강남구	대치동	14.0		56	1984	14.0	39.199999999999996	650.0247733784724	379530472.0	대치쌍용2차아파트
803185008	10	14		84	1984	강남구	대치동	14.0		84	1984	14.0	39.199999999999996	811.1800687911594	379530472.0	대치쌍용2차아파트
803185009	8	14		112	1984	강남구	대치동	14.0		112	1984	14.0	39.199999999999996	1371.6399203021922	379530472.0	대치쌍용2차아파트
803185010	7	14		112	1984	강남구	대치동	14.0		112	1984	14.0	39.199999999999996	1388.2217415714583	379530472.0	대치쌍용2차아파트
803204156	305동	16	43	67	2006	강남구	역삼동	16.0	43.0	67	2006	16.0	43.0	623.0657134480963	548803578.0	개나리푸르지오아파트
803204157	304동	15	38	38	2006	강남구	역삼동	15.0	38.0	38	2006	15.0	38.0	492.49263155206927	548803578.0	개나리푸르지오아파트
803204158	303동	24	65	85	2006	강남구	역삼동	24.0	65.0	85	2006	24.0	65.0	944.5837910902147	548803578.0	개나리푸르지오아파트
803204159	301동	21	57	78	2006	강남구	역삼동	21.0	57.0	78	2006	21.0	57.0	1034.784140723969	548803578.0	개나리푸르지오아파트
803204160	101동	16	43	64	2005	강남구	역삼동	16.0	43.0	64	2005	16.0	43.0	487.87341025802846	417923180.0	역삼 e편한세상
803204161	102동	22	60	88	2005	강남구	역삼동	22.0	60.0	88	2005	22.0	60.0	440.2794702699141	417923180.0	역삼 e편한세상
803204162	106동	25	68	100	2005	강남구	역삼동	25.0	68.0	100	2005	25.0	68.0	440.2287431354714	417923180.0	역삼 e편한세상
803204163	104동	24	66	96	2005	강남구	역삼동	24.0	66.0	96	2005	24.0	66.0	440.2808951390908	417923180.0	역삼 e편한세상
803204164	108동	25	68	60	2005	강남구	역삼동	25.0	68.0	60	2005	25.0	68.0	229.8472325182853	417923180.0	역삼 e편한세상
803204165	110동	19	52	70	2005	강남구	역삼동	19.0	52.0	70	2005	19.0	52.0	499.96111461678595	417923180.0	역삼 e편한세상
803204166	103동	15	40	60	2005	강남구	역삼동	15.0	40.0	60	2005	15.0	40.0	571.3304965634416	417923180.0	역삼 e편한세상
803204167	105동	15	40	60	2005	강남구	역삼동	15.0	40.0	60	2005	15.0	40.0	571.450777983784	417923180.0	역삼 e편한세상
803204168	302동	17	46	64	2006	강남구	역삼동	17.0	46.0	64	2006	17.0	46.0	645.9365542332679	548803578.0	개나리푸르지오아파트
803204169	109동	16	43	64	2005	강남구	역삼동	16.0	43.0	64	2005	16.0	43.0	571.3030367168501	417923180.0	역삼 e편한세상
803204170	107동	15	40	60	2005	강남구	역삼동	15.0	40.0	60	2005	15.0	40.0	571.4527124850263	417923180.0	역삼 e편한세상
803204171	112동	16	43	64	2005	강남구	역삼동	16.0	43.0	64	2005	16.0	43.0	487.87519576017917	417923180.0	역삼 e편한세상
803204172	111동	16	43	64	2005	강남구	역삼동	16.0	43.0	64	2005	16.0	43.0	449.7783011252874	417923180.0	역삼 e편한세상
803204173	104동	13	29	44	2006	강남구	역삼동	13.0	29.0	44	2006	13.0	29.0	721.2725069917958	548803577.0	개나리 래미안아파트
803204174	103동	21	55	77	2006	강남구	역삼동	21.0	55.0	77	2006	21.0	55.0	926.6395655290944	548803577.0	개나리 래미안아파트
803204175	102동	17	43	64	2006	강남구	역삼동	17.0	43.0	64	2006	17.0	43.0	513.5516399155235	548803577.0	개나리 래미안아파트
803204176	105동	15	42	30	2006	강남구	역삼동	15.0	42.0	30	2006	15.0	42.0	261.1570136113913	417923181.0	역삼 푸르지오아파트
803204177	104동	15	42	60	2006	강남구	역삼동	15.0	42.0	60	2006	15.0	42.0	515.7234096054639	417923181.0	역삼 푸르지오아파트
803204178	106동	15	42	30	2006	강남구	역삼동	15.0	42.0	30	2006	15.0	42.0	261.2997968986504	417923181.0	역삼 푸르지오아파트
803204179	107동	15	42	60	2006	강남구	역삼동	15.0	42.0	60	2006	15.0	42.0	516.195183128236	417923181.0	역삼 푸르지오아파트
803204180	111동	24	67	92	2006	강남구	역삼동	24.0	67.0	92	2006	24.0	67.0	428.5963875993776	417923181.0	역삼 푸르지오아파트
803204181	109동	24	67	94	2006	강남구	역삼동	24.0	67.0	94	2006	24.0	67.0	428.5987762038706	417923181.0	역삼 푸르지오아파트
803204182	110동	24	67	94	2006	강남구	역삼동	24.0	67.0	94	2006	24.0	67.0	428.4807057882522	417923181.0	역삼 푸르지오아파트
803204183	103동	16	45	62	2006	강남구	역삼동	16.0	45.0	62	2006	16.0	45.0	515.7202127462227	417923181.0	역삼 푸르지오아파트
803204184	108동	24	67	96	2006	강남구	역삼동	24.0	67.0	96	2006	24.0	67.0	428.6001811472612	417923181.0	역삼 푸르지오아파트
803204185	101동	15	42	60	2006	강남구	역삼동	15.0	42.0	60	2006	15.0	42.0	516.0992332686664	417923181.0	역삼 푸르지오아파트
803204186	102동	15	42	60	2006	강남구	역삼동	15.0	42.0	60	2006	15.0	42.0	515.7216445235232	417923181.0	역삼 푸르지오아파트
803330482		15	51	167	2018	강남구	대치동	15.0	51.0	167	2018	15.0	51.0	1155.1803053767887		
803334073	206	13	35	68	1989	강남구	대치동	13.0	35.0	68	1989	13.0	35.0	926.3326672550179	803334072.0	대치래미안하이스턴아파트
803334074	203	16	43	60	1989	강남구	대치동	16.0	43.0	60	1989	16.0	43.0	825.0354255767712	803334072.0	대치래미안하이스턴아파트
803334075	205	13	35	68	1989	강남구	대치동	13.0	35.0	68	1989	13.0	35.0	1116.2923807147104	803334072.0	대치래미안하이스턴아파트
803334078	201	16	43	90	1989	강남구	대치동	16.0	43.0	90	1989	16.0	43.0	1079.3060619399853	803334072.0	대치래미안하이스턴아파트
803334079	202	13	35	68	1989	강남구	대치동	13.0	35.0	68	1989	13.0	35.0	1078.668577253648	803334072.0	대치래미안하이스턴아파트
803334085	현대아파트	15		120	1990	강남구	대치동	15.0		120	1990	15.0	42.0	922.7203217533066	900978316.0	현대1차아파트
803489765	606동	15	41	176	1992	강남구	수서동	15.0	41.0	176	1992	15.0	41.0	470.2639612756927	803489764.0	수서6단지아파트
803489766	607동	15	41	283	1992	강남구	수서동	15.0	41.0	283	1992	15.0	41.0	778.564130597398	803489764.0	수서6단지아파트
803489767	604동	15	41	178	1992	강남구	수서동	15.0	41.0	178	1992	15.0	41.0	456.966268941112	803489764.0	수서6단지아파트
803489768	605동	15	41	224	1992	강남구	수서동	15.0	41.0	224	1992	15.0	41.0	619.2987352965284	803489764.0	수서6단지아파트
803489769	601동	15	41	237	1992	강남구	수서동	15.0	41.0	237	1992	15.0	41.0	765.8226743070959	803489764.0	수서6단지아파트
803489770	603동	15	41	237	1992	강남구	수서동	15.0	41.0	237	1992	15.0	41.0	793.6978604752355	803489764.0	수서6단지아파트
803489771	602동	15	41	177	1992	강남구	수서동	15.0	41.0	177	1992	15.0	41.0	466.4863469173852	803489764.0	수서6단지아파트
803489772	113동	15		149	1992	강남구	수서동	15.0		149	1992	15.0	42.0	511.5884455917968	1011006715.0	수서주공1단지아파트
803489774	111동	15		149	1992	강남구	수서동	15.0		149	1992	15.0	42.0	451.8788969233259	1011006715.0	수서주공1단지아파트
803489775	114동	15		147	1992	강남구	수서동	15.0		147	1992	15.0	42.0	451.8359673175857	1011006715.0	수서주공1단지아파트
803489776	112동	15		239	1992	강남구	수서동	15.0		239	1992	15.0	42.0	773.005105596223	1011006715.0	수서주공1단지아파트
803489777	110동	15		357	1992	강남구	수서동	15.0		357	1992	15.0	42.0	1038.9478867551763	1011006715.0	수서주공1단지아파트
803489778	108동	15		147	1992	강남구	수서동	15.0		147	1992	15.0	42.0	451.7655401906181	1011006715.0	수서주공1단지아파트
803489779	109동	15		149	1992	강남구	수서동	15.0		149	1992	15.0	42.0	422.9593505237383	1011006715.0	수서주공1단지아파트
803489780	106동	15		149	1992	강남구	수서동	15.0		149	1992	15.0	42.0	451.8932276360563	1011006715.0	수서주공1단지아파트
803489781	107동	15		149	1992	강남구	수서동	15.0		149	1992	15.0	42.0	451.83960247769187	1011006715.0	수서주공1단지아파트
803489782	105동	15		149	1992	강남구	수서동	15.0		149	1992	15.0	42.0	422.98114283255927	1011006715.0	수서주공1단지아파트
803489783	104동	15		149	1992	강남구	수서동	15.0		149	1992	15.0	42.0	451.6708722615437	1011006715.0	수서주공1단지아파트
803489784	103동	15		239	1992	강남구	수서동	15.0		239	1992	15.0	42.0	753.9350976682618	1011006715.0	수서주공1단지아파트
803489785	101동	15		239	1992	강남구	수서동	15.0		239	1992	15.0	42.0	754.1206314884402	1011006715.0	수서주공1단지아파트
803489786	102동	15		149	1992	강남구	수서동	15.0		149	1992	15.0	42.0	423.1132024646102	1011006715.0	수서주공1단지아파트
803489788	404동	15	41	90	1992	강남구	수서동	15.0	41.0	90	1992	15.0	41.0	701.8787682381281	803489793.0	수서삼익아파트
803489789	405동	15	41	162	1992	강남구	수서동	15.0	41.0	162	1992	15.0	41.0	1074.5273402759494	803489793.0	수서삼익아파트
803489790	402동	15	41	60	1992	강남구	수서동	15.0	41.0	60	1992	15.0	41.0	490.5468907897399	803489793.0	수서삼익아파트
803489791	403동	15	41	150	1992	강남구	수서동	15.0	41.0	150	1992	15.0	41.0	990.584128480059	803489793.0	수서삼익아파트
803489792	401동	15	41	180	1992	강남구	수서동	15.0	41.0	180	1992	15.0	41.0	881.8952254202563	803489793.0	수서삼익아파트
803489796	105동	15		58	1993	강남구	수서동	15.0		58	1993	15.0	42.0	645.4224530936702	803489794.0	수서한아름아파트
803489797	107동	12		72	1993	강남구	수서동	12.0		72	1993	12.0	33.599999999999994	876.7952837817634	803489794.0	수서한아름아파트
803489798	106동	15		60	1993	강남구	수서동	15.0		60	1993	15.0	42.0	712.1585104998646	803489794.0	수서한아름아파트
803489799	103동	11		66	1993	강남구	수서동	11.0		66	1993	11.0	30.799999999999997	876.6466351353331	803489794.0	수서한아름아파트
803489800	104동	11		66	1993	강남구	수서동	11.0		66	1993	11.0	30.799999999999997	876.7997791953454	803489794.0	수서한아름아파트
803489801	101동	15		86	1993	강남구	수서동	15.0		86	1993	15.0	42.0	1128.0997352375591	803489794.0	수서한아름아파트
803489802	102동	15		90	1993	강남구	수서동	15.0		90	1993	15.0	42.0	1127.8782295395645	803489794.0	수서한아름아파트
803535256	101동	18	48	72	2004	강남구	삼성동	18.0	48.0	72	2004	18.0	48.0	868.5557861682593	614498542.0	삼성동중앙하이츠빌리지아파트
803535257	104동	22	61	60	2004	강남구	삼성동	22.0	61.0	60	2004	22.0	61.0	364.1491217309317	614498542.0	삼성동중앙하이츠빌리지아파트
803535258	105동	12	34	35	2004	강남구	삼성동	12.0	34.0	35	2004	12.0	34.0	441.80059224032306	614498542.0	삼성동중앙하이츠빌리지아파트
803535259	102동	19	51	76	2004	강남구	삼성동	19.0	51.0	76	2004	19.0	51.0	868.2394636880057	614498542.0	삼성동중앙하이츠빌리지아파트
803535260	103동	19	54	55	2004	강남구	삼성동	19.0	54.0	55	2004	19.0	54.0	435.1587073298406	614498542.0	삼성동중앙하이츠빌리지아파트
803535261	111동	18	47	65	2007	강남구	삼성동	18.0	47.0	65	2007	18.0	47.0	917.4932736244277	313652588.0	롯데캐슬프레미어아파트
803535262	110동	18	47	36	2007	강남구	삼성동	18.0	47.0	36	2007	18.0	47.0	587.1032246724778	313652588.0	롯데캐슬프레미어아파트
803639599	103동	14	37	21	1999	강남구	대치동	14.0	37.0	21	1999	14.0	37.0	264.76053199026626	803639607.0	대치현대아파트
803639600	104동	19	51	69		강남구	대치동	19.0	51.0	69		19.0	51.0	645.9831231201055	803639607.0	대치현대아파트
803639601	102동	15	40	45	1999	강남구	대치동	15.0	40.0	45	1999	15.0	40.0	402.1299268909952	803639607.0	대치현대아파트
803639602	105동	22	57	132	1999	강남구	대치동	22.0	57.0	132	1999	22.0	57.0	649.7636967100794	803639607.0	대치현대아파트
803639603	101동	22	57	154	1999	강남구	대치동	22.0	57.0	154	1999	22.0	57.0	655.4007460253024	803639607.0	대치현대아파트
803639604	106동	16	43	41	1999	강남구	대치동	16.0	43.0	41	1999	16.0	43.0	371.5830146418723	803639607.0	대치현대아파트
803639605	108동	24	65	48	1999	강남구	대치동	24.0	65.0	48	1999	24.0	65.0	289.1234640358438	803639607.0	대치현대아파트
803639606	107동	24	65	120	1999	강남구	대치동	24.0	65.0	120	1999	24.0	65.0	708.3787838444612	803639607.0	대치현대아파트
803639611	114동	16	43	48	2000	강남구	대치동	16.0	43.0	48	2000	16.0	43.0	448.408373322491	443021959.0	대치삼성래미안아파트
803639612	113동	11	29	22	2000	강남구	대치동	11.0	29.0	22	2000	11.0	29.0	258.2542394171213	443021959.0	대치삼성래미안아파트
803639613	112동	22	59	160	2000	강남구	대치동	22.0	59.0	160	2000	22.0	59.0	674.425755664465	443021959.0	대치삼성래미안아파트
803639614	111동	12	32	33	2000	강남구	대치동	12.0	32.0	33	2000	12.0	32.0	275.12383732112517	443021959.0	대치삼성래미안아파트
804171134	124동	13		52	1982	강남구	압구정동	13.0		52	1982	13.0	36.4	608.8541265715985	436407134.0	신현대아파트
804171189		19	54	198	1999	강남구	삼성동	19.0	54.0	198	1999	19.0	54.0	1351.1007151530657	614498546.0	삼성동 현대아파트
804171190	107동	12	33	47	2007	강남구	삼성동	12.0	33.0	47	2007	12.0	33.0	809.8904507369956	614498537.0	삼성래미안2차아파트
804171191	106동	24	68	45	2007	강남구	삼성동	24.0	68.0	45	2007	24.0	68.0	327.25845070765604	614498537.0	삼성래미안2차아파트
804171192	108동	12	33	20	2007	강남구	삼성동	12.0	33.0	20	2007	12.0	33.0	312.71222429872677	614498537.0	삼성래미안2차아파트
804171193	105동	12	33	20	2007	강남구	삼성동	12.0	33.0	20	2007	12.0	33.0	312.8611155064599	614498537.0	삼성래미안2차아파트
804171194	104동	13	35	46	2007	강남구	삼성동	13.0	35.0	46	2007	13.0	35.0	809.9997596412846	614498537.0	삼성래미안2차아파트
804171195	103동	24	68	45	2007	강남구	삼성동	24.0	68.0	45	2007	24.0	68.0	327.1206058263424	614498537.0	삼성래미안2차아파트
804171196	102동	13	36	22	2007	강남구	삼성동	13.0	36.0	22	2007	13.0	36.0	312.8593487723447	614498537.0	삼성래미안2차아파트
804171197	101동	15	41	30	2007	강남구	삼성동	15.0	41.0	30	2007	15.0	41.0	498.7934608514324	614498537.0	삼성래미안2차아파트
804171198	102동	20	62	168	1998	강남구	삼성동	20.0	62.0	168	1998	20.0	62.0	888.9350179763292	469594399.0	서광 아파트
804474436	102동	12	29	42	2003	강남구	역삼동	12.0	29.0	42	2003	12.0	29.0	273.6493234302665	804474438.0	우림 아파트
804474437	101동	12	29	42	2003	강남구	역삼동	12.0	29.0	42	2003	12.0	29.0	273.0308831194448	804474438.0	우림 아파트
804474443	한화 진넥스빌 2	26	80	294	2001	강남구	역삼동	26.0	80.0	294	2001	26.0	80.0	1438.225828700605		
804475367	한화 진넥스빌 1	11	30	56	2003	강남구	역삼동	11.0	30.0	56	2003	11.0	30.0	542.7607894256344		
804658507						송파구	잠실동							80.79667701118227		
804658508						송파구	잠실동							80.75831890476935		
804766378	101	25	68	98	2008	송파구	잠실동	25.0	68.0	98	2008	25.0	68.0	586.1835658017274		
804766379	170	26	71	98	2008	송파구	잠실동	26.0	71.0	98	2008	26.0	71.0	613.5502200066139		
804766380	157	25	68	100	2008	송파구	잠실동	25.0	68.0	100	2008	25.0	68.0	692.1856058627145		
804766381	162	28	77	106	2008	송파구	잠실동	28.0	77.0	106	2008	28.0	77.0	785.7793010628902		
804788009	106동	10	27	17	2014	강남구	역삼동	10.0	27.0	17	2014	10.0	27.0	188.86638045369034	417923186.0	테헤란 아이파크
804788010	105동	20	54	105	2014	강남구	역삼동	20.0	54.0	105	2014	20.0	54.0	993.6002111583387	417923186.0	테헤란 아이파크
804788011	104동	21	57	83	2014	강남구	역삼동	21.0	57.0	83	2014	21.0	57.0	621.0202538273201	417923186.0	테헤란 아이파크
804788012	103동	23	62	90	2014	강남구	역삼동	23.0	62.0	90	2014	23.0	62.0	553.1255157757987	417923186.0	테헤란 아이파크
804788013	102동	25	68	97	2014	강남구	역삼동	25.0	68.0	97	2014	25.0	68.0	516.5711356887012	417923186.0	테헤란 아이파크
804788014	101동	10	27	19	2014	강남구	역삼동	10.0	27.0	19	2014	10.0	27.0	294.2156836384212	417923186.0	테헤란 아이파크
804788015	103동	23	64	43	2001	강남구	역삼동	23.0	64.0	43	2001	23.0	64.0	437.9140618876272	510394415.0	현대 까르띠에 710
804788016	102동	26	70	46	2001	강남구	역삼동	26.0	70.0	46	2001	26.0	70.0	437.82188778678903	510394415.0	현대 까르띠에 710
804788017	101동	15	42	48	2001	강남구	역삼동	15.0	42.0	48	2001	15.0	42.0	953.2136931803338	510394415.0	현대 까르띠에 710
804788110	102동					강남구	역삼동							570.7644359744342	804788112.0	쎄비앙아파트
804788111	101동					강남구	역삼동							316.91647818499337	804788112.0	쎄비앙아파트
804791464		18	77	47	2006	강남구	삼성동	18.0	77.0	47	2006	18.0	77.0	412.09798519532006		
804792372		10	34	28	2022	강남구	삼성동	10.0	34.0	28	2022	10.0	34.0	252.26085440713882		
804841126	논현한가람빌라트					강남구	논현동							554.0289836448653		
804841128	4동	14		84	1986	강남구	논현동	14.0		84	1986	14.0	39.199999999999996	678.3224910628378	804841141.0	동현아파트
804841129	5동	14		112	1986	강남구	논현동	14.0		112	1986	14.0	39.199999999999996	1026.4493376167175	804841141.0	동현아파트
804841130	6동	14		112	1986	강남구	논현동	14.0		112	1986	14.0	39.199999999999996	1026.713252513701	804841141.0	동현아파트
804841131	3동	12		72	1986	강남구	논현동	12.0		72	1986	12.0	33.599999999999994	935.1015369635006	804841141.0	동현아파트
804841132	2동	12		96	1986	강남구	논현동	12.0		96	1986	12.0	33.599999999999994	958.9428391945514	804841141.0	동현아파트
804841133	1동	12		72	1986	강남구	논현동	12.0		72	1986	12.0	33.599999999999994	1102.996571288129	804841141.0	동현아파트
804841177	201동	14	37	53	2004	강남구	논현동	14.0	37.0	53	2004	14.0	37.0	751.5487650433411	804841179.0	논현두산위브2단지아파트
804841178	202동	14	37	83	2004	강남구	논현동	14.0	37.0	83	2004	14.0	37.0	1012.6739566350213	804841179.0	논현두산위브2단지아파트
804841180	102동	9	24	48	2004	강남구	논현동	9.0	24.0	48	2004	9.0	24.0	795.7760421134393	804841182.0	논현두산위브1단지아파트
804841181	101동	14	37	82	2004	강남구	논현동	14.0	37.0	82	2004	14.0	37.0	1098.7698921656906	804841182.0	논현두산위브1단지아파트
804841183		10	31	18	2012	강남구	논현동	10.0	31.0	18	2012	10.0	31.0	709.0251996501561	804841184.0	논현라폴리움아파트
805119754		15	50	55	2007	강남구	역삼동	15.0	50.0	55	2007	15.0	50.0	712.2368568743873		
805119755		15	50	55	2007	강남구	역삼동	15.0	50.0	55	2007	15.0	50.0	712.1317404453221		
805119756		15	50	112	2007	강남구	역삼동	15.0	50.0	112	2007	15.0	50.0	729.7654575124053		
805119757		15	50	55	2007	강남구	역삼동	15.0	50.0	55	2007	15.0	50.0	628.4869953461182		
805119774		15	45	130	2004	강남구	역삼동	15.0	45.0	130	2004	15.0	45.0	492.64941343401205		
805307776	315동	15	44	94	2013	강남구	자곡동	15.0	44.0	94	2013	15.0	44.0	916.0539900128762	469964554.0	LH강남3단지아파트
805307777	314동	4	11	16	2013	강남구	자곡동	4.0	11.0	16	2013	4.0	11.0	523.3454735976937	469964554.0	LH강남3단지아파트
805307778	313동	15	44	73	2013	강남구	자곡동	15.0	44.0	73	2013	15.0	44.0	749.3905318929902	469964554.0	LH강남3단지아파트
805307779	312동	15	44	88	2013	강남구	자곡동	15.0	44.0	88	2013	15.0	44.0	855.9676994293851	469964554.0	LH강남3단지아파트
805307780	311동	15	44	72	2013	강남구	자곡동	15.0	44.0	72	2013	15.0	44.0	540.8587265019353	469964554.0	LH강남3단지아파트
805307781	310동	15	44	65	2013	강남구	자곡동	15.0	44.0	65	2013	15.0	44.0	756.5497610691033	469964554.0	LH강남3단지아파트
805307782	309동	15	44	65	2013	강남구	자곡동	15.0	44.0	65	2013	15.0	44.0	622.452093367063	469964554.0	LH강남3단지아파트
805307783	308동	15	44	72	2013	강남구	자곡동	15.0	44.0	72	2013	15.0	44.0	456.58170287970717	469964554.0	LH강남3단지아파트
805307784	307동	15	44	69	2013	강남구	자곡동	15.0	44.0	69	2013	15.0	44.0	429.4133676362979	469964554.0	LH강남3단지아파트
805307785	306동	15	44	72	2013	강남구	자곡동	15.0	44.0	72	2013	15.0	44.0	554.0050584619344	469964554.0	LH강남3단지아파트
805307786	305동	4	11	24	2013	강남구	자곡동	4.0	11.0	24	2013	4.0	11.0	480.9853638998699	469964554.0	LH강남3단지아파트
805307787	304동	15	44	73	2013	강남구	자곡동	15.0	44.0	73	2013	15.0	44.0	734.841055216483	469964554.0	LH강남3단지아파트
805307788	302동	15	44	72	2013	강남구	자곡동	15.0	44.0	72	2013	15.0	44.0	549.7443266498947	469964554.0	LH강남3단지아파트
805307789	303동	15	44	90	2013	강남구	자곡동	15.0	44.0	90	2013	15.0	44.0	776.5810940536497	469964554.0	LH강남3단지아파트
805307790	301동	15	44	120	2013	강남구	자곡동	15.0	44.0	120	2013	15.0	44.0	1031.8823812622418	469964554.0	LH강남3단지아파트
805307793	110동	15	41	86	1994	강남구	일원동	15.0	41.0	86	1994	15.0	41.0	1041.4784218747775	548704032.0	샘터마을아파트
805307794	102동	15	41	26	1994	강남구	일원동	15.0	41.0	26	1994	15.0	41.0	301.81948802436614	548704032.0	샘터마을아파트
805307795	108동	15	41	58	1997	강남구	수서동	15.0	41.0	58	1997	15.0	41.0	524.0824566178048	548704035.0	수서삼성아파트
805307796	111동	15		60	1997	강남구	수서동	15.0		60	1997	15.0	42.0	523.8813863038508	548704035.0	수서삼성아파트
805307797	103동	15	41	58	1997	강남구	수서동	15.0	41.0	58	1997	15.0	41.0	523.8200484679836	548704035.0	수서삼성아파트
805307798	106동	15	41	58	1997	강남구	수서동	15.0	41.0	58	1997	15.0	41.0	523.8597475510034	548704035.0	수서삼성아파트
805307799	104동	15	41	42	1997	강남구	수서동	15.0	41.0	42	1997	15.0	41.0	390.79767476673766	548704035.0	수서삼성아파트
805307800	109동	15	41	56	1997	강남구	수서동	15.0	41.0	56	1997	15.0	41.0	390.7810928169843	548704035.0	수서삼성아파트
805307801	102동	15	41	57	1997	강남구	수서동	15.0	41.0	57	1997	15.0	41.0	505.1592367825982	548704035.0	수서삼성아파트
805307802	105동	15	41	60	1997	강남구	수서동	15.0	41.0	60	1997	15.0	41.0	504.86217964708396	548704035.0	수서삼성아파트
805307803	107동	15	41	60	1997	강남구	수서동	15.0	41.0	60	1997	15.0	41.0	482.0370370577862	548704035.0	수서삼성아파트
805307804	110동	15	41	60	1997	강남구	수서동	15.0	41.0	60	1997	15.0	41.0	480.0891750692986	548704035.0	수서삼성아파트
805307805	112동	15	41	56	1997	강남구	수서동	15.0	41.0	56	1997	15.0	41.0	482.0518861841655	548704035.0	수서삼성아파트
805307806	101동	15	41	55	1997	강남구	수서동	15.0	41.0	55	1997	15.0	41.0	482.12492862295153	548704035.0	수서삼성아파트
805307807	1007동	15		239	1993	강남구	수서동	15.0		239	1993	15.0	42.0	1115.3733123608486	548704034.0	까치마을아파트
805307808	1001동	15		119	1993	강남구	수서동	15.0		119	1993	15.0	42.0	647.9262862005661	548704034.0	까치마을아파트
805307809	1005동	15		149	1993	강남구	수서동	15.0		149	1993	15.0	42.0	566.6442316173858	548704034.0	까치마을아파트
805307810	1002동	15		239	1993	강남구	수서동	15.0		239	1993	15.0	42.0	929.7540214379123	548704034.0	까치마을아파트
805307811	1006동	15		269	1993	강남구	수서동	15.0		269	1993	15.0	42.0	1231.7755869632292	548704034.0	까치마을아파트
805307812	1003동	15		269	1993	강남구	수서동	15.0		269	1993	15.0	42.0	1038.2465434724045	548704034.0	까치마을아파트
805307813	1004동	15		119	1993	강남구	수서동	15.0		119	1993	15.0	42.0	406.5192133888981	548704034.0	까치마을아파트
805307814	108동	15	41	108	1994	강남구	일원동	15.0	41.0	108	1994	15.0	41.0	1222.933659208613	548704032.0	샘터마을아파트
805307815	105동	15	41	108	1994	강남구	일원동	15.0	41.0	108	1994	15.0	41.0	1202.412491054212	548704032.0	샘터마을아파트
805307816	106동	15	41	60	1994	강남구	일원동	15.0	41.0	60	1994	15.0	41.0	742.4883624278971	548704032.0	샘터마을아파트
805307817	103동	15	41	60	1994	강남구	일원동	15.0	41.0	60	1994	15.0	41.0	742.4803995619044	548704032.0	샘터마을아파트
805307818	107동	15	41	60	1994	강남구	일원동	15.0	41.0	60	1994	15.0	41.0	742.5964589140966	548704032.0	샘터마을아파트
805307819	101동	15	41	60	1994	강남구	일원동	15.0	41.0	60	1994	15.0	41.0	652.5173143228402	548704032.0	샘터마을아파트
805307820	102동	15	41	60	1994	강남구	일원동	15.0	41.0	60	1994	15.0	41.0	552.610264941558	548704033.0	푸른마을아파트
805307821	101동	15	41	161	1994	강남구	일원동	15.0	41.0	161	1994	15.0	41.0	1029.7564369398838	548704033.0	푸른마을아파트
805307822	104동	15	41	60	1994	강남구	일원동	15.0	41.0	60	1994	15.0	41.0	552.7672209263139	548704033.0	푸른마을아파트
805307823	103동	15	41	72	1994	강남구	일원동	15.0	41.0	72	1994	15.0	41.0	463.7918973530961	548704033.0	푸른마을아파트
805307824	107동	15	41	161	1994	강남구	일원동	15.0	41.0	161	1994	15.0	41.0	1040.2032633757235	548704033.0	푸른마을아파트
805307825	108동	15	41	72	1994	강남구	일원동	15.0	41.0	72	1994	15.0	41.0	463.9547982487893	548704033.0	푸른마을아파트
805307826	105동	13	36	52	1994	강남구	일원동	13.0	36.0	52	1994	13.0	36.0	500.37338662730866	548704033.0	푸른마을아파트
805307827	110동	13	36	52	1994	강남구	일원동	13.0	36.0	52	1994	13.0	36.0	500.4814645311095	548704033.0	푸른마을아파트
805307828	109동	15	41	90	1994	강남구	일원동	15.0	41.0	90	1994	15.0	41.0	804.2169543010092	548704033.0	푸른마을아파트
805307829	106동	15	41	60	1994	강남구	일원동	15.0	41.0	60	1994	15.0	41.0	552.7709337881781	548704033.0	푸른마을아파트
805307830	111동	15	41	90	1994	강남구	일원동	15.0	41.0	90	1994	15.0	41.0	804.2218974586812	548704033.0	푸른마을아파트
805307831	109동	15	41	60	1994	강남구	일원동	15.0	41.0	60	1994	15.0	41.0	652.3527018135094	548704032.0	샘터마을아파트
839944776	101동	15	40	60	2004	송파구	가락동	15.0	40.0	60	2004	15.0	40.0	542.6590752160955	474304291.0	송파 동부센트레빌
839944777	103동	15	40	88	2004	송파구	가락동	15.0	40.0	88	2004	15.0	40.0	866.2360378676043	474304291.0	송파 동부센트레빌
839944778	104동	15	40	28	2004	송파구	가락동	15.0	40.0	28	2004	15.0	40.0	303.81688163658424	474304291.0	송파 동부센트레빌
839944779	102동	15	40	30	2004	송파구	가락동	15.0	40.0	30	2004	15.0	40.0	303.38888428182577	474304291.0	송파 동부센트레빌
839947850	213동	36	100	144	2008	송파구	신천동	36.0	100.0	144	2008	36.0	100.0	562.5522081332999	471733248.0	잠실 파크리오
839947851	215동	36	100	144	2008	송파구	신천동	36.0	100.0	144	2008	36.0	100.0	562.5473807823248	471733248.0	잠실 파크리오
839947852	212동	36	100	144	2008	송파구	신천동	36.0	100.0	144	2008	36.0	100.0	562.5509576009846	471733248.0	잠실 파크리오
839947853	216동	36	100	144	2008	송파구	신천동	36.0	100.0	144	2008	36.0	100.0	562.5462024011905	471733248.0	잠실 파크리오
839947854	211동	36	100	144	2008	송파구	신천동	36.0	100.0	144	2008	36.0	100.0	562.5496668716371	471733248.0	잠실 파크리오
839947855	210동	36	100	144	2008	송파구	신천동	36.0	100.0	144	2008	36.0	100.0	562.5484988022682	471733248.0	잠실 파크리오
839947856	217동	36	100	144	2008	송파구	신천동	36.0	100.0	144	2008	36.0	100.0	562.544685782791	471733248.0	잠실 파크리오
839947857	306동	36	100	144	2008	송파구	신천동	36.0	100.0	144	2008	36.0	100.0	562.5439531366895	471733248.0	잠실 파크리오
839947858	305동	36	100	144	2008	송파구	신천동	36.0	100.0	144	2008	36.0	100.0	562.5472996837547	471733248.0	잠실 파크리오
839947859	307동	36	100	144	2008	송파구	신천동	36.0	100.0	144	2008	36.0	100.0	562.5427443145994	471733248.0	잠실 파크리오
839947860	304동	36	100	144	2008	송파구	신천동	36.0	100.0	144	2008	36.0	100.0	562.5457414035741	471733248.0	잠실 파크리오
839947861	314동	32	89	128	2008	송파구	신천동	32.0	89.0	128	2008	32.0	89.0	562.5413864248397	471733248.0	잠실 파크리오
839947862	311동	30	84	120	2008	송파구	신천동	30.0	84.0	120	2008	30.0	84.0	562.5376561764402	471733248.0	잠실 파크리오
839947863	312동	27	75	108	2008	송파구	신천동	27.0	75.0	108	2008	27.0	75.0	562.5381781624075	471733248.0	잠실 파크리오
839947864	313동	27	75	108	2008	송파구	신천동	27.0	75.0	108	2008	27.0	75.0	562.5416864587086	471733248.0	잠실 파크리오
839947865	310동	30	84	120	2008	송파구	신천동	30.0	84.0	120	2008	30.0	84.0	562.5377313163249	471733248.0	잠실 파크리오
839947866	309동	33	92	132	2008	송파구	신천동	33.0	92.0	132	2008	33.0	92.0	562.5377746307265	471733248.0	잠실 파크리오
839947867	308동	36	100	144	2008	송파구	신천동	36.0	100.0	144	2008	36.0	100.0	562.5381100509928	471733248.0	잠실 파크리오
839947868	210동	32	89	64	2008	송파구	신천동	32.0	89.0	64	2008	32.0	89.0	460.6906739354403	471733248.0	잠실 파크리오
839947869	218동	32			2008	송파구	신천동	32.0			2008	32.0	89.6	399.7819148982465	471733248.0	잠실 파크리오
839947870	301동	32	89	64	2008	송파구	신천동	32.0	89.0	64	2008	32.0	89.0	346.6585237268648	471733248.0	잠실 파크리오
839947871	303동	32	89	64	2008	송파구	신천동	32.0	89.0	64	2008	32.0	89.0	475.9132025782279	471733248.0	잠실 파크리오
839947872	302동	31	86	62	2008	송파구	신천동	31.0	86.0	62	2008	31.0	86.0	389.63675140793157	471733248.0	잠실 파크리오
839947873	315동	30	84	114	2008	송파구	신천동	30.0	84.0	114	2008	30.0	84.0	488.9165748925145	471733248.0	잠실 파크리오
839947874	316동	27	75	102	2008	송파구	신천동	27.0	75.0	102	2008	27.0	75.0	489.08485401990043	471733248.0	잠실 파크리오
839947875	203동	28	78	84	2008	송파구	신천동	28.0	78.0	84	2008	28.0	78.0	489.0190417431686	471733248.0	잠실 파크리오
839947876	201동	24	67	72	2008	송파구	신천동	24.0	67.0	72	2008	24.0	67.0	459.89764219180955	471733248.0	잠실 파크리오
839947879	119동	28	78	84	2008	송파구	신천동	28.0	78.0	84	2008	28.0	78.0	488.7979049234283	471733248.0	잠실 파크리오
839947880	120동	24	67	72	2008	송파구	신천동	24.0	67.0	72	2008	24.0	67.0	488.8909089975684	471733248.0	잠실 파크리오
839947881	118동	33	92	66	2008	송파구	신천동	33.0	92.0	66	2008	33.0	92.0	346.3393957089239	471733248.0	잠실 파크리오
839947882	116동	33	92	66	2008	송파구	신천동	33.0	92.0	66	2008	33.0	92.0	422.27811987986286	471733248.0	잠실 파크리오
839947883	117동	33	92	66	2008	송파구	신천동	33.0	92.0	66	2008	33.0	92.0	280.1585618137031	471733248.0	잠실 파크리오
839947884	101동	20	56	160	2008	송파구	신천동	20.0	56.0	160	2008	20.0	56.0	509.16099711587617	471733248.0	잠실 파크리오
839947885	102동	23	64	184	2008	송파구	신천동	23.0	64.0	184	2008	23.0	64.0	514.9349257212249	471733248.0	잠실 파크리오
839947886	103동	23	64	86	2008	송파구	신천동	23.0	64.0	86	2008	23.0	64.0	518.9369184809981	471733248.0	잠실 파크리오
839947887	104동	26	72	98	2008	송파구	신천동	26.0	72.0	98	2008	26.0	72.0	518.8761247683296	471733248.0	잠실 파크리오
839947888	205동	33	92	66	2008	송파구	신천동	33.0	92.0	66	2008	33.0	92.0	454.4358624520641	471733248.0	잠실 파크리오
839947889	206동	33	92	66	2008	송파구	신천동	33.0	92.0	66	2008	33.0	92.0	430.71899307830176	471733248.0	잠실 파크리오
839947890	207동	33				송파구	신천동	33.0				33.0	92.39999999999999	353.56910904678114	471733248.0	잠실 파크리오
840275019	111동	26	79	59	2018			26.0	79.0	59	2018	26.0	79.0	569.4096136499383	491080315.0	반포래미안아이파크아파트
840277572	21동	17		68	1987	강남구	압구정동	17.0		68	1987	17.0	47.599999999999994	706.6153606302443	432034139.0	미성2차아파트
840277573	22동	17		68	1987	강남구	압구정동	17.0		68	1987	17.0	47.599999999999994	644.074339362867	432034139.0	미성2차아파트
854428963	대동아파트	11	29	93	1999	송파구	풍납동	11.0	29.0	93	1999	11.0	29.0	808.285727905045		
855629936	금강캐스빌					송파구	풍납동							1032.771957778136		
856525744	A					송파구	풍납동							791.1894844572535	856523220.0	서울아산병원 패밀리타운아파트
856525745	B					송파구	풍납동							297.97518810739007	856523220.0	서울아산병원 패밀리타운아파트
856829762	1	11		44	1985	송파구	풍납동	11.0		44	1985	11.0	30.799999999999997	561.3177008813318	856829761.0	풍납미성아파트
856829763	2	11		99	1985	송파구	풍납동	11.0		99	1985	11.0	30.799999999999997	941.3689859679926	856829761.0	풍납미성아파트
856829765	3	11		66	1985	송파구	풍납동	11.0		66	1985	11.0	30.799999999999997	752.3528446815873	856829761.0	풍납미성아파트
856829766	5	11		50	1985	송파구	풍납동	11.0		50	1985	11.0	30.799999999999997	752.4813792410483	856829761.0	풍납미성아파트
856829767		14	38	135	1993	송파구	풍납동	14.0	38.0	135	1993	14.0	38.0	1109.1311200160376	856829768.0	신동아파밀리에아파트
856829770	KNP상상아파트					송파구	풍납동							1571.1600109150208		
857400205		12		123	1986	송파구	풍납동	12.0		123	1986	12.0	33.599999999999994	911.4123574875325	857400204.0	토성현대아파트
857400210	미랜드퀸아파트					송파구	풍납동							884.8035988289529		
857597487		10	29	19	1999	송파구	풍납동	10.0	29.0	19	1999	10.0	29.0	294.3718428475077	857597488.0	신아아파트
863710136	101	19		152	1995	송파구	풍납동	19.0		152	1995	19.0	53.199999999999996	862.2670407097314	856172784.0	풍납현대아파트
863710137	102	19		152	1995	송파구	풍납동	19.0		152	1995	19.0	53.199999999999996	850.8796642494945	856172784.0	풍납현대아파트
863710138	103	19		152	1995	송파구	풍납동	19.0		152	1995	19.0	53.199999999999996	850.9122710009748	856172784.0	풍납현대아파트
867830211	9동	14		84	1979	송파구	신천동	14.0		84	1979	14.0	39.199999999999996	1004.9799538889906		
869739214	21동	14		84	1979	송파구	신천동	14.0		84	1979	14.0	39.199999999999996	530.765200966236		
871677176	102동	35	108	85	2020			35.0	108.0	85	2020	35.0	108.0	809.6043624239901	379417127.0	래미안리더스원아파트
871677177	101동	30	92	77	2020			30.0	92.0	77	2020	30.0	92.0	599.5358985423271	379417127.0	래미안리더스원아파트
871677178	105동	33	101	113	2020			33.0	101.0	113	2020	33.0	101.0	786.9097017971492	379417127.0	래미안리더스원아파트
871677179	107동	33	101	108	2020			33.0	101.0	108	2020	33.0	101.0	971.7629187410357	379417127.0	래미안리더스원아파트
871677180	103동	32	98	85	2020			32.0	98.0	85	2020	32.0	98.0	577.5836935249209	379417127.0	래미안리더스원아파트
871677181	104동	35	107	116	2020			35.0	107.0	116	2020	35.0	107.0	776.9845118100026	379417127.0	래미안리더스원아파트
871677182	109동	34	104	111	2020			34.0	104.0	111	2020	34.0	104.0	873.990888870507	379417127.0	래미안리더스원아파트
871677183	106동	35	107	132	2020			35.0	107.0	132	2020	35.0	107.0	916.0676595621543	379417127.0	래미안리더스원아파트
871677184	108동	35	107	114	2020			35.0	107.0	114	2020	35.0	107.0	677.7102051668384	379417127.0	래미안리더스원아파트
871677185	111동	34	104	112	2020			34.0	104.0	112	2020	34.0	104.0	739.2560575497505	379417127.0	래미안리더스원아파트
871677186	110동	29	89	133	2020			29.0	89.0	133	2020	29.0	89.0	877.1499250131777	379417127.0	래미안리더스원아파트
871677187	112동	31	95	131	2020			31.0	95.0	131	2020	31.0	95.0	777.4305756551998	379417127.0	래미안리더스원아파트
871868151	서초동대우디오빌프라임	15	64	112	2005			15.0	64.0	112	2005	15.0	64.0	1804.1450782548463		
871868161		15	49	81	2018			15.0	49.0	81	2018	15.0	49.0	261.42736888546705		
871868172		12	48	31	1999			12.0	48.0	31	1999	12.0	48.0	475.13186584010214		
871868173		15	50	48	2006			15.0	50.0	48	2006	15.0	50.0	1222.552908128908		
878647278	1	12	41	65	2003			12.0	41.0	65	2003	12.0	41.0	1494.4435109088902	878647277.0	힐탑트레져아파트
878647279	2	5						5.0				5.0	14.0	1283.6057574618958	878647277.0	힐탑트레져아파트
878647285	101	9	29	52	1998			9.0	29.0	52	1998	9.0	29.0	1068.2325727982134	381961841.0	중앙옥수하이츠아파트
878647286	107	15	48	90	1998			15.0	48.0	90	1998	15.0	48.0	718.5570130319747	381961841.0	중앙옥수하이츠아파트
878647292	102	19	57	88	1998			19.0	57.0	88	1998	19.0	57.0	903.0981344044822	381961841.0	중앙옥수하이츠아파트
883726450	702	15		135	1983	강남구	개포동	15.0		135	1983	15.0	42.0	811.1540196574729	469682980.0	개포주공 7단지 아파트
883726451	704	15		135	1983	강남구	개포동	15.0		135	1983	15.0	42.0	812.4647384636506	469682980.0	개포주공 7단지 아파트
883726452	706	15		135	1983	강남구	개포동	15.0		135	1983	15.0	42.0	812.4707485920629	469682980.0	개포주공 7단지 아파트
883726453	707	15		135	1983	강남구	개포동	15.0		135	1983	15.0	42.0	811.730140817052	469682980.0	개포주공 7단지 아파트
883726454	703	15		90	1983	강남구	개포동	15.0		90	1983	15.0	42.0	527.3121047432518	469682980.0	개포주공 7단지 아파트
883726455	701	15		90	1983	강남구	개포동	15.0		90	1983	15.0	42.0	525.5588809641647	469682980.0	개포주공 7단지 아파트
883726456	705	15		90	1983	강남구	개포동	15.0		90	1983	15.0	42.0	525.5673869496434	469682980.0	개포주공 7단지 아파트
883726457	708	15		90	1983	강남구	개포동	15.0		90	1983	15.0	42.0	525.5719333255777	469682980.0	개포주공 7단지 아파트
884138619	103동	27	81	102	2011	강남구	청담동	27.0	81.0	102	2011	27.0	81.0	405.94588719915964	800235369.0	청담자이아파트
884138620	101동	32	95	120	2011	강남구	청담동	32.0	95.0	120	2011	32.0	95.0	407.2908647531866	800235369.0	청담자이아파트
884138621	102동	35	104	166	2011	강남구	청담동	35.0	104.0	166	2011	35.0	104.0	512.1444496247476	800235369.0	청담자이아파트
884138622	104동	35	104	160	2011	강남구	청담동	35.0	104.0	160	2011	35.0	104.0	778.6084841592124	800235369.0	청담자이아파트
884138623	105동	35	104	160	2011	강남구	청담동	35.0	104.0	160	2011	35.0	104.0	777.3840975388695	800235369.0	청담자이아파트
884138628	101동	16	45	177	1992	강남구	청담동	16.0	45.0	177	1992	16.0	45.0	1504.2076922609035	884138627.0	청담래미안로이뷰아파트
884138630	102	7	22	14	2017	강남구	청담동	7.0	22.0	14	2017	7.0	22.0	777.0208035124508	884138629.0	청담 린든그로브
884138631	101	7	22	21	2017	강남구	청담동	7.0	22.0	21	2017	7.0	22.0	1092.3767636263099	884138629.0	청담 린든그로브
884138632	104	7	21	39	2017	강남구	청담동	7.0	21.0	39	2017	7.0	21.0	1002.1520955467342	884138629.0	청담 린든그로브
884138633	105	1	5	3	2017	강남구	청담동	1.0	5.0	3	2017	1.0	5.0	629.9905243977864	884138629.0	청담 린든그로브
884138634	103	7	22	37	2017	강남구	청담동	7.0	22.0	37	2017	7.0	22.0	1133.3751571125613	884138629.0	청담 린든그로브
887930224	103	18	53	66	2020	강남구	개포동	18.0	53.0	66	2020	18.0	53.0	456.9241032204433	392455561.0	개포래미안포레스트아파트
887930225	108	15	47	56	2020	강남구	개포동	15.0	47.0	56	2020	15.0	47.0	474.79246675366846	392455561.0	개포래미안포레스트아파트
887930226	107	14	44	52	2020	강남구	개포동	14.0	44.0	52	2020	14.0	44.0	474.6398778118714	392455561.0	개포래미안포레스트아파트
887930227	110	14	44	52	2020	강남구	개포동	14.0	44.0	52	2020	14.0	44.0	564.3540163945692	392455561.0	개포래미안포레스트아파트
887930228	106	14	44	52	2020	강남구	개포동	14.0	44.0	52	2020	14.0	44.0	602.9408147116076	392455561.0	개포래미안포레스트아파트
887930229	104	33	97	130	2020	강남구	개포동	33.0	97.0	130	2020	33.0	97.0	677.6470316432356	392455561.0	개포래미안포레스트아파트
887930230	105	14	44	26	2020	강남구	개포동	14.0	44.0	26	2020	14.0	44.0	332.4089731522155	392455561.0	개포래미안포레스트아파트
887930231	101	14	44	50	2020	강남구	개포동	14.0	44.0	50	2020	14.0	44.0	546.4524089107066	392455561.0	개포래미안포레스트아파트
887930235	122	7	24	24	2020	강남구	개포동	7.0	24.0	24	2020	7.0	24.0	408.59462376364036	392455561.0	개포래미안포레스트아파트
887930236	123	15	47	54	2020	강남구	개포동	15.0	47.0	54	2020	15.0	47.0	495.57584370489724	392455561.0	개포래미안포레스트아파트
887930237	124	34	101	159	2020	강남구	개포동	34.0	101.0	159	2020	34.0	101.0	859.1471127141631	392455561.0	개포래미안포레스트아파트
887930240	120	20	59	116	2020	강남구	개포동	20.0	59.0	116	2020	20.0	59.0	802.8617211517254	392455561.0	개포래미안포레스트아파트
887930242	119	34	100	134	2020	강남구	개포동	34.0	100.0	134	2020	34.0	100.0	817.431371218322	392455561.0	개포래미안포레스트아파트
887930243	118	29	87	112	2020	강남구	개포동	29.0	87.0	112	2020	29.0	87.0	802.736171660692	392455561.0	개포래미안포레스트아파트
887930244	109	33	97	122	2020	강남구	개포동	33.0	97.0	122	2020	33.0	97.0	781.6575473173517	392455561.0	개포래미안포레스트아파트
887930246	111	14	44	52	2020	강남구	개포동	14.0	44.0	52	2020	14.0	44.0	428.1024211796138	392455561.0	개포래미안포레스트아파트
887930247	102	16	50	60	2020	강남구	개포동	16.0	50.0	60	2020	16.0	50.0	427.86697594887283	392455561.0	개포래미안포레스트아파트
887930249	114	35	103	173	2020	강남구	개포동	35.0	103.0	173	2020	35.0	103.0	741.1611956961674	392455561.0	개포래미안포레스트아파트
887930250	112	13	41	48	2020	강남구	개포동	13.0	41.0	48	2020	13.0	41.0	603.0679193650964	392455561.0	개포래미안포레스트아파트
887930251	113	13	41	24	2020	강남구	개포동	13.0	41.0	24	2020	13.0	41.0	311.64073718780855	392455561.0	개포래미안포레스트아파트
887930252	116	19	58	60	2020	강남구	개포동	19.0	58.0	60	2020	19.0	58.0	570.2035900514704	392455561.0	개포래미안포레스트아파트
887930253	117	12	38	44	2020	강남구	개포동	12.0	38.0	44	2020	12.0	38.0	575.0827878079712	392455561.0	개포래미안포레스트아파트
887930254	115	35	103	173	2020	강남구	개포동	35.0	103.0	173	2020	35.0	103.0	891.0138084927305	392455561.0	개포래미안포레스트아파트
887930255	121	10	30	31	2020	강남구	개포동	10.0	30.0	31	2020	10.0	30.0	513.2351784665332	392455561.0	개포래미안포레스트아파트
887930256	127	21	64	74	2020	강남구	개포동	21.0	64.0	74	2020	21.0	64.0	480.3354381971834	392455561.0	개포래미안포레스트아파트
887930258	128	16	50	56	2020	강남구	개포동	16.0	50.0	56	2020	16.0	50.0	430.38734729631005	392455561.0	개포래미안포레스트아파트
887930259	123	15	47	38	2020	강남구	개포동	15.0	47.0	38	2020	15.0	47.0	361.35787935114047	392455561.0	개포래미안포레스트아파트
887930260	130	19	58	64		강남구	개포동	19.0	58.0	64		19.0	58.0	581.1976431861721	392455561.0	개포래미안포레스트아파트
887930261	129	22	67	84		강남구	개포동	22.0	67.0	84		22.0	67.0	487.7142470854899	392455561.0	개포래미안포레스트아파트
887930262	126	25	76	96	2020	강남구	개포동	25.0	76.0	96	2020	25.0	76.0	595.0577197524254	392455561.0	개포래미안포레스트아파트
887930273	125	7	24	24	2020	강남구	개포동	7.0	24.0	24	2020	7.0	24.0	438.9667000682063	392455561.0	개포래미안포레스트아파트
888051951	101	24	66	96	2001	강남구	도곡동	24.0	66.0	96	2001	24.0	66.0	462.6890831468007	614507245.0	도곡동삼성래미안아파트
888051952	106	24	66	96	2001	강남구	도곡동	24.0	66.0	96	2001	24.0	66.0	519.17807849179	614507245.0	도곡동삼성래미안아파트
888051953	104	24	66	96	2001	강남구	도곡동	24.0	66.0	96	2001	24.0	66.0	462.7272262898661	614507245.0	도곡동삼성래미안아파트
888051954	109	24	66	96	2001	강남구	도곡동	24.0	66.0	96	2001	24.0	66.0	519.1792199938967	614507245.0	도곡동삼성래미안아파트
888051955	102	20	56	40	2001	강남구	도곡동	20.0	56.0	40	2001	20.0	56.0	377.79396505990826	614507245.0	도곡동삼성래미안아파트
888051956	105	24	67	48	2001	강남구	도곡동	24.0	67.0	48	2001	24.0	67.0	377.79123780479995	614507245.0	도곡동삼성래미안아파트
888051957	110	24	67	48	2001	강남구	도곡동	24.0	67.0	48	2001	24.0	67.0	377.74230487648697	614507245.0	도곡동삼성래미안아파트
888051958	107	24	67	48	2001	강남구	도곡동	24.0	67.0	48	2001	24.0	67.0	377.6570188474431	614507245.0	도곡동삼성래미안아파트
888051959	103	20	56	76	2001	강남구	도곡동	20.0	56.0	76	2001	20.0	56.0	699.0191323854064	614507245.0	도곡동삼성래미안아파트
888051960	108	23	62	88	2001	강남구	도곡동	23.0	62.0	88	2001	23.0	62.0	699.0067571721578	614507245.0	도곡동삼성래미안아파트
888051962	A동	46	163	245	1999	강남구	도곡동	46.0	163.0	245	1999	46.0	163.0	1437.7868957731189	888051963.0	대림아크로빌
888051964	B동	46	163	245	1999	강남구	도곡동	46.0	163.0	245	1999	46.0	163.0	1278.891226002386	888051963.0	대림아크로빌
888051965	아카데미스위트	51	170	414	2004	강남구	도곡동	51.0	170.0	414	2004	51.0	170.0	1750.307757347439		
888051967	우성리빙텔아파트	21	72	39	1996	강남구	도곡동	21.0	72.0	39	1996	21.0	72.0	773.3168784475457		
895482735	그랜빌캐슬아파트					강남구	도곡동							879.6499219361557		
895482736	2	5		20	1994	강남구	도곡동	5.0		20	1994	5.0	14.0	435.31307486588935	895482734.0	삼성아파트
895482737	1	12		48	1994	강남구	도곡동	12.0		48	1994	12.0	33.599999999999994	505.4527953865846	895482734.0	삼성아파트
895482738	3	12		93	1994	강남구	도곡동	12.0		93	1994	12.0	33.599999999999994	787.4932583877979	895482734.0	삼성아파트
895482739	5	11		93	1994	강남구	도곡동	11.0		93	1994	11.0	30.799999999999997	729.9350455698243	895482734.0	삼성아파트
895856595	신영체르니아파트	9	26	175	2002	서초구	양재동	9.0	26.0	175	2002	9.0	26.0	1487.217014458029		
895856628	미라보빌라													616.2465617332196		
895856629	101													454.50032984916623		
895856630	102													440.7223558095026		
895875127	새티스													644.8568152764927		
896105495	대청타워	26	89	835	1997	강남구	개포동	26.0	89.0	835	1997	26.0	89.0	3400.1943241912695		
896105514	108	15		60	1992	강남구	일원동	15.0		60	1992	15.0	42.0	325.6193662752139	379533785.0	수서1단지아파트
896105515	101	15		270	1992	강남구	일원동	15.0		270	1992	15.0	42.0	959.2601823032498	379533785.0	수서1단지아파트
896105516	107	15		60	1992	강남구	일원동	15.0		60	1992	15.0	42.0	325.5126406769048	379533785.0	수서1단지아파트
896105517	106	15		60	1992	강남구	일원동	15.0		60	1992	15.0	42.0	325.45875038823976	379533785.0	수서1단지아파트
896105518	105	15		60	1992	강남구	일원동	15.0		60	1992	15.0	42.0	325.384562827394	379533785.0	수서1단지아파트
896105519	102	15		270	1992	강남구	일원동	15.0		270	1992	15.0	42.0	959.0646927905395	379533785.0	수서1단지아파트
896105520	103	15		270	1992	강남구	일원동	15.0		270	1992	15.0	42.0	863.3818937500737	379533785.0	수서1단지아파트
896105521	104			180		강남구	일원동			180				606.4138446659365	379533785.0	수서1단지아파트
896105522	109	15		180	1992	강남구	일원동	15.0		180	1992	15.0	42.0	626.3037266536863	379533785.0	수서1단지아파트
896105523	112	15		150	1992	강남구	일원동	15.0		150	1992	15.0	42.0	487.65568958633867	379533785.0	수서1단지아파트
896105524	121	15		120	1992	강남구	일원동	15.0		120	1992	15.0	42.0	502.05870635631436	379533785.0	수서1단지아파트
896105525	119	15		120	1992	강남구	일원동	15.0		120	1992	15.0	42.0	501.76478618045917	379533785.0	수서1단지아파트
896105526	118	15		120	1992	강남구	일원동	15.0		120	1992	15.0	42.0	744.4226699043932	379533785.0	수서1단지아파트
896105527	117	15		60	1992	강남구	일원동	15.0		60	1992	15.0	42.0	308.7972158620176	379533785.0	수서1단지아파트
896105528	120	15		120	1992	강남구	일원동	15.0		120	1992	15.0	42.0	847.6919850583351	379533785.0	수서1단지아파트
896105529	114	15		150	1992	강남구	일원동	15.0		150	1992	15.0	42.0	487.7694654010183	379533785.0	수서1단지아파트
896105530	113	15		168	1992	강남구	일원동	15.0		168	1992	15.0	42.0	627.605682164517	379533785.0	수서1단지아파트
896105531	111	15		168	1992	강남구	일원동	15.0		168	1992	15.0	42.0	627.6035551153096	379533785.0	수서1단지아파트
896105532	110	15		168	1992	강남구	일원동	15.0		168	1992	15.0	42.0	761.7481047517251	379533785.0	수서1단지아파트
896105533	115	15		60	1992	강남구	일원동	15.0		60	1992	15.0	42.0	308.71765523857994	379533785.0	수서1단지아파트
896105534	116	15		120	1992	강남구	일원동	15.0		120	1992	15.0	42.0	744.3156737043716	379533785.0	수서1단지아파트
896105602	5	5		20	1986	강남구	일원동	5.0		20	1986	5.0	14.0	480.277294166254	896105535.0	삼성사원아파트
896105603	3	5		20	1986	강남구	일원동	5.0		20	1986	5.0	14.0	465.2649602939977	896105535.0	삼성사원아파트
896105604	2	5		20	1986	강남구	일원동	5.0		20	1986	5.0	14.0	418.2258474370507	896105535.0	삼성사원아파트
896105605	1	5		20	1986	강남구	일원동	5.0		20	1986	5.0	14.0	405.9775283361869	896105535.0	삼성사원아파트
897178268	청담파크빌라					강남구	청담동							938.9821766676249		
897178269		19	59	158	1997	강남구	청담동	19.0	59.0	158	1997	19.0	59.0	1467.5721097745009	475924075.0	청담삼성1차아파트
897178273	104동	35	105	102	2021	강남구	삼성동	35.0	105.0	102	2021	35.0	105.0	474.6043135641394	614498548.0	래미안라클래시아파트
897178274	101동	29	88	55	2021	강남구	삼성동	29.0	88.0	55	2021	29.0	88.0	295.21648932667506	614498548.0	래미안라클래시아파트
897178279	102동	30	91	58	2021	강남구	삼성동	30.0	91.0	58	2021	30.0	91.0	266.11139062986314	614498548.0	래미안라클래시아파트
897178280	103동	35	105	133	2021	강남구	삼성동	35.0	105.0	133	2021	35.0	105.0	551.464426119887	614498548.0	래미안라클래시아파트
897178281						강남구	삼성동							338.0413573775162	614498548.0	래미안라클래시아파트
897178283	106동	31	94	115	2021	강남구	삼성동	31.0	94.0	115	2021	31.0	94.0	677.057991232717	614498548.0	래미안라클래시아파트
897178284		15		128	1992	강남구	청담동	15.0		128	1992	15.0	42.0	475.2750792560083		
897178289		19	52	108	1992	강남구	청담동	19.0	52.0	108	1992	19.0	52.0	748.5784272460303	1351497699.0	청담아이파크아파트
897178290		22	86	19	2010	강남구	청담동	22.0	86.0	19	2010	22.0	86.0	334.1364761221631	999895395.0	청담동 메가마크힐스
897178291		22	80	19	2010	강남구	청담동	22.0	80.0	19	2010	22.0	80.0	336.09328667482254	999895395.0	청담동 메가마크힐스
897178293		15		195	1991	강남구	청담동	15.0		195	1991	15.0	42.0	464.1913730718242		
899351917	101	5		30	1987	강남구	일원동	5.0		30	1987	5.0	14.0	696.9534948314491	548704040.0	개포우성7차아파트
899351918	102	5		30	1987	강남구	일원동	5.0		30	1987	5.0	14.0	627.4476061734742	548704040.0	개포우성7차아파트
899351919	103	5		30	1987	강남구	일원동	5.0		30	1987	5.0	14.0	581.0585539228786	548704040.0	개포우성7차아파트
899351920	104	5		30	1987	강남구	일원동	5.0		30	1987	5.0	14.0	695.2505187257775	548704040.0	개포우성7차아파트
899351921	105	5		30	1987	강남구	일원동	5.0		30	1987	5.0	14.0	655.4483125390243	548704040.0	개포우성7차아파트
899351922	106	5		30	1987	강남구	일원동	5.0		30	1987	5.0	14.0	685.1433037737893	548704040.0	개포우성7차아파트
899351923	107	5		30	1987	강남구	일원동	5.0		30	1987	5.0	14.0	616.0492381832264	548704040.0	개포우성7차아파트
899351924	108	5		30	1987	강남구	일원동	5.0		30	1987	5.0	14.0	679.8299007580081	548704040.0	개포우성7차아파트
899351925	109	5		30	1987	강남구	일원동	5.0		30	1987	5.0	14.0	529.3080498544088	548704040.0	개포우성7차아파트
899351926	110	14		84	1987	강남구	일원동	14.0		84	1987	14.0	39.199999999999996	621.9869573715603	548704040.0	개포우성7차아파트
899351927	111	14		84	1987	강남구	일원동	14.0		84	1987	14.0	39.199999999999996	634.6119696709419	548704040.0	개포우성7차아파트
899351932	112	14		112	1987	강남구	일원동	14.0		112	1987	14.0	39.199999999999996	1118.7070637098313	548704040.0	개포우성7차아파트
899351933	113	14		84	1987	강남구	일원동	14.0		84	1987	14.0	39.199999999999996	415.82534427457904	548704040.0	개포우성7차아파트
899351934	114	14		84		강남구	일원동	14.0		84		14.0	39.199999999999996	715.5596803020604	548704040.0	개포우성7차아파트
899351935	115	14		84	1987	강남구	일원동	14.0		84	1987	14.0	39.199999999999996	722.9355375767884	548704040.0	개포우성7차아파트
899351936	현대4차아파트	13		142	1987	강남구	일원동	13.0		142	1987	13.0	36.4	1246.0731414839997	899351930.0	현대4차아파트
899351938	104	14		130	1984	강남구	일원동	14.0		130	1984	14.0	39.199999999999996	970.2774369102018	899351931.0	개포한신아파트
899351939	101	14		78	1984	강남구	일원동	14.0		78	1984	14.0	39.199999999999996	669.270704939352	899351931.0	개포한신아파트
899351940	102	14		78	1984	강남구	일원동	14.0		78	1984	14.0	39.199999999999996	701.360215499871	899351931.0	개포한신아파트
899351941	103	14		78	1984	강남구	일원동	14.0		78	1984	14.0	39.199999999999996	881.493354828132	899351931.0	개포한신아파트
899352198	110	10	30	36	2018	강남구	일원동	10.0	30.0	36	2018	10.0	30.0	738.3066410905283	694629393.0	래미안 루체하임 아파트
899352199	111	10	30	56	2018	강남구	일원동	10.0	30.0	56	2018	10.0	30.0	881.4551346590126	694629393.0	래미안 루체하임 아파트
899352200	112	23	69	86	2018	강남구	일원동	23.0	69.0	86	2018	23.0	69.0	689.5281612374408	694629393.0	래미안 루체하임 아파트
899359885	305	15		119	1992	강남구	개포동	15.0		119	1992	15.0	42.0	625.3727673305002	548704043.0	삼익대청아파트
899359886	306	15		119	1992	강남구	개포동	15.0		119	1992	15.0	42.0	691.8503978068857	548704043.0	삼익대청아파트
899359887	301	15		161	1992	강남구	개포동	15.0		161	1992	15.0	42.0	698.0189016962969	548704043.0	삼익대청아파트
899359888	304	15		131	1992	강남구	개포동	15.0		131	1992	15.0	42.0	698.0347536094484	548704043.0	삼익대청아파트
899359889	303	15		131	1992	강남구	개포동	15.0		131	1992	15.0	42.0	698.0516650388864	548704043.0	삼익대청아파트
899359890	302	15		161	1992	강남구	개포동	15.0		161	1992	15.0	42.0	698.0392094968147	548704043.0	삼익대청아파트
899359891	101	22	67	63	2004	강남구	개포동	22.0	67.0	63	2004	22.0	67.0	771.5051433078904	548704046.0	GS개포자이아파트
899359892	102	22	67	65	2004	강남구	개포동	22.0	67.0	65	2004	22.0	67.0	771.5450738301	548704046.0	GS개포자이아파트
899359893	104	22	67	43	2004	강남구	개포동	22.0	67.0	43	2004	22.0	67.0	373.88098241327776	548704046.0	GS개포자이아파트
899359894	103	21	64	41	2004	강남구	개포동	21.0	64.0	41	2004	21.0	64.0	373.8981160635168	548704046.0	GS개포자이아파트
899359895	102	15		119	1991	강남구	개포동	15.0		119	1991	15.0	42.0	395.38176824345754	548704041.0	대치1단지아파트
899359896	105	15		149	1991	강남구	개포동	15.0		149	1991	15.0	42.0	451.2597711965668	548704041.0	대치1단지아파트
899359897	101	15		327	1991	강남구	개포동	15.0		327	1991	15.0	42.0	900.9195458670229	548704041.0	대치1단지아파트
899359898	103	15		262	1991	강남구	개포동	15.0		262	1991	15.0	42.0	707.9087754680554	548704041.0	대치1단지아파트
899359899	107	15		264	1991	강남구	개포동	15.0		264	1991	15.0	42.0	609.2251336096404	548704041.0	대치1단지아파트
899359900	106	15		263	1991	강남구	개포동	15.0		263	1991	15.0	42.0	786.861230861911	548704041.0	대치1단지아파트
899359901	104	15		116	1991	강남구	개포동	15.0		116	1991	15.0	42.0	511.1676779309139	548704041.0	대치1단지아파트
899359902	108	15		119	1991	강남구	개포동	15.0		119	1991	15.0	42.0	457.686524813602	548704041.0	대치1단지아파트
899363509	205	5		20	1994	강남구	일원동	5.0		20	1994	5.0	14.0	412.21923218089086	548704026.0	한솔마을아파트
899363510	104					강남구	일원동							628.9270139475984	548704028.0	청솔빌리지아파트
899363512	111	5		40	1993	강남구	일원동	5.0		40	1993	5.0	14.0	905.5204075517426	548704025.0	상록수아파트
899363513	205	5		40	1993	강남구	일원동	5.0		40	1993	5.0	14.0	837.5980088880534	548704025.0	상록수아파트
899375388	5	15		120	1983	강남구	대치동	15.0		120	1983	15.0	42.0	1296.5128649303233	379530471.0	대치쌍용1차아파트
899375389	6	15		90	1983	강남구	대치동	15.0		90	1983	15.0	42.0	629.2026796067003	379530471.0	대치쌍용1차아파트
899375390	1	15		120	1983	강남구	대치동	15.0		120	1983	15.0	42.0	1350.544993301005	379530471.0	대치쌍용1차아파트
899375391	2	15		120	1983	강남구	대치동	15.0		120	1983	15.0	42.0	1680.3547265794955	379530471.0	대치쌍용1차아파트
899375392	3	15		180	1983	강남구	대치동	15.0		180	1983	15.0	42.0	1276.7370968376447	379530471.0	대치쌍용1차아파트
899375408	105	5		40	1993	강남구	일원동	5.0		40	1993	5.0	14.0	1118.054733388933	548704027.0	가람아파트
899375409	104	5		40	1993	강남구	일원동	5.0		40	1993	5.0	14.0	1090.1961503788352	548704027.0	가람아파트
899375410	103	5		48	1993	강남구	일원동	5.0		48	1993	5.0	14.0	1104.9137048643952	548704027.0	가람아파트
899375411	102	5		50	1993	강남구	일원동	5.0		50	1993	5.0	14.0	1076.555102701113	548704027.0	가람아파트
899375412	101	5		40	1993	강남구	일원동	5.0		40	1993	5.0	14.0	931.5184452142032	548704027.0	가람아파트
899375413	108	5		40	1993	강남구	일원동	5.0		40	1993	5.0	14.0	1001.568965763843	548704027.0	가람아파트
899375414	109	5		20	1993	강남구	일원동	5.0		20	1993	5.0	14.0	493.0999947014894	548704027.0	가람아파트
899375415	110	5		30	1993	강남구	일원동	5.0		30	1993	5.0	14.0	777.9412034564093	548704027.0	가람아파트
899375417	111	5		48	1993	강남구	일원동	5.0		48	1993	5.0	14.0	1053.8377449691084	548704027.0	가람아파트
899375418	112	5		50	1993	강남구	일원동	5.0		50	1993	5.0	14.0	988.507594070415	548704027.0	가람아파트
899375419	113	5		40	1993	강남구	일원동	5.0		40	1993	5.0	14.0	1008.1462777380398	548704027.0	가람아파트
899375428	선경3차아파트					강남구	대치동							582.4840038291668		
899375429	미도3차맨션	10				강남구	대치동	10.0				10.0	28.0	361.6758200839485		
899375440	1	15		140	1983	강남구	대치동	15.0		140	1983	15.0	42.0	1261.2932093668496	899691115.0	선경1차아파트
899375441	2	15		84	1983	강남구	대치동	15.0		84	1983	15.0	42.0	1246.5725759562117	899691115.0	선경1차아파트
899375442	3	15		111	1983	강남구	대치동	15.0		111	1983	15.0	42.0	1488.4584387568032	899691115.0	선경1차아파트
899375443	4	15		84	1983	강남구	대치동	15.0		84	1983	15.0	42.0	874.9658955662114	899691115.0	선경1차아파트
899375444	5	15		84	1983	강남구	대치동	15.0		84	1983	15.0	42.0	726.7994323696538	899691115.0	선경1차아파트
899375445	6	15		84	1983	강남구	대치동	15.0		84	1983	15.0	42.0	971.8128528570476	899691115.0	선경1차아파트
899375446	7	15		56	1983	강남구	대치동	15.0		56	1983	15.0	42.0	667.7696392379503	899691115.0	선경1차아파트
899375447	8	15		90	1983	강남구	대치동	15.0		90	1983	15.0	42.0	1403.4175536963103	899691119.0	선경2차아파트
899375448	9	15		60	1983	강남구	대치동	15.0		60	1983	15.0	42.0	422.98838947719753	899691119.0	선경2차아파트
899375449	11	15		60	1983	강남구	대치동	15.0		60	1983	15.0	42.0	571.6628867342283	899691119.0	선경2차아파트
899375450	10	15		90	1983	강남구	대치동	15.0		90	1983	15.0	42.0	948.7348707403869	899691119.0	선경2차아파트
899375451	12	15		90	1983	강남구	대치동	15.0		90	1983	15.0	42.0	1112.4028418919702	899691119.0	선경2차아파트
899375460	101	14	40	53	2017	강남구	대치동	14.0	40.0	53	2017	14.0	40.0	775.3367111110151	636223076.0	대치SK뷰아파트
899375461	102	20	57	69	2017	강남구	대치동	20.0	57.0	69	2017	20.0	57.0	594.6990252960037	636223076.0	대치SK뷰아파트
899375462	103	17	49	60	2017	강남구	대치동	17.0	49.0	60	2017	17.0	49.0	786.0703285237716	636223076.0	대치SK뷰아파트
899691152	301	8				강남구	대치동	8.0				8.0	22.4	610.0068394666467	899691151.0	대치삼성3차아파트
899691153	302	8				강남구	대치동	8.0				8.0	22.4	450.2476326551781	899691151.0	대치삼성3차아파트
899691171	대치삼성2차아파트					강남구	대치동							1175.1739274515198	443021959.0	대치삼성래미안아파트
899909559	B					강남구	대치동							180.7431501115173	899909561.0	아크로빌아파트
899909560	A					강남구	대치동							180.81907647589048	899909561.0	아크로빌아파트
900203745	삼환쏘굿	15	52	37	2006	강남구	대치동	15.0	52.0	37	2006	15.0	52.0	932.3372022675115		
900203750	테라힐스아파트	12	35	19	2010	강남구	역삼동	12.0	35.0	19	2010	12.0	35.0	240.71219038312836		
900203760	1	14		84	1984	강남구	대치동	14.0		84	1984	14.0	39.199999999999996	776.6350274842106	379530473.0	대치우성1차아파트
900203761	2	14		84	1984	강남구	대치동	14.0		84	1984	14.0	39.199999999999996	776.241366182799	379530473.0	대치우성1차아파트
900203763	3	14		84	1984	강남구	대치동	14.0		84	1984	14.0	39.199999999999996	764.935299759001	379530473.0	대치우성1차아파트
900203764	7	14		84	1984	강남구	대치동	14.0		84	1984	14.0	39.199999999999996	787.6563160984525	379530473.0	대치우성1차아파트
900203765	5	14		84	1984	강남구	대치동	14.0		84	1984	14.0	39.199999999999996	764.988894101898	379530473.0	대치우성1차아파트
900203766	6	14		56	1984	강남구	대치동	14.0		56	1984	14.0	39.199999999999996	389.3902391098836	379530473.0	대치우성1차아파트
900895123	삼성쉐르빌2	21	70	365	2002			21.0	70.0	365	2002	21.0	70.0	1501.2598338164944		
902159272	101동	21	58	246	1994			21.0	58.0	246	1994	21.0	58.0	1918.456121408316	902159274.0	청구강변아파트
902159273	101동	13	37	47	1995			13.0	37.0	47	1995	13.0	37.0	354.6685110358728	902159274.0	청구강변아파트
903684723	19동	15		60	1988			15.0		60	1988	15.0	42.0	574.4900885752244	306385386.0	삼풍아파트
903684724	11동	15		60	1988			15.0		60	1988	15.0	42.0	662.6747085950233	306385386.0	삼풍아파트
903684725	9동	15		120	1988			15.0		120	1988	15.0	42.0	768.6007435676026	306385386.0	삼풍아파트
903684726	6동	15		105	1988			15.0		105	1988	15.0	42.0	775.2056055732982	306385386.0	삼풍아파트
903684727	2동	15		151	1988			15.0		151	1988	15.0	42.0	1112.4550074818994	306385386.0	삼풍아파트
903986659	세영팔레스아파트	13	36	67	2002	강남구	대치동	13.0	36.0	67	2002	13.0	36.0	553.5249769387741		
903986661	101	11	30	49	2008	강남구	대치동	11.0	30.0	49	2008	11.0	30.0	679.9643063773957	903986660.0	하이캐슬아파트
903986662	102					강남구	대치동							661.8110766122172	903986660.0	하이캐슬아파트
903986672	대치효성아파트	17	45	83	1999	강남구	대치동	17.0	45.0	83	1999	17.0	45.0	538.5805722721428		
903986678	한양팰리스아파트					강남구	대치동							278.2061977322363		
906267359	102동	35	110	199	2021			35.0	110.0	199	2021	35.0	110.0	990.1306945106797	379417123.0	서초그랑자이 아파트
906267360	101동	35	110	134	2021			35.0	110.0	134	2021	35.0	110.0	668.8881877384342	379417123.0	서초그랑자이 아파트
906267361	109동	35	109	102	2021			35.0	109.0	102	2021	35.0	109.0	362.6615094795395	379417123.0	서초그랑자이 아파트
906267363	108동	35	110	169	2021			35.0	110.0	169	2021	35.0	110.0	861.4983556655658	379417123.0	서초그랑자이 아파트
906267364	106동	34	107	131	2021			34.0	107.0	131	2021	34.0	107.0	773.6501290298678	379417123.0	서초그랑자이 아파트
906267365	105동	35	110	198	2021			35.0	110.0	198	2021	35.0	110.0	794.2210607636621	379417123.0	서초그랑자이 아파트
906267366	103동	35	110	201	2021			35.0	110.0	201	2021	35.0	110.0	1108.2835317669285	379417123.0	서초그랑자이 아파트
906267367	104동	35	110	192	2021			35.0	110.0	192	2021	35.0	110.0	1001.3180663204635	379417123.0	서초그랑자이 아파트
906267368	107동	32	101	120	2021			32.0	101.0	120	2021	32.0	101.0	821.8962151403832	379417123.0	서초그랑자이 아파트
911729588	에비뉴71	6				강남구	대치동	6.0				6.0	16.799999999999997	195.36068211981703		
911741472	리더스빌2차	5				강남구	대치동	5.0				5.0	14.0	169.76909272077881		
911761567	준하우스	4				강남구	대치동	4.0				4.0	11.2	130.10923845142614		
911762033	동양빌라	6				강남구	대치동	6.0				6.0	16.799999999999997	487.13140381616495		
911763427	한우리빌라					강남구	대치동							317.1427505464594		
922445037		9	28	61	2014	강남구	자곡동	9.0	28.0	61	2014	9.0	28.0	909.3447636703154	545594432.0	레미안포레아파트
922445038		9	28	36	2014	강남구	자곡동	9.0	28.0	36	2014	9.0	28.0	534.9728406855081	545594432.0	레미안포레아파트
922445039		12	37	56	2014	강남구	자곡동	12.0	37.0	56	2014	12.0	37.0	999.2939849957188	545594432.0	레미안포레아파트
922445040		12	37	56	2014	강남구	자곡동	12.0	37.0	56	2014	12.0	37.0	999.351002659498	545594432.0	레미안포레아파트
922445041		11	34	52	2014	강남구	자곡동	11.0	34.0	52	2014	11.0	34.0	999.5207610312636	545594432.0	레미안포레아파트
922445042		12	37	64	2014	강남구	자곡동	12.0	37.0	64	2014	12.0	37.0	1015.2446359707279	545594432.0	레미안포레아파트
922445043		11	34	64	2014	강남구	자곡동	11.0	34.0	64	2014	11.0	34.0	1015.6484423386387	545594432.0	레미안포레아파트
922445044		11	34	44	2014	강남구	자곡동	11.0	34.0	44	2014	11.0	34.0	513.3911684931638	545594432.0	레미안포레아파트
922445046		11	34	41	2014	강남구	자곡동	11.0	34.0	41	2014	11.0	34.0	504.67116888765315	545594432.0	레미안포레아파트
923250037		10	31	48	2014	강남구	자곡동	10.0	31.0	48	2014	10.0	31.0	774.1998939427781	545594432.0	레미안포레아파트
923250038		11	34	95	2014	강남구	자곡동	11.0	34.0	95	2014	11.0	34.0	1521.477003933487	545594432.0	레미안포레아파트
923250039		11	34	283	2014	강남구	자곡동	11.0	34.0	283	2014	11.0	34.0	4772.516459915907	545594432.0	레미안포레아파트
923250040		11	34	40	2014	강남구	자곡동	11.0	34.0	40	2014	11.0	34.0	475.7261838495468	545594432.0	레미안포레아파트
923250041		10	31	86	2014	강남구	자곡동	10.0	31.0	86	2014	10.0	31.0	722.3575518448943	545594432.0	레미안포레아파트
923250042		11	34	44	2014	강남구	자곡동	11.0	34.0	44	2014	11.0	34.0	526.8126713883382	545594432.0	레미안포레아파트
923250046		10	31	56	2014	강남구	자곡동	10.0	31.0	56	2014	10.0	31.0	1015.0988007426362	545594433.0	강남한양수자인아파트
923250047		10	31	56	2014	강남구	자곡동	10.0	31.0	56	2014	10.0	31.0	1015.2997669941155	545594433.0	강남한양수자인아파트
923250048		10	31	54	2014	강남구	자곡동	10.0	31.0	54	2014	10.0	31.0	1015.2372000452133	545594433.0	강남한양수자인아파트
923250049		10	31	48	2014	강남구	자곡동	10.0	31.0	48	2014	10.0	31.0	999.2204856954985	545594433.0	강남한양수자인아파트
923250050		10	31	48	2014	강남구	자곡동	10.0	31.0	48	2014	10.0	31.0	999.1906052718002	545594433.0	강남한양수자인아파트
925265419		10	40	150	2003	강남구	역삼동	10.0	40.0	150	2003	10.0	40.0	579.5382900930226		
925265458		13		104	1983	강남구	도곡동	13.0		104	1983	13.0	36.4	1406.172609336083	614507242.0	도곡삼익아파트
925265459		13		143	1983	강남구	도곡동	13.0		143	1983	13.0	36.4	1248.7526214555996	614507242.0	도곡삼익아파트
925265465	103	8	26	30	2007	강남구	도곡동	8.0	26.0	30	2007	8.0	26.0	454.8702207685853	1077632523.0	도곡아이파크3차아파트
925265466	104	9	28	26	2007	강남구	도곡동	9.0	28.0	26	2007	9.0	28.0	803.9816204836034	1077632523.0	도곡아이파크3차아파트
925265467	105	8	25	16	2007	강남구	도곡동	8.0	25.0	16	2007	8.0	25.0	568.0758300823212	1077632523.0	도곡아이파크3차아파트
925265468	1	5		35	1994	강남구	도곡동	5.0		35	1994	5.0	14.0	765.3595297213055	925265488.0	도곡현대아파트
925265475	2	15		210	1986	강남구	도곡동	15.0		210	1986	15.0	42.0	1661.750018240314	379417118.0	도곡우성아파트
925265476	1	15		180	1986	강남구	도곡동	15.0		180	1986	15.0	42.0	1378.1093631664103	379417118.0	도곡우성아파트
925265477		13	38	36	2006	강남구	도곡동	13.0	38.0	36	2006	13.0	38.0	695.802429492384		
925265478		12	36	22	2006	강남구	도곡동	12.0	36.0	22	2006	12.0	36.0	546.3081326736013		
925265480		12	34	84	1978	강남구	도곡동	12.0	34.0	84	1978	12.0	34.0	715.8263141215488	925265486.0	도곡쌍용예가클래식아파트
925265481		12	34	84	1978	강남구	도곡동	12.0	34.0	84	1978	12.0	34.0	694.4333670291447	925265486.0	도곡쌍용예가클래식아파트
925265482		12	34	84	1978	강남구	도곡동	12.0	34.0	84	1978	12.0	34.0	695.6555486178211	925265486.0	도곡쌍용예가클래식아파트
925265483		12	34	108	1978	강남구	도곡동	12.0	34.0	108	1978	12.0	34.0	1662.8614121348226	925265486.0	도곡쌍용예가클래식아파트
925265484		13	37	24	1979	강남구	도곡동	13.0	37.0	24	1979	13.0	37.0	533.0267073795362	925265486.0	도곡쌍용예가클래식아파트
925265498	중명하니빌아파트	9	25	111	1997	강남구	도곡동	9.0	25.0	111	1997	9.0	25.0	879.1299943139081		
925265508						강남구	도곡동							645.3321196005123		
925265509	도곡푸르지오	14	50	13	2006	강남구	도곡동	14.0	50.0	13	2006	14.0	50.0	576.8942252167747		
925265512		15	50	155	2004	강남구	도곡동	15.0	50.0	155	2004	15.0	50.0	528.3436102954643		
925265519		20	71	96	2007	강남구	도곡동	20.0	71.0	96	2007	20.0	71.0	1824.105276493371		
933325899	A동	29	90	102	2006	광진구	자양동	29.0	90.0	102	2006	29.0	90.0	898.4059244992255	933325901.0	광진트라팰리스
933325900	B동	29	90	102	2006	광진구	자양동	29.0	90.0	102	2006	29.0	90.0	898.511295202161	933325901.0	광진트라팰리스
935013447		18	63	464	2017	송파구	문정동	18.0	63.0	464	2017	18.0	63.0	1389.5824474650303		
935013450						송파구	문정동							713.4080409207071	935013452.0	문정라온빌
935013451						송파구	문정동							493.56516291949424	935013452.0	문정라온빌
935208897		17	57	315	2003	강남구	수서동	17.0	57.0	315	2003	17.0	57.0	1282.0706077421219		
935208898		17	57	315	2003	강남구	수서동	17.0	57.0	315	2003	17.0	57.0	1196.4974630519728		
938748231		19	59	153	1999			19.0	59.0	153	1999	19.0	59.0	1068.698155459149		
938748240														758.6762468381099		
938748242		12	33	56	2005			12.0	33.0	56	2005	12.0	33.0	1154.628867652796		
938748247	B동	37	130		2003			37.0	130.0		2003	37.0	130.0	1288.0029087479606	938748246.0	현대슈퍼빌아파트
938748248	A동	46	151		2003			46.0	151.0		2003	46.0	151.0	1269.89718991039	938748246.0	현대슈퍼빌아파트
938748249	C동	24	86		2003			24.0	86.0		2003	24.0	86.0	1286.7131289463116	938748246.0	현대슈퍼빌아파트
938748250	D동	22	79		2003			22.0	79.0		2003	22.0	79.0	1286.5074668861714	938748246.0	현대슈퍼빌아파트
939568513	월드메르디앙 오페라하우스	12	33	47	2004			12.0	33.0	47	2004	12.0	33.0	1243.1715634889392		
939568520	101	15	40	86	2001	서초구	서초동	15.0	40.0	86	2001	15.0	40.0	1008.5536562348908	1078755069.0	서초한신플러스타운아파트
939568521		15	40	55	2005			15.0	40.0	55	2005	15.0	40.0	941.532209410997	939568527.0	서초경남 아너스빌
939568522	102	15	40	108	2001	서초구	서초동	15.0	40.0	108	2001	15.0	40.0	1773.441562992317	939568523.0	서초한신플러스타운아파트
939568526		15	42	86	2006			15.0	42.0	86	2006	15.0	42.0	918.0374578323549	939568527.0	서초경남 아너스빌
939568529		15	46	30	2005			15.0	46.0	30	2005	15.0	46.0	352.9339395761489		
939568530		15	46	30	2005			15.0	46.0	30	2005	15.0	46.0	375.2206992846334		
939568544		22	93	610	2004			22.0	93.0	610	2004	22.0	93.0	1589.4426150771496		
939568547		15	50	156	2004			15.0	50.0	156	2004	15.0	50.0	684.5651748506273		
939568548		16		110	1991			16.0		110	1991	16.0	44.8	873.6384743616215		
939568549		24	68	426	2003			24.0	68.0	426	2003	24.0	68.0	1536.4578069509405		
939568554		33	100	160	2020			33.0	100.0	160	2020	33.0	100.0	804.8051379982157	939568563.0	서초센트럴아이파크
939568555		33	100	158	2020			33.0	100.0	158	2020	33.0	100.0	707.6431986601659	939568563.0	서초센트럴아이파크
939568562		9	28	54	2000			9.0	28.0	54	2000	9.0	28.0	1186.3903120119812		
958255770						강남구	논현동							152.31873423279558		
958255771						강남구	논현동							152.2298653793702		
958255772						강남구	논현동							152.12013443545925		
958255773						강남구	논현동							152.11989488007004		
958255774						강남구	논현동							152.19582934866696		
958255775						강남구	논현동							152.2294784331312		
958255776						강남구	논현동							152.12013019166872		
958255777						강남구	논현동							152.1203689392889		
958255778						강남구	논현동							152.23017349694157		
958255779						강남구	논현동							152.13462617762275		
958255780						강남구	논현동							152.13483161544735		
958255781						강남구	논현동							152.23039638629155		
958255782						강남구	논현동							152.13490644651682		
958255783						강남구	논현동							152.209765960536		
958255784						강남구	논현동							152.12150342095708		
958255785						강남구	논현동							152.1974256240231		
958255786						강남구	논현동							152.3192491942537		
958255787						강남구	논현동							152.12128458110215		
958255788						강남구	논현동							152.21148836268185		
958255789						강남구	논현동							152.19786240810805		
958255790						강남구	논현동							152.13571868573908		
958255791						강남구	논현동							152.1355196537188		
958255792						강남구	논현동							152.19762238169704		
958255793						강남구	논현동							152.23067931264512		
958255794						강남구	논현동							152.13473367998967		
958255795						강남구	논현동							152.19692791214513		
958255796						강남구	논현동							152.13438085777145		
958255797						강남구	논현동							152.20883645611246		
958255798						강남구	논현동							152.20902342852133		
958255799						강남구	논현동							152.12066921561456		
958255800						강남구	논현동							152.19620740489336		
958255801						강남구	논현동							152.13413912024458		
958255802						강남구	논현동							152.13436718258313		
958255803						강남구	논현동							152.13458884149077		
958255804						강남구	논현동							152.11974449291392		
958255805						강남구	논현동							152.1198871400971		
958255806						강남구	논현동							152.1961628102148		
958255807						강남구	논현동							152.22968731865544		
958255808						강남구	논현동							152.13373667976765		
958255809						강남구	논현동							152.1335936911383		
958255810						강남구	논현동							152.11960841774123		
958255811						강남구	논현동							152.30519500908713		
958255812						강남구	논현동							152.207705426458		
958255813						강남구	논현동							152.2089446041442		
958255814						강남구	논현동							117.64413316020018		
958255815						강남구	논현동							152.13240770513062		
958255816						강남구	논현동							152.22834078608017		
958255817						강남구	논현동							152.1190211040995		
958255818						강남구	논현동							152.1954563022701		
958255819						강남구	논현동							152.20950536344554		
958255820						강남구	논현동							152.1197642778473		
958255821						강남구	논현동							152.1958266135772		
958255822						강남구	논현동							152.2080110584257		
958255823						강남구	논현동							152.13375285499174		
958255824						강남구	논현동							152.21011072516768		
958255825						강남구	논현동							152.2294925721082		
958255826						강남구	논현동							152.12019329188308		
958255827						강남구	논현동							152.22990544274182		
958255828						강남구	논현동							152.12062481698035		
958255829						강남구	논현동							152.13425732227714		
958255830						강남구	논현동							152.12065477374006		
958255831						강남구	논현동							152.1969799450805		
958255832						강남구	논현동							152.23023918136937		
958255833						강남구	논현동							152.13469256028816		
958255834						강남구	논현동							152.31925369405832		
958255835						강남구	논현동							152.13477808133825		
958255836						강남구	논현동							152.19733026593923		
958255837						강남구	논현동							152.13515105854833		
958255838						강남구	논현동							152.30725401912693		
958255839						강남구	논현동							152.3195724415632		
958255840						강남구	논현동							152.19763988176487		
958255841						강남구	논현동							152.1212762243706		
958255842						강남구	논현동							152.1975632684957		
958255843						강남구	논현동							152.1354889027051		
958255844						강남구	논현동							152.12188515299619		
958255845						강남구	논현동							152.1355766398005		
958255846						강남구	논현동							152.12201339814698		
958255847						강남구	논현동							152.12215873224272		
958255848						강남구	논현동							152.23189100607613		
958255849						강남구	논현동							152.12224074715775		
958255850						강남구	논현동							152.2319841865363		
958255851						강남구	논현동							152.1364113992791		
958255852						강남구	논현동							152.12182653869985		
958255853						강남구	논현동							152.19781200391296		
958255854						강남구	논현동							152.12189480375304		
958255855						강남구	논현동							152.1981684673965		
958255856						강남구	논현동							152.12227060509787		
958255857						강남구	논현동							152.19826739279372		
958255858						강남구	논현동							152.13622432825235		
958255859						강남구	논현동							152.13636975824892		
958255860						강남구	논현동							152.30847986041863		
958255861						강남구	논현동							152.23214579675442		
958255862						강남구	논현동							152.21279150425926		
958255863						강남구	논현동							152.32114938362477		
958255864						강남구	논현동							152.21173178467058		
958255865						강남구	논현동							152.21157756275406		
958255866						강남구	논현동							152.13604955553237		
958255867						강남구	논현동							152.12207284209782		
958255868						강남구	논현동							152.22479831596996		
958255869						강남구	논현동							152.1225227382276		
958255870						강남구	논현동							152.12280187732327		
958255871						강남구	논현동							152.12266470100664		
958255872						강남구	논현동							152.13560809605016		
958255873						강남구	논현동							152.1219139402237		
958255874						강남구	논현동							152.19820350333646		
958255875						강남구	논현동							152.12219859056984		
958255876						강남구	논현동							152.23200510698882		
958255877						강남구	논현동							152.23185899292568		
958255878						강남구	논현동							152.30767119329138		
958255879						강남구	논현동							152.23132764963555		
958255880						강남구	논현동							152.13539328603954		
958255881						강남구	논현동							152.23087960514135		
958255882						강남구	논현동							152.19775036529467		
958255883						강남구	논현동							152.12183574429733		
958255884						강남구	논현동							152.12222799339622		
958255885						강남구	논현동							152.2110539133493		
958255886						강남구	논현동							152.212742838853		
958255887						강남구	논현동							152.12305721924375		
958255888						강남구	논현동							152.13720192473124		
958255889						강남구	논현동							152.12281436152165		
958255890						강남구	논현동							152.12232539686357		
958255891						강남구	논현동							152.23209431428393		
958255892						강남구	논현동							152.1989171447951		
958255893						강남구	논현동							152.13679128182392		
958255894						강남구	논현동							152.12315001980198		
958255895						강남구	논현동							152.12319945022892		
958255896						강남구	논현동							152.1224815615587		
958255897						강남구	논현동							152.19847821686838		
958255898						강남구	논현동							152.12263187665363		
958255899						강남구	논현동							152.13662291331576		
958255900						강남구	논현동							152.21298798938184		
958255901						강남구	논현동							152.23197801296558		
958255902						강남구	논현동							152.2078468472871		
958255903						강남구	논현동							152.1329110124078		
958255904						강남구	논현동							152.11965027367427		
958255905						강남구	논현동							152.12000128466303		
958255906						강남구	논현동							152.229766064224		
958255907						강남구	논현동							152.23277383856103		
958255908						강남구	논현동							152.32125573767763		
958255909						강남구	논현동							152.23008968561976		
958255910						강남구	논현동							146.33472192978275		
958255911						강남구	논현동							146.29487389008733		
958255912						강남구	논현동							146.2954144613337		
958255913						강남구	논현동							146.29533567829068		
958255914						강남구	논현동							146.2952677749326		
958255915						강남구	논현동							146.37703125217286		
958255916						강남구	논현동							146.37700709747398		
958255917						강남구	논현동							146.36967602865047		
958255918						강남구	논현동							146.37691959574173		
958255919						강남구	논현동							146.33498372210303		
958255920						강남구	논현동							146.29547986384048		
958255921						강남구	논현동							146.37772700837945		
958255922						강남구	논현동							146.29578857508693		
958255923						강남구	논현동							146.28403326927423		
958255924						강남구	논현동							146.37086759687588		
958255925						강남구	논현동							146.37093244351803		
958255926						강남구	논현동							146.37802961808632		
958255927						강남구	논현동							146.3710848089451		
958255928						강남구	논현동							146.45308646941461		
958255929						강남구	논현동							146.37217705846277		
958255930						강남구	논현동							146.37861758817263		
958255931						강남구	논현동							146.29680709990674		
958255932						강남구	논현동							146.29666368111543		
958255933						강남구	논현동							146.3366148500555		
958255934						강남구	논현동							146.29668566678322		
958255935						강남구	논현동							146.29659295069425		
958255936						강남구	논현동							146.37841040850992		
958255937						강남구	논현동							146.37835886501185		
958255938						강남구	논현동							146.2929370570822		
958255939						강남구	논현동							146.29285127484076		
958255940						강남구	논현동							146.25088974841384		
958255941						강남구	논현동							175.57658408038114		
967550722	7동					강남구	신사동							451.5332800194683	503015621.0	현대맨션
967550723	6동					강남구	신사동							451.88044131119705	503015621.0	현대맨션
967550724	1동					강남구	신사동							451.8803629922357	503015621.0	현대맨션
967550725	3동					강남구	신사동							451.8848196365142	503015621.0	현대맨션
967550726	8동					강남구	신사동							451.8848854520651	503015621.0	현대맨션
967550727	5동					강남구	신사동							347.94836399115746	503015621.0	현대맨션
967550728	9동					강남구	신사동							348.06096961614253	503015621.0	현대맨션
967550729	10동					강남구	신사동							347.9484731552501	503015621.0	현대맨션
967846321						강남구	신사동							439.84814748912527		
967846322	1동	12	34	63	2008	강남구	신사동	12.0	34.0	63	2008	12.0	34.0	901.213323955221	967846319.0	래미안신사아파트
967846331	한양빌라					강남구	신사동							268.14572810680284		
967846344	진흥아마란스아파트					강남구	신사동							425.5803169173834		
967846352		14	37	27	2004	강남구	신사동	14.0	37.0	27	2004	14.0	37.0	332.8767236274738		
967846372						강남구	신사동							261.1784834645902		
967848649		19	72	63	2021	강남구	삼성동	19.0	72.0	63	2021	19.0	72.0	682.8013797566238		
968465535		9	28	51	2014	강남구	자곡동	9.0	28.0	51	2014	9.0	28.0	1015.1321938036718	545594433.0	강남한양수자인아파트
972154282	301	20	54	77	1999	송파구	풍납동	20.0	54.0	77	1999	20.0	54.0	1186.61523617759	856172783.0	현대리버빌1차아파트
972154283	302	19	51	43	1999	송파구	풍납동	19.0	51.0	43	1999	19.0	51.0	626.1524448910362	856172783.0	현대리버빌1차아파트
972154284	303	12	32	84	1999	송파구	풍납동	12.0	32.0	84	1999	12.0	32.0	1073.9073183816292	856172783.0	현대리버빌1차아파트
972154285	304	6	16	30	1999	송파구	풍납동	6.0	16.0	30	1999	6.0	16.0	617.8623413446198	856172783.0	현대리버빌1차아파트
972154286	307	16	43	176	1999	송파구	풍납동	16.0	43.0	176	1999	16.0	43.0	725.7979222525476	856172783.0	현대리버빌1차아파트
972154287	306	16	43	77	1999	송파구	풍납동	16.0	43.0	77	1999	16.0	43.0	411.92200718962533	856172783.0	현대리버빌1차아파트
972154288	305	9	24	70	1999	송파구	풍납동	9.0	24.0	70	1999	9.0	24.0	1034.850228245407	856172783.0	현대리버빌1차아파트
975339867	102동	18	48	105	1999	강남구	청담동	18.0	48.0	105	1999	18.0	48.0	1026.2475169785523	975339869.0	삼성래미안3차아파트
975339868	101동	18	48	112	1999	강남구	청담동	18.0	48.0	112	1999	18.0	48.0	712.338786450684	975339869.0	삼성래미안3차아파트
976267549						강남구	삼성동							662.3907663950428		
976267595	논현 로얄팰리스	15	61	39	2005	강남구	논현동	15.0	61.0	39	2005	15.0	61.0	838.4454891540153		
976267598		22	76	42	1997	강남구	논현동	22.0	76.0	42	1997	22.0	76.0	974.8267067914826		
976267600		10	33	18	2000	강남구	논현동	10.0	33.0	18	2000	10.0	33.0	565.7854066998686	976267599.0	현대넥서스빌라트
976267601		9	28	16	1997	강남구	논현동	9.0	28.0	16	1997	9.0	28.0	742.4525729716305	976267599.0	현대넥서스빌라트
976267607		20	66	72	2021	강남구	역삼동	20.0	66.0	72	2021	20.0	66.0	1125.7669967403199		
976267609		19	63	34	2021	강남구	역삼동	19.0	63.0	34	2021	19.0	63.0	334.9595324922916		
976583554	한라아파트 101동	22	61	237	1996	광진구	자양동	22.0	61.0	237	1996	22.0	61.0	1826.2280522015415		
979503310	2					강남구	도곡동							210.25789920251196	979503309.0	도곡동 현대맨션
979503311	1					강남구	도곡동							563.8798864214662	979503309.0	도곡동 현대맨션
979503313						강남구	도곡동							400.0220178231542		
979503318		15	50	50	2005			15.0	50.0	50	2005	15.0	50.0	281.1124390459537		
979503319		15	50	45	2005			15.0	50.0	45	2005	15.0	50.0	259.9456744976543		
979503357	102	11	31	99	1992	강남구	도곡동	11.0	31.0	99	1992	11.0	31.0	973.4701190377957	925265492.0	도곡대림아파트
979503358	101	14	37	98	1992	강남구	도곡동	14.0	37.0	98	1992	14.0	37.0	964.434420388432	925265492.0	도곡대림아파트
979503359		15		86	1988	강남구	도곡동	15.0		86	1988	15.0	42.0	718.3900956436482	925265491.0	도곡한신아파트
979503360		15		90	1988	강남구	도곡동	15.0		90	1988	15.0	42.0	668.2953004143787	925265491.0	도곡한신아파트
979503361		15		90	1988	강남구	도곡동	15.0		90	1988	15.0	42.0	687.9844996561656	925265491.0	도곡한신아파트
979503362		15		90	1988	강남구	도곡동	15.0		90	1988	15.0	42.0	853.0421804444858	925265491.0	도곡한신아파트
979503363		15		65	1988	강남구	도곡동	15.0		65	1988	15.0	42.0	442.2424017206146	925265491.0	도곡한신아파트
984670780		11	35	18	2003	강남구	개포동	11.0	35.0	18	2003	11.0	35.0	424.77739224354417		
984670781		12	45	78	2024	강남구	개포동	12.0	45.0	78	2024	12.0	45.0	1611.4230948742613		
990211061	101동	23	67	200	1998	송파구	풍납동	23.0	67.0	200	1998	23.0	67.0	1710.4587668855183	503505195.0	시티극동아파트
991708309		11	37	19	1997	강남구	청담동	11.0	37.0	19	1997	11.0	37.0	609.2590845939256	356479619.0	연세리버빌 아파트
991708310		14	52	13	1997	강남구	청담동	14.0	52.0	13	1997	14.0	52.0	177.90452101110833	356479619.0	연세리버빌 아파트
991708328		11		19	1992	강남구	청담동	11.0		19	1992	11.0	30.799999999999997	274.49694105465534	356477882.0	씨티2차 아파트
991708329		11		18	1992	강남구	청담동	11.0		18	1992	11.0	30.799999999999997	233.53890634209583	356477882.0	씨티2차 아파트
991708330	시티빌라트	13	37	19	1996	강남구	청담동	13.0	37.0	19	1996	13.0	37.0	340.19740278992197		
991708331		19	52	138	1994	강남구	청담동	19.0	52.0	138	1994	19.0	52.0	1077.9487527287508	356474586.0	건영아파트
991708332		19	52	102	1994	강남구	청담동	19.0	52.0	102	1994	19.0	52.0	839.544576463422	356474586.0	건영아파트
991708334	PH129	20	73	29	2020	강남구	청담동	20.0	73.0	29	2020	20.0	73.0	1042.3148548735694		
993724755	709동	15	43	90	2014	강남구	자곡동	15.0	43.0	90	2014	15.0	43.0	818.2561837043681	382238719.0	LH강남아이파크7단지아파트
993724756	708동	15	43	90	2014	강남구	자곡동	15.0	43.0	90	2014	15.0	43.0	757.1645127829406	382238719.0	LH강남아이파크7단지아파트
993724757		15	43	75	2014	강남구	자곡동	15.0	43.0	75	2014	15.0	43.0	759.1635558327202	382238719.0	LH강남아이파크7단지아파트
993724758	707동	15	43	87	2014	강남구	자곡동	15.0	43.0	87	2014	15.0	43.0	759.0950476640479	382238719.0	LH강남아이파크7단지아파트
993724759	706동	15	43	76	2014	강남구	자곡동	15.0	43.0	76	2014	15.0	43.0	759.0051658136512	382238719.0	LH강남아이파크7단지아파트
993724760	705동	15	43	46	2014	강남구	자곡동	15.0	43.0	46	2014	15.0	43.0	538.6331318184476	382238719.0	LH강남아이파크7단지아파트
993724761	704동	15	43	76	2014	강남구	자곡동	15.0	43.0	76	2014	15.0	43.0	768.9316143983905	382238719.0	LH강남아이파크7단지아파트
993724762	703동	15	43	76	2014	강남구	자곡동	15.0	43.0	76	2014	15.0	43.0	769.227532995485	382238719.0	LH강남아이파크7단지아파트
993724763	701동	15	43	60	2014	강남구	자곡동	15.0	43.0	60	2014	15.0	43.0	577.004517432319	382238719.0	LH강남아이파크7단지아파트
993724764	702동	12	34	40	2014	강남구	자곡동	12.0	34.0	40	2014	12.0	34.0	598.3357301922616	382238719.0	LH강남아이파크7단지아파트
993724766	407동	15	43	58	2014	강남구	자곡동	15.0	43.0	58	2014	15.0	43.0	529.9420670698725	469964551.0	LH강남브리즈힐아파트
993724767	411동	11	32	19	2014	강남구	자곡동	11.0	32.0	19	2014	11.0	32.0	328.4134905601982	469964551.0	LH강남브리즈힐아파트
993724768	410동	15	43	60	2014	강남구	자곡동	15.0	43.0	60	2014	15.0	43.0	529.8792722189511	469964551.0	LH강남브리즈힐아파트
993724769	405동	8	24	12	2014	강남구	자곡동	8.0	24.0	12	2014	8.0	24.0	339.7391261475849	469964551.0	LH강남브리즈힐아파트
993724770	402동	8	24	13	2014	강남구	자곡동	8.0	24.0	13	2014	8.0	24.0	343.9320070924154	469964551.0	LH강남브리즈힐아파트
993724771	406동	14	40	52	2014	강남구	자곡동	14.0	40.0	52	2014	14.0	40.0	628.348650425782	469964551.0	LH강남브리즈힐아파트
993724772	401동	8	24	13	2014	강남구	자곡동	8.0	24.0	13	2014	8.0	24.0	344.0252262215998	469964551.0	LH강남브리즈힐아파트
993724773	409동	15	43	58	2014	강남구	자곡동	15.0	43.0	58	2014	15.0	43.0	628.3473654802369	469964551.0	LH강남브리즈힐아파트
993724774	413동	8	24	13	2014	강남구	자곡동	8.0	24.0	13	2014	8.0	24.0	338.8196508610114	469964551.0	LH강남브리즈힐아파트
993724775	403동	8	24	13	2014	강남구	자곡동	8.0	24.0	13	2014	8.0	24.0	338.5528070413295	469964551.0	LH강남브리즈힐아파트
993724776	408동	15	43	59	2014	강남구	자곡동	15.0	43.0	59	2014	15.0	43.0	628.5032195682516	469964551.0	LH강남브리즈힐아파트
993724777	412동	11	32	19	2014	강남구	자곡동	11.0	32.0	19	2014	11.0	32.0	339.78755223957137	469964551.0	LH강남브리즈힐아파트
993724778	404동	8	24	13	2014	강남구	자곡동	8.0	24.0	13	2014	8.0	24.0	342.7847094035434	469964551.0	LH강남브리즈힐아파트
995319658	611동	6	19	21		강남구	율현동	6.0	19.0	21		6.0	19.0	317.0970680552791	468911124.0	강남한신휴플러스6단지
995319659	612동	5	16	18	2015	강남구	율현동	5.0	16.0	18	2015	5.0	16.0	324.8240917025183	468911124.0	강남한신휴플러스6단지
995319660	610동	7	22	24	2015	강남구	율현동	7.0	22.0	24	2015	7.0	22.0	539.4383639086434	468911124.0	강남한신휴플러스6단지
995319661	603동	9	28	18	2015	강남구	율현동	9.0	28.0	18	2015	9.0	28.0	256.9396891965411	468911124.0	강남한신휴플러스6단지
995319662	606동	10	31	26	2015	강남구	율현동	10.0	31.0	26	2015	10.0	31.0	420.37416778686315	468911124.0	강남한신휴플러스6단지
995319663	605동	9	28	40	2015	강남구	율현동	9.0	28.0	40	2015	9.0	28.0	702.0799224018532	468911124.0	강남한신휴플러스6단지
995319664	609동	10	31	40	2015	강남구	율현동	10.0	31.0	40	2015	10.0	31.0	508.09214880758816	468911124.0	강남한신휴플러스6단지
995319665	608동	10	31	39	2015	강남구	율현동	10.0	31.0	39	2015	10.0	31.0	508.15496548656535	468911124.0	강남한신휴플러스6단지
995319666	607동	10	31	40	2015	강남구	율현동	10.0	31.0	40	2015	10.0	31.0	508.1216855465325	468911124.0	강남한신휴플러스6단지
995319667	604동	9	28	36	2015	강남구	율현동	9.0	28.0	36	2015	9.0	28.0	458.8418913200418	468911124.0	강남한신휴플러스6단지
995319668	601동	8	25	32	2015	강남구	율현동	8.0	25.0	32	2015	8.0	25.0	347.04327336735145	468911124.0	강남한신휴플러스6단지
995319669	602동	8	25	44	2015	강남구	율현동	8.0	25.0	44	2015	8.0	25.0	534.6647193568797	468911124.0	강남한신휴플러스6단지
996861868	308	17	45	182	1999	송파구	풍납동	17.0	45.0	182	1999	17.0	45.0	845.0161670064838	856172782.0	현대리버빌2차아파트
998653083			13.25			강남구	도곡동		13.25			5.0	13.25	134.7943697291636		
998653086			10.2			강남구	도곡동		10.2			4.0	10.2	179.90067344697536		
999895303	104	24	66	92	1999	강남구	청담동	24.0	66.0	92	1999	24.0	66.0	665.0345423326117	356473839.0	청담현대 3차 아파트
999895305	102	10	27	60	1999	강남구	청담동	10.0	27.0	60	1999	10.0	27.0	841.7310449964795	356473839.0	청담현대 3차 아파트
999895306	103	16	43	64	1999	강남구	청담동	16.0	43.0	64	1999	16.0	43.0	637.9808973669383	356473839.0	청담현대 3차 아파트
999895307	101	17	45	101	1999	강남구	청담동	17.0	45.0	101	1999	17.0	45.0	611.5593898679809	356473839.0	청담현대 3차 아파트
999895316						강남구	청담동							165.38296373155032		
999895317						강남구	청담동							85.72859328385283		
999895322		17				강남구	청담동	17.0				17.0	47.599999999999994	515.602223455319	356473838.0	상지리츠빌 5차 아파트
999895323		17				강남구	청담동	17.0				17.0	47.599999999999994	294.6571153254885	356473838.0	상지리츠빌 5차 아파트
999895324		17				강남구	청담동	17.0				17.0	47.599999999999994	315.3719411873336	356473838.0	상지리츠빌 5차 아파트
999895326		7				강남구	청담동	7.0				7.0	19.599999999999998	463.33957488995026		
999895350						강남구	청담동							615.9861305526741	356476358.0	청담대우멤버스카운티 아파트
999895351						강남구	청담동							537.3595386345432	356476358.0	청담대우멤버스카운티 아파트
999895352						강남구	청담동							131.0762032238183	356476358.0	청담대우멤버스카운티 아파트
999895353						강남구	청담동							355.66618213273057	356476357.0	청담대우멤버스카운티 아파트
999895354						강남구	청담동							397.7592479187713	356476357.0	청담대우멤버스카운티 아파트
999895355						강남구	청담동							397.7582192453167	356476357.0	청담대우멤버스카운티 아파트
999895356						강남구	청담동							397.5828539367945	356476357.0	청담대우멤버스카운티 아파트
999895357						강남구	청담동							397.85242675605264	356476357.0	청담대우멤버스카운티 아파트
999895358						강남구	청담동							397.4544001553442	356476357.0	청담대우멤버스카운티 아파트
999895359						강남구	청담동							1059.7823830205734	356476360.0	청담CJ빌리지 아파트
999895360						강남구	청담동							405.49917964119425	356476360.0	청담CJ빌리지 아파트
999895378						강남구	청담동							554.7570138730671	356479614.0	삼호 아파트
999895379						강남구	청담동							554.4746971449268	356479614.0	삼호 아파트
1006322720						강남구	개포동							528.369593844152		
1006322721						강남구	개포동							253.05708104136477		
1019268187		15	58	46	2005			15.0	58.0	46	2005	15.0	58.0	609.5042572320854		
1019268198		20	67	68	2006			20.0	67.0	68	2006	20.0	67.0	1071.1463510276044		
1019268221	한아름아파트													390.4428283609063		
1019268222	메이저아파트													311.73323004173034		
1029253729	수서벤쳐빌오피스텔	20	79	521	2002	강남구	수서동	20.0	79.0	521	2002	20.0	79.0	5484.863241288389		
1031886529	서초헤센스마트	8				서초구	서초동	8.0				8.0	22.4	1586.5621199739348		
1040125506		19	53	154	2000			19.0	53.0	154	2000	19.0	53.0	1195.790441214582		
1040125507		12	34	48	2000			12.0	34.0	48	2000	12.0	34.0	410.6970835330528		
1043288056	현대임페리움아파트													696.3998296806421		
1043288104		15	49	203	1999			15.0	49.0	203	1999	15.0	49.0	1413.4798131154848	1043288103.0	서초현대아파트
1043288108		15	42	58	2003			15.0	42.0	58	2003	15.0	42.0	907.0912126116466	1043288109.0	롯데캐슬스파
1043288110	A	12	34	19	2002			12.0	34.0	19	2002	12.0	34.0	450.78697905738613	1043288113.0	월드메르디앙
1043288111	B	12	34	18	2002			12.0	34.0	18	2002	12.0	34.0	435.8490655097073	1043288113.0	월드메르디앙
1043288114		11	32	19	2002			11.0	32.0	19	2002	11.0	32.0	497.7380512816876	1043288120.0	샹보르아파트
1043288117		11	33	42	1995			11.0	33.0	42	1995	11.0	33.0	550.4675879221614	1043288118.0	두진아파트
1044253257		15	43	14	1999			15.0	43.0	14	1999	15.0	43.0	284.8558424223241		
1046181851		20	63	471	2016			20.0	63.0	471	2016	20.0	63.0	954.387894992147		
1046181852		15	53	288	2006			15.0	53.0	288	2006	15.0	53.0	986.5036351438432		
1046181853		16	53	276	2013			16.0	53.0	276	2013	16.0	53.0	950.0956147910197		
1046181854		20	63	137	2014			20.0	63.0	137	2014	20.0	63.0	776.52220264461		
1046181856		18	52	122	2002			18.0	52.0	122	2002	18.0	52.0	1741.4826279924496		
1046181859		14	46	77	2007			14.0	46.0	77	2007	14.0	46.0	864.1389295358182		
1046902318	서초중흥S클래스													670.8692149845135		
1050955245	A동	25	85	137	2005			25.0	85.0	137	2005	25.0	85.0	1109.1103940345488	1050955246.0	삼성서초트라팰리스아파트
1050955263		20	64	141	1993			20.0	64.0	141	1993	20.0	64.0	640.3935406140529		
1051322848	우리빌라					송파구	풍납동							166.55984950392138		
1051322849	한강빌라					송파구	풍납동							166.46863888001408		
1051322850						송파구	풍납동							148.41088546309942		
1056882862		13		64	1989			13.0		64	1989	13.0	36.4	450.2388047923318	1056882867.0	서초아남아파트
1058440986						강남구	논현동							430.6322685120928		
1058440987						강남구	논현동							140.4827867474148		
1058440988						강남구	논현동							480.2049241966267		
1058440992						강남구	논현동							637.9882415180193		
1058440993						강남구	논현동							657.3381953929148		
1065771482		15		108	2018	강남구	논현동	15.0		108	2018	15.0	42.0	440.5059524008809		
1065771483		15	60	297	2022	강남구	논현동	15.0	60.0	297	2022	15.0	60.0	598.559222362749		
1067083841	101동	15		180	1990	송파구	잠실동	15.0		180	1990	15.0	42.0	1163.0556626692878	1067083839.0	잠실동현대아파트
1067083842	103동	15		60	1990	송파구	잠실동	15.0		60	1990	15.0	42.0	479.7999640206857	1067083839.0	잠실동현대아파트
1067083843	102동	15		97	1990	송파구	잠실동	15.0		97	1990	15.0	42.0	762.1694502443138	1067083839.0	잠실동현대아파트
1067083853	잠실포스코더샵아파트	17	54	86	2004	송파구	잠실동	17.0	54.0	86	2004	17.0	54.0	892.155811197805		
1067083854		10	36	24	2018	송파구	잠실동	10.0	36.0	24	2018	10.0	36.0	290.1755074943863		
1076781783	510	11	36	22	2011	강남구	세곡동	11.0	36.0	22	2011	11.0	36.0	391.0845454856532	382259614.0	강남데시앙파크5단지아파트
1076781784	509	11	35	44	2011	강남구	세곡동	11.0	35.0	44	2011	11.0	35.0	460.2681872867715	382259614.0	강남데시앙파크5단지아파트
1076781785	502	11	36	41	2011	강남구	세곡동	11.0	36.0	41	2011	11.0	36.0	757.6569816989922	382259614.0	강남데시앙파크5단지아파트
1076781786	512	12	36	44	2011	강남구	세곡동	12.0	36.0	44	2011	12.0	36.0	589.9475316293301	382259614.0	강남데시앙파크5단지아파트
1076781787	501	11	33	41	2011	강남구	세곡동	11.0	33.0	41	2011	11.0	33.0	589.9085665447748	382259614.0	강남데시앙파크5단지아파트
1076781788	503	11	36	38	2011	강남구	세곡동	11.0	36.0	38	2011	11.0	36.0	751.2848452689473	382259614.0	강남데시앙파크5단지아파트
1076781789	504	10	30	38	2011	강남구	세곡동	10.0	30.0	38	2011	10.0	30.0	589.8985495423842	382259614.0	강남데시앙파크5단지아파트
1076781790	508	10	30	38	2011	강남구	세곡동	10.0	30.0	38	2011	10.0	30.0	589.8272184223741	382259614.0	강남데시앙파크5단지아파트
1076781792	513	10	33	18	2011	강남구	세곡동	10.0	33.0	18	2011	10.0	33.0	379.8674941865893	382259614.0	강남데시앙파크5단지아파트
1076781795	507	11	36	38	2011	강남구	세곡동	11.0	36.0	38	2011	11.0	36.0	767.9196406700869	382259614.0	강남데시앙파크5단지아파트
1076781796	506	11	36	22	2011	강남구	세곡동	11.0	36.0	22	2011	11.0	36.0	384.17208255169555	382259614.0	강남데시앙파크5단지아파트
1077029741	505	12	36	44	2011	강남구	세곡동	12.0	36.0	44	2011	12.0	36.0	600.3999921966825	382259614.0	강남데시앙파크5단지아파트
1077382412	102	6	16	24	2002	강남구	대치동	6.0	16.0	24	2002	6.0	16.0	614.0805584520075	1077382411.0	대치롯데캐슬아파트
1077382413	101	22	59	86	2002	강남구	대치동	22.0	59.0	86	2002	22.0	59.0	665.7919727934998	1077382411.0	대치롯데캐슬아파트
1077382414	103	16	43	32	2002	강남구	대치동	16.0	43.0	32	2002	16.0	43.0	328.3873428656983	1077382411.0	대치롯데캐슬아파트
1077632498	102	16	44	50	2004	강남구	청담동	16.0	44.0	50	2004	16.0	44.0	677.9893809974286		
1077632499	101	16	44	52	2004	강남구	청담동	16.0	44.0	52	2004	16.0	44.0	669.3540936118548		
1077632504	102	9	26	27	2006	강남구	삼성동	9.0	26.0	27	2006	9.0	26.0	406.99923429681746	1077632503.0	영무예다음아파트
1077632505	101	9	26	18	2006	강남구	삼성동	9.0	26.0	18	2006	9.0	26.0	318.9385122397361	1077632503.0	영무예다음아파트
1077632506	삼성동대성유니드아파트	9	26	59	2004	강남구	삼성동	9.0	26.0	59	2004	9.0	26.0	986.2778070547406		
1077632507	103	10	26	18	2003	강남구	역삼동	10.0	26.0	18	2003	10.0	26.0	362.8898201962644	1077632510.0	역삼금호어울림아파트
1077632508	102	15	39	83	2003	강남구	역삼동	15.0	39.0	83	2003	15.0	39.0	986.4640714968887	1077632510.0	역삼금호어울림아파트
1077632509	101	15	39	83	2003	강남구	역삼동	15.0	39.0	83	2003	15.0	39.0	1053.093982919996	1077632510.0	역삼금호어울림아파트
1077632511	역삼르비앙아파트					강남구	역삼동							408.9122765695336		
1077632512	역삼월드메르디앙아파트	12	35	93	2005	강남구	역삼동	12.0	35.0	93	2005	12.0	35.0	1410.7220766986843		
1077632513	명인갤러리2차아파트					강남구	역삼동							206.80340523303275		
1077632514	역삼트레벨아파트					강남구	역삼동							508.08990528679414		
1077632515	102	7	20	14	2003	강남구	도곡동	7.0	20.0	14	2003	7.0	20.0	423.9021414512586	1077632517.0	롯데캐슬모닝아파트
1077632516	101	11	31	46	2003	강남구	도곡동	11.0	31.0	46	2003	11.0	31.0	900.5007154027688	1077632517.0	롯데캐슬모닝아파트
1077632518	102	27	76	52	2007	강남구	도곡동	27.0	76.0	52	2007	27.0	76.0	395.28322374588146	614507239.0	현대아이파크도곡1차아파트
1077632519	101	17	43	59	2007	강남구	도곡동	17.0	43.0	59	2007	17.0	43.0	539.8407918216662	614507239.0	현대아이파크도곡1차아파트
1077632520	103	18	49	64	2007	강남구	도곡동	18.0	49.0	64	2007	18.0	49.0	539.8858123712288	614507239.0	현대아이파크도곡1차아파트
1077632521	104	27	76	78	2007	강남구	도곡동	27.0	76.0	78	2007	27.0	76.0	641.1140959053013	614507239.0	현대아이파크도곡1차아파트
1077632522	105	18	50	58	2007	강남구	도곡동	18.0	50.0	58	2007	18.0	50.0	748.4612249203924	614507239.0	현대아이파크도곡1차아파트
1078142372	101	16	51	96	1999			16.0	51.0	96	1999	16.0	51.0	775.55123192872	1043288103.0	서초현대아파트
1078142374	101	16	47	41	2001			16.0	47.0	41	2001	16.0	47.0	853.4441761753556	1078142373.0	롯데캐슬84아파트
1078142375	101	16	47	43	2001			16.0	47.0	43	2001	16.0	47.0	839.4162562767859	1078142373.0	롯데캐슬84아파트
1078142376	101동	20	60	38	2021			20.0	60.0	38	2021	20.0	60.0	289.7719159278941	1078142378.0	반포센트레빌아스테리움아파트
1078142377	102동	19	57	70	2021			19.0	57.0	70	2021	19.0	57.0	570.9565271071078	1078142378.0	반포센트레빌아스테리움아파트
1078142379	108동	11	32	20	2018			11.0	32.0	20	2018	11.0	32.0	304.4610498230554	593865558.0	반포센트럴푸르지오써밋아파트
1078142380	107동	11	32	39	2018			11.0	32.0	39	2018	11.0	32.0	451.3117832555905	593865558.0	반포센트럴푸르지오써밋아파트
1078142381		12	37	168	2001	서초구	잠원동	12.0	37.0	168	2001	12.0	37.0	656.6861872805398		
1078178876						강남구	청담동							359.1087024382587	1078178875.0	청담삼성빌라
1078178878						강남구	청담동							378.68522701702636	1078178875.0	청담삼성빌라
1078178879	연세빌라	12	37	11	2000	강남구	청담동	12.0	37.0	11	2000	12.0	37.0	389.43660496862094		
1078178880	연세청담파크빌	10	35	18	1999	강남구	청담동	10.0	35.0	18	1999	10.0	35.0	580.7417787672883		
1078183957	144					강남구	개포동							653.7166129534417		
1078183958	148					강남구	개포동							864.0433308293683		
1078183959	146					강남구	개포동							421.518147629838		
1078183960	147					강남구	개포동							916.7433306212432		
1078183961	153					강남구	개포동							998.2506788531443		
1078183962	157					강남구	개포동							912.923728492292		
1078183963	155					강남구	개포동							1042.5483761596563		
1078183964	154					강남구	개포동							1069.6776570455986		
1078183965	168					강남구	개포동							547.2723973727063		
1078183966	170					강남구	개포동							636.2459078453563		
1078183967	164					강남구	개포동							732.0801912117042		
1078183968	169					강남구	개포동							910.5082550051413		
1078183969	167					강남구	개포동							910.0307664743416		
1078183970	173					강남구	개포동							1034.046997231616		
1078183973	139	7				강남구	개포동	7.0				7.0	19.599999999999998	772.5130662346868		
1078183974	138	28				강남구	개포동	28.0				28.0	78.39999999999999	938.567175946127		
1078183975	143					강남구	개포동							923.8941392569665		
1078183976	145					강남구	개포동							801.1425592284461		
1078183977	140	18				강남구	개포동	18.0				18.0	50.4	540.0342986135836		
1078183978	142					강남구	개포동							565.3779008095325		
1078183979	141	19				강남구	개포동	19.0				19.0	53.199999999999996	858.0141857798451		
1078429991	102동	18	50	126	1995	송파구	풍납동	18.0	50.0	126	1995	18.0	50.0	716.9852133220592	1078755067.0	동아한가람아파트
1078429993	101	14	44	54	2005			14.0	44.0	54	2005	14.0	44.0	1197.7556147637756	1078429992.0	서초더샵오데움1단지아파트
1078429995	104	23	76	19	2009			23.0	76.0	19	2009	23.0	76.0	253.95987976038452	939568557.0	서초아트자이
1078429996	103	20	69	37	2009			20.0	69.0	37	2009	20.0	69.0	472.78169149480976	939568557.0	서초아트자이
1078429997	101	25	82	47	2009			25.0	82.0	47	2009	25.0	82.0	837.2192379449638	939568557.0	서초아트자이
1078429998	102	25	82	61	2009			25.0	82.0	61	2009	25.0	82.0	802.4994320728299	939568557.0	서초아트자이
1078430023	105	6		48	1994			6.0		48	1994	6.0	16.799999999999997	623.8323121419467	1078430022.0	우면코오롱하늘채아파트
1078430024	103	6		60	1994			6.0		60	1994	6.0	16.799999999999997	757.4367143165938	1078430022.0	우면코오롱하늘채아파트
1078430025	101	6		48	1994			6.0		48	1994	6.0	16.799999999999997	623.4063929050598	1078430022.0	우면코오롱하늘채아파트
1078430026	106	6		48	1994			6.0		48	1994	6.0	16.799999999999997	627.0153394465225	1078430022.0	우면코오롱하늘채아파트
1078430027	104	6		48	1994			6.0		48	1994	6.0	16.799999999999997	627.0155069410768	1078430022.0	우면코오롱하늘채아파트
1078430028	102	6		48	1994			6.0		48	1994	6.0	16.799999999999997	626.8377556598591	1078430022.0	우면코오롱하늘채아파트
1078430030	101	15	49	60	2002	서초구	서초동	15.0	49.0	60	2002	15.0	49.0	657.2319859833179	1078430029.0	서초동원베네스트아파트
1078430031	102	11	38	66	2002	서초구	서초동	11.0	38.0	66	2002	11.0	38.0	871.6431820232775	1078755068.0	서초동원베네스트아파트
1078430032	C동	16		60	2005			16.0		60	2005	16.0	44.8	953.9427520311076	1050955246.0	삼성서초트라팰리스아파트
1078430033	B동	16		60	2005			16.0		60	2005	16.0	44.8	959.2365150580922	1050955246.0	삼성서초트라팰리스아파트
1078755040	광명아파트					송파구	방이동							175.29032452212903		
1078755044	101	12		72	2001		방이동	12.0		72	2001	12.0	33.599999999999994	689.9352746419924		
1078755045	102	12		72	2001	송파구	방이동	12.0		72	2001	12.0	33.599999999999994	726.8973223154792		
1078755047	102					송파구	방이동							270.0791956522057	1078755046.0	보미리즌빌아파트
1078755048	101					송파구	방이동							260.8707905507549	1078755046.0	보미리즌빌아파트
1078755051	서림올림피아드아파트					송파구	방이동							243.40655737556034		
1078755053	서경아파트					송파구	방이동							354.64239880827313		
1078755054	원진아뜨리에아파트					송파구	방이동							672.9948432678331		
1078755055	신암밀리안아파트					송파구	방이동							562.61325712456		
1078755058	102	20	58	60	1996	송파구	방이동	20.0	58.0	60	1996	20.0	58.0	393.21238144674044	1078755057.0	올림픽베어스타운아파트
1078755059	101	21	58	80	1996	송파구	방이동	21.0	58.0	80	1996	21.0	58.0	344.2494948091651	1078755057.0	올림픽베어스타운아파트
1078755062	갑을아파트	14	40	85	1996	송파구	풍납동	14.0	40.0	85	1996	14.0	40.0	572.2130872514302		
1078755063	106	18	50	107	1995	송파구	풍납동	18.0	50.0	107	1995	18.0	50.0	682.1290223741111	503505197.0	동아한가람아파트
1078755064	107	18	50	72	1995	송파구	풍납동	18.0	50.0	72	1995	18.0	50.0	387.7867290127588	503505197.0	동아한가람아파트
1078755065	105	18		108	1995	송파구	풍납동	18.0		108	1995	18.0	50.4	583.1056200040782	503505197.0	동아한가람아파트
1078755066	105					송파구	풍납동							1.0845059590860193	503505197.0	동아한가람아파트
1078788204	롯데골드로즈2	22	73	577	2004	강남구	대치동	22.0	73.0	577	2004	22.0	73.0	2724.1665912035655		
1078788205	더나인오피스텔	15	49	182	2004	강남구	대치동	15.0	49.0	182	2004	15.0	49.0	477.06328422614934		
1078788208	르메이에르오피스텔	15	47	148	1998	강남구	역삼동	15.0	47.0	148	1998	15.0	47.0	582.3402729248918		
1078788209	삼일프라자오피스텔	16		236	1992	강남구	역삼동	16.0		236	1992	16.0	44.8	1452.0306739927826		
1078788221	쌍용아파트	12	35	111	1996	강남구	논현동	12.0	35.0	111	1996	12.0	35.0	1063.6381066783554		
1078790200		26	86	371	2004	강남구	대치동	26.0	86.0	371	2004	26.0	86.0	1017.3056268277805		
1078802041	강남상가아파트	9		94	1974	강남구	신사동	9.0		94	1974	9.0	25.2	3390.9036832666065		
1079295776		8	21	37	2004	강남구	논현동	8.0	21.0	37	2004	8.0	21.0	617.9812727815295	1079295778.0	한진로즈힐아파트
1079295777		9	24	44	2004	강남구	논현동	9.0	24.0	44	2004	9.0	24.0	684.8590894128324	1079295778.0	한진로즈힐아파트
1079388318		32	87	100	2022	강남구	역삼동	32.0	87.0	100	2022	32.0	87.0	583.150385978177	510394408.0	개나리4차아파트
1079388319		35	96	96	2022	강남구	역삼동	35.0	96.0	96	2022	35.0	96.0	715.1413232965994	510394408.0	개나리4차아파트
1079388320		35	96	96	2022	강남구	역삼동	35.0	96.0	96	2022	35.0	96.0	716.0100630387803	510394408.0	개나리4차아파트
1079388321		30	82	98	2022	강남구	역삼동	30.0	82.0	98	2022	30.0	82.0	848.2512196554335	510394408.0	개나리4차아파트
1079388322		32	87	109	2022	강남구	역삼동	32.0	87.0	109	2022	32.0	87.0	974.4209720301727	510394408.0	개나리4차아파트
1079940832	동부썬빌아파트	17	61	26	1998	송파구	가락동	17.0	61.0	26	1998	17.0	61.0	873.1012298275243		
1079940833	송파가락두산위브센티움아파트	13	40	113	2004	송파구	가락동	13.0	40.0	113	2004	13.0	40.0	897.2213253798421		
1079940835	105동	16	44	32	2001	송파구	가락동	16.0	44.0	32	2001	16.0	44.0	362.11963514721987	1079940834.0	가락동부센트레빌아파트
1079940836	103동	18	48	36	2001	송파구	가락동	18.0	48.0	36	2001	18.0	48.0	354.57812388245867	1079940834.0	가락동부센트레빌아파트
1079940837	102동	23	63	67	2001	송파구	가락동	23.0	63.0	67	2001	23.0	63.0	562.139693265246	1079940834.0	가락동부센트레빌아파트
1079940838	104동	23	63	67	2001	송파구	가락동	23.0	63.0	67	2001	23.0	63.0	652.1677552942685	1079940834.0	가락동부센트레빌아파트
1079940839	101동	21	58	62	2001	송파구	가락동	21.0	58.0	62	2001	21.0	58.0	627.5803021779471	1079940834.0	가락동부센트레빌아파트
1079940842	송파성원상떼빌아파트	24	72	324	2006	송파구	가락동	24.0	72.0	324	2006	24.0	72.0	6406.494549354298		
1079940843	8동	15		233	1986	송파구	가락동	15.0		233	1986	15.0	42.0	1210.105453478111	1079940849.0	가락우성1차아파트
1079940844	7동	15		177	1986	송파구	가락동	15.0		177	1986	15.0	42.0	732.777263453416	1079940849.0	가락우성1차아파트
1079940846	6동	15		60	1986	송파구	가락동	15.0		60	1986	15.0	42.0	659.5847707763318	1079940849.0	가락우성1차아파트
1079940847	5동	15		90	1986	송파구	가락동	15.0		90	1986	15.0	42.0	821.4548528634316	1079940849.0	가락우성1차아파트
1079940848	3동	15		60	1986	송파구	가락동	15.0		60	1986	15.0	42.0	673.9868968856173	1079940849.0	가락우성1차아파트
1079940850	2동	15		60	1986	송파구	가락동	15.0		60	1986	15.0	42.0	348.8580182190142	1079940849.0	가락우성1차아파트
1079940851	1동	15		159	1986	송파구	가락동	15.0		159	1986	15.0	42.0	828.3908798977815	1079940849.0	가락우성1차아파트
1079940852	예일아파트	9	32	18	1992	송파구	가락동	9.0	32.0	18	1992	9.0	32.0	624.4326721649654		
1079940855	1동	15		60	1988	송파구	가락동	15.0		60	1988	15.0	42.0	374.87944488350786	1079940853.0	가락대림아파트
1079940856	2동	15		60	1988	송파구	가락동	15.0		60	1988	15.0	42.0	891.8601473444343	1079940853.0	가락대림아파트
1080225617	석촌역송파한양아파트					송파구	송파동							316.58529123570537		
1080225619	101동	12	33	124	1995	송파구	송파동	12.0	33.0	124	1995	12.0	33.0	1073.4707006396216	1080225618.0	호수임광아파트
1080225620	102동	10	28	103	1995	송파구	송파동	10.0	28.0	103	1995	10.0	28.0	940.4099782663566	1080225618.0	호수임광아파트
1080225631	205	12		120	1984	송파구	송파동	12.0		120	1984	12.0	33.599999999999994	1144.9771351202237	418436032.0	가락삼익아파트
1080225634	홍익봄마을아파트	12	34	43	2004	송파구	송파동	12.0	34.0	43	2004	12.0	34.0	587.8414529338943		
1080225635	송정아파트					송파구	송파동							357.82931322555504		
1080225639	송파아파트					송파구	송파동							603.7123822827892		
1080225641	한양아파트					송파구	삼전동							300.54294698669537		
1080225642	삼전동현대아파트	10		120	1989	송파구	삼전동	10.0		120	1989	10.0	28.0	1215.966294353871		
1080225646	SK뷰아파트	15	41	71	2001	송파구	송파동	15.0	41.0	71	2001	15.0	41.0	605.017858100973		
1080225658	109	28	79	104	2012	송파구	송파동	28.0	79.0	104	2012	28.0	79.0	532.302460711154	1080225663.0	래미안송파파인탑아파트
1080225659	104	27	80	102	2012	송파구	송파동	27.0	80.0	102	2012	27.0	80.0	619.4333928634178	1080225663.0	래미안송파파인탑아파트
1080225660	102	19	55	49	2012	송파구	송파동	19.0	55.0	49	2012	19.0	55.0	398.6307772914885	1080225663.0	래미안송파파인탑아파트
1080225661	103	28	80	131	2012	송파구	송파동	28.0	80.0	131	2012	28.0	80.0	711.5988809484004	1080225663.0	래미안송파파인탑아파트
1080225662	101	28	79	130	2012	송파구	송파동	28.0	79.0	130	2012	28.0	79.0	614.2017465258683	1080225663.0	래미안송파파인탑아파트
1080486982	104	19	51	76	2000	송파구	석촌동	19.0	51.0	76	2000	19.0	51.0	482.8274365521814	1080486981.0	잠실한솔솔파크아파트
1080486983	103	19	51	38	2000	송파구	석촌동	19.0	51.0	38	2000	19.0	51.0	250.27350458296792	1080486981.0	잠실한솔솔파크아파트
1080486984	102	19	51	37	2000	송파구	석촌동	19.0	51.0	37	2000	19.0	51.0	248.7957493521132	1080486981.0	잠실한솔솔파크아파트
1080486985	107	18	48	34	2000	송파구	석촌동	18.0	48.0	34	2000	18.0	48.0	250.12293785857764	1080486981.0	잠실한솔솔파크아파트
1080486986	106	16	43	64	2000	송파구	석촌동	16.0	43.0	64	2000	16.0	43.0	459.6662643812292	1080486981.0	잠실한솔솔파크아파트
1080486987	105	18	48	68	2000	송파구	석촌동	18.0	48.0	68	2000	18.0	48.0	442.23976843639383	1080486981.0	잠실한솔솔파크아파트
1080486988	101	19	51	76	2000	송파구	석촌동	19.0	51.0	76	2000	19.0	51.0	459.5770419248604	1080486981.0	잠실한솔솔파크아파트
1080486989	KLC아파트					송파구	석촌동							186.670853610187		
1080486990	은성아파트					송파구	석촌동							187.76189178011958		
1080486991	송파KCC아파트	15	46	106	2003	송파구	송파동	15.0	46.0	106	2003	15.0	46.0	1010.3175596086053		
1080684559	201동	10	27	42	2005	강남구	청담동	10.0	27.0	42	2005	10.0	27.0	830.184543868216	1080684558.0	한신오페라하우스2차아파트
1080684560	101동	12	33	39	2003	강남구	청담동	12.0	33.0	39	2003	12.0	33.0	634.9058836380907	614498547.0	한신오페라하우스1차아파트
1080684561	102동	12	33	24	2003	강남구	청담동	12.0	33.0	24	2003	12.0	33.0	394.90070074973283	614498547.0	한신오페라하우스1차아파트
1080696745	401	7				강남구	개포동	7.0				7.0	19.599999999999998	998.5979797065067	357824808.0	개포자이프레지던스아파트
1080698996	402	19				강남구	개포동	19.0				19.0	53.199999999999996	638.8113666318754	357824808.0	개포자이프레지던스아파트
1080699901	404	19				강남구	개포동	19.0				19.0	53.199999999999996	744.6219272876864	357824808.0	개포자이프레지던스아파트
1080701025	405	15				강남구	개포동	15.0				15.0	42.0	454.345918609858	357824808.0	개포자이프레지던스아파트
1080702077	406	19				강남구	개포동	19.0				19.0	53.199999999999996	1120.2632264554916	357824808.0	개포자이프레지던스아파트
1080710845	417	32				강남구	개포동	32.0				32.0	89.6	742.1175011496351	357824808.0	개포자이프레지던스아파트
1080711321	419	35				강남구	개포동	35.0				35.0	98.0	743.1408752339521	357824808.0	개포자이프레지던스아파트
1080711533	420	35				강남구	개포동	35.0				35.0	98.0	620.3732666754204	357824808.0	개포자이프레지던스아파트
1080714553	414	20				강남구	개포동	20.0				20.0	56.0	742.2680598551541	357824808.0	개포자이프레지던스아파트
1080717937	423	14				강남구	개포동	14.0				14.0	39.199999999999996	620.3594696942639	357824808.0	개포자이프레지던스아파트
1080719619	403	12				강남구	개포동	12.0				12.0	33.599999999999994	606.2576017170576	357824808.0	개포자이프레지던스아파트
1080721355	424	26				강남구	개포동	26.0				26.0	72.8	739.709525051609	357824808.0	개포자이프레지던스아파트
1080721358	435	25				강남구	개포동	25.0				25.0	70.0	741.6160380797847	357824808.0	개포자이프레지던스아파트
1080725325	425	34				강남구	개포동	34.0				34.0	95.19999999999999	453.31558598651986	357824808.0	개포자이프레지던스아파트
1080725326	428	29				강남구	개포동	29.0				29.0	81.19999999999999	453.3735821644587	357824808.0	개포자이프레지던스아파트
1080725684	430	25				강남구	개포동	25.0				25.0	70.0	765.2244954986738	357824808.0	개포자이프레지던스아파트
1080726818	433	7				강남구	개포동	7.0				7.0	19.599999999999998	407.0408241207003	357824808.0	개포자이프레지던스아파트
1080727769	432	12				강남구	개포동	12.0				12.0	33.599999999999994	697.6860782885389	357824808.0	개포자이프레지던스아파트
1080728502	429	26				강남구	개포동	26.0				26.0	72.8	738.6613011842445	357824808.0	개포자이프레지던스아파트
1080735786	413	21				강남구	개포동	21.0				21.0	58.8	730.0342517944666	357824808.0	개포자이프레지던스아파트
1080756834	412	26				강남구	개포동	26.0				26.0	72.8	337.34122028028617	357824808.0	개포자이프레지던스아파트
1080761386	411	29				강남구	개포동	29.0				29.0	81.19999999999999	658.3352203539616	357824808.0	개포자이프레지던스아파트
1080763171	410	20				강남구	개포동	20.0				20.0	56.0	1067.5572616310856	357824808.0	개포자이프레지던스아파트
1080773002	408	21				강남구	개포동	21.0				21.0	58.8	1133.3617984586854	357824808.0	개포자이프레지던스아파트
1080793146	415	9				강남구	개포동	9.0				9.0	25.2	574.5372612518495	357824808.0	개포자이프레지던스아파트
1080794391	434	17				강남구	개포동	17.0				17.0	47.599999999999994	353.3321145492281	357824808.0	개포자이프레지던스아파트
1080855205	407	18				강남구	개포동	18.0				18.0	50.4	574.4681412362636	357824808.0	개포자이프레지던스아파트
1080855206	416	10				강남구	개포동	10.0				10.0	28.0	574.4567890212228	357824808.0	개포자이프레지던스아파트
1080855207	409	21				강남구	개포동	21.0				21.0	58.8	1133.5554284602706	357824808.0	개포자이프레지던스아파트
1080855208	418	34				강남구	개포동	34.0				34.0	95.19999999999999	730.0696452574017	357824808.0	개포자이프레지던스아파트
1080859546	421	30				강남구	개포동	30.0				30.0	84.0	732.2667954776608	357824808.0	개포자이프레지던스아파트
1080859547	422	26				강남구	개포동	26.0				26.0	72.8	740.7193626995138	357824808.0	개포자이프레지던스아파트
1080859548	426	34				강남구	개포동	34.0				34.0	95.19999999999999	741.5456108696605	357824808.0	개포자이프레지던스아파트
1080859549	427	27				강남구	개포동	27.0				27.0	75.6	739.7060485709347	357824808.0	개포자이프레지던스아파트
1080859550	431	25				강남구	개포동	25.0				25.0	70.0	739.6609875817226	357824808.0	개포자이프레지던스아파트
1081669137	101	11	30	43	2006	송파구	풍납동	11.0	30.0	43	2006	11.0	30.0	623.5141167638968	972154304.0	송파해모로아파트
1081669138	102	10	27	36	2006	송파구	풍납동	10.0	27.0	36	2006	10.0	27.0	560.4407525092672	972154304.0	송파해모로아파트
1081669139	103	10	27	35	2006	송파구	풍납동	10.0	27.0	35	2006	10.0	27.0	623.5233756355435	972154304.0	송파해모로아파트
1081707264	한화꿈에그린2차아파트					강남구	논현동							1022.4948574302548		
1081707265	한화꿈에그린1차아파트	11		58	2005	강남구	논현동	11.0		58	2005	11.0	30.799999999999997	998.9059171401101		
1081707266	거평아파트					강남구	논현동							485.8117331710673		
1081707267	e편한세상아파트	11	30	63	2005	강남구	논현동	11.0	30.0	63	2005	11.0	30.0	944.4987827391298		
1081744957	101	31	87	144	2009			31.0	87.0	144	2009	31.0	87.0	636.9777986158994	306392308.0	래미안서초스위트아파트
1089000987		16	49	46	2004	강남구	논현동	16.0	49.0	46	2004	16.0	49.0	1166.0314358555177	976267585.0	동양파라곤아파트
1089003955		19	52	112	1998	강남구	삼성동	19.0	52.0	112	1998	19.0	52.0	1074.257672161842	614498545.0	삼성동 한솔아파트
1089003956		10	27	40	2003	강남구	삼성동	10.0	27.0	40	2003	10.0	27.0	701.4994395851816		
1089003957		18	48	100	1999	강남구	청담동	18.0	48.0	100	1999	18.0	48.0	810.4388849875581	1351982037.0	청담우방아파트
1089003958		14	47	46	1997	강남구	삼성동	14.0	47.0	46	1997	14.0	47.0	411.11881978957615		
1089003959		13	36	12	2002	강남구	삼성동	13.0	36.0	12	2002	13.0	36.0	199.72697875176664		
1089003964		19	52	151	1998	강남구	삼성동	19.0	52.0	151	1998	19.0	52.0	791.3966554863395	614498545.0	삼성동 한솔아파트
1089003965		16	49	53	2004	강남구	논현동	16.0	49.0	53	2004	16.0	49.0	1003.4108607739471	976267585.0	동양파라곤아파트
1089003966		16	49	50	2004	강남구	논현동	16.0	49.0	50	2004	16.0	49.0	1089.4116760798245	976267585.0	동양파라곤아파트
1089003967		16	49	54	2004	강남구	논현동	16.0	49.0	54	2004	16.0	49.0	1066.3930826645028	976267585.0	동양파라곤아파트
1100958877		15	48	24	1996			15.0	48.0	24	1996	15.0	48.0	416.9141003064992		
1100958887		21	65	310	2004			21.0	65.0	310	2004	21.0	65.0	1097.1104218689848		
1106346361	103동	7	23	28	2022	강남구	논현동	7.0	23.0	28	2022	7.0	23.0	810.224570770712	479820497.0	브라이튼N40 아파트
1106346362	101동	7	23	26	2022	강남구	논현동	7.0	23.0	26	2022	7.0	23.0	769.8362097375416	479820497.0	브라이튼N40 아파트
1106346363	104동	10	33	36	2022	강남구	논현동	10.0	33.0	36	2022	10.0	33.0	856.7548828486724	479820497.0	브라이튼N40 아파트
1106346364	105동	5	16	15	2022	강남구	논현동	5.0	16.0	15	2022	5.0	16.0	617.603890784241	479820497.0	브라이튼N40 아파트
1106346365	102동	10	33	43	2022	강남구	논현동	10.0	33.0	43	2022	10.0	33.0	1032.1545437798604	479820497.0	브라이튼N40 아파트
1111214902		26	74	90	2014	강남구	논현동	26.0	74.0	90	2014	26.0	74.0	621.8997177738775	976267603.0	아크로힐스논현아파트
1111528398						강남구	역삼동							265.5580851051494		
1111528399						강남구	역삼동							231.6077255613989		
1111528400						강남구	역삼동							261.29799787243155		
1111528401						강남구	역삼동							195.38115931736806		
1111528402						강남구	역삼동							302.00610114216863		
1111528403	메가스터디교육(주)	10	41		1994	서초구	서초동	10.0	41.0		1994	10.0	41.0	736.6863123089864		
1111528404						강남구	역삼동							451.9497848364789		
1111528405						강남구	역삼동							388.34496898645057		
1111528406						강남구	역삼동							274.632943892787		
1111528407		13	37	48	2003	강남구	역삼동	13.0	37.0	48	2003	13.0	37.0	321.4074745089017		
1111528408														412.0962301437396		
1111528409														102.14820969641038		
1111528410						강남구	도곡동							419.4414098505469		
1111528411						강남구	도곡동							345.6226155178002		
1111528412						강남구	도곡동							493.63659167870986		
1111528413						강남구	도곡동							342.42450560976835		
1111528414		11	34	19	1998	강남구	도곡동	11.0	34.0	19	1998	11.0	34.0	877.6989220786124		
1111528415		10		18	1998	강남구	도곡동	10.0		18	1998	10.0	28.0	639.9228495970647		
1111528416						강남구	도곡동							856.1441292670594		
1111528417	은하수아파트					강남구	역삼동							639.409359529		
1111528418		14	61		2016			14.0	61.0		2016	14.0	61.0	525.2460412535482		
1111528421		12	34	23	2003			12.0	34.0	23	2003	12.0	34.0	541.5296866944772	701384491.0	서초동아이파크아파트
1111528422		12	32	48	1998			12.0	32.0	48	1998	12.0	32.0	449.1593401231836		
1111528423	101동	18	50	66	2006			18.0	50.0	66	2006	18.0	50.0	871.9199672014042	1154684452.0	서초자이아파트
1111528425	103동	15	42	27	2006			15.0	42.0	27	2006	15.0	42.0	416.5477176090533	1154684452.0	서초자이아파트
1111528426	104동	18	50	35	2006			18.0	50.0	35	2006	18.0	50.0	288.5789198371324	1154684452.0	서초자이아파트
1111528427	102동	15	42	56	2006			15.0	42.0	56	2006	15.0	42.0	979.4109882633792	1154684452.0	서초자이아파트
1111528432		19	70		2020			19.0	70.0		2020	19.0	70.0	198.76215522762345		
1111528433		12	33	47	2006			12.0	33.0	47	2006	12.0	33.0	867.6871510672937		
1111528434		10	28	32	2006			10.0	28.0	32	2006	10.0	28.0	692.1685352880045		
1122228623		10	40	111	1988	강남구	역삼동	10.0	40.0	111	1988	10.0	40.0	1250.74745350039		
1122228639		11	34	245	2012	강남구	논현동	11.0	34.0	245	2012	11.0	34.0	1977.38141486222		
1127529722		10	33	64	2012	강남구	역삼동	10.0	33.0	64	2012	10.0	33.0	266.0057210795893		
1134966034		14		56	1985	송파구	송파동	14.0		56	1985	14.0	39.199999999999996	1214.0509314708297		
1134966035		14		84	1985	송파구	송파동	14.0		84	1985	14.0	39.199999999999996	1137.8504120858277		
1134966036		12		72	1984	송파구	송파동	12.0		72	1984	12.0	33.599999999999994	935.6379206351547	549692896.0	한양2차아파트
1134966037		12		96	1984	송파구	송파동	12.0		96	1984	12.0	33.599999999999994	785.2746413790514	549692896.0	한양2차아파트
1134966042		12		72	1984	송파구	송파동	12.0		72	1984	12.0	33.599999999999994	1215.642402020779	549692896.0	한양2차아파트
1134966043		12		72	1984	송파구	송파동	12.0		72	1984	12.0	33.599999999999994	1397.0697056302292	549692896.0	한양2차아파트
1134966044		12		72	1984	송파구	송파동	12.0		72	1984	12.0	33.599999999999994	1143.0454412700833	549692896.0	한양2차아파트
1134966045		12		48	1984	송파구	송파동	12.0		48	1984	12.0	33.599999999999994	588.9106720952597	549692896.0	한양2차아파트
1134966046		12		96	1984	송파구	송파동	12.0		96	1984	12.0	33.599999999999994	1251.5676603183751	549692896.0	한양2차아파트
1134966049		12		72	1984	송파구	송파동	12.0		72	1984	12.0	33.599999999999994	886.1466968609438	549692896.0	한양2차아파트
1134966050		12		72	1984	송파구	송파동	12.0		72	1984	12.0	33.599999999999994	823.4048459659657	549692896.0	한양2차아파트
1134966051		22	60	42	2001	송파구	송파동	22.0	60.0	42	2001	22.0	60.0	397.5051673605185	549692897.0	삼성래미안아파트
1134966052		22	60	42	2001	송파구	송파동	22.0	60.0	42	2001	22.0	60.0	430.58918742738666	549692897.0	삼성래미안아파트
1134966053		22	60	80	2001	송파구	송파동	22.0	60.0	80	2001	22.0	60.0	909.5232786184874	549692897.0	삼성래미안아파트
1134966054		19	51	37	2001	송파구	송파동	19.0	51.0	37	2001	19.0	51.0	346.1263679883814	549692897.0	삼성래미안아파트
1134966055		17	46	26	2001	송파구	송파동	17.0	46.0	26	2001	17.0	46.0	410.73740372791514	549692897.0	삼성래미안아파트
1134966056		22	60	84	2001	송파구	송파동	22.0	60.0	84	2001	22.0	60.0	579.8611162316346	549692897.0	삼성래미안아파트
1134966057		22	60	86	2001	송파구	송파동	22.0	60.0	86	2001	22.0	60.0	630.4684235443615	549692897.0	삼성래미안아파트
1134966058		23	62	90	2001	송파구	송파동	23.0	62.0	90	2001	23.0	62.0	772.0654291398314	549692897.0	삼성래미안아파트
1134966059		23	62	90	2001	송파구	송파동	23.0	62.0	90	2001	23.0	62.0	539.2149639250986	549692897.0	삼성래미안아파트
1134966060		22	60	86	2001	송파구	송파동	22.0	60.0	86	2001	22.0	60.0	644.4816604659086	549692897.0	삼성래미안아파트
1134966061		19	51	73	2001	송파구	송파동	19.0	51.0	73	2001	19.0	51.0	446.4695513224455	549692897.0	삼성래미안아파트
1134966063		15	44	78	2001	송파구	송파동	15.0	44.0	78	2001	15.0	44.0	1362.0305026603116	549692897.0	삼성래미안아파트
1137270277		18	74	30	2023	강남구	청담동	18.0	74.0	30	2023	18.0	74.0	189.4748323738017		
1144354116		12	39	12	2003	강남구	청담동	12.0	39.0	12	2003	12.0	39.0	385.234658823049		
1144354117						강남구	청담동							162.364805311344		
1144354118						강남구	청담동							164.82505911872036		
1144354120						강남구	청담동							149.00431842107798		
1144354121						강남구	청담동							171.1776682650051		
1144354127						강남구	청담동							163.56813096811243		
1144354128						강남구	청담동							130.21922912808043		
1144354131						강남구	청담동							115.23062586224364		
1144354132						강남구	청담동							156.21403550603304		
1144354133						강남구	청담동							99.1346831721605		
1144354135						강남구	청담동							130.72916395036634		
1144354139						강남구	청담동							149.114110515791		
1144354140						강남구	청담동							176.51868464863003		
1144354141						강남구	청담동							214.54148915310225		
1144354142						강남구	청담동							173.8388095252095		
1144354143						강남구	청담동							227.97946051734712		
1144354144						강남구	청담동							137.01474738539946		
1144354145						강남구	청담동							210.56558414991093		
1144354155						강남구	청담동							629.5993191322075		
1144354156						강남구	청담동							140.68267352047997		
1144354157						강남구	청담동							165.39921545830134		
1144354158						강남구	청담동							205.8814637417326		
1144354161						강남구	청담동							219.73934193944075		
1144354162						강남구	청담동							138.64849286921645		
1144354163						강남구	청담동							214.66629956183797		
1144354169		20		85	2025			20.0		85	2025	20.0	56.0	849.5681099434087		
1144354170		17	47	40	2004	강남구	청담동	17.0	47.0	40	2004	17.0	47.0	475.77490726360907		
1144354173		15	42	54	2004	강남구	청담동	15.0	42.0	54	2004	15.0	42.0	706.6459499016784		
1144354195		20		68	2025			20.0		68	2025	20.0	56.0	548.7486147867755		
1144354201		8				강남구	청담동	8.0				8.0	22.4	371.0130264912034		
1144354203		3				강남구	청담동	3.0				3.0	8.399999999999999	200.1453024313468		
1150651625		14	39	36	2002	광진구	자양동	14.0	39.0	36	2002	14.0	39.0	490.9807308826058		
1150651626		13	37	33	2002	광진구	자양동	13.0	37.0	33	2002	13.0	37.0	510.0082042941125		
1151910451	신안메트로칸	23	83	503	2004	강남구	대치동	23.0	83.0	503	2004	23.0	83.0	1028.4648348672843		
1152475368		6	17	10	2018	광진구	자양동	6.0	17.0	10	2018	6.0	17.0	180.99214697224045		
1171068243	908동	12	33	101	2022	강남구	일원동	12.0	33.0	101	2022	12.0	33.0	1158.4412914487123	379533783.0	서울개포상록스타힐스아파트
1171068244	907동	22	63	126		강남구	일원동	22.0	63.0	126		22.0	63.0	838.4798985580102	379533783.0	서울개포상록스타힐스아파트
1171068245	906동	23	67	136	2022	강남구	일원동	23.0	67.0	136	2022	23.0	67.0	838.2429164440009	379533783.0	서울개포상록스타힐스아파트
1171068246	912동	7	21	84	2022	강남구	일원동	7.0	21.0	84	2022	7.0	21.0	836.4020635793146	379533783.0	서울개포상록스타힐스아파트
1171068247	911동	18	54	167	2022	강남구	일원동	18.0	54.0	167	2022	18.0	54.0	1168.1059972634155	379533783.0	서울개포상록스타힐스아파트
1171068248	910동	14	43	131	2022	강남구	일원동	14.0	43.0	131	2022	14.0	43.0	1168.194177325101	379533783.0	서울개포상록스타힐스아파트
1171068249	909동	17	52	156	2022	강남구	일원동	17.0	52.0	156	2022	17.0	52.0	1102.698276932696	379533783.0	서울개포상록스타힐스아파트
1171068250	905동	25	72	100	2022	강남구	일원동	25.0	72.0	100	2022	25.0	72.0	593.8569973525143	379533783.0	서울개포상록스타힐스아파트
1171068251	901동	25	72	142	2022	강남구	일원동	25.0	72.0	142	2022	25.0	72.0	919.2185281151742	379533783.0	서울개포상록스타힐스아파트
1171068252	902동	25	72	162	2022	강남구	일원동	25.0	72.0	162	2022	25.0	72.0	1178.0310553314582	379533783.0	서울개포상록스타힐스아파트
1171068253	903동	25	72	188	2022	강남구	일원동	25.0	72.0	188	2022	25.0	72.0	1248.9096213831233	379533783.0	서울개포상록스타힐스아파트
1171068254	904동	25	72	210	2022	강남구	일원동	25.0	72.0	210	2022	25.0	72.0	1475.6943102764214	379533783.0	서울개포상록스타힐스아파트
1173093437														1129.4753939577827		
1173093438														1260.3411337668206		
1173093439														714.2148636758266		
1173093455	반포두산힐스빌	12	39	76	2001			12.0	39.0	76	2001	12.0	39.0	758.2387988816423		
1173093467		18	49	154	1994			18.0	49.0	154	1994	18.0	49.0	1059.13088660981		
1174182949		22		132	1999	강남구	도곡동	22.0		132	1999	22.0	61.599999999999994	726.7882728642663	468950508.0	매봉삼성아파트
1175293025		16	50	45	2016	강남구	신사동	16.0	50.0	45	2016	16.0	50.0	335.9854591543495		
1175296468		6	18	70	2002	강남구	논현동	6.0	18.0	70	2002	6.0	18.0	1428.1595546272601	472039909.0	우민아파트
1175296469						강남구	논현동							469.04319676521743		
1175296470						강남구	논현동							1167.5358553344545		
1175296471						강남구	논현동							684.6566931162954		
1175296478		20	70	142	2007	강남구	논현동	20.0	70.0	142	2007	20.0	70.0	925.9688308261841		
1175296480		14		58	2007	강남구	논현동	14.0		58	2007	14.0	39.199999999999996	1100.6525780578932		
1175358049		3				강남구	청담동	3.0				3.0	8.399999999999999	63.68666426391206		
1175358057		5				강남구	청담동	5.0				5.0	14.0	200.57150946095214		
1175358059		7				강남구	청담동	7.0				7.0	19.599999999999998	45.923579300981416		
1175358080		5				강남구	청담동	5.0				5.0	14.0	288.08249891270134		
1175358085		4				강남구	청담동	4.0				4.0	11.2	293.20509221769134		
1182270132	801	7	28	18	2021	강남구	일원동	7.0	28.0	18	2021	7.0	28.0	753.9735161327507	548704039.0	디에이치 자이 개포
1182270134	806	26	85	306	2021	강남구	일원동	26.0	85.0	306	2021	26.0	85.0	3126.6699829337836	548704039.0	디에이치 자이 개포
1182270139	815	7	28	24	2021	강남구	일원동	7.0	28.0	24	2021	7.0	28.0	753.9448467862674	548704039.0	디에이치 자이 개포
1187557757	810동	3	11	14	2015	강남구	율현동	3.0	11.0	14	2015	3.0	11.0	591.9964176447361	471686470.0	강남한신휴플러스8단지아파트
1187557758	809동	3	11	11	2015	강남구	율현동	3.0	11.0	11	2015	3.0	11.0	486.53564463385567	471686470.0	강남한신휴플러스8단지아파트
1187557759	808동	4	13	12	2015	강남구	율현동	4.0	13.0	12	2015	4.0	13.0	535.0055903352912	471686470.0	강남한신휴플러스8단지아파트
1187557760	811동	3	11	10	2015	강남구	율현동	3.0	11.0	10	2015	3.0	11.0	483.7741466499888	471686470.0	강남한신휴플러스8단지아파트
1187557761	807동	4	14	15	2015	강남구	율현동	4.0	14.0	15	2015	4.0	14.0	483.8771142501976	471686470.0	강남한신휴플러스8단지아파트
1187557762	806동	4	13	12	2015	강남구	율현동	4.0	13.0	12	2015	4.0	13.0	525.4476165918003	471686470.0	강남한신휴플러스8단지아파트
1187557763	805동	5	16	12	2015	강남구	율현동	5.0	16.0	12	2015	5.0	16.0	525.3961540061384	471686470.0	강남한신휴플러스8단지아파트
1187557764	804동	5	16	15	2015	강남구	율현동	5.0	16.0	15	2015	5.0	16.0	525.4910418430894	471686470.0	강남한신휴플러스8단지아파트
1187557765	801동	6	20	16	2015	강남구	율현동	6.0	20.0	16	2015	6.0	20.0	525.441675553509	471686470.0	강남한신휴플러스8단지아파트
1187557766	802동	5	16	20	2015	강남구	율현동	5.0	16.0	20	2015	5.0	16.0	485.94620413685885	471686470.0	강남한신휴플러스8단지아파트
1187557767	803동	6	19	32	2015	강남구	율현동	6.0	19.0	32	2015	6.0	19.0	722.0823556353928	471686470.0	강남한신휴플러스8단지아파트
1194007664		12	33	48	2002			12.0	33.0	48	2002	12.0	33.0	726.9382116546024		
1194007882		10	28	28	2003			10.0	28.0	28	2003	10.0	28.0	510.1566954445481		
1201714577	105동	29	89	145	2021	서초구	반포동	29.0	89.0	145	2021	29.0	89.0	817.3885075098066	491080316.0	디에이치반포라클라스아파트
1201716641	106동	30	91	146	2021	서초구	반포동	30.0	91.0	146	2021	30.0	91.0	714.416490632057	491080316.0	디에이치반포라클라스아파트
1201717496	104동	33	100	150	2021	서초구	반포동	33.0	100.0	150	2021	33.0	100.0	813.6345497582435	491080316.0	디에이치반포라클라스아파트
1201718212	103동	32	97	114	2021	서초구	반포동	32.0	97.0	114	2021	32.0	97.0	532.1258581502898	491080316.0	디에이치반포라클라스아파트
1201719550	102동	35	106	227	2021	서초구	반포동	35.0	106.0	227	2021	35.0	106.0	735.1330582142691	491080316.0	디에이치반포라클라스아파트
1201720310	101동	20	62	66	2021	서초구	반포동	20.0	62.0	66	2021	20.0	62.0	376.3066734316377	491080316.0	디에이치반포라클라스아파트
1214450240	Palatino	9				광진구	구의동	9.0				9.0	25.2	199.02562771855582		
1214450243	Artvil	5				광진구	구의동	5.0				5.0	14.0	129.22507743451524		
1214450246	명진이트빌	7				광진구	구의동	7.0				7.0	19.599999999999998	139.10066502025512		
1225624950		10	38	117	2003	광진구	구의동	10.0	38.0	117	2003	10.0	38.0	498.04530357930633		
1226043825		11	30	18	2004	강남구	대치동	11.0	30.0	18	2004	11.0	30.0	217.56496080125433		
1226419881		26	87	146	2006	광진구	자양동	26.0	87.0	146	2006	26.0	87.0	1967.239885108911		
1227326437		25	82	131	2006	광진구	자양동	25.0	82.0	131	2006	25.0	82.0	1831.107213065884		
1227326440		18	48	71	2001	광진구	자양동	18.0	48.0	71	2001	18.0	48.0	420.72525208351226		
1227326446		23	72	81	2009	광진구	자양동	23.0	72.0	81	2009	23.0	72.0	480.3285431140716		
1227326447		25	83	86	2007	광진구	자양동	25.0	83.0	86	2007	25.0	83.0	573.3430592187113		
1227326452		9	24	15	2001	광진구	자양동	9.0	24.0	15	2001	9.0	24.0	186.14377834360906		
1227326456		16	53	80	2001	광진구	자양동	16.0	53.0	80	2001	16.0	53.0	519.0933375976193		
1227326457		17	53	61	2009	광진구	자양동	17.0	53.0	61	2009	17.0	53.0	492.08443128465393		
1227326459		17	53	57	2009	광진구	자양동	17.0	53.0	57	2009	17.0	53.0	492.0975545780822		
1227326460		25	83	86	2007	광진구	자양동	25.0	83.0	86	2007	25.0	83.0	572.9456849836515		
1227326461		17	45	86	2001	광진구	자양동	17.0	45.0	86	2001	17.0	45.0	962.5519343621128		
1227326462		23	72	80	2009	광진구	자양동	23.0	72.0	80	2009	23.0	72.0	604.9687695535296		
1227326463		25	83	86	2007	광진구	자양동	25.0	83.0	86	2007	25.0	83.0	573.3885881619808		
1227764030		19	52	72	2002	광진구	자양동	19.0	52.0	72	2002	19.0	52.0	620.6052149997074		
1227764031		16	42	32	2002	광진구	자양동	16.0	42.0	32	2002	16.0	42.0	225.20552931316936		
1227764032		19	51	178	1999	광진구	자양동	19.0	51.0	178	1999	19.0	51.0	2067.6367305699687		
1227764033		25	73	68	2003	광진구	자양동	25.0	73.0	68	2003	25.0	73.0	225.3381273040959		
1227764034		19	52	38	2002	광진구	자양동	19.0	52.0	38	2002	19.0	52.0	311.343680096723		
1227764035		16	42	64	2002	광진구	자양동	16.0	42.0	64	2002	16.0	42.0	464.46696814659276		
1227764037		18	50	97	2002	광진구	자양동	18.0	50.0	97	2002	18.0	50.0	701.5142265166439		
1227764038		17	45	67	2002	광진구	자양동	17.0	45.0	67	2002	17.0	45.0	489.95812098402143		
1227764039		19	52	73	2002	광진구	자양동	19.0	52.0	73	2002	19.0	52.0	624.7274306388387		
1227764040		19	52	38	2002	광진구	자양동	19.0	52.0	38	2002	19.0	52.0	311.22227801446655		
1227764041		18	50	36	2002	광진구	자양동	18.0	50.0	36	2002	18.0	50.0	311.40874890588316		
1227764043		14	37	25	2002	광진구	자양동	14.0	37.0	25	2002	14.0	37.0	229.75809338123278		
1227764044		18	49	83	2006	광진구	자양동	18.0	49.0	83	2006	18.0	49.0	970.0033205427254		
1227764046		25	73	73	2003	광진구	자양동	25.0	73.0	73	2003	25.0	73.0	354.39610977804585		
1227764048		25	73	73	2003	광진구	자양동	25.0	73.0	73	2003	25.0	73.0	386.53102284162526		
1227764049		17	45	34	2002	광진구	자양동	17.0	45.0	34	2002	17.0	45.0	235.42680478762824		
1227764050		12	32	23	2002	광진구	자양동	12.0	32.0	23	2002	12.0	32.0	286.63499606907413		
1227764051		12	34	22	2002	광진구	자양동	12.0	34.0	22	2002	12.0	34.0	409.81467022480723		
1228821497		29	100	132	2017	광진구	자양동	29.0	100.0	132	2017	29.0	100.0	2193.008081947687		
1228821517		20	74	102	2006	광진구	자양동	20.0	74.0	102	2006	20.0	74.0	1101.7715840990497		
1228821520		16	70	154	2024	광진구	구의동	16.0	70.0	154	2024	16.0	70.0	1432.0484774989864		
1228821525		11	36	48	2005	광진구	자양동	11.0	36.0	48	2005	11.0	36.0	342.7812793026963		
1228821532		29	100	132	2017	광진구	자양동	29.0	100.0	132	2017	29.0	100.0	1812.6318469386476		
1228821549		19	66	398	2015	광진구	구의동	19.0	66.0	398	2015	19.0	66.0	1672.4787873142488		
1229028239		9	34	104	1999	광진구	자양동	9.0	34.0	104	1999	9.0	34.0	455.0730939296816		
1230274036		21	58	84	1993	광진구	자양동	21.0	58.0	84	1993	21.0	58.0	414.2695418460096		
1230274041		22	61	120	1993	광진구	자양동	22.0	61.0	120	1993	22.0	61.0	644.4534088146993		
1235155502		10	35	20	2020	광진구	자양동	10.0	35.0	20	2020	10.0	35.0	158.5848199781655		
1235155520		13	51	28	2020	광진구	자양동	13.0	51.0	28	2020	13.0	51.0	232.18675242129865		
1240382557	안틸리아자양	11	46	21	2022	광진구	자양동	11.0	46.0	21	2022	11.0	46.0	395.82539038112066		
1241021252	파인스튜디오	7				광진구	구의동	7.0				7.0	19.599999999999998	95.63203470293293		
1244540019		3				광진구	자양동	3.0				3.0	8.399999999999999	189.19152826008835		
1244540029		9	24	64	2005	광진구	자양동	9.0	24.0	64	2005	9.0	24.0	1084.3205379713247		
1244540031		4				광진구	자양동	4.0				4.0	11.2	563.6526011680028		
1244540033		4				광진구	자양동	4.0				4.0	11.2	400.6786281668843		
1244540043		4				광진구	자양동	4.0				4.0	11.2	168.21357071656007		
1252756910		8				광진구	구의동	8.0				8.0	22.4	102.9493687492683		
1252756943		5				광진구	구의동	5.0				5.0	14.0	60.527212856292714		
1252756946		5				광진구	구의동	5.0				5.0	14.0	60.52713035096806		
1257095209	lh수서1단지					강남구	자곡동							1475.9170409876695	1188315026.0	LH수서1단지아파트
1257095210	lh수서1단지					강남구	자곡동							867.8112668323703	1188315026.0	LH수서1단지아파트
1257095211	lh수서1단지					강남구	자곡동							626.0345915345756	1188315026.0	LH수서1단지아파트
1257095212	lh수서1단지					강남구	자곡동							1291.3606158058358	1188315026.0	LH수서1단지아파트
1257095213	lh수서1단지					강남구	자곡동							742.8227806895126	1188315026.0	LH수서1단지아파트
1257095214	lh수서1단지					강남구	자곡동							389.5553025638807	1188315026.0	LH수서1단지아파트
1257095215	lh수서1단지					강남구	자곡동							415.2635302224344	1188315026.0	LH수서1단지아파트
1280897467	B					강남구	청담동							366.31674737937766	1280897468.0	하우스에딘브로우아파트
1280897469	A					강남구	청담동							366.31702872456293	1280897468.0	하우스에딘브로우아파트
1280897470	더팜빌					강남구	역삼동							128.515469142961		
1293026334		17	52	198	2003	강남구	대치동	17.0	52.0	198	2003	17.0	52.0	462.9999529558028		
1293579091		17	65	88	2023	강남구	논현동	17.0	65.0	88	2023	17.0	65.0	459.7930118385587		
1293579097		15	45	54	2024	강남구	삼성동	15.0	45.0	54	2024	15.0	45.0	252.45317253669452		
1293579099		13		100	1988	강남구	청담동	13.0		100	1988	13.0	36.4	982.5591258956689		
1298891607		10	31	49	2014	강남구	자곡동	10.0	31.0	49	2014	10.0	31.0	999.1930156673608	545594433.0	강남한양수자인아파트
1298891614		10	31	40	2014	강남구	자곡동	10.0	31.0	40	2014	10.0	31.0	606.8020046211202	545594433.0	강남한양수자인아파트
1298891623		10	31	38	2014	강남구	자곡동	10.0	31.0	38	2014	10.0	31.0	579.7172921625345	545594433.0	강남한양수자인아파트
1312584731	학동역 이안테라디움	14	48	54	2022	강남구	논현동	14.0	48.0	54	2022	14.0	48.0	493.1163495028268		
1322079824	루시아도산208	20	77	55	2023	강남구	논현동	20.0	77.0	55	2023	20.0	77.0	521.27134266508		
1335063934	푸른채	5				송파구	잠실동	5.0				5.0	14.0	151.15750519633121		
1335063935	옥하우스	5				송파구	잠실동	5.0				5.0	14.0	120.9127672140863		
1335063936		5				송파구	잠실동	5.0				5.0	14.0	161.91944480546653		
1335063937		5				송파구	잠실동	5.0				5.0	14.0	172.36070456597736		
1335063938		5				송파구	잠실동	5.0				5.0	14.0	157.40611513626914		
1335063939		5				송파구	잠실동	5.0				5.0	14.0	157.22881467938163		
1335063940	초롱빌라Ⅲ	5				송파구	잠실동	5.0				5.0	14.0	151.5337993043346		
1335063941		2				송파구	잠실동	2.0				2.0	5.6	131.8992841455658		
1335063942		5				송파구	잠실동	5.0				5.0	14.0	138.02431860571568		
1335063943		4				송파구	잠실동	4.0				4.0	11.2	164.9596467388856		
1335063944	지나하우스	5				송파구	잠실동	5.0				5.0	14.0	112.55835992945376		
1335063946		3				송파구	잠실동	3.0				3.0	8.399999999999999	244.50727385195825		
1335063952	그린빌라B동	2				송파구	잠실동	2.0				2.0	5.6	145.8106826918914		
1335063953	그린빌라A동	2				송파구	잠실동	2.0				2.0	5.6	150.42834556252234		
1335063954	우양빌라	2				송파구	잠실동	2.0				2.0	5.6	173.70404501297395		
1335063957	해오름빌	6				송파구	잠실동	6.0				6.0	16.799999999999997	101.2548496619496		
1335063958		2				송파구	잠실동	2.0				2.0	5.6	144.23070187354358		
1335319914		2				송파구	잠실동	2.0				2.0	5.6	153.34411653934583		
1335319915		5				송파구	잠실동	5.0				5.0	14.0	207.13910416612163		
1335319921	파크빌	5				송파구	잠실동	5.0				5.0	14.0	180.91670742500085		
1335319922		5				송파구	잠실동	5.0				5.0	14.0	126.81626466940861		
1335319923		6				송파구	잠실동	6.0				6.0	16.799999999999997	125.58033205752882		
1335319924	대영빌	6				송파구	잠실동	6.0				6.0	16.799999999999997	141.8096474784557		
1335319925		5				송파구	잠실동	5.0				5.0	14.0	141.98322675519805		
1335319926		5				송파구	잠실동	5.0				5.0	14.0	127.6620656916153		
1335319927		5				송파구	잠실동	5.0				5.0	14.0	148.42720274974954		
1335319928		5				송파구	잠실동	5.0				5.0	14.0	162.46903629097397		
1335319929		3				송파구	잠실동	3.0				3.0	8.399999999999999	135.27647566736786		
1335319930		3				송파구	잠실동	3.0				3.0	8.399999999999999	132.97431191707835		
1338587723	308동					강남구	자곡동							490.105882615499	1188315023.0	디아크리온강남
1338587724	306동					강남구	자곡동							520.0554051723296	1188315023.0	디아크리온강남
1338587725	304동					강남구	자곡동							452.0579335957335	1188315023.0	디아크리온강남
1338587726	302동					강남구	자곡동							458.8665568962344	1188315023.0	디아크리온강남
1338587727	307동					강남구	자곡동							208.35292409506707	1188315023.0	디아크리온강남
1338587728	305동					강남구	자곡동							316.3966072070106	1188315023.0	디아크리온강남
1338587729	303동					강남구	자곡동							221.4357568627596	1188315023.0	디아크리온강남
1338587730	301동					강남구	자곡동							4838.46833809164	1188315023.0	디아크리온강남
1351982072						강남구	청담동							308.8963129101775	1351982043.0	아드리안빌라
1351982074						강남구	청담동							414.91291046970485	1351982043.0	아드리안빌라
1351982105	현대빌라					강남구	청담동							628.9864841610322		
1351982125		9	25	49	2007	강남구	청담동	9.0	25.0	49	2007	9.0	25.0	804.2080966285489		
1351982140		12	35	49	2003	강남구	청담동	12.0	35.0	49	2003	12.0	35.0	824.4517525783795		
1359383617	크레신타워 오피스텔	15	57	208	2004			15.0	57.0	208	2004	15.0	57.0	664.041265020491		
1359388923	논현오피스텔					강남구	논현동							633.4278474015167		
1361021767	하니움	12	37	73	2016			12.0	37.0	73	2016	12.0	37.0	527.8967932296606		
1365114477						송파구	방이동							176.90887722598066		
1365114478						송파구	방이동							210.2666190579255		
1368621246	108	10				강남구	개포동	10.0				10.0	28.0	828.5835603972109		
1368621247	114	10				강남구	개포동	10.0				10.0	28.0	801.2747997906084		
1368621248	104	21				강남구	개포동	21.0				21.0	58.8	1475.025349197552		
1368621249	103	21				강남구	개포동	21.0				21.0	58.8	1475.0364070225964		
1368621251	137	21				강남구	개포동	21.0				21.0	58.8	801.4020509309083		
1368621252	134	21				강남구	개포동	21.0				21.0	58.8	896.8932838258555		
1368621253	132	21				강남구	개포동	21.0				21.0	58.8	801.1031742738111		
1368621254	127	21				강남구	개포동	21.0				21.0	58.8	801.2422324273377		
1368621255	118	21				강남구	개포동	21.0				21.0	58.8	1004.3829061987366		
1368621256	117	21				강남구	개포동	21.0				21.0	58.8	1004.4346192681824		
1368621257	123	21				강남구	개포동	21.0				21.0	58.8	421.50578218539425		
1368621258	126	21				강남구	개포동	21.0				21.0	58.8	801.4783745898317		
1368621259	124	21				강남구	개포동	21.0				21.0	58.8	801.4991948904393		
1368621260	122	21				강남구	개포동	21.0				21.0	58.8	801.4931013706462		
1368621261	119	21				강남구	개포동	21.0				21.0	58.8	1003.977990966971		
1368621262	121	21				강남구	개포동	21.0				21.0	58.8	1004.4578212633443		
1368621263	120					강남구	개포동							1004.392820367876		
1368621264	125	21				강남구	개포동	21.0				21.0	58.8	1042.4822294324854		
1368621265	116	21				강남구	개포동	21.0				21.0	58.8	801.2180175916358		
1368621266	115	21				강남구	개포동	21.0				21.0	58.8	910.4686840057291		
1368621267	113	21				강남구	개포동	21.0				21.0	58.8	910.4338377311291		
1368621268	109	21				강남구	개포동	21.0				21.0	58.8	910.4775088867765		
1368621269	110	21				강남구	개포동	21.0				21.0	58.8	910.4824365466695		
1368621270	106	21				강남구	개포동	21.0				21.0	58.8	910.1871618647075		
1368621271	107	21				강남구	개포동	21.0				21.0	58.8	910.1816953336291		
1368621272	129	21				강남구	개포동	21.0				21.0	58.8	910.5119242610363		
1368621273	111					강남구	개포동							863.993677714345		
1368621274	105	21				강남구	개포동	21.0				21.0	58.8	801.2162074694678		
1368621275	112	21				강남구	개포동	21.0				21.0	58.8	1042.4630712196808		
1368621276	130	21				강남구	개포동	21.0				21.0	58.8	540.0264282988005		
1368621277	135	21				강남구	개포동	21.0				21.0	58.8	540.0304784708421		
1368621278	136					강남구	개포동							732.0839402885329		
1368621279	131	21				강남구	개포동	21.0				21.0	58.8	732.0782640839342		
1368621280	133					강남구	개포동							413.149382547832		
1368621281	경로당					강남구	개포동							540.0150224450945		
1368621282	커뮤니티센터					강남구	개포동							539.9076501197204		
1368621631	128	21				강남구	개포동	21.0				21.0	58.8	547.2726420169806		
1370470797	현대아파트					서초구	양재동							531.4408466356983		
1376395834	Hannam La Terrasse	6		15		용산구	한남동	6.0		15		6.0	16.799999999999997	1556.5325671020887	451348414.0	유엔빌리지
1376395836						용산구	한남동							285.30554762371924	451348414.0	유엔빌리지
1376395840	Sweet Castle Apartment					용산구	한남동							470.67095691888926	451348414.0	유엔빌리지
1376395841						용산구	한남동							207.63998675493553	451348414.0	유엔빌리지
1376395842	Herren House Apartment					용산구	한남동							754.8028679523087	451348414.0	유엔빌리지
1376395843	Herren House Apartment 102					용산구	한남동							374.44324869680463	451348414.0	유엔빌리지
1376395844	Herren House Apartment 103					용산구	한남동							374.61041104215985	451348414.0	유엔빌리지
1376668283	광진하우스토리아파트 101동	23	70	41	2008	광진구	자양동	23.0	70.0	41	2008	23.0	70.0	535.3898206819516		
1376668284	광진하우스토리아파트 102동	23	70	41	2008	광진구	자양동	23.0	70.0	41	2008	23.0	70.0	535.3810372121435		
1376931864	Pocket Villa	5	13	4	2002-07-29	용산구	한남동	5.0	13.0	4	2002	5.0	13.0	248.04323193226108	451348414.0	유엔빌리지
1377394405	Sangwoldae	4		34	2013-11	용산구	한남동	4.0		34	2013	4.0	11.2	947.5520812921928	451348414.0	유엔빌리지
1377394406	Sangwoldae	4		34	2013-11	용산구	한남동	4.0		34	2013	4.0	11.2	651.0314716536257	451348414.0	유엔빌리지
1378108141	Lanuvo					용산구	한남동							438.73233654802624	451348414.0	유엔빌리지
1380797689		45	155	325	2007	광진구	자양동	45.0	155.0	325	2007	45.0	155.0	1743.120555145956	1418197917.0	더샵스타시티
1380797691		35	129	105	2007	광진구	자양동	35.0	129.0	105	2007	35.0	129.0	1743.1003943812975	1418197917.0	더샵스타시티
1380797693		50	168	370	2007	광진구	자양동	50.0	168.0	370	2007	50.0	168.0	1742.8776890098875	1418197917.0	더샵스타시티
1380798774	102	15		60	1988			15.0		60	1988	15.0	42.0	455.0952938991666	1380798773.0	자양우성1차아파트
1380798775	104	15		165	1988			15.0		165	1988	15.0	42.0	1128.1585574630167	1380798773.0	자양우성1차아파트
1380798776	101	15		150	1988			15.0		150	1988	15.0	42.0	1201.3826734481213	1380798773.0	자양우성1차아파트
1380798777	103	15		60	1988			15.0		60	1988	15.0	42.0	455.0803671144762	1380798773.0	자양우성1차아파트
1380798778														307.10730722537136	1380798773.0	자양우성1차아파트
1380799312	105	13		104	1988			13.0		104	1988	13.0	36.4	738.5367730151099	1380798773.0	자양우성1차아파트
1380799313	106	13		117	1988			13.0		117	1988	13.0	36.4	764.2218856877182	1380798773.0	자양우성1차아파트
1384243557	102동	25			2025	강남구		25.0			2025	25.0	70.0	805.1648484530784	967848263.0	아크로삼성아파트
1384243558	101동	25			2025			25.0			2025	25.0	70.0	1153.8870211962308	967848263.0	아크로삼성아파트
1390434047		15	43	58	2012			15.0	43.0	58	2012	15.0	43.0	653.4029000657187	382238725.0	세곡푸르지오아파트
1390434048		15	43	60	2012			15.0	43.0	60	2012	15.0	43.0	653.3500086402363	382238725.0	세곡푸르지오아파트
1390434049		10	29	40	2012			10.0	29.0	40	2012	10.0	29.0	653.3534641185593	382238725.0	세곡푸르지오아파트
1390434050		15	43	79	2012			15.0	43.0	79	2012	15.0	43.0	740.6640673599469	382238725.0	세곡푸르지오아파트
1390434051		10	29	59	2012			10.0	29.0	59	2012	10.0	29.0	660.5777943155042	382238725.0	세곡푸르지오아파트
1390434052		15	43	58	2012			15.0	43.0	58	2012	15.0	43.0	550.1914747790321	382238725.0	세곡푸르지오아파트
1390434053		15	43	90	2012			15.0	43.0	90	2012	15.0	43.0	789.386729538901	382238725.0	세곡푸르지오아파트
1390434054		15	43	60	2012			15.0	43.0	60	2012	15.0	43.0	510.1103573971945	382238725.0	세곡푸르지오아파트
1390434055		15	43	60	2012			15.0	43.0	60	2012	15.0	43.0	505.0737838198834	382238725.0	세곡푸르지오아파트
1390434056		15	43	30	2012			15.0	43.0	30	2012	15.0	43.0	247.03428163572974	382238725.0	세곡푸르지오아파트
1390434057		15	43	30	2012			15.0	43.0	30	2012	15.0	43.0	247.05286135010428	382238725.0	세곡푸르지오아파트
1390434058		15	43	58	2012			15.0	43.0	58	2012	15.0	43.0	432.00690252142743	382238725.0	세곡푸르지오아파트
1390434059		15	43	60	2012			15.0	43.0	60	2012	15.0	43.0	617.5404828430771	382238725.0	세곡푸르지오아파트
1390434060		15	43	60	2012			15.0	43.0	60	2012	15.0	43.0	617.538621621766	382238725.0	세곡푸르지오아파트
1390434061		15	43	60	2012			15.0	43.0	60	2012	15.0	43.0	617.6789476391646	382238725.0	세곡푸르지오아파트
1412226042	신한골드빌라													151.4169712922097		
1412226044						강남구	대치동							293.4851784430771		
1412226045	신원빌라					강남구	대치동							389.92884813514684		
1412487288	대경빌라					강남구	대치동							155.7250637770143		
1412487289	신철빌라					강남구	대치동							169.92661379031938		
1412491405		5	13			강남구	대치동	5.0	13.0			5.0	13.0	102.81677984508903		
1412491406	베스트빌	5	13			강남구	대치동	5.0	13.0			5.0	13.0	116.85159126328014		
1412491407	대치더클래스 아파트					강남구	대치동							1040.0671631648122		
1412494313		9	31	142	2004			9.0	31.0	142	2004	9.0	31.0	702.3438452390105		
1415118258	202동	15						15.0				15.0	42.0	433.66123173818903	1188315027.0	LH수서2단지아파트
1415118259	201동													843.5428340843902	1188315027.0	LH수서2단지아파트
1415118261	210동													828.5545315217615	1188315027.0	LH수서2단지아파트
1415118262	203동													1177.6763663872891	1188315027.0	LH수서2단지아파트
1415118263	204동													1077.3689211984624	1188315027.0	LH수서2단지아파트
1415118265	209동													473.9912255197503	1188315027.0	LH수서2단지아파트
1415118266	205동													744.663735648894	1188315027.0	LH수서2단지아파트
1415118268	208동													387.1998563198585	1188315027.0	LH수서2단지아파트
1415118269	207동													1003.4418587140527	1188315027.0	LH수서2단지아파트
1415118270	206동													373.96658704860477	1188315027.0	LH수서2단지아파트
1417968061	잠실롯데캐슬골드	37	148	400	2005	송파구	신천동	37.0	148.0	400	2005	37.0	148.0	8581.264323838272		
1423974523		26	94	47	1998			26.0	94.0	47	1998	26.0	94.0	1004.7561334517541		
1423974524		27	108	232	1999			27.0	108.0	232	1999	27.0	108.0	1617.5416219163435		
1426417811		11	29	20	1999			11.0	29.0	20	1999	11.0	29.0	276.05813716294153	856172782.0	현대리버빌2차아파트
1426417812		19	50	132	1999			19.0	50.0	132	1999	19.0	50.0	654.909919248683	856172782.0	현대리버빌2차아파트
1426417813		9	27	50	1999			9.0	27.0	50	1999	9.0	27.0	655.0741865478822	856172782.0	현대리버빌2차아파트
1426423662		12	30	84	2006			12.0	30.0	84	2006	12.0	30.0	1092.8504259816248	972154305.0	송파현대힐스테이트
1426423663		12	30	82	2006			12.0	30.0	82	2006	12.0	30.0	1457.4102844846234	972154305.0	송파현대힐스테이트
1426425208	104	17		97	1995	송파구	풍납동	17.0		97	1995	17.0	47.599999999999994	679.3061889694563	856172784.0	풍납현대아파트
1426425209	105	20		78	1995	송파구	풍납동	20.0		78	1995	20.0	56.0	405.97744715838473	856172784.0	풍납현대아파트
1426425210	106	20		76	1995	송파구	풍납동	20.0		76	1995	20.0	56.0	406.12357873112785	856172784.0	풍납현대아파트
1426580898		20	55	120	1994			20.0	55.0	120	1994	20.0	55.0	573.2531778638772	1081669136.0	풍납쌍용아파트
1426581247		12		108	1987			12.0		108	1987	12.0	33.599999999999994	873.5617065062972		
1426582605		14	42	65	2019			14.0	42.0	65	2019	14.0	42.0	589.3378003438464	503505214.0	잠실올림픽아이파크아파트
1426582606		20	59	94	2019			20.0	59.0	94	2019	20.0	59.0	589.3627480749246	503505214.0	잠실올림픽아이파크아파트
1426582607		27	80	122	2019			27.0	80.0	122	2019	27.0	80.0	421.9469281502579	503505214.0	잠실올림픽아이파크아파트
1426582608		34	100	130	2019			34.0	100.0	130	2019	34.0	100.0	421.8516601229553	503505214.0	잠실올림픽아이파크아파트
1426582609		35	103	146	2019			35.0	103.0	146	2019	35.0	103.0	421.78404185480247	503505214.0	잠실올림픽아이파크아파트
1426582610		27	80	52	2019			27.0	80.0	52	2019	27.0	80.0	229.60745405919994	503505214.0	잠실올림픽아이파크아파트
1426582611		30	88	88	2019			30.0	88.0	88	2019	30.0	88.0	233.15310757708343	503505214.0	잠실올림픽아이파크아파트
1427099501		17	53	150	2023			17.0	53.0	150	2023	17.0	53.0	722.0986909735241		
1427108605		16	47	28	2020			16.0	47.0	28	2020	16.0	47.0	192.7808272213954		
1427109096		16	50	224	2021			16.0	50.0	224	2021	16.0	50.0	532.1790643076874		
1427321793		9	30	16	2020			9.0	30.0	16	2020	9.0	30.0	253.41007064001664		
1427322018		16	75	56	2021			16.0	75.0	56	2021	16.0	75.0	383.42396955376006		
1427692214		25	79	298	2022			25.0	79.0	298	2022	25.0	79.0	1044.811879559129		
1427693751		16	50	192	2022			16.0	50.0	192	2022	16.0	50.0	643.3263334792719	793534123.0	쌍용더플래티넘잠실오피스텔 건설현장
1427693752		16	50	48	2021			16.0	50.0	48	2021	16.0	50.0	429.65587306627657	795673882.0	잠실 NS파인트리 주상복합 신축공사
1427693753		15	50	217	2023			15.0	50.0	217	2023	15.0	50.0	1104.937348084509		
1427780082		10	45		2001			10.0	45.0		2001	10.0	45.0	449.2797706089692		
1427780379		14	41	28	2016			14.0	41.0	28	2016	14.0	41.0	178.17194470075398		
1427780380		17	55	24	2018			17.0	55.0	24	2018	17.0	55.0	140.5329671481089		
1427781135		9	28	40	2017			9.0	28.0	40	2017	9.0	28.0	227.174354157727		
1427781831		10	36		2024			10.0	36.0		2024	10.0	36.0	448.18667917820443		
1427783726		9	34	26	2021			9.0	34.0	26	2021	9.0	34.0	321.8985092422165		
1427784399		12		96	1983			12.0		96	1983	12.0	33.599999999999994	990.1206922942599	549692895.0	한양1차아파트
1427784400		12		72	1983			12.0		72	1983	12.0	33.599999999999994	990.124228667861	549692895.0	한양1차아파트
1427784401		12		144	1983			12.0		144	1983	12.0	33.599999999999994	1391.6605483331855	549692895.0	한양1차아파트
1427785499		15	46	50	2021			15.0	46.0	50	2021	15.0	46.0	424.1975305723925		
1427785500		10	30	19	2000			10.0	30.0	19	2000	10.0	30.0	477.1331821801638		
1427785756		17		127	2025			17.0		127	2025	17.0	47.599999999999994	1267.4827643078668		
1427785757		17		200	2025			17.0		200	2025	17.0	47.599999999999994	1955.1675301390742		
1427787155		13	33	12	2000			13.0	33.0	12	2000	13.0	33.0	126.62430014383843		
1428100945		16	43	32	2001	송파구	송파동	16.0	43.0	32	2001	16.0	43.0	354.936461067899	549692897.0	삼성래미안아파트
1428101156		14		84	1985	송파구	송파동	14.0		84	1985	14.0	39.199999999999996	1137.8471484723557		
1428101157		14		98	1985	송파구	송파동	14.0		98	1985	14.0	39.199999999999996	571.8324291864989		
1428101733		22	61	124	1997			22.0	61.0	124	1997	22.0	61.0	353.1981203461444		
1428101734		22	61	119	1997			22.0	61.0	119	1997	22.0	61.0	352.85812096957784		
1428794659		10	30	76	1990			10.0	30.0	76	1990	10.0	30.0	404.8418860624848		
1428794660		10		99	1990			10.0		99	1990	10.0	28.0	596.4749014473518		
1428797952	101	26	71	151	1997			26.0	71.0	151	1997	26.0	71.0	645.9837702303583	1459206579.0	가락금호아파트
1428797953	102	26	71	122	1997			26.0	71.0	122	1997	26.0	71.0	341.8879281173642	1459206579.0	가락금호아파트
1428797954	103	26	71	97	1997			26.0	71.0	97	1997	26.0	71.0	509.28298893351354	1459206579.0	가락금호아파트
1428797955	105	26	71	91	1997			26.0	71.0	91	1997	26.0	71.0	475.88265365467873	1459206579.0	가락금호아파트
1428797956	108	25	68	160	1997			25.0	68.0	160	1997	25.0	68.0	509.4877973901204	1459206579.0	가락금호아파트
1428797957	107	22	60	84	1997			22.0	60.0	84	1997	22.0	60.0	503.48003144529156	1459206579.0	가락금호아파트
1428797958	106	24	65	120	1997			24.0	65.0	120	1997	24.0	65.0	503.409336318845	1459206579.0	가락금호아파트
1428797959	104	24	65	90	1997			24.0	65.0	90	1997	24.0	65.0	503.61726668595526	1459206579.0	가락금호아파트
1428800769		15		108	1988			15.0		108	1988	15.0	42.0	765.7899557226316		
1428800770		14		140	1988			14.0		140	1988	14.0	39.199999999999996	1356.3272841328856		
1429251697		15		90	1988			15.0		90	1988	15.0	42.0	1028.3084519300146	418641946.0	올림픽훼미리타운아파트 2단지
1429251698		15		90	1988			15.0		90	1988	15.0	42.0	1028.554227410523	418641946.0	올림픽훼미리타운아파트 2단지
1429251699		15		90	1988			15.0		90	1988	15.0	42.0	1028.7397244233698	418641946.0	올림픽훼미리타운아파트 2단지
1429251700		15		90	1988			15.0		90	1988	15.0	42.0	1028.7464880593104	418641946.0	올림픽훼미리타운아파트 2단지
1429251701		15		90	1988			15.0		90	1988	15.0	42.0	1028.5782334291473	418641946.0	올림픽훼미리타운아파트 2단지
1429251702		15		90	1988			15.0		90	1988	15.0	42.0	1027.8839504494533	418641946.0	올림픽훼미리타운아파트 2단지
1429251703		13		78	1988			13.0		78	1988	13.0	36.4	1028.3368707779969	418641946.0	올림픽훼미리타운아파트 2단지
1429251704		15		60	1988			15.0		60	1988	15.0	42.0	871.8547368098236	418641946.0	올림픽훼미리타운아파트 2단지
1429251705		15		90	1988			15.0		90	1988	15.0	42.0	1028.1703350677253	418641946.0	올림픽훼미리타운아파트 2단지
1429251706		15		90	1988			15.0		90	1988	15.0	42.0	1028.091408179328	418641946.0	올림픽훼미리타운아파트 2단지
1429251707		15		90	1988			15.0		90	1988	15.0	42.0	1027.6800207876424	418641946.0	올림픽훼미리타운아파트 2단지
1429251708		15		90	1988			15.0		90	1988	15.0	42.0	1027.8612875723768	418641946.0	올림픽훼미리타운아파트 2단지
1429251709		15		90	1988			15.0		90	1988	15.0	42.0	1028.1780097722935	418641946.0	올림픽훼미리타운아파트 2단지
1429251710		15		60	1988			15.0		60	1988	15.0	42.0	1028.2875771277963	418641946.0	올림픽훼미리타운아파트 2단지
1429251711		13		78	1988			13.0		78	1988	13.0	36.4	1028.6589630416427	418641946.0	올림픽훼미리타운아파트 2단지
1429251712		13		78	1988			13.0		78	1988	13.0	36.4	1027.8922879281731	418641946.0	올림픽훼미리타운아파트 2단지
1429251713		15		90	1988			15.0		90	1988	15.0	42.0	1028.097409642697	418641946.0	올림픽훼미리타운아파트 2단지
1429251714		15		90	1988			15.0		90	1988	15.0	42.0	1028.7384268544165	418641946.0	올림픽훼미리타운아파트 2단지
1429251715		15		90	1988			15.0		90	1988	15.0	42.0	1028.5701523874109	418641946.0	올림픽훼미리타운아파트 2단지
1429251716		15		90	1988			15.0		90	1988	15.0	42.0	1028.5786356583114	418641946.0	올림픽훼미리타운아파트 2단지
1429251717		15		90	1988			15.0		90	1988	15.0	42.0	1028.3461624749636	418641946.0	올림픽훼미리타운아파트 2단지
1429251718		15		90	1988			15.0		90	1988	15.0	42.0	1028.2361254658085	901606901.0	올림픽훼미리타운아파트 3단지
1429251719		15		90	1988			15.0		90	1988	15.0	42.0	1027.8849180130894	901606901.0	올림픽훼미리타운아파트 3단지
1429251720		15		90	1988			15.0		90	1988	15.0	42.0	1028.1308682930003	901606901.0	올림픽훼미리타운아파트 3단지
1429251721		15		60	1988			15.0		60	1988	15.0	42.0	582.0879887340338	418641946.0	올림픽훼미리타운아파트 2단지
1429251722		15		60	1988			15.0		60	1988	15.0	42.0	581.893510301264	418641946.0	올림픽훼미리타운아파트 2단지
1429251723		15		60	1988			15.0		60	1988	15.0	42.0	581.8971347264767	418641946.0	올림픽훼미리타운아파트 2단지
1429251724		15		60	1988			15.0		60	1988	15.0	42.0	582.2354367873447	418641946.0	올림픽훼미리타운아파트 2단지
1429251725		15		60	1988			15.0		60	1988	15.0	42.0	581.9020226785968	418641946.0	올림픽훼미리타운아파트 2단지
1429251726		15		90	1988			15.0		90	1988	15.0	42.0	732.4944935745932	901606901.0	올림픽훼미리타운아파트 3단지
1429251727		15		90	1988			15.0		90	1988	15.0	42.0	732.7313537116363	901606901.0	올림픽훼미리타운아파트 3단지
1429251728		15		60	1988			15.0		60	1988	15.0	42.0	592.5645703284283	901606901.0	올림픽훼미리타운아파트 3단지
1429251729		15		60	1988			15.0		60	1988	15.0	42.0	592.6889992005156	901606901.0	올림픽훼미리타운아파트 3단지
1429251730		15		60	1988			15.0		60	1988	15.0	42.0	592.687353781906	901606901.0	올림픽훼미리타운아파트 3단지
1429251731		15		60	1988			15.0		60	1988	15.0	42.0	592.6910873606316	901606901.0	올림픽훼미리타운아파트 3단지
1429251732		15		60	1988			15.0		60	1988	15.0	42.0	592.692488881665	901606901.0	올림픽훼미리타운아파트 3단지
1429251733		15		90	1988			15.0		90	1988	15.0	42.0	732.4799031919345	418641946.0	올림픽훼미리타운아파트 2단지
1429251734		15		60	1988			15.0		60	1988	15.0	42.0	592.5757288660238	418641946.0	올림픽훼미리타운아파트 2단지
1429251735		15		90	1988			15.0		90	1988	15.0	42.0	732.314182435935	418641946.0	올림픽훼미리타운아파트 2단지
1429251736		15		90	1988			15.0		90	1988	15.0	42.0	732.3889593318938	418641946.0	올림픽훼미리타운아파트 2단지
1429251737		15		60	1988			15.0		60	1988	15.0	42.0	402.06337950499926	418641946.0	올림픽훼미리타운아파트 2단지
1429251738		15		60	1988			15.0		60	1988	15.0	42.0	402.27468635776927	418641946.0	올림픽훼미리타운아파트 2단지
1429251739		15		60	1988			15.0		60	1988	15.0	42.0	402.27379750831915	418641946.0	올림픽훼미리타운아파트 2단지
1429251740		15		60	1988			15.0		60	1988	15.0	42.0	401.9783069357969	418641946.0	올림픽훼미리타운아파트 2단지
1429266052		25			2025			25.0			2025	25.0	70.0	520.9549788902572	967848263.0	아크로삼성아파트
1429266053		25			2025			25.0			2025	25.0	70.0	643.8407767257553	967848263.0	아크로삼성아파트
1429553613		15	43	42	2004			15.0	43.0	42	2004	15.0	43.0	433.98263608247635		
1429553614		12	38	33	2004			12.0	38.0	33	2004	12.0	38.0	434.23998670594574		
1429554446		17	62	15	2011			17.0	62.0	15	2011	17.0	62.0	251.4968068837918		
1429829819		15	43	59	2021			15.0	43.0	59	2021	15.0	43.0	448.63867903505655	900203758.0	대치르엘아파트
1429829820		15	43	57	2021			15.0	43.0	57	2021	15.0	43.0	558.8072904760038	900203758.0	대치르엘아파트
1429829821		7	21	39	2021			7.0	21.0	39	2021	7.0	21.0	466.9973088887934	900203758.0	대치르엘아파트
1429829862		7	21	38	2021			7.0	21.0	38	2021	7.0	21.0	537.4925761855403	900203758.0	대치르엘아파트
1429830195		7	21	47	2021			7.0	21.0	47	2021	7.0	21.0	625.9267992418804	900203758.0	대치르엘아파트
1429830196		6	18	33	2021			6.0	18.0	33	2021	6.0	18.0	587.8213943846447	900203758.0	대치르엘아파트
1429831980		17	53	74	2023			17.0	53.0	74	2023	17.0	53.0	663.737042965874	900203755.0	대치푸르지오써밋아파트
1429831981		12	38	22	2023			12.0	38.0	22	2023	12.0	38.0	211.79690058648697	900203755.0	대치푸르지오써밋아파트
1429831982		7	20	26	2023			7.0	20.0	26	2023	7.0	20.0	301.63169840227243	900203755.0	대치푸르지오써밋아파트
1429835695		17	53	76	2023			17.0	53.0	76	2023	17.0	53.0	663.7336214784942	900203755.0	대치푸르지오써밋아파트
1429835696		17	53	76	2023			17.0	53.0	76	2023	17.0	53.0	663.7307320598014	900203755.0	대치푸르지오써밋아파트
1429835697		18	52	73	2023			18.0	52.0	73	2023	18.0	52.0	781.4718410308697	900203755.0	대치푸르지오써밋아파트
1429835698		17	53	61	2023			17.0	53.0	61	2023	17.0	53.0	544.7281022373966	900203755.0	대치푸르지오써밋아파트
1429835699		16	46	32	2023			16.0	46.0	32	2023	16.0	46.0	283.6576904585315	900203755.0	대치푸르지오써밋아파트
1429835700		7	21	42	2023			7.0	21.0	42	2023	7.0	21.0	577.2278896180075	900203755.0	대치푸르지오써밋아파트
1429957544		9	35		1992			9.0	35.0		1992	9.0	35.0	177.94898745509232		
1430017637		20	91	29	2023			20.0	91.0	29	2023	20.0	91.0	931.9802536549446	356474588.0	에테르노 청담
1430405935		35	109	120	2023			35.0	109.0	120	2023	35.0	109.0	514.0104424259389	452808499.0	신반포13차아파트
1430405936		35	109	120	2023			35.0	109.0	120	2023	35.0	109.0	638.6289293017674	452808499.0	신반포13차아파트
1430405937		20	66	64	2023			20.0	66.0	64	2023	20.0	66.0	381.7941841189058	452808499.0	신반포13차아파트
1430609278		16	77	84	2023			16.0	77.0	84	2023	16.0	77.0	278.91257597150764		
1431014565		17	46	54	2008			17.0	46.0	54	2008	17.0	46.0	408.9605780598105	900203721.0	역삼2차아이파크아파트
1431014566		16	43	46	2008			16.0	43.0	46	2008	16.0	43.0	408.9596428306058	900203721.0	역삼2차아이파크아파트
1431014567		26	71	50	2008			26.0	71.0	50	2008	26.0	71.0	278.40323644204136	900203721.0	역삼2차아이파크아파트
1431166802		15	43	28	2004			15.0	43.0	28	2004	15.0	43.0	317.43482575977225		
1431166803		18	49	129	1997			18.0	49.0	129	1997	18.0	49.0	799.5742739430071		
1431167334		14	38	25	2009			14.0	38.0	25	2009	14.0	38.0	212.7463018413508	636212514.0	래미안그레이튼3차아파트
1431190175		12	29	34	2004			12.0	29.0	34	2004	12.0	29.0	190.77021734644453		
1431204309		11	29	70	2004			11.0	29.0	70	2004	11.0	29.0	586.5395163878112		
1431204310		11	30	45	2004			11.0	30.0	45	2004	11.0	30.0	426.13901419385724		
1431204312		12	37	55	2000			12.0	37.0	55	2000	12.0	37.0	212.77247179802322		
1431222667		9	35	16	2019			9.0	35.0	16	2019	9.0	35.0	323.88491797384177		
1431563234	개포 자이르네	10	39	28	2022			10.0	39.0	28	2022	10.0	39.0	1243.9385045258439	392455561.0	개포래미안포레스트아파트
1431594564	101	10	31	20	2021			10.0	31.0	20	2021	10.0	31.0	313.0519402189688	703087401.0	디에이치포레센트아파트
1431594565	104	10	31	38	2021			10.0	31.0	38	2021	10.0	31.0	443.59159019116913	703087401.0	디에이치포레센트아파트
1431594566	103	10	31	39	2021			10.0	31.0	39	2021	10.0	31.0	443.36635911568953	703087401.0	디에이치포레센트아파트
1431594567	102	22	69	87	2021			22.0	69.0	87	2021	22.0	69.0	849.3699651853801	703087401.0	디에이치포레센트아파트
1431826015		10	31	18	2006			10.0	31.0	18	2006	10.0	31.0	392.94926167154165		
1431826919		12	39	43	2003			12.0	39.0	43	2003	12.0	39.0	297.60809134398556		
1431827583		12	35	44	2006			12.0	35.0	44	2006	12.0	35.0	840.4618048630865		
1431827585		13	40	169	2004			13.0	40.0	169	2004	13.0	40.0	1176.1663244077336		
1431828453		11	30	210	2004			11.0	30.0	210	2004	11.0	30.0	2172.902565475235		
1431828454		11	30	80	2004			11.0	30.0	80	2004	11.0	30.0	879.8625353769978		
1431828455		12	35	134	2003			12.0	35.0	134	2003	12.0	35.0	1062.5927503164512		
1431832986		11	34	60	2020			11.0	34.0	60	2020	11.0	34.0	169.34477358929323		
1431832987		11	34	60	2020			11.0	34.0	60	2020	11.0	34.0	169.30722304357468		
1431935678		10	34	29	2023			10.0	34.0	29	2023	10.0	34.0	334.4877358015965		
1431935679		18	52	34	2023			18.0	52.0	34	2023	18.0	52.0	186.62345056825973		
1431935680		8	24	14	2023			8.0	24.0	14	2023	8.0	24.0	181.5049092545305		
1431936141		21	58	84	2005			21.0	58.0	84	2005	21.0	58.0	417.4217952384103		
1431936142		22	61	88	2005			22.0	61.0	88	2005	22.0	61.0	417.3824721116606		
1431936143		20	56	100	2005			20.0	56.0	100	2005	20.0	56.0	417.45897456146554		
1431936144		20	56	76	2005			20.0	56.0	76	2005	20.0	56.0	368.6470701234092		
1431938961		10	35	77	2020			10.0	35.0	77	2020	10.0	35.0	625.954939748686		
1431942040		20	63	84	2023			20.0	63.0	84	2023	20.0	63.0	318.91468963456657		
1431942041		14	49	29	2022			14.0	49.0	29	2022	14.0	49.0	296.62738757689976		
1431976483		15	60	77	2020			15.0	60.0	77	2020	15.0	60.0	233.1168777439835		
1431981652		18	64	248	2023			18.0	64.0	248	2023	18.0	64.0	700.5524536060808		
1431981986		20	93	149	2021			20.0	93.0	149	2021	20.0	93.0	975.1727352079712		
1431983371		16	43	164	2017			16.0	43.0	164	2017	16.0	43.0	335.3385564617015		
1431985451		15	47	200	2004			15.0	47.0	200	2004	15.0	47.0	1465.3292832934353		
1431985452		15	48	176	2005			15.0	48.0	176	2005	15.0	48.0	681.6690795661244		
1431989955		17	48	166	2015			17.0	48.0	166	2015	17.0	48.0	362.2242731010368		
1431989956		10	44	28	2024			10.0	44.0	28	2024	10.0	44.0	199.8485696353341		
1431989957		10	44	28	2024			10.0	44.0	28	2024	10.0	44.0	199.81322468686605		
1432008444		15	44	68	2006			15.0	44.0	68	2006	15.0	44.0	591.0744617656327		
1432252833		15	46	29	2014			15.0	46.0	29	2014	15.0	46.0	150.11382876373642		
1432255027		12	45	89	2021			12.0	45.0	89	2021	12.0	45.0	663.4835118106138		
1432286086		19	77	140	2024			19.0	77.0	140	2024	19.0	77.0	916.356530140479	1056882886.0	르피에드 강남
1432286087		19	63	64	1996			19.0	63.0	64	1996	19.0	63.0	1157.2725466956208		
1432581215		15	50	311	2018			15.0	50.0	311	2018	15.0	50.0	756.7443693070708		
1432581216		13	40	63	2019			13.0	40.0	63	2019	13.0	40.0	293.0442516326911		
1434034291		10	28	28	2003			10.0	28.0	28	2003	10.0	28.0	342.952555208088		
1434045839		10	29	19	1994			10.0	29.0	19	1994	10.0	29.0	451.53499027388773		
1434045840		11	31	41	2001			11.0	31.0	41	2001	11.0	31.0	451.3054609322252		
1434045841		15	42	107	2002			15.0	42.0	107	2002	15.0	42.0	1061.4401909148185		
1434045842		10	29	49	2002			10.0	29.0	49	2002	10.0	29.0	1049.2962422142598		
1434047321		12	47	132	2008			12.0	47.0	132	2008	12.0	47.0	463.46796249410363		
1434565516		13		114	1988			13.0		114	1988	13.0	36.4	1192.2997138700362		
1434566788		12	32	41	2005			12.0	32.0	41	2005	12.0	32.0	286.68877046591666	475036500.0	청담e편한세상 2차 아파트
1434567211		12	32	19	2006			12.0	32.0	19	2006	12.0	32.0	236.83690830464832	475036499.0	청담e편한세상 2차 아파트
1434567212		13	35	39	2006			13.0	35.0	39	2006	13.0	35.0	585.803316060944	475036499.0	청담e편한세상 2차 아파트
1434567213		15	40	84	2006			15.0	40.0	84	2006	15.0	40.0	1281.9690547726254	475036499.0	청담e편한세상 2차 아파트
1434607763		18	67	130	2023			18.0	67.0	130	2023	18.0	67.0	1182.607656800249		
1434608470		10	30	29	2018			10.0	30.0	29	2018	10.0	30.0	271.7387179910323		
1434621478		15	57	288	2003			15.0	57.0	288	2003	15.0	57.0	970.4873073189135		
1434626436		15	50	260	2004			15.0	50.0	260	2004	15.0	50.0	1385.361982269973		
1434825115		14	47	195	2003			14.0	47.0	195	2003	14.0	47.0	626.7576070388455		
1434826271		15	50	249	2020			15.0	50.0	249	2020	15.0	50.0	717.6274047731273		
1434826435		9	39	132	2021			9.0	39.0	132	2021	9.0	39.0	788.7941435516418		
1434833755		16	68	131	2021			16.0	68.0	131	2021	16.0	68.0	940.4071032450959		
1434834017	논현월드메르디앙아파트	13	32	82	2007			13.0	32.0	82	2007	13.0	32.0	1010.0028145466008		
1434834653		18	74	42	2024			18.0	74.0	42	2024	18.0	74.0	561.0498240895492		
1434836557	논현베르빌아파트	10	27	65	2002			10.0	27.0	65	2002	10.0	27.0	1135.9269352961687		
1434857954		20	71	81	2024			20.0	71.0	81	2024	20.0	71.0	457.61576611472594		
1434857957		15	60	283	2023			15.0	60.0	283	2023	15.0	60.0	729.3874280500652	976267543.0	논현동 청년주택 (공사중)
1434859023		15	51	50	2006			15.0	51.0	50	2006	15.0	51.0	523.8022199762537		
1434859521		30	86	87	2014			30.0	86.0	87	2014	30.0	86.0	407.91305850034576	976267603.0	아크로힐스논현아파트
1434859522		30	86	120	2014			30.0	86.0	120	2014	30.0	86.0	407.6858639744249	976267603.0	아크로힐스논현아파트
1434859523		26	75	71	2014			26.0	75.0	71	2014	26.0	75.0	407.8831803668226	976267603.0	아크로힐스논현아파트
1434860304		23	62	46	2003			23.0	62.0	46	2003	23.0	62.0	314.3043575922706	976267602.0	논현동부센트레빌
1434860305		22	59	44	2003			22.0	59.0	44	2003	22.0	59.0	242.81238927790906	976267602.0	논현동부센트레빌
1434860306		11	29	22	2003			11.0	29.0	22	2003	11.0	29.0	242.8702322381099	976267602.0	논현동부센트레빌
1434860307		16	42	48	2003			16.0	42.0	48	2003	16.0	42.0	369.64868090630813	976267602.0	논현동부센트레빌
1434860308		8	21	60	1996			8.0	21.0	60	1996	8.0	21.0	658.7484539034825		
1434861701		20	71	24	2023			20.0	71.0	24	2023	20.0	71.0	355.0472208077034	976267596.0	(공사중)
1434871867		12	35	19	2019			12.0	35.0	19	2019	12.0	35.0	315.98852565630955		
1434876247		13	57	16	2017			13.0	57.0	16	2017	13.0	57.0	209.30032068968217		
1434876972		17	68	20	2016			17.0	68.0	20	2016	17.0	68.0	200.175475747561		
1434876976		15	40	127	2001			15.0	40.0	127	2001	15.0	40.0	1170.5106962905422		
1434880310	116동	22	60	104	2008	강남구	삼성동	22.0	60.0	104	2008	22.0	60.0	378.52770706408614	471333765.0	삼성동힐스테이트1차아파트
1435040924		12	45	76	2015			12.0	45.0	76	2015	12.0	45.0	294.6087219359795		
1435041779		13	43		2018			13.0	43.0		2018	13.0	43.0	294.60892415085885		
1435041780		12	47		2021			12.0	47.0		2021	12.0	47.0	294.60914823842495		
1435042085		13	40	63	2014			13.0	40.0	63	2014	13.0	40.0	262.1102142275789		
1435042543		14	40	299	2023			14.0	40.0	299	2023	14.0	40.0	912.9446988366846		
1435043750		18	61	287	2019			18.0	61.0	287	2019	18.0	61.0	560.795065688192		
1435048192		13	41	27	2023			13.0	41.0	27	2023	13.0	41.0	188.18735796837163		
1435056911		23	84	78	2007			23.0	84.0	78	2007	23.0	84.0	493.9138276550268		
1435056912		22	75	63	2007			22.0	75.0	63	2007	22.0	75.0	283.02298042132935		
1435057797		16	53	126	2022			16.0	53.0	126	2022	16.0	53.0	452.58532083900917		
1435057801		13	35	60	2004			13.0	35.0	60	2004	13.0	35.0	496.81147823768447		
1435058297		9	27	44	1997			9.0	27.0	44	1997	9.0	27.0	375.3005598893983		
1435058298		9	25	18	2005			9.0	25.0	18	2005	9.0	25.0	381.82042660742275		
1435086910		14	44		2018			14.0	44.0		2018	14.0	44.0	179.2778163068946		
1435090512		15	43	28	2012			15.0	43.0	28	2012	15.0	43.0	357.68930713074093		
1435090515		14	41	33	2014			14.0	41.0	33	2014	14.0	41.0	403.18931990382754		
1435090516		13	40	96	2020			13.0	40.0	96	2020	13.0	40.0	260.6590306543829		
1435095704		15	54	77	2002			15.0	54.0	77	2002	15.0	54.0	462.5975131487486		
1435095705		16	57	21	2019			16.0	57.0	21	2019	16.0	57.0	300.99609552985237		
1435095706		11	47		2016			11.0	47.0		2016	11.0	47.0	211.5548002450564		
1435111550		20	73	20	2024			20.0	73.0	20	2024	20.0	73.0	381.11510295651715		
1435112030	103	11	38	21	2024			11.0	38.0	21	2024	11.0	38.0	264.58284508674166	117785748.0	원에디션강남
1435112031	101	20	66	229	2024			20.0	66.0	229	2024	20.0	66.0	458.7156471521031	117785748.0	원에디션강남
1435118482		16	40	98	2023			16.0	40.0	98	2023	16.0	40.0	319.1186690364859		
1435119356		13	38	49	2013			13.0	38.0	49	2013	13.0	38.0	211.36709809795974		
1435126069		12	34	28	2018			12.0	34.0	28	2018	12.0	34.0	201.90673717159743		
1435211133		15	66	114	2021			15.0	66.0	114	2021	15.0	66.0	318.6941879166776		
1435211134		17	75	361	2021			17.0	75.0	361	2021	17.0	75.0	602.4263900940797		
1435211135		11	41	67	2003			11.0	41.0	67	2003	11.0	41.0	265.3846796514827		
1435211138		19	65	124	2013			19.0	65.0	124	2013	19.0	65.0	166.30948476951679		
1435212330		17	71	210	2015			17.0	71.0	210	2015	17.0	71.0	475.30724815550093		
1435217210		18	54	160	1999			18.0	54.0	160	1999	18.0	54.0	497.0503748795231		
1435851520		9	31	63	2011			9.0	31.0	63	2011	9.0	31.0	767.0118939208578		
1436264006		12	40		2008			12.0	40.0		2008	12.0	40.0	154.73009174138838		
1436264007		10	39		2004			10.0	39.0		2004	10.0	39.0	154.78711662457764		
1436268689		9	28	99	2012			9.0	28.0	99	2012	9.0	28.0	720.5172343815176		
1436269156		14	48	78	2023			14.0	48.0	78	2023	14.0	48.0	342.7976077993389		
1436269313		12	36	48	2004			12.0	36.0	48	2004	12.0	36.0	385.8772686523933		
1436293341		16	67	25	2019	강남구	역삼동	16.0	67.0	25	2019	16.0	67.0	167.83159576870156		
1436296644		12	40	341	2012			12.0	40.0	341	2012	12.0	40.0	1172.8865943055648		
1436296645		15	48	199	1999			15.0	48.0	199	1999	15.0	48.0	503.31780545775536		
1436296646		12	35		2010			12.0	35.0		2010	12.0	35.0	166.34782915114195		
1436296647		14	42	264	2013			14.0	42.0	264	2013	14.0	42.0	840.9409896253754		
1436296648		13	36	121	2023			13.0	36.0	121	2023	13.0	36.0	597.1521082798847		
1436297531		12	34	231	1996			12.0	34.0	231	1996	12.0	34.0	1001.6833958259682		
1436297532		10	30	20	2002			10.0	30.0	20	2002	10.0	30.0	276.5527337488893		
1436297901		15	43	72	2007			15.0	43.0	72	2007	15.0	43.0	1271.4122191314195		
1436297902		15	43	45	2007			15.0	43.0	45	2007	15.0	43.0	956.4072866557542		
1436297903		10	33	68	2012			10.0	33.0	68	2012	10.0	33.0	1231.8142981897977		
1436299557		9	37	58	2004			9.0	37.0	58	2004	9.0	37.0	264.3982670056751		
1444016510		22	88	379				22.0	88.0	379		22.0	88.0	1383.762949469733		
1444018228		20	80	156	2025			20.0	80.0	156	2025	20.0	80.0	1157.4306429304802		
1444019111		14	40	50	2019			14.0	40.0	50	2019	14.0	40.0	278.66112337451364		
1444021706		11	30	24	2013			11.0	30.0	24	2013	11.0	30.0	338.9850880216259		
1444021707		10	32	28	2017			10.0	32.0	28	2017	10.0	32.0	304.44323274057774		
1444021708		10	28	62	2015			10.0	28.0	62	2015	10.0	28.0	268.2588247893291		
1444023138		9	28	29	2012			9.0	28.0	29	2012	9.0	28.0	201.08313367477746		
1444023139		9	28	29	2012			9.0	28.0	29	2012	9.0	28.0	201.08325752763108		
1444023478		9	45		1997			9.0	45.0		1997	9.0	45.0	417.4026755814577		
1444024274		12	31	28	2006			12.0	31.0	28	2006	12.0	31.0	287.5182651338995		
1444024275		12	31	32	2006			12.0	31.0	32	2006	12.0	31.0	287.5193897983851		
1444024276		10	29	78	2004			10.0	29.0	78	2004	10.0	29.0	936.273373995328		
1444024884		20	73	380	2004			20.0	73.0	380	2004	20.0	73.0	1293.3310183611331		
1444030213		11	36	29	2022			11.0	36.0	29	2022	11.0	36.0	375.81615664462856		
1444031679		11	33	27	2020			11.0	33.0	27	2020	11.0	33.0	228.21706403609596		
1444250050		14	40	28	2005			14.0	40.0	28	2005	14.0	40.0	281.10532431818626		
1444253954		32	97	80	2006			32.0	97.0	80	2006	32.0	97.0	500.9268645498443		
1444253955		30	91	147	2006			30.0	91.0	147	2006	30.0	91.0	1228.652569160458		
1444253956		31	102	160	2006			31.0	102.0	160	2006	31.0	102.0	891.0614015684475		
1444255433		16	46	285	2023			16.0	46.0	285	2023	16.0	46.0	1166.74490085721		
1444257665		9	26	18	2008			9.0	26.0	18	2008	9.0	26.0	451.39339413824916		
1444259214		10	28	40	2004			10.0	28.0	40	2004	10.0	28.0	656.3848786743355		
1444277605		14	42	75	2003			14.0	42.0	75	2003	14.0	42.0	863.214681977001		
1444277606		8	23	15	2003			8.0	23.0	15	2003	8.0	23.0	214.41689034139785		
1444277607		10	30	40	2006			10.0	30.0	40	2006	10.0	30.0	373.82230861982475		
1444277608		10	31	17	2006			10.0	31.0	17	2006	10.0	31.0	338.5802836776926		
1444277609		9	28	16	2006			9.0	28.0	16	2006	9.0	28.0	286.8546361832108		
1444279686		12	42	40	2001			12.0	42.0	40	2001	12.0	42.0	340.7342111445351		
1444283391		13	35	96	1997			13.0	35.0	96	1997	13.0	35.0	684.4314402302391	1056882864.0	서초현대3차아파트
1444284264		16	57	50	2010			16.0	57.0	50	2010	16.0	57.0	953.5125912407342		
1444285760		14	40	293	2003			14.0	40.0	293	2003	14.0	40.0	2025.4117893982218		
1444286482		12	40	54	2022			12.0	40.0	54	2022	12.0	40.0	205.35627435786762		
1444286940		15	49	215	2003			15.0	49.0	215	2003	15.0	49.0	926.560156416808		
1444506951		10	32	44	2002			10.0	32.0	44	2002	10.0	32.0	1438.1354932046886		
1444506952		12	34	49	2006			12.0	34.0	49	2006	12.0	34.0	640.6425503889972		
1444506953		14	40	31	2003			14.0	40.0	31	2003	14.0	40.0	851.2588055151488		
1444509149		19	63	154	2019			19.0	63.0	154	2019	19.0	63.0	447.42008062515856		
1444511573		20	57	134	2014			20.0	57.0	134	2014	20.0	57.0	143.969577222125		
1444511919		15	51	339	2004			15.0	51.0	339	2004	15.0	51.0	790.2873500220387		
1444511920		10	31	127	1991			10.0	31.0	127	1991	10.0	31.0	646.2205908743898		
1444511922		15	57	24	2005			15.0	57.0	24	2005	15.0	57.0	434.2583168238226		
1444513553		13	43	13	2005			13.0	43.0	13	2005	13.0	43.0	217.17573987766474		
1444515225		13	38	36	2019			13.0	38.0	36	2019	13.0	38.0	207.93246164143343		
1444515226		13	38	45	2019			13.0	38.0	45	2019	13.0	38.0	261.68622706439		
1444515227		15	43	20	2018			15.0	43.0	20	2018	15.0	43.0	188.49280911502944		
1444524082		19		221	2025			19.0		221	2025	19.0	53.199999999999996	1067.9069864471605		
1444527217		20	60	315	2015			20.0	60.0	315	2015	20.0	60.0	587.2205060371946		
1444527642		14	42	40	2020			14.0	42.0	40	2020	14.0	42.0	184.64860588284336		
1444527643		14	42	50	2020			14.0	42.0	50	2020	14.0	42.0	184.64853317045583		
1444527644		10	35	110	1996			10.0	35.0	110	1996	10.0	35.0	486.88812493581867		
1444527645		14		113	1991			14.0		113	1991	14.0	39.199999999999996	293.44389105793886		
1444528019		14		101	1991			14.0		101	1991	14.0	39.199999999999996	381.67430767094663		
1444528022		12	38	71	2002			12.0	38.0	71	2002	12.0	38.0	339.25891839690405		
1444529568		18	56	131	2022			18.0	56.0	131	2022	18.0	56.0	317.3440815857982		
1444529569		15		117	1990			15.0		117	1990	15.0	42.0	607.708973130738		
1444529571		23		165	2025			23.0		165	2025	23.0	64.39999999999999	484.6826677052296		
1444529572		23		165	2025			23.0		165	2025	23.0	64.39999999999999	392.96567210963457		
1444529573		18	56	200	2022			18.0	56.0	200	2022	18.0	56.0	1070.445566716275		
1444530418		19	56	105	2022			19.0	56.0	105	2022	19.0	56.0	374.25575254986234		
1444531481		16	51	75	2024			16.0	51.0	75	2024	16.0	51.0	385.22660676468735		
1444531482		15	58		2021			15.0	58.0		2021	15.0	58.0	629.4630762771321		
1444532530		16	48	24	2023			16.0	48.0	24	2023	16.0	48.0	288.3436665267652		
1444533131		14	46	114	2019			14.0	46.0	114	2019	14.0	46.0	385.95922868487844		
1444533637		22		200	2025			22.0		200	2025	22.0	61.599999999999994	892.8974636091191		
1444533638		22		199	2025			22.0		199	2025	22.0	61.599999999999994	892.7051839224318		
1444540916		14	40	50	2022			14.0	40.0	50	2022	14.0	40.0	613.1423900537321		
1444540917		7	21	17	2022			7.0	21.0	17	2022	7.0	21.0	295.6568720704414		
1450074673	Lucid house	3	10		2007-07-27			3.0	10.0		2007	3.0	10.0	757.9427151767	451348414.0	유엔빌리지
1450370730	잠원아트빌													211.8420771989707		
1455212451		15	43	50	2012			15.0	43.0	50	2012	15.0	43.0	400.27538853705653	382238725.0	세곡푸르지오아파트
1455422543		15	44	60	2014			15.0	44.0	60	2014	15.0	44.0	674.4629750949836	382238720.0	래미안 강남 힐즈
1455422544		15	44	60	2014			15.0	44.0	60	2014	15.0	44.0	674.5338160571182	382238720.0	래미안 강남 힐즈
1455422545		15	44	60	2014			15.0	44.0	60	2014	15.0	44.0	674.5972425026517	382238720.0	래미안 강남 힐즈
1455422546		15	44	56	2014			15.0	44.0	56	2014	15.0	44.0	674.406458183403	382238720.0	래미안 강남 힐즈
1455422547		15	44	44	2014			15.0	44.0	44	2014	15.0	44.0	447.8041770482807	382238720.0	래미안 강남 힐즈
1455422548		15	44	44	2014			15.0	44.0	44	2014	15.0	44.0	447.69369726188074	382238720.0	래미안 강남 힐즈
1455422549		15	44	44	2014			15.0	44.0	44	2014	15.0	44.0	447.5501274521802	382238720.0	래미안 강남 힐즈
1455422550		15	44	59	2014			15.0	44.0	59	2014	15.0	44.0	662.9475512695989	382238720.0	래미안 강남 힐즈
1455422551		15	44	59	2014			15.0	44.0	59	2014	15.0	44.0	663.0300844926529	382238720.0	래미안 강남 힐즈
1455422552		15	44	59	2014			15.0	44.0	59	2014	15.0	44.0	662.9012303811102	382238720.0	래미안 강남 힐즈
1455422553		15	44	59	2014			15.0	44.0	59	2014	15.0	44.0	663.0251564775785	382238720.0	래미안 강남 힐즈
1455422554		15	44	30	2014			15.0	44.0	30	2014	15.0	44.0	361.37911297095565	382238720.0	래미안 강남 힐즈
1455422555		15	44	30	2014			15.0	44.0	30	2014	15.0	44.0	361.31431850817773	382238720.0	래미안 강남 힐즈
1455422556		15	44	29	2014			15.0	44.0	29	2014	15.0	44.0	361.3540769288517	382238720.0	래미안 강남 힐즈
1455422557		15	44	29	2014			15.0	44.0	29	2014	15.0	44.0	361.2557267711166	382238720.0	래미안 강남 힐즈
1455422558		15	44	59	2014			15.0	44.0	59	2014	15.0	44.0	506.1976077185513	382238720.0	래미안 강남 힐즈
1455422559		15	44	60	2014			15.0	44.0	60	2014	15.0	44.0	506.19436584288707	382238720.0	래미안 강남 힐즈
1455422560		15	44	59	2014			15.0	44.0	59	2014	15.0	44.0	506.2019937855082	382238720.0	래미안 강남 힐즈
1455422561		15	44	60	2014			15.0	44.0	60	2014	15.0	44.0	608.2908751369685	382238720.0	래미안 강남 힐즈
1455423927		10	46	215	2022			10.0	46.0	215	2022	10.0	46.0	2090.607878492048		
1455424623		10	38	78	2017			10.0	38.0	78	2017	10.0	38.0	549.3740571749427		
1455441001		10	31	54	2014			10.0	31.0	54	2014	10.0	31.0	774.8405301588721	545594433.0	강남한양수자인아파트
1455441002		10	31	36	2014			10.0	31.0	36	2014	10.0	31.0	640.6343277897996	545594433.0	강남한양수자인아파트
1455441003		10	31	50	2014			10.0	31.0	50	2014	10.0	31.0	457.7667329321352	545594433.0	강남한양수자인아파트
1455441004		10	31	50	2014			10.0	31.0	50	2014	10.0	31.0	457.6344012812601	545594433.0	강남한양수자인아파트
1455441005		10	31	50	2014			10.0	31.0	50	2014	10.0	31.0	457.6379203685306	545594433.0	강남한양수자인아파트
1455441006		10	31	38	2014			10.0	31.0	38	2014	10.0	31.0	457.84283507648615	545594433.0	강남한양수자인아파트
1455441007		10	31	50	2014			10.0	31.0	50	2014	10.0	31.0	457.70646719533585	545594433.0	강남한양수자인아파트
1455441008		10	31	39	2014			10.0	31.0	39	2014	10.0	31.0	457.64138373001003	545594433.0	강남한양수자인아파트
1455441009		10	31	58	2014			10.0	31.0	58	2014	10.0	31.0	457.7160123694738	545594433.0	강남한양수자인아파트
1455441010		10	31	58	2014			10.0	31.0	58	2014	10.0	31.0	457.71078066899383	545594433.0	강남한양수자인아파트
1455441011		10	31	59	2014			10.0	31.0	59	2014	10.0	31.0	457.69835932955675	545594433.0	강남한양수자인아파트
1455441012		8	25	32	2014			8.0	25.0	32	2014	8.0	25.0	446.49451086781	545594433.0	강남한양수자인아파트
1455441013		9	28	44	2014			9.0	28.0	44	2014	9.0	28.0	467.8134689183341	545594433.0	강남한양수자인아파트
1455441014		8	25	46	2014			8.0	25.0	46	2014	8.0	25.0	468.1181855090286	545594433.0	강남한양수자인아파트
1455441015		10	31	76	2014			10.0	31.0	76	2014	10.0	31.0	467.7018125985087	545594433.0	강남한양수자인아파트
1455441016		10	31	70	2014			10.0	31.0	70	2014	10.0	31.0	467.72570540240235	545594433.0	강남한양수자인아파트
1455441017		10	31	54	2014			10.0	31.0	54	2014	10.0	31.0	374.64570437323346	545594433.0	강남한양수자인아파트
1455447082		15	45	85	2013			15.0	45.0	85	2013	15.0	45.0	516.523444379873	382238722.0	강남세곡LH e편한세상아파트
1455447083		15	45	60	2013			15.0	45.0	60	2013	15.0	45.0	516.6958775124308	382238722.0	강남세곡LH e편한세상아파트
1455447084		15	45	84	2013			15.0	45.0	84	2013	15.0	45.0	516.8549177439284	382238722.0	강남세곡LH e편한세상아파트
1455447085		15	45	90	2013			15.0	45.0	90	2013	15.0	45.0	516.8279571242483	382238722.0	강남세곡LH e편한세상아파트
1455447086		15	45	89	2013			15.0	45.0	89	2013	15.0	45.0	516.5043787171661	382238722.0	강남세곡LH e편한세상아파트
1455447087		15	45	60	2013			15.0	45.0	60	2013	15.0	45.0	516.7785333831122	382238722.0	강남세곡LH e편한세상아파트
1455447088		10	31	58	2013			10.0	31.0	58	2013	10.0	31.0	516.7133264918309	382238722.0	강남세곡LH e편한세상아파트
1455447089		15	45	90	2013			15.0	45.0	90	2013	15.0	45.0	516.7191137839476	382238722.0	강남세곡LH e편한세상아파트
1455447090		10	31	40	2013			10.0	31.0	40	2013	10.0	31.0	516.713556374655	382238722.0	강남세곡LH e편한세상아파트
1455447091		10	31	40	2013			10.0	31.0	40	2013	10.0	31.0	516.4982517167426	382238722.0	강남세곡LH e편한세상아파트
1455447092		15	45	57	2013			15.0	45.0	57	2013	15.0	45.0	516.7065380687138	382238722.0	강남세곡LH e편한세상아파트
1455447093		15	45	56	2013			15.0	45.0	56	2013	15.0	45.0	516.4877087198906	382238722.0	강남세곡LH e편한세상아파트
1455447553		10	30	92	2011			10.0	30.0	92	2011	10.0	30.0	424.27717382805247	224707658.0	세곡리엔파크1단지
1455447554		13	39	99	2011			13.0	39.0	99	2011	13.0	39.0	423.84891479737297	224707658.0	세곡리엔파크1단지
1455447555		13	39	66	2011			13.0	39.0	66	2011	13.0	39.0	313.2756089062844	224707658.0	세곡리엔파크1단지
1455447556		12	36	44	2011			12.0	36.0	44	2011	12.0	36.0	423.8492613666865	224707658.0	세곡리엔파크1단지
1455447557		12	36	44	2011			12.0	36.0	44	2011	12.0	36.0	423.9472877725252	224707658.0	세곡리엔파크1단지
1455447558		10	30	50	2011			10.0	30.0	50	2011	10.0	30.0	336.76301746477174	224707658.0	세곡리엔파크1단지
1455448080		12	36	43	2011			12.0	36.0	43	2011	12.0	36.0	352.33371952550965	382259609.0	신동아파밀리에아파트
1455448081		13	39	43	2011			13.0	39.0	43	2011	13.0	39.0	352.35347630367363	382259609.0	신동아파밀리에아파트
1455448082		14	42	49	2011			14.0	42.0	49	2011	14.0	42.0	352.35371408227104	382259609.0	신동아파밀리에아파트
1455448083		13	39	71	2011			13.0	39.0	71	2011	13.0	39.0	383.50788918998785	382259609.0	신동아파밀리에아파트
1455448084		11	33	73	2011			11.0	33.0	73	2011	11.0	33.0	383.63392932239344	382259609.0	신동아파밀리에아파트
1455448085		14	42	85	2011			14.0	42.0	85	2011	14.0	42.0	383.567277158507	382259609.0	신동아파밀리에아파트
1455448086		12	36	43	2011			12.0	36.0	43	2011	12.0	36.0	383.67912100732104	382259609.0	신동아파밀리에아파트
1455454175		13	39	56	2011			13.0	39.0	56	2011	13.0	39.0	352.35393823149064	382259619.0	세곡리엔파크3단지
1455454176		14	42	68	2011			14.0	42.0	68	2011	14.0	42.0	383.50798127899156	382259619.0	세곡리엔파크3단지
1455454177		14	42	65	2011			14.0	42.0	65	2011	14.0	42.0	383.51010045395185	382259619.0	세곡리엔파크3단지
1455454178		14	42	86	2011			14.0	42.0	86	2011	14.0	42.0	383.51210764184077	382259619.0	세곡리엔파크3단지
1455454179		9	27	28	2011			9.0	27.0	28	2011	9.0	27.0	383.5121800678609	382259619.0	세곡리엔파크3단지
1455454180		8	24	30	2011			8.0	24.0	30	2011	8.0	24.0	383.5102672476046	382259619.0	세곡리엔파크3단지
1455454181		8	24	30	2011			8.0	24.0	30	2011	8.0	24.0	383.5084283644096	382259619.0	세곡리엔파크3단지
1455455001		13	39	108	2011			13.0	39.0	108	2011	13.0	39.0	423.8572319756828	382259612.0	세곡리엔파트4단지
1455455002		12	36	44	2011			12.0	36.0	44	2011	12.0	36.0	424.0164455585434	382259612.0	세곡리엔파트4단지
1455455003		13	38	87	2011			13.0	38.0	87	2011	13.0	38.0	334.49013428779404	382259612.0	세곡리엔파트4단지
1455455004		10	30	40	2011			10.0	30.0	40	2011	10.0	30.0	334.6010930128207	382259612.0	세곡리엔파트4단지
1455455005		9	27	14	2011			9.0	27.0	14	2011	9.0	27.0	334.5776255379336	382259612.0	세곡리엔파트4단지
1455455006		8	24	30	2011			8.0	24.0	30	2011	8.0	24.0	334.530856368158	382259612.0	세곡리엔파트4단지
1455455007		12	36	40	2011			12.0	36.0	40	2011	12.0	36.0	334.52170459600916	382259612.0	세곡리엔파트4단지
1455455008		13	39	44	2011			13.0	39.0	44	2011	13.0	39.0	334.5983173533625	382259612.0	세곡리엔파트4단지
1456494784		4				강남구	대치동	4.0				4.0	11.2	138.04480949738357		
1456494785		4				강남구	대치동	4.0				4.0	11.2	126.30943032743455		
1456494807	102	6	17			강남구	대치동	6.0	17.0			6.0	17.0	217.51103848625922	1456494806.0	한티아파트
1456494808	101	7	20			강남구	대치동	7.0	20.0			7.0	20.0	163.48907033157292	1456494806.0	한티아파트
1456494812	세연파크뷰아파트					강남구	대치동							446.02428826462824		
1456956508	805	33	85.8	1, 2, 3				33.0	85.8	1		33.0	85.8	505.74766817070315	548704039.0	디에이치 자이 개포
1456956512	811	35		3, 4, 5				35.0		3		35.0	98.0	603.4661892689406	548704039.0	디에이치 자이 개포
1456956513	811	19		1, 2				19.0		1		19.0	53.199999999999996	347.6865749332507	548704039.0	디에이치 자이 개포
1456956530	807	30		1, 4				30.0		1		30.0	84.0	589.3235895300688	548704039.0	디에이치 자이 개포
1457045876	105	20	57	69	2017	강남구	대치동	20.0	57.0	69	2017	20.0	57.0	594.6975606803346	636223076.0	대치SK뷰아파트
1457055564	152					강남구	개포동							998.2585544893204		
1457055565	156					강남구	개포동							998.2445623170001		
1457055566	158					강남구	개포동							998.2375733246158		
1457055567	160					강남구	개포동							998.2313762217079		
1457055568	161					강남구	개포동							732.0828448037898		
1457055569	159					강남구	개포동							998.2382939965878		
1457055570	151					강남구	개포동							998.2652981950721		
1457055571	150					강남구	개포동							998.2714755331322		
1457055572	149					강남구	개포동							998.2649009934414		
1457055573	171	7		1, 2, 3, 4, 5, 6		강남구	개포동	7.0		1		7.0	19.599999999999998	910.5018308460403		
1457055574	172	7				강남구	개포동	7.0				7.0	19.599999999999998	539.9735592432025		
1457055576	174					강남구	개포동							414.3521261549487		
1457055577	166					강남구	개포동							831.525761740488		
1457055578	165					강남구	개포동							414.5239250726576		
1457055579	163					강남구	개포동							831.1849876111734		
1457055580	162					강남구	개포동							414.46172674542584		
1457055581	102					강남구	개포동							414.3470306030932		
1457055582	101					강남구	개포동							1034.0342807745474		
1457060809														643.2527537224587		
1457060810														634.4177942770591		
1457363488	802													477.0050541504884	548704039.0	디에이치 자이 개포
1458052388	101	15				강남구	대치동	15.0				15.0	42.0	644.3395991409759	1148812681.0	디에이치대치에델루이
1458052389	108	13				강남구	대치동	13.0				13.0	36.4	486.2212081758585	1148812681.0	디에이치대치에델루이
1458052390	107	7				강남구	대치동	7.0				7.0	19.599999999999998	402.09466017921164	1148812681.0	디에이치대치에델루이
1458052391	106	7				강남구	대치동	7.0				7.0	19.599999999999998	197.689566789276	1148812681.0	디에이치대치에델루이
1458052392	105	7				강남구	대치동	7.0				7.0	19.599999999999998	449.8326882976238	1148812681.0	디에이치대치에델루이
1458052393	102	16				강남구	대치동	16.0				16.0	44.8	644.2401760713761	1148812681.0	디에이치대치에델루이
1458052394	103					강남구	대치동							342.5091197749639	1148812681.0	디에이치대치에델루이
1458052395	104					강남구	대치동							342.53774736242724	1148812681.0	디에이치대치에델루이
1459270129														298.73147270914126		
1460203357						강남구	논현동							172.89718642209175		
1460203358						강남구	논현동							172.8172194613441		
1460203359						강남구	논현동							190.16282140731283		
1460203360						강남구	논현동							172.8170970046447		
1460203361						강남구	논현동							172.80233507373669		
1460203362						강남구	논현동							172.7134022496559		
1460203363						강남구	논현동							172.81669460352168		
1460203364						강남구	논현동							172.89690344328915		
1460203365						강남구	논현동							172.8962933968502		
1460203366						강남구	논현동							172.7131192686731		
1460203367						강남구	논현동							172.81653177803105		
1460203368						강남구	논현동							192.10019164336262		
1460203369						강남구	논현동							214.1712091403241		
1460203370						강남구	논현동							187.66410687917053		
1460203371						강남구	논현동							165.61191797109555		
1460203372						강남구	논현동							196.30601598292793		
1460203373						강남구	논현동							193.10728250812122		
1460203374						강남구	논현동							195.83298240270125		
1460203375						강남구	논현동							172.79475457953043		
1460203376						강남구	논현동							172.89841981848838		
1460203377						강남구	논현동							315.09865820607916		
1460203378						강남구	논현동							139.14580059853836		
1460203379						강남구	논현동							134.19120005822788		
1460203380						강남구	논현동							157.4415180650546		
1460203381						강남구	논현동							157.98794260980392		
1460203382						강남구	논현동							189.20227182480951		
1460203384						강남구	논현동							189.0430999153704		
1460203386						강남구	논현동							161.7686889210487		
1460203387						강남구	논현동							138.6321316013678		
1460203388						강남구	논현동							138.6751744640682		
1460203389						강남구	논현동							307.32152354424875		
1460203390						강남구	논현동							231.4647229206001		
1460203391						강남구	논현동							172.8967825844179		
1460203392						강남구	논현동							198.5236900715963		
1460203393						강남구	논현동							198.52328045696552		
1460203394						강남구	논현동							198.5228492812567		
1460203395						강남구	논현동							198.48931135599577		
1460203396						강남구	논현동							198.52263957085324		
1460203397						강남구	논현동							117.64376448216777		
1460203398						강남구	논현동							159.0102106121891		
1460203399						강남구	논현동							241.4080402307809		
1460203404						강남구	논현동							121.53281293909488		
1460203405						강남구	논현동							121.56113566888209		
1460203406						강남구	논현동							94.14189518195775		
1460203407						강남구	논현동							94.1131903588322		
1460203408						강남구	논현동							61.88234263136408		
1460203409						강남구	논현동							69.91767279888624		
1460203411						강남구	논현동							121.52312654260263		
1460203412						강남구	논현동							168.0283928930107		
1460203413						강남구	논현동							108.65925010574409		
1460203414						강남구	논현동							128.93215138837655		
1460203415						강남구	논현동							121.5616134099899		
1460203416						강남구	논현동							183.7558642146953		
1460203417						강남구	논현동							121.56149407680333		
1460203418						강남구	논현동							74.96922555438852		
1460203419						강남구	논현동							104.74636310018322		
1460203420						강남구	논현동							82.68237997521533		
1460203421						강남구	논현동							152.83727874496398		
1460203422						강남구	논현동							229.11792524158125		
1463272382														280.7888481750187		
1463272383														280.6471069355749		
1467081979	시티프라디움더강남2차													824.8109403866775		
1467081990	102													820.4098983196558	117785748.0	원에디션강남
1467537432		17	48	68	2018	광진구	자양동	17.0	48.0	68	2018	17.0	48.0	750.8637401393279		
1478830902		18		108	1990			18.0		108	1990	18.0	50.4	665.7733009044623	981091457.0	광장현대3단지아파트
1478830906		21		105	1990			21.0		105	1990	21.0	58.8	302.502810450499	981091457.0	광장현대3단지아파트
1478831149		19		72	1989			19.0		72	1989	19.0	53.199999999999996	552.6482443137526	981091458.0	광장현대5단지아파트
1478831150		19		133	1989			19.0		133	1989	19.0	53.199999999999996	553.0506310001819	981091458.0	광장현대5단지아파트
1478831151		19		76	1989			19.0		76	1989	19.0	53.199999999999996	552.7452047285092	981091458.0	광장현대5단지아파트
1478831152		19		133	1989			19.0		133	1989	19.0	53.199999999999996	552.7489860010932	981091458.0	광장현대5단지아파트
1478831153		19		95	1989			19.0		95	1989	19.0	53.199999999999996	336.23643904914036	981091458.0	광장현대5단지아파트
1479034425		30	82	180	1997			30.0	82.0	180	1997	30.0	82.0	442.496025116035	903231085.0	현대프라임아파트
1479034426		28	76	110	1997			28.0	76.0	110	1997	28.0	76.0	442.66502692438667	903231085.0	현대프라임아파트
1479034427		27	74	102	1997			27.0	74.0	102	1997	27.0	74.0	442.5015228412972	903231085.0	현대프라임아파트
1479034428		29	79	116	1997			29.0	79.0	116	1997	29.0	79.0	442.5685905088295	903231085.0	현대프라임아파트
1479034429		29	79	112	1997			29.0	79.0	112	1997	29.0	79.0	442.6681242599472	903231085.0	현대프라임아파트
1479034430		29	79	174	1997			29.0	79.0	174	1997	29.0	79.0	442.6365528068452	903231085.0	현대프라임아파트
1479034431		26	71	102	1997			26.0	71.0	102	1997	26.0	71.0	442.79953547583216	903231085.0	현대프라임아파트
1479034432		30	82	300	1997			30.0	82.0	300	1997	30.0	82.0	442.7961723836664	903231085.0	현대프라임아파트
1479034433		30	82	60	1997			30.0	82.0	60	1997	30.0	82.0	383.79736217839377	903231085.0	현대프라임아파트
1479034434		30	82	60	1997			30.0	82.0	60	1997	30.0	82.0	383.8904385830322	903231085.0	현대프라임아파트
1479034435		30	82	60	1997			30.0	82.0	60	1997	30.0	82.0	383.89285121125954	903231085.0	현대프라임아파트
1479034436		27	74	54	1997			27.0	74.0	54	1997	27.0	74.0	383.8971619579161	903231085.0	현대프라임아파트
1479034437		27	74	54	1997			27.0	74.0	54	1997	27.0	74.0	383.89492924060517	903231085.0	현대프라임아파트
1479034438		27	74	54	1997			27.0	74.0	54	1997	27.0	74.0	383.81331037260907	903231085.0	현대프라임아파트
1479034439		27	74	54	1997			27.0	74.0	54	1997	27.0	74.0	383.7207542300074	903231085.0	현대프라임아파트
1479035281		24	75	96	1996			24.0	75.0	96	1996	24.0	75.0	402.16655578661306	903231083.0	구의현대2단지아파트
1479035282		24	75	96	1996			24.0	75.0	96	1996	24.0	75.0	402.11661758695107	903231083.0	구의현대2단지아파트
1479035283		24	75	96	1996			24.0	75.0	96	1996	24.0	75.0	402.1143903768144	903231083.0	구의현대2단지아파트
1479035284		23	75	92	1996			23.0	75.0	92	1996	23.0	75.0	402.15697875222224	903231083.0	구의현대2단지아파트
1479035285		24	75	96	1996			24.0	75.0	96	1996	24.0	75.0	402.2615213282424	903231083.0	구의현대2단지아파트
1479035286		20		80	1996			20.0		80	1996	20.0	56.0	402.15232321834844	903231083.0	구의현대2단지아파트
1479035287		20		120	1996			20.0		120	1996	20.0	56.0	402.1982265198892	903231083.0	구의현대2단지아파트
1479035288		24	75	144	1996			24.0	75.0	144	1996	24.0	75.0	402.2645647028801	903231083.0	구의현대2단지아파트
1479035289		23	75	138	1996			23.0	75.0	138	1996	23.0	75.0	402.2505284936228	903231083.0	구의현대2단지아파트
1479035290		27	75	108	1996			27.0	75.0	108	1996	27.0	75.0	402.31760555448705	903231083.0	구의현대2단지아파트
1479035291		27	75	108	1996			27.0	75.0	108	1996	27.0	75.0	402.3930317089016	903231083.0	구의현대2단지아파트
1479035292		27	75	108	1996			27.0	75.0	108	1996	27.0	75.0	222.61569540265756	903231083.0	구의현대2단지아파트
1479035293		27	75	108	1996			27.0	75.0	108	1996	27.0	75.0	222.54049961614567	903231083.0	구의현대2단지아파트
1479035294		27	75	108	1996			27.0	75.0	108	1996	27.0	75.0	222.5390804302298	903231083.0	구의현대2단지아파트
1479035295		27	75	108	1996			27.0	75.0	108	1996	27.0	75.0	222.61015708399313	903231083.0	구의현대2단지아파트
1479036459		24	83	251	2001			24.0	83.0	251	2001	24.0	83.0	2087.0523495839616		
1479036460		18	55	92	2006			18.0	55.0	92	2006	18.0	55.0	1052.5227345461803		
1479036461		18	47	108	1994			18.0	47.0	108	1994	18.0	47.0	623.0192579635835		
1479036462		26	69	141	1994			26.0	69.0	141	1994	26.0	69.0	444.2769485694174		
1479036463		25	66	172	1994			25.0	66.0	172	1994	25.0	66.0	444.1185895061567		
1479036601		22	61	86	2002			22.0	61.0	86	2002	22.0	61.0	505.60554577142983		
1479036602		22	61	44	2002			22.0	61.0	44	2002	22.0	61.0	236.1750757991341		
1479037021		17	47	98	2001			17.0	47.0	98	2001	17.0	47.0	337.69809209311165		
1479037022		10	40	144	2002			10.0	40.0	144	2002	10.0	40.0	699.8139325572198		
1479041879		21	58	168	1992			21.0	58.0	168	1992	21.0	58.0	685.6603245642523		
1479041880		17	47	102	1992			17.0	47.0	102	1992	17.0	47.0	685.7857218188672		
1479041881		20	58	84	1992			20.0	58.0	84	1992	20.0	58.0	478.06905326388494		
1479043729		20	62	67	2004			20.0	62.0	67	2004	20.0	62.0	598.5302301749899		
1479043733		14	44	83	2009			14.0	44.0	83	2009	14.0	44.0	939.0104118023487		
1479192148		12		60	1983			12.0		60	1983	12.0	33.599999999999994	588.8086914308075		
1479192149		12		72	1983			12.0		72	1983	12.0	33.599999999999994	997.3947113613573		
1479192150		12		72	1983			12.0		72	1983	12.0	33.599999999999994	1107.466226369736		
1479192151		12		72	1983			12.0		72	1983	12.0	33.599999999999994	1107.013992459752		
1479192152		12		72	1983			12.0		72	1983	12.0	33.599999999999994	1109.0170707895018		
1479192153		12		96	1983			12.0		96	1983	12.0	33.599999999999994	672.2567899730741		
1479217100		19	55	18	2001			19.0	55.0	18	2001	19.0	55.0	182.12536681140855		
1479249857		27	83	300	2024			27.0	83.0	300	2024	27.0	83.0	734.2909709722653	1436896187.0	롯데캐슬이스트폴아파트
1479249858		29	83	134	2025			29.0	83.0	134	2025	29.0	83.0	405.4257380043317	1436896187.0	롯데캐슬이스트폴아파트
1479249859		32	92	146	2025			32.0	92.0	146	2025	32.0	92.0	405.53813929441014	1436896187.0	롯데캐슬이스트폴아파트
1479249860		27	78	152	2025			27.0	78.0	152	2025	27.0	78.0	405.54972044595183	1436896187.0	롯데캐슬이스트폴아파트
1479249861		48	146	202	2025			48.0	146.0	202	2025	48.0	146.0	405.5235977613053	1436896186.0	롯데캐슬이스트폴아파트
1479249862		48	146	206	2025			48.0	146.0	206	2025	48.0	146.0	405.53911812510273	1436896186.0	롯데캐슬이스트폴아파트
1479249863		48	146	223	2025			48.0	146.0	223	2025	48.0	146.0	547.7433895184952	1436896186.0	롯데캐슬이스트폴아파트
1479250807		10	39	14	2020			10.0	39.0	14	2020	10.0	39.0	150.58780518425513		
1479250808		11	41	22	2021			11.0	41.0	22	2021	11.0	41.0	170.5589589428653		
1479250809		9	30	20	2018			9.0	30.0	20	2018	9.0	30.0	176.9773918219343		
1479250810		9	32	7	2019			9.0	32.0	7	2019	9.0	32.0	176.97726869720583		
1479250811		10	29	18	1996			10.0	29.0	18	1996	10.0	29.0	446.5071268147139		
1479250812		14	47	98	2021			14.0	47.0	98	2021	14.0	47.0	512.5287341439969		
1479251293		11	37	74	2020			11.0	37.0	74	2020	11.0	37.0	347.0962247687227		
1479251294		15	52	70	2023			15.0	52.0	70	2023	15.0	52.0	286.054794684664		
1479251939		22	66	70	1997			22.0	66.0	70	1997	22.0	66.0	384.1312125246601		
1479251940		22	66	70	1997			22.0	66.0	70	1997	22.0	66.0	384.0221321979967		
1479251941		22	66	133	1997			22.0	66.0	133	1997	22.0	66.0	384.12885538886087		
1479266465		12	35	60	2005			12.0	35.0	60	2005	12.0	35.0	473.9681852580464		
1479266466		29	93	98	2017			29.0	93.0	98	2017	29.0	93.0	273.13289931280866		
1479266467		29	93	98	2017			29.0	93.0	98	2017	29.0	93.0	272.97154272371023		
1479266468		17	70	107	2019			17.0	70.0	107	2019	17.0	70.0	275.84743717849113		
1479290875		10	38	14	2019			10.0	38.0	14	2019	10.0	38.0	148.82878338010326		
1479290876		13	43	76	2004			13.0	43.0	76	2004	13.0	43.0	258.9681606011847		
1479290877		9	42	9	2020			9.0	42.0	9	2020	9.0	42.0	46.3967097467051		
1479290878		9	33	24	2014			9.0	33.0	24	2014	9.0	33.0	189.57929841586662		
1479290879		15	64	120	2019			15.0	64.0	120	2019	15.0	64.0	350.8690819854606		
1479290881		9	46	29	2021			9.0	46.0	29	2021	9.0	46.0	161.5328864496891		
1479290882		19	70	80	2024			19.0	70.0	80	2024	19.0	70.0	213.06758519831743		
1479452537		12		60	1991			12.0		60	1991	12.0	33.599999999999994	501.46423289988377		
1479452538		13		148	1991			13.0		148	1991	13.0	36.4	859.6579157834905		
1479452539		25	68	185	2002			25.0	68.0	185	2002	25.0	68.0	394.43447318252043		
1479452540		23	64	230	1996			23.0	64.0	230	1996	23.0	64.0	1209.007410934042	899719392.0	자양현대3차아파트
1479452541		23	64	209	1996			23.0	64.0	209	1996	23.0	64.0	855.5266890066571	899719392.0	자양현대3차아파트
1479452542		19	51	150	1997			19.0	51.0	150	1997	19.0	51.0	487.2074533462503		
1479452543		12	38	75	2005			12.0	38.0	75	2005	12.0	38.0	598.6040723261141		
1479452772		13	36	74	1993			13.0	36.0	74	1993	13.0	36.0	615.2666964717644		
1479452773		18		108	1993			18.0		108	1993	18.0	50.4	614.9221821117217		
1479452980		25	69	94	1999			25.0	69.0	94	1999	25.0	69.0	370.8729296266525	903623357.0	로얄동아아파트
1479452981		17	47	61	1999			17.0	47.0	61	1999	17.0	47.0	370.7344142103189	903623357.0	로얄동아아파트
1479452982		25	69	95	1999			25.0	69.0	95	1999	25.0	69.0	370.59747774735234	903623357.0	로얄동아아파트
1479452983		19	52	72	1999			19.0	52.0	72	1999	19.0	52.0	370.86650307598484	903623357.0	로얄동아아파트
1479453554		11	34	19	1997			11.0	34.0	19	1997	11.0	34.0	338.70869234103316		
1479453555		9	29	18	1993			9.0	29.0	18	1993	9.0	29.0	339.7920323273979		
1479453556		16	43	65	1998			16.0	43.0	65	1998	16.0	43.0	192.88101480313657		
1479453557		23	62	118	1998			23.0	62.0	118	1998	23.0	62.0	416.9882527234946	473590807.0	자양5차현대아파트
1479453558		19	51	88	1998			19.0	51.0	88	1998	19.0	51.0	416.71425640597454	473590807.0	자양5차현대아파트
1479453559		19	58	76	1999			19.0	58.0	76	1999	19.0	58.0	416.54814219968625	473590806.0	경남아파트
1479453560		19	58	156	1999			19.0	58.0	156	1999	19.0	58.0	416.7128445492994	473590806.0	경남아파트
1479453774		13	36	43	2005			13.0	36.0	43	2005	13.0	36.0	392.8846119513337		
1479453775		15	47	14	1997			15.0	47.0	14	1997	15.0	47.0	178.69223674530468		
1479597455		13	36	27	2017			13.0	36.0	27	2017	13.0	36.0	205.82872764670506		
1479597456		10	39	13	2020			10.0	39.0	13	2020	10.0	39.0	156.47903335891274		
1479597457		10	39	13	2020			10.0	39.0	13	2020	10.0	39.0	156.50209353002316		
1479597458		9	31	24	2020			9.0	31.0	24	2020	9.0	31.0	156.46247379399864		
1479598106		19	56	83	2023			19.0	56.0	83	2023	19.0	56.0	329.4064977140911		
1479598107		18	53	82	2023			18.0	53.0	82	2023	18.0	53.0	316.9521010568964		
1479599472		12	35	19	2001			12.0	35.0	19	2001	12.0	35.0	249.4524721877374		
1479599473		14	39	28	2002			14.0	39.0	28	2002	14.0	39.0	222.4304018070867		
1479599474		11	32	40	2001			11.0	32.0	40	2001	11.0	32.0	395.89565950213586		
1479607407		15		150	1989			15.0		150	1989	15.0	42.0	907.1332673560204		
1479607408		15		135	1989			15.0		135	1989	15.0	42.0	790.5339210533866		
1479607409		15		120	1989			15.0		120	1989	15.0	42.0	577.9973482498948		
1479608879		13		66	1989			13.0		66	1989	13.0	36.4	644.912029311551		
1479608880		18	48	92	1998			18.0	48.0	92	1998	18.0	48.0	716.6696226980116		
1479608881		22	60	110	1998			22.0	60.0	110	1998	22.0	60.0	584.9769012934197		
1479608882		22	60	44	1998			22.0	60.0	44	1998	22.0	60.0	251.8104865685191		
1479608883		22	60	66	1998			22.0	60.0	66	1998	22.0	60.0	350.99178887106814		
1479608884		22	60	313	1998			22.0	60.0	313	1998	22.0	60.0	867.0191572221756		
1479611391		18	50	92	1996			18.0	50.0	92	1996	18.0	50.0	466.86689775424094		
1479611392		15		80	1990			15.0		80	1990	15.0	42.0	575.2948892031152		
1479612452		15		60	1989			15.0		60	1989	15.0	42.0	344.15508142548043		
1479612453		15		75	1989			15.0		75	1989	15.0	42.0	344.4598619874714		
1479612454		12		46	1989			12.0		46	1989	12.0	33.599999999999994	344.15353045492833		
1479612455		12		68	1989			12.0		68	1989	12.0	33.599999999999994	588.6209373862246		
1479612456		15		127	1989			15.0		127	1989	15.0	42.0	985.8874725481289		
1479612457		11		44	1989			11.0		44	1989	11.0	30.799999999999997	344.204112856266		
1479612458		11		44	1989			11.0		44	1989	11.0	30.799999999999997	344.3721195119318		
1479612459		14	42	96	1992			14.0	42.0	96	1992	14.0	42.0	418.54554676377506		
1479670524		18	48	140	1997			18.0	48.0	140	1997	18.0	48.0	749.6915943508031		
1479670525		24	66	122	1993			24.0	66.0	122	1993	24.0	66.0	305.39940364756956		
1479670526		24	66	233	1993			24.0	66.0	233	1993	24.0	66.0	865.2452098845532		
1479670921		11	31	47	1995			11.0	31.0	47	1995	11.0	31.0	266.77750658851824		
1479670922		11		84	1991			11.0		84	1991	11.0	30.799999999999997	719.2192637487836		
1479670923		11		74	1991			11.0		74	1991	11.0	30.799999999999997	648.3431598547907		
1479672459		15	40	58	2006			15.0	40.0	58	2006	15.0	40.0	545.3059215398041		
1479672460		15	40	58	2006			15.0	40.0	58	2006	15.0	40.0	545.0757175143814		
1479674977		27	79	159	2021			27.0	79.0	159	2021	27.0	79.0	466.24488783921845	976906287.0	자양호반써밋아파트
1479674978		27	79	146	2021			27.0	79.0	146	2021	27.0	79.0	466.00781585106773	976906287.0	자양호반써밋아파트
1479675843		12	36	20	1999			12.0	36.0	20	1999	12.0	36.0	252.31927913648542	1069181356.0	대동아파트
1479675844		12	36	20	1999			12.0	36.0	20	1999	12.0	36.0	252.28600397502737	1069181356.0	대동아파트
1479675845		19	54	68	1999			19.0	54.0	68	1999	19.0	54.0	452.1192458074501	1069181356.0	대동아파트
1479675846		25	71	206	1999			25.0	71.0	206	1999	25.0	71.0	452.20962367060105	1069181356.0	대동아파트
1479801417		10	28	59	1994			10.0	28.0	59	1994	10.0	28.0	474.99706975161575		
1479801418		11	30	60	1994			11.0	30.0	60	1994	11.0	30.0	338.2629454302926		
1479801419		19	52	104	2000			19.0	52.0	104	2000	19.0	52.0	407.3375408199248		
1479801420		11	31	37	2000			11.0	31.0	37	2000	11.0	31.0	310.1189395590063		
1479801936		13	40	48	2006			13.0	40.0	48	2006	13.0	40.0	357.65305991375374		
1479801937		12	33	39	2006			12.0	33.0	39	2006	12.0	33.0	250.83202967205426		
1479801938		13	40	70	2006			13.0	40.0	70	2006	13.0	40.0	333.7644128968532		
1479801939		13	37	38	2009			13.0	37.0	38	2009	13.0	37.0	197.64911457885717		
1479801940		13	37	38	2009			13.0	37.0	38	2009	13.0	37.0	197.58578260633274		
1479801941		13	37	38	2009			13.0	37.0	38	2009	13.0	37.0	197.75958569239637		
1480386748		12	52	103	1994			12.0	52.0	103	1994	12.0	52.0	381.942596400835		
1480386749		10	28	20	1994			10.0	28.0	20	1994	10.0	28.0	214.44920644703558		
1480386750		19	53	74	2001			19.0	53.0	74	2001	19.0	53.0	393.2581324806913		
1480386751		19	53	68	2001			19.0	53.0	68	2001	19.0	53.0	256.3533336410455		
1480619747		19	53	136	2001			19.0	53.0	136	2001	19.0	53.0	656.3853211321207		
1480619748		5	13	10	2001			5.0	13.0	10	2001	5.0	13.0	236.8360921815064		
1484160821		11	34	19	2000			11.0	34.0	19	2000	11.0	34.0	503.67933858991233	451348414.0	유엔빌리지
1514903839	202동	24	67	72	2008	송파구	신천동	24.0	67.0	72	2008	24.0	67.0	488.7010783428399	471733248.0	잠실 파크리오
1514903840	204동	28	78	84	2008	송파구	신천동	28.0	78.0	84	2008	28.0	78.0	488.79626188685154	471733248.0	잠실 파크리오
