osm_id	dong_name	start_date	levels	height	flats	osm_year	levels_num	height_num	flats_num	building_height_m	aptSeq	dist_m	anchor_rank
64988494	G	2004	69	264	480	2004	69	264.0	480	264.0	11680-470	80.238785712479	0.0
117795643	역삼대우디오빌	2002	26	83	457	2002	26	83.0	457	83.0	11680-275	3.7765545799815317	0.0
129600576	503동	1978	15		150	1978	15		150	42.0			
129600577	502동	1978	15		150	1978	15		150	42.0			
129600578	506동	1978	15		150	1978	15		150	42.0			
129600579	504동	1978	15		150	1978	15		150	42.0			
129600580	505동	1978	15		150	1978	15		150	42.0			
129600581	501동	1978	15		150	1978	15		150	42.0			
129600582	507동	1978	15		150	1978	15		150	42.0			
166189194	104	1999	7	21	31	1999	7	21.0	31	21.0			
172246210		2004	23	81	67	2004	23	81.0	67	81.0	11680-525	1.0506258064873313	0.0
182192513	101	2005	29	85	131	2005	29	85.0	131	85.0	11680-601	69.09221367614336	0.0
182192515	103	2005	29	85	131	2005	29	85.0	131	85.0	11680-601	220.03740005680677	0.0
182192516	104	2005	29	85	104	2005	29	85.0	104	85.0	11680-601	268.43694104337766	2.0
182192517	105	2005	29	85	105	2005	29	85.0	105	85.0	11680-601	203.58249336339287	1.0
182197532	타워팰리스 B동	2002	66	234	399	2002	66	234.0	399	234.0	11680-364	117.61767152923765	0.0
182197533	A	2002	59	211	375	2002	59	211.0	375	211.0	11680-365	132.0820605820066	0.0
182197534	C동	2002	59	211	353	2002	59	211.0	353	211.0	11680-364	84.87089736283606	0.0
182197535	D	2002	42	154	168	2002	42	154.0	168	154.0	11680-364	2.2055682302871515	0.0
182695688	10	1983	15		60	1983	15		60	42.0	11680-216	104.27012522608698	0.0
182695689	1	1983	15		90	1983	15		90	42.0	11680-294	216.06122058002998	-1.0
182695690	2	1983	15		60	1983	15		60	42.0	11680-216	253.20706887350636	1.0
182695691	3	1983	15		90	1983	15		90	42.0	11680-216	196.15153016682606	0.0
182695692	5	1983	15		60	1983	15		60	42.0	11680-216	235.24275281458628	0.0
182695693	6	1983	15		60	1983	15		60	42.0	11680-216	160.23794623432218	0.0
182695694	7	1983	15		120	1983	15		120	42.0	11680-216	224.14725351412298	0.0
182695695	8	1983	15		90	1983	15		90	42.0	11680-216	141.44274141217898	0.0
182695696	9	1983	15		60	1983	15		60	42.0	11680-372	167.6084133545199	0.0
182695697	11	1984	15		90	1984	15		90	42.0	11680-216	4.274354280383906	0.0
182695698	12	1984	15		120	1984	15		120	42.0	11680-216	92.4086843730475	0.0
182695699	13	1984	15		90	1984	15		90	42.0	11680-216	70.46130096297772	0.0
182695700	14	1984	15		60	1984	15		60	42.0	11680-372	110.34542630033737	0.0
182695701	15	1984	15		90	1984	15		90	42.0	11680-216	188.7421815321628	1.0
192695678	104	1994	5		40	1994	5		40	14.0	11680-309	85.96927363367314	0.0
192695680	103	1993	5		40	1993	5		40	14.0	11680-303	272.7416983268283	0.0
192695682	103	1994	5		30	1994	5		30	14.0	11680-309	56.9006018679392	0.0
192695683	203	1994	5		30	1994	5		30	14.0	11680-309	132.195179914534	0.0
192695685	105	1994	5		30	1994	5		30	14.0	11680-309	115.06942789083793	0.0
192695686	305	1994	5		40	1994	5		40	14.0	11680-309	264.2285239515468	0.0
192695688	109	1993	5		30	1993	5		30	14.0	11680-303	191.57535697580795	0.0
192695689	302	1994	5		30	1994	5		30	14.0	11680-309	207.0268703368766	0.0
192695692	110	1993	5		40	1993	5		40	14.0	11680-303	170.31839854453472	0.0
192695694	101	1994	5		20	1994	5		20	14.0	11680-309	1.195912478211385	0.0
192695695	102	1993	5		30	1993	5		30	14.0	11680-303	278.0290374076962	0.0
192695696	105	1993	5		30	1993	5		30	14.0	11680-303	269.3709158460405	0.0
192695697	210	1993	5		30	1993	5		30	14.0	11680-303	28.146380780266007	0.0
192695698	106	1993	5		40	1993	5		40	14.0	11680-308	254.95664404644214	0.0
192695700	107	1993	5		30	1993	5		30	14.0	11680-303	225.1941438561483	0.0
192695701	206	1994	5		20	1994	5		20	14.0	11680-309	181.4446908061678	0.0
192695703	208	1993	5		40	1993	5		40	14.0	11680-303	96.34596195205275	0.0
192695705	204	1994	5		30	1994	5		30	14.0	11680-309	154.6043573309988	0.0
192695706	202	1993	5		30	1993	5		30	14.0	11680-303	157.43642340681123	0.0
192695708	108	1993	5		30	1993	5		30	14.0	11680-303	209.56910456144908	0.0
192695709	102	1994	5		30	1994	5		30	14.0	11680-309	29.0654314724082	0.0
192695712	101	1993	5		30	1993	5		30	14.0	11680-303	273.5221489462961	0.0
192695714	306	1994	5		30	1994	5		30	14.0	11680-309	274.32637879765724	0.0
192695717	301	1994	5		40	1994	5		40	14.0	11680-309	185.61052917678998	0.0
192695721	202	1994	5		40	1994	5		40	14.0	11680-309	115.75498917846173	0.0
192695723	107	1994	5		20	1994	5		20	14.0	11680-309	169.704314902407	0.0
192695726	303	1994	5		30	1994	5		30	14.0	11680-309	223.10439415364587	0.0
192695727	201	1994	5		30	1994	5		30	14.0	11680-309	92.7350558783027	0.0
192695730	207	1993	5		40	1993	5		40	14.0	11680-303	131.68421133417615	0.0
192695731	204	1993	5		30	1993	5		30	14.0	11680-303	95.96914475894461	0.0
192695735	307	1994	5		30	1994	5		30	14.0	11680-309	287.5960687210826	0.0
192695738	201	1993	5		30	1993	5		30	14.0	11680-303	180.9389661749628	0.0
192695739	104	1993	5		30	1993	5		30	14.0	11680-303	278.1931596810763	0.0
192695741	211	1993	5		30	1993	5		30	14.0	11680-303	0.7746944854962302	0.0
192695743	106	1994	5		30	1994	5		30	14.0	11680-309	141.27840356833735	0.0
192695745	206	1993	5		40	1993	5		40	14.0	11680-303	158.09738333715185	0.0
192695747	203	1993	5		30	1993	5		30	14.0	11680-303	133.0385493854906	0.0
192695749	209	1993	5		30	1993	5		30	14.0	11680-303	62.06567907555681	0.0
192695759	108										11680-303	275.73954413048443	0.0
192695761	112												
192695763	107										11680-303	293.41119732767737	0.0
192695765	109										11680-303	258.482218205551	0.0
192695766	101										11680-303	226.44397507161423	0.0
192695767	103										11680-303	268.15076154359525	0.0
192695770	111										11680-303	289.30877839431986	0.0
192695773													
192695775	106												
192695777	110										11680-303	240.94539717718743	0.0
192695779	102										11680-303	244.97344584889626	0.0
192695780	105												
192728182	91동	1981	12		131	1981	12		131	33.599999999999994	11680-21	110.89073819182234	0.0
192743492	107동	2007	20	47	80	2007	20	47.0	80	47.0	11680-3732	170.68853609483804	1.0
192743495	106동	2007	16	42	62	2007	16	42.0	62	42.0	11680-3732	123.78518628391784	0.0
192743499	105동	2007	21	62	82	2007	21	62.0	82	62.0	11680-3732	97.26416313099222	0.0
192743502	108동	2007	19	47	76	2007	19	47.0	76	47.0	11680-3733	173.8321021286551	0.0
192743506	104동	2007	21	62	84	2007	21	62.0	84	62.0	11680-3733	110.67782170276726	0.0
192743508	61동	1976	12		66	1976	12		66	33.599999999999994	11680-417	4.98497507550523	0.0
192743510	102동	2007	22	59	78	2007	22	59.0	78	59.0	11680-3733	51.36139280820291	0.0
192743514	63동	1976	12		66	1976	12		66	33.599999999999994	11680-417	95.67613516781074	0.0
192743515	103동	2007	21	60	73	2007	21	60.0	73	60.0	11680-3733	56.466375764517	0.0
192743517	이스트윙	2004	38	178	130	2004	38	178.0	130	178.0	11680-472	3.089694146045708	0.0
192743519	웨스트윙	2004	45	200	168	2004	45	200.0	168	200.0	11680-472	68.10516684548837	0.0
192743522	사우스윙	2004	45	198	151	2004	45	198.0	151	198.0	11680-472	89.42344457999106	0.0
192743526	62동	1976	12		50	1976	12		50	33.599999999999994	11680-417	52.90211602944355	0.0
192743528	64동	1976	12		50	1976	12		50	33.599999999999994	11680-417	115.58120275126397	0.0
192743530	109동	2007	21	51	38	2007	21	51.0	38	51.0	11680-3733	141.98337829483694	0.0
192743532	101동	2007	20	57	39	2007	20	57.0	39	57.0	11680-3733	1.298111231844544	0.0
192760470	대림아크로빌	1979	14	40	56	1979	14	40.0	56	40.0	11680-418	191.70442481643607	1.0
192760472	76동	1979	14		56	1979	14		56	39.199999999999996	11680-421	54.7030854473117	0.0
192760473	75동	1979	14		84	1979	14		84	39.199999999999996	11680-420	112.84849461940223	0.0
192760478	85동	1978	14		84	1978	14		84	39.199999999999996	11680-421	226.9919102455173	0.0
192760483	74동	1979	14		84	1979	14		84	39.199999999999996	11680-421	2.9870496970822176	0.0
192760487	80동	1978	14		84	1978	14		84	39.199999999999996	11680-427	191.53471831474656	-1.0
192760490	84동	1978	14		84	1978	14		84	39.199999999999996	11680-427	297.85951710068525	-1.0
192760493	73동	1979	14		84	1979	14		84	39.199999999999996	11680-420	98.43863869729523	0.0
192760497	77동	1979	14		84	1979	14		84	39.199999999999996	11680-420	157.94841021714683	1.0
192760500	79동	1978	14		84	1978	14		84	39.199999999999996	11680-420	261.2315651708944	1.0
192760502	83동	1978	14		84	1978	14		84	39.199999999999996	11680-421	263.65167709984365	0.0
192760504	86동	1978	14		84	1978	14		84	39.199999999999996	11680-421	279.06658823175246	0.0
192760507	78동	1978	14		84	1978	14		84	39.199999999999996	11680-420	207.47767000203245	1.0
192760510	82동	1979	14		84	1979	14		84	39.199999999999996	11680-421	207.59144415235502	0.0
192760512	87동	1978	14		112	1978	14		112	39.199999999999996			
192760515	81동	1978	14		112	1978	14		112	39.199999999999996	11680-427	241.97537060323512	-1.0
192760520	56동	1977	5		30	1977	5		30	14.0	11680-418	73.11984146898735	0.0
192760521	54동	1977	5		20	1977	5		20	14.0	11680-418	38.79591282718004	0.0
192760522	52동	1977	5		30	1977	5		30	14.0	11680-418	2.2124483370081314	0.0
192760523	51동	1977	5		30	1977	5		30	14.0	11680-418	79.29809318051885	0.0
192760524	55동	1977	5		30	1977	5		30	14.0	11680-418	107.52726923142416	0.0
192760526	53동	1977	5		30	1977	5		30	14.0	11680-418	87.00017347280587	0.0
192760528	71동	1977	14		112	1977	14		112	39.199999999999996	11680-420	111.01612983118643	0.0
192760530	72동	1977	14		112	1977	14		112	39.199999999999996	11680-421	56.993750202079774	0.0
193180200	211동	1983	13		65	1983	13		65	36.4	11680-427	68.00635055499244	0.0
193180202	210동	1983	13		52	1983	13		52	36.4	11680-427	47.154011772115624	0.0
193180206	204동	1987	13		78	1987	13		78	36.4	11680-428	79.74760050512965	0.0
193180208	23동	1976	12		48	1976	12		48	33.599999999999994	11680-419	76.47367003767945	0.0
193180209	203동	1987	13		52	1987	13		52	36.4	11680-428	1.6012269923045832	0.0
193180210	201동	1982	12		48	1982	12		48	33.599999999999994	11680-427	220.96503135306756	1.0
193180211	13동	1976	15		60	1976	15		60	42.0	11680-416	1.0086311435070987	0.0
193180212	12동	1976	15		60	1976	15		60	42.0	11680-416	92.06450437200242	0.0
193180213	20동	1976	12		72	1976	12		72	33.599999999999994	11680-416	233.43381120265056	1.0
193180214	24동	1976	15		90	1976	15		90	42.0	11680-419	126.50077085008026	0.0
193180215	11동	1976	15		90	1976	15		90	42.0	11680-416	206.8334715863031	1.0
193180216	25동	1976	15		90	1976	15		90	42.0	11680-418	52.80567168366158	0.0
193180217	10동	1976	15		90	1976	15		90	42.0	11680-428	172.73089570657126	-1.0
193180218	22동	1976	12		72	1976	12		72	33.599999999999994	11680-419	53.759142660639974	0.0
193180219	21동	1976	12		72	1976	12		72	33.599999999999994	11680-416	135.6170459588776	0.0
193180220		1996	11	33	19	1996	11	33.0	19	33.0	11680-427	70.34770657548293	-1.0
193180223		1998	11	35	19	1998	11	35.0	19	35.0	11680-428	51.28113169326498	-1.0
193180226	202동	1982	12		96	1982	12		96	33.599999999999994	11680-427	240.61916406303587	1.0
193180230	205동	1987	15		90	1987	15		90	42.0	11680-428	124.59146965714183	0.0
193180233	31동	1976	12		72	1976	12		72	33.599999999999994	11680-416	142.67178457669584	0.0
193180234	33동	1976	12		72	1976	12		72	33.599999999999994	11680-416	62.44977746027884	0.0
193180236	208동	1984	13		52	1984	13		52	36.4	11680-427	59.695633650822	0.0
193180237	209동	1983	13		65	1983	13		65	36.4	11680-427	1.6640403216886461	0.0
193180238	32동	1976	12		72	1976	12		72	33.599999999999994	11680-416	61.31405145115751	0.0
194285958	206	2006	19	52	70	2006	19	52.0	70	52.0	11680-3766	96.11241386154394	0.0
194285959		2007	15	41	28	2007	15	41.0	28	41.0	11680-3766	6.7417767383829625	0.0
194285960	207	2006	17	46	51	2006	17	46.0	51	46.0	11680-3678	90.46910750279395	0.0
194285961		2007	24	66	80	2007	24	66.0	80	66.0	11680-3766	72.29254998462642	0.0
194286589	205	2006	16	44	45	2006	16	44.0	45	44.0	11680-3766	70.58606154477653	0.0
194454525	106동	2006	22	60	80	2006	22	60.0	80	60.0	11680-3680	44.222024111347544	0.0
194454526	101동	2006	20	52	74	2006	20	52.0	74	52.0	11680-3680	56.13703646065696	0.0
194454528	105동	2006	13	29	44	2006	13	29.0	44	29.0	11680-3643	47.19045488820546	0.0
194454529	107동	2006	17	43	55	2006	17	43.0	55	43.0	11680-3680	1.5417755459689082	0.0
220545877	101동	1997	13		161	1997	13		161	36.4	11680-109	128.58110715345816	0.0
220545878	106동	1997	13		88	1997	13		88	36.4	11680-109	92.31552215244022	0.0
220545879	105동	1997	13		100	1997	13		100	36.4	11680-109	56.94695008492986	0.0
220545880	102동	1997	13		101	1997	13		101	36.4	11680-109	68.54087231321229	0.0
220545881	103동	1997	13		100	1997	13		100	36.4	11680-109	7.822170932060526	0.0
220545882	104동	1997	13		96	1997	13		96	36.4	11680-109	47.98529926982989	0.0
232516191	서초예성그린캐슬아파트		7	17			7	17.0		17.0			
250786416	송파한화오벨리스크	2013	15	54	1532	2013	15	54.0	1532	54.0			
264753407	35동	1978	13		78	1978	13		78	36.4	11680-378	103.92776419063142	0.0
264753408	42동	1978	13		52	1978	13		52	36.4	11680-21	104.50015710827157	0.0
264753409	43동	1978	13		52	1978	13		52	36.4	11680-21	86.34657052656026	0.0
264753411	95동	1980	12		120	1980	12		120	33.599999999999994	11680-422	5.958418940789262	0.0
264753413	45동	1978	13		91	1978	13		91	36.4	11680-21	176.03051035935152	0.0
264753414	94동	1980	12		120	1980	12		120	33.599999999999994	11680-422	62.995242679168555	0.0
264753679	61동	1980	12		156	1980	12		156	33.599999999999994	11680-21	76.0537268428712	0.0
264754540	9동	1978	12		168	1978	12		168	33.599999999999994	11680-378	80.33479666695546	0.0
264754544	8동	1978	12		72	1978	12		72	33.599999999999994	11680-378	64.08603770246214	0.0
264754548	2동	1978	12		84	1978	12		84	33.599999999999994	11680-378	101.54068333143833	0.0
264754551	5동	1978	12		72	1978	12		72	33.599999999999994	11680-378	48.36216856538419	0.0
264754555	6동	1978	12		84	1978	12		84	33.599999999999994	11680-378	100.63427668499843	0.0
264754558	1동	1978	12		84	1978	12		84	33.599999999999994	11680-378	68.84900457970578	0.0
306366592	110동	2003	20	53	75	2003	20	53.0	75	53.0			
306366593	107동	2003	27	73	54	2003	27	73.0	54	73.0			
306366594	109동	2003	24	64	86	2003	24	64.0	86	64.0			
306366595	106동	2003	27	73	104	2003	27	73.0	104	73.0			
306366596	111동		20	53	35		20	53.0	35	53.0			
306366597	108동	2003	26	70	104	2003	26	70.0	104	70.0			
306387178	101동	2000	10	30	41	2000	10	30.0	41	30.0			
306390260	104동	2003	26	73	109	2003	26	73.0	109	73.0			
306390261	113동	2003	16	42	64	2003	16	42.0	64	42.0			
306390262	105동	2003	27	73	104	2003	27	73.0	104	73.0			
306390263	102동	2003	27	73	118	2003	27	73.0	118	73.0			
306390264	103동	2003	27	73	127	2003	27	73.0	127	73.0			
306391164	101동	2003	27	73	113	2003	27	73.0	113	73.0			
313842482	서초파라곤	2005	15	47	60	2005	15	47.0	60	47.0	11680-3722	241.52322564490066	0.0
313864712	근형빌라												
313864713	한양빌리지B												
313864714	한양빌리지A												
333073382	101동	2010	32	92	123	2010	32	92.0	123	92.0			
333073384	106동	2010	35	101	136	2010	35	101.0	136	101.0			
333075393	102동	2010	35	101	68	2010	35	101.0	68	101.0			
333075396	108동	2010	35	101	136	2010	35	101.0	136	101.0			
333257783	3동	1988	15		120	1988	15		120	42.0			
333257784	7동	1988	15		165	1988	15		165	42.0			
333260079		2010	20		83	2010	20		83	56.0			
333260080		2010	20		84	2010	20		84	56.0			
333260081		2010	20		84	2010	20		84	56.0			
333260082		2010	20		85	2010	20		85	56.0			
333260625		2010	16		62	2010	16		62	44.8			
333260626		2010	15		37	2010	15		37	42.0			
356466127	빌폴라리스 아파트	2009	20	70	19	2009	20	70.0	19	70.0	11680-3899	164.96707565575437	3.0
356466129	상지리츠빌카일룸 3차 아파트	2009	20	70	19	2009	20	70.0	19	70.0	11680-3899	179.66905337689334	3.0
356466133	상지리츠빌카일룸 2차 아파트	2006	16	57	15	2006	16	57.0	15	57.0	11680-24	41.77014479145695	-1.0
356466136	상지카일룸 아파트	2003	13	45	17	2003	13	45.0	17	45.0	11680-24	30.52210118585991	-1.0
356466137	구산아파트										11680-24	1.8222547423003967	0.0
356476364	연세리버빌3차 아파트	1999	13	41	19	1999	13	41.0	19	41.0	11680-368	104.92197486625341	0.0
357022752			17				17			47.599999999999994	11680-576	85.75036823148416	0.0
357022753			17				17			47.599999999999994	11680-576	118.73667665553873	0.0
357024162	홍화 아파트										11680-97	3.86728910289446	0.0
357024163	신동아빌라트										11680-97	57.54086952427149	0.0
358284831	102	2001	6	18	30	2001	6	18.0	30	18.0	11680-2	32.19764039751245	0.0
358284832	101	2001	17	47	100	2001	17	47.0	100	47.0	11680-2	9.724092908422758	0.0
358286164	로데오현대아파트	1998	17	49	222	1998	17	49.0	222	49.0	11680-3	6.413718449611104	0.0
358317570	알파임하우스아파트	2002	10	31	19	2002	10	31.0	19	31.0	11680-18	7.975294792695639	0.0
358738793	청담휴먼스타빌아파트	2005	27	89	191	2005	27	89.0	191	89.0	11680-3574	9.938545010312689	0.0
358775726	현대아인빌아파트										11680-452	216.479710763774	0.0
358828875	뉴현대아파트										11680-568	1.8885094799960007	0.0
359769401	한양아파트										11680-713	186.97135405996067	0.0
359839865	203	2014	35	105	198	2014	35	105.0	198	105.0			
359839866	202	2014	25	77	96	2014	25	77.0	96	77.0			
359839867	201	2014	25	77	96	2014	25	77.0	96	77.0			
359840015		2014	30	91	168	2014	30	91.0	168	91.0			
359840016		2014	22	68	63	2014	22	68.0	63	68.0			
361603120	220	1988	9		54	1988	9		54	25.2	11680-371	5.550099884338932	0.0
361603121	200	1986	9		72	1986	9		72	25.2	11680-371	40.68231106670551	0.0
361603341	쌍용개포아파트	1995	10	37	16	1995	10	37.0	16	37.0	11680-371	46.35131974462275	-1.0
362436551	201	1986	9		36	1986	9		36	25.2	11680-371	90.19047499632626	0.0
362436552	202	1986	9		36	1986	9		36	25.2	11680-371	104.10897395495277	0.0
362436553	203	1986	9		54	1986	9		54	25.2	11680-371	164.78724690478563	0.0
362436554	204	1986	9		36	1986	9		36	25.2	11680-293	125.02700641670552	0.0
362436555	205	1986	9		36	1986	9		36	25.2	11680-371	152.4299822219076	0.0
362436556	206	1986	9		18	1986	9		18	25.2	11680-371	185.0092678675047	0.0
362436557	207	1986	9		54	1986	9		54	25.2	11680-293	242.61346774688687	0.0
362436558	208	1986	9		36	1986	9		36	25.2	11680-293	164.69210839354565	0.0
362436559	209	1986	9		53	1986	9		53	25.2	11680-293	86.97517879430234	0.0
362436560	210	1986	9		72	1986	9		72	25.2	11680-293	4.246989172298082	0.0
362436562	211	1986	9		36	1986	9		36	25.2	11680-293	80.33358236360411	0.0
362436563	212	1986	9		54	1986	9		54	25.2	11680-293	157.8566904945949	0.0
362436564	213	1986	9		36	1986	9		36	25.2	11680-293	202.99364651310003	0.0
362625955	101	1984	13		78	1984	13		78	36.4	11680-292	169.43031627490802	1.0
362625956	102	1984	13		78	1984	13		78	36.4	11680-292	124.38407062914469	0.0
362625958	103	1984	13		78	1984	13		78	36.4	11680-292	64.24150772450156	0.0
362625959	104	1984	13		52	1984	13		52	36.4	11680-292	123.30381988862008	0.0
362625960	105	1984	13		78	1984	13		78	36.4	11680-292	7.433027920835367	0.0
362625961	106	1984	13		52	1984	13		52	36.4	11680-292	95.79373485829794	0.0
362626348	901	2021	16	42	84	2021	16	42.0	84	42.0	11680-5015	4.70029692579762	0.0
362626349	902	2021	16	42	148	2021	16	42.0	148	42.0	11680-5015	51.32795457187962	0.0
362627808	1	1984	15		60	1984	15		60	42.0	11680-283	77.43214752247546	0.0
362627809	2	1984	15		60	1984	15		60	42.0	11680-283	7.458337410043255	0.0
362627810	3		15		60		15		60	42.0	11680-283	71.87946709037939	0.0
362627811	5	1984	15		90	1984	15		90	42.0	11680-283	148.00664946889705	0.0
362627812	6	1984	15		135	1984	15		135	42.0	11680-292	113.06093121389294	0.0
363249332	3	1984	12		72	1984	12		72	33.599999999999994	11680-292	85.16840226787804	0.0
363249333	1	1984	12		96	1984	12		96	33.599999999999994	11680-293	128.01278572873667	0.0
363249334	2	1984	12		96	1984	12		96	33.599999999999994	11680-292	121.18252609882384	0.0
363249335	5	1984	12		48	1984	12		48	33.599999999999994	11680-292	57.40883847761812	0.0
363249336	6	1984	12		48	1984	12		48	33.599999999999994	11680-278	114.27593740888102	0.0
363249337	7	1984	12		48	1984	12		48	33.599999999999994	11680-292	102.86083321512288	0.0
363249338	8	1984	15		120	1984	15		120	42.0	11680-278	8.471609733648785	0.0
363249339	9	1984	15		90	1984	15		90	42.0	11680-277	76.69960449637536	0.0
363249340	10	1984	15		60	1984	15		60	42.0	11680-277	72.12777219019672	0.0
367791113	107동	1982	12		96	1982	12		96	33.599999999999994	11680-426	0.46857386016505875	0.0
368290029	112동	2003	14	37	36	2003	14	37.0	36	37.0			
368940403		1991	10		54	1991	10		54	28.0			
368940406		1991	15		90	1991	15		90	42.0			
368940410		1991	15		84	1991	15		84	42.0			
368940411		1991	15		56	1991	15		56	42.0			
368940413		1991	15		90	1991	15		90	42.0			
368940414		1996	14	39	150	1996	14	39.0	150	39.0			
368940415		1991	15		90	1991	15		90	42.0			
368940416		1991	15		90	1991	15		90	42.0			
368940417		1991	15		90	1991	15		90	42.0			
368940419		1991	15		60	1991	15		60	42.0			
368940420		1991	14		54	1991	14		54	39.199999999999996			
369461449		1991	15		90	1991	15		90	42.0			
370219322	1	1987	5		40	1987	5		40	14.0	11680-5100	297.3130499131679	-1.0
370219323	2	1987	5		40	1987	5		40	14.0			
370219325		1987	5		30	1987	5		30	14.0			
370219326	4	1987	5		20	1987	5		20	14.0			
370219327	5	1987	5		40	1987	5		40	14.0	11680-5100	240.46949041948432	-1.0
370219328	6	1987	5		40	1987	5		40	14.0	11680-5100	274.45433359698984	-1.0
370219329	7	1987	5		30	1987	5		30	14.0	11680-5100	299.75953203646174	-1.0
370219331	8	1987	5		30	1987	5		30	14.0	11680-5100	223.88850473669993	-1.0
370327835	현대아파트	1994	9	28	18	1994	9	28.0	18	28.0	11680-5015	293.6015501908598	-1.0
370330261	2	1986	9		36	1986	9		36	25.2	11680-294	1.8490803360219867	0.0
370330262	1	1986	9		36	1986	9		36	25.2	11680-294	85.84629514709539	0.0
370330263	4	1986	9		36	1986	9		36	25.2	11680-294	84.54737663747191	1.0
370330264	3	1986	9		36	1986	9		36	25.2	11680-294	46.216310267740006	0.0
370330265	5	1986	9		54	1986	9		54	25.2	11680-294	93.51893830743967	0.0
370331600	803	1987	9		90	1987	9		90	25.2	11680-285	2.8882673847793177	0.0
370331601	802	1987	9		90	1987	9		90	25.2	11680-285	38.567545703284104	0.0
370331602	801	1987	9		81	1987	9		81	25.2	11680-285	81.66170144746044	0.0
370389786	웨스트빌리지	2009	20	63	19	2009	20	63.0	19	63.0	11680-3879	277.853688505646	2.0
370389787	이스트빌리지	2009	19		33	2009	19		33	53.199999999999996	11680-338	93.43472402362126	-1.0
370432224	501										11680-391	57.10369698830872	0.0
370432228	502	1983	14		140	1983	14		140	39.199999999999996	11680-391	131.10491078652024	0.0
370432229	503	1983	14		140	1983	14		140	39.199999999999996	11680-391	6.560968971453349	0.0
370432230	504	1983	14		140	1983	14		140	39.199999999999996	11680-391	117.54167900203949	0.0
370432231	505	1983	14		224	1983	14		224	39.199999999999996	11680-391	93.8484793702606	0.0
370432232	506	1983	14		156	1983	14		156	39.199999999999996	11680-391	146.74271516684496	1.0
370438761	1	1985	9		54	1985	9		54	25.2	11680-338	115.85821941260835	0.0
370438762	2	1985	9		54	1985	9		54	25.2	11680-338	160.96507258685224	0.0
370438763	3	1985	9		54	1985	9		54	25.2	11680-337	199.89697854755968	0.0
370438764	5	1985	9		54	1985	9		54	25.2	11680-338	248.97090837942253	0.0
370438765	6	1985	9		36	1985	9		36	25.2	11680-337	191.35291973832494	0.0
370438766	7	1985	9		54	1985	9		54	25.2	11680-337	126.5511302516059	0.0
370438767	8	1985	9		54	1985	9		54	25.2	11680-337	98.82549937413285	0.0
370438768	9	1985	9		99	1985	9		99	25.2	11680-337	109.81208354250052	0.0
379232113	두산베어스텔오피스텔	1999	21	84	174	1999	21	84.0	174	84.0	11680-504	223.9761211765305	-1.0
393356616	구의현대하이엘	2005	18	59	98	2005	18	59.0	98	59.0			
394541406	156	2008	25	68	50	2008	25	68.0	50	68.0			
394541409	155	2008	22	60	88	2008	22	60.0	88	60.0			
394541410	154	2008	22	60	88	2008	22	60.0	88	60.0			
394541411	151	2008	18	49	36	2008	18	49.0	36	49.0			
394541412	150	2008	20	57	80	2008	20	57.0	80	57.0			
394541413	147	2008	19	68	36	2008	19	68.0	36	68.0			
394541414	146	2008	24	68	86	2008	24	68.0	86	68.0			
394541415	161	2008	22	60	88	2008	22	60.0	88	60.0			
394541416	160	2008	22	60	44	2008	22	60.0	44	60.0			
394541417	148	2008	30	85	114	2008	30	85.0	114	85.0			
394541418	145	2008	28	79	106	2008	28	79.0	106	79.0			
394541419	152	2008	30	85	114	2008	30	85.0	114	85.0			
394541420	149	2008	23	65	86	2008	23	65.0	86	65.0			
394541421	153	2008	22	63	84	2008	22	63.0	84	63.0			
394541422	158	2008	30	85	116	2008	30	85.0	116	85.0			
394541423	163	2008	30	85	114	2008	30	85.0	114	85.0			
394541424	159	2008	22	63	84	2008	22	63.0	84	63.0			
394541425	166	2008	27	74	104	2008	27	74.0	104	74.0			
394541426	165	2008	20	54	80	2008	20	54.0	80	54.0			
394541428	169	2008	19	54	36	2008	19	54.0	36	54.0			
394541429	168	2008	26	74	100	2008	26	74.0	100	74.0			
394541430	171	2008	26	71	52	2008	26	71.0	52	71.0			
394541431	172	2008	21	57	78	2008	21	57.0	78	57.0			
394541433	106	2008	28	77	108	2008	28	77.0	108	77.0			
394541434	167	2008	27	74	108	2008	27	74.0	108	74.0			
394541435	164	2008	26	71	50	2008	26	71.0	50	71.0			
394541436	103	2008	27	77	104	2008	27	77.0	104	77.0			
394541437	102	2008	26	71	104	2008	26	71.0	104	71.0			
394541438	105	2008	26	71	52	2008	26	71.0	52	71.0			
394541439	104	2008	24	66	48	2008	24	66.0	48	66.0			
394541440	109	2008	24	66	48	2008	24	66.0	48	66.0			
394541441	108	2008	27	77	104	2008	27	77.0	104	77.0			
394541442	107	2008	26	71	104	2008	26	71.0	104	71.0			
394541443	110	2008	26	71	52	2008	26	71.0	52	71.0			
394541444	112	2008	28	77	56	2008	28	77.0	56	77.0			
394541445	111	2008	29	80	114	2008	29	80.0	114	80.0			
394541446	115	2008	26	71	52	2008	26	71.0	52	71.0			
394541447	113	2008	27	77	104	2008	27	77.0	104	77.0			
394541448	114	2008	24	66	48	2008	24	66.0	48	66.0			
394541449	116	2008	26	74	98	2008	26	74.0	98	74.0			
394541450	117	2008	17	46	34	2008	17	46.0	34	46.0			
394541451	119	2008	24	68	90	2008	24	68.0	90	68.0			
394541452	120	2008	26	74	100	2008	26	74.0	100	74.0			
394541453	118	2008	26	74	98	2008	26	74.0	98	74.0			
394541454	121	2008	24	68	46	2008	24	68.0	46	68.0			
394541455	123	2008	24	66	48	2008	24	66.0	48	66.0			
394541456	122	2008	24	66	96	2008	24	66.0	96	66.0			
394541457	124	2008	25	68	98	2008	25	68.0	98	68.0			
394541458	127	2008	20	54	76	2008	20	54.0	76	54.0			
394541459	126	2008	21	57	42	2008	21	57.0	42	57.0			
394541460	125	2008	25	68	50	2008	25	68.0	50	68.0			
394541461	128	2008	26	74	98	2008	26	74.0	98	74.0			
394541462	129	2008	21	57	78	2008	21	57.0	78	57.0			
394541463	130	2008	26	74	50	2008	26	74.0	50	74.0			
394541464	131	2008	26	71	104	2008	26	71.0	104	71.0			
394541465	132	2008	23	63	92	2008	23	63.0	92	63.0			
394541466	133	2008	29	82	56	2008	29	82.0	56	82.0			
394541467	136	2008	26	74	50	2008	26	74.0	50	74.0			
394541468	134	2008	23	63	92	2008	23	63.0	92	63.0			
394541469	144	2008	29	82	56	2008	29	82.0	56	82.0			
394541470	143	2008	25	71	96	2008	25	71.0	96	71.0			
394541471	140	2008	25	71	96	2008	25	71.0	96	71.0			
394541472	142	2008	33	93	64	2008	33	93.0	64	93.0			
394541473	141	2008	24	66	48	2008	24	66.0	48	66.0			
394541475	139	2008	34	96	66	2008	34	96.0	66	96.0			
394541476	138	2008	24	68	92	2008	24	68.0	92	68.0			
394541477	135	2008	26	74	50	2008	26	74.0	50	74.0			
394541478	137	2008	23	63	92	2008	23	63.0	92	63.0			
396400109		2007	24	66	74	2007	24	66.0	74	66.0	11680-3766	47.97873341229524	0.0
431589110	105동	2009	29	81	85	2009	29	81.0	85	81.0			
431800076	119동	1983	11		198	1983	11		198	30.799999999999997			
431800077	120동	1983	11		198	1983	11		198	30.799999999999997			
431800079	4동	1987	15		150	1987	15		150	42.0			
431800080	1동	1987	15		90	1987	15		90	42.0			
431800081	2동	1987	15		60	1987	15		60	42.0			
431800082	3동	1987	15		60	1987	15		60	42.0			
431800084	101동	1993	19		167	1993	19		167	53.199999999999996			
431800085	102동	1993	15		71	1993	15		71	42.0			
432034149	2동	1982	14		84	1982	14		84	39.199999999999996	11680-385	77.29313151523156	0.0
432034150	2동	1982	14		112	1982	14		112	39.199999999999996	11680-385	3.6388414042323265	0.0
432034151	3동	1982	14		126	1982	14		126	39.199999999999996	11680-385	104.31491590251802	0.0
436407137	120동	1982	13		52	1982	13		52	36.4	11680-426	229.26380064983718	0.0
436407139	121동	1982	13		52	1982	13		52	36.4	11680-427	229.6588794489483	0.0
436407141	123동	1982	13		52	1982	13		52	36.4	11680-426	181.6885340202402	0.0
436407145	118동	1982	13		52	1982	13		52	36.4	11680-427	255.47820359940286	0.0
436407147	117동	1982	13		52	1982	13		52	36.4	11680-426	288.87485879009125	0.0
436407149	114동	1982	13		52	1982	13		52	36.4	11680-426	183.99775730373642	0.0
436407151	108동	1982	13		78	1982	13		78	36.4	11680-423	94.82926294858186	0.0
436407153	109동	1982	13		78	1982	13		78	36.4	11680-426	64.58233525875157	0.0
436407155	112동	1982	13		78	1982	13		78	36.4	11680-423	122.03943412271073	0.0
436407157	111동	1982	13		52	1982	13		52	36.4	11680-423	154.1957055296511	0.0
436407159	110동	1982	13		52	1982	13		52	36.4	11680-425	159.0348133675347	0.0
436407161	113동	1982	13		78	1982	13		78	36.4	11680-423	199.20443438774578	0.0
436407164	125동	1982	13		78	1982	13		78	36.4	11680-426	167.84530939230535	0.0
436407167	127동	1982	13		78	1982	13		78	36.4	11680-423	174.80568142141624	0.0
436407170	122동	1982	13		52	1982	13		52	36.4	11680-427	183.98516330387585	0.0
436407174	119동	1982	13		52	1982	13		52	36.4	11680-427	206.2956493588669	0.0
436407177	116동	1982	13		116	1982	13		116	36.4	11680-427	262.6529056956495	1.0
436407182	115동	1982	13		103	1982	13		103	36.4	11680-423	235.68660302288555	0.0
436407185	126동	1982	13		65	1982	13		65	36.4	11680-427	184.252579279419	0.0
436407187	104동	1982	12		72	1982	12		72	33.599999999999994	11680-423	94.69972524130515	0.0
436407189	105동	1982	12		72	1982	12		72	33.599999999999994	11680-426	59.52854787673989	0.0
436407193	103동	1982	12		96	1982	12		96	33.599999999999994	11680-426	114.81891724739145	0.0
436407195	102동	1982	12		96	1982	12		96	33.599999999999994	11680-426	115.09829735953136	0.0
436407199	101동	1982	12		96	1982	12		96	33.599999999999994	11680-425	152.2459656299265	0.0
436407203	106동	1982	12		72	1982	12		72	33.599999999999994	11680-423	99.63848195966456	0.0
436407206	25동	1987	15		90	1987	15		90	42.0	11680-20	59.99813452763033	0.0
436407207	24동	1987	17		136	1987	17		136	47.599999999999994	11680-20	125.56608830766075	0.0
436407209	23동	1987	15		90	1987	15		90	42.0	11680-20	184.44006475930672	0.0
436407213		2009	16	53	14	2009	16	53.0	14	53.0			
436407217	지오빌아파트	2001	15	55	14	2001	15	55.0	14	55.0			
436407219	빌폴라리스아파트	2003	15	62	15	2003	15	62.0	15	62.0	11680-20	294.7965738418372	-1.0
436407221	띠에라하우스아파트	2003	15	61	15	2003	15	61.0	15	61.0	11680-20	269.8618834049488	-1.0
436698264	331동	1982	11		110	1982	11		110	30.799999999999997			
436698265	330동	1982	11		132	1982	11		132	30.799999999999997			
436698269	101동	2002	17	48	93	2002	17	48.0	93	48.0			
436698270	102동	2002	15	42	24	2002	15	42.0	24	42.0			
443026467	103	2000	24	65	140	2000	24	65.0	140	65.0	11680-205	109.10585948130486	1.0
443026468	101	2000	10	27	18	2000	10	27.0	18	27.0	11680-205	161.03324983938947	2.0
443026469	102	2000	14	37	22	2000	14	37.0	22	37.0	11680-205	150.7718218153387	1.0
443026471	104	2000	17	45	90	2000	17	45.0	90	45.0	11680-205	101.7298519607609	0.0
443026472	105	2000	11	29	19	2000	11	29.0	19	29.0	11680-205	78.33381428416264	1.0
443026473	106	2000	22	59	66	2000	22	59.0	66	59.0	11680-205	61.89010195650403	1.0
443026474	107	2000	25	68	100	2000	25	68.0	100	68.0	11680-205	57.208361889988694	0.0
443026477	108	2000	24	65	126	2000	24	65.0	126	65.0	11680-205	1.8749213442651105	0.0
443026478	109		21	57	76		21	57.0	76	57.0	11680-205	69.67450664800513	0.0
443026480	110	2000	14	37	51	2000	14	37.0	51	37.0	11680-205	57.59172555170577	0.0
443036684	102										11680-394	1.2466875693930402	0.0
443036685	101										11680-394	22.765234306691074	0.0
443036686	103										11680-395	1.7417647431053616	0.0
443037518	201										11680-396	25.193099268535686	0.0
443037519	202										11680-396	4.121510708004322	0.0
450354620	7동	1978	12		72	1978	12		72	33.599999999999994	11680-378	154.90258883258988	0.0
453024763	326동	1982	12		156	1982	12		156	33.599999999999994			
453024764	325동	1982	12		96	1982	12		96	33.599999999999994			
453024765	324동	1982	12		72	1982	12		72	33.599999999999994			
458489720	339동	1983	14		112	1983	14		112	39.199999999999996			
458489722		1989	15		110	1989	15		110	42.0			
468398488	금강아트빌 (Gumgang Art-bill)		5				5			14.0	11680-25	61.883424079083625	0.0
468398489	골든아트빌 (Golden Art-bill)										11680-25	1.3650529576505357	0.0
468742763	1	1986	8		64	1986	8		64	22.4	11680-338	127.04334429582995	0.0
468746617	2	1986	8		64	1986	8		64	22.4	11680-338	113.8682579709782	0.0
468748444	521동	1978	15		150	1978	15		150	42.0			
468748445		1978	15		150	1978	15		150	42.0			
468748446		1978	15		150	1978	15		150	42.0			
468748447	520동	1978	15		120	1978	15		120	42.0			
468748449	529동	1978	15		150	1978	15		150	42.0			
468748450	519동	1978	15		150	1978	15		150	42.0			
468748451	528동	1978	15		150	1978	15		150	42.0			
468748452	527동	1978	15		150	1978	15		150	42.0			
468748454	515동	1978	15		60	1978	15		60	42.0			
468748455	514동	1978	15		60	1978	15		60	42.0			
468748456	513동	1978	15		60	1978	15		60	42.0			
468748457	511동	1978	15		60	1978	15		60	42.0			
468748458	512동	1978	15		60	1978	15		60	42.0			
468748459	518동	1978	15		120	1978	15		120	42.0			
468748460	517동	1978	15		150	1978	15		150	42.0			
468748461	509동	1978	15		120	1978	15		120	42.0			
468748462		1978	15		150	1978	15		150	42.0			
468748463		1978	15		120	1978	15		120	42.0			
468748464		1978	15		150	1978	15		150	42.0			
468748465		1978	15		150	1978	15		150	42.0			
468748466	525동	1978	15		150	1978	15		150	42.0			
468748467	526동	1978	15		150	1978	15		150	42.0			
468748468	516동	1978	15		150	1978	15		150	42.0			
468752386	1	1985	9		54	1985	9		54	25.2	11680-338	91.87792365729376	0.0
468752387	5	1985	9		72	1985	9		72	25.2	11680-349	91.36802708243819	0.0
468752388	2	1985	9		54	1985	9		54	25.2	11680-338	70.17980302353354	0.0
468752389	6	1985	9		80	1985	9		80	25.2	11680-349	85.1619614830219	0.0
468752390	3	1985	9		117	1985	9		117	25.2	11680-338	86.30582398691986	0.0
468752391	7	1985	9		36	1985	9		36	25.2	11680-349	83.98009833703274	0.0
468752392	4	1985	9		117	1985	9		117	25.2	11680-338	105.31263951981319	0.0
468752393	8	1985	9		90	1985	9		90	25.2	11680-337	58.665190097309505	0.0
468752404	501	1986	9		54	1986	9		54	25.2	11680-338	75.02663960834941	0.0
468752405	502	1986	9		54	1986	9		54	25.2	11680-338	40.42425799794602	0.0
468752406	503	1986	9		36	1986	9		36	25.2	11680-338	3.8339803502574816	0.0
468752407	504	1986	9		36	1986	9		36	25.2	11680-338	45.065992330495476	0.0
468926760	오피스텔	2014	20	68	297	2014	20	68.0	297	68.0	11680-3683	31.568632008803515	-1.0
468926903		2006	22	81	160	2006	22	81.0	160	81.0	11680-3683	2.77331958979937	0.0
468950507	SK리더스뷰아파트	2005	25	88		2005	25	88.0		88.0	11680-328	82.8515703774416	-1.0
468950509	도곡동포스코트아파트	2002	17	49	64	2002	17	49.0	64	49.0	11680-348	1.0545275855438927	0.0
468950539	F	2003	55	191	450	2003	55	191.0	450	191.0	11680-365	100.52248105443363	0.0
468950540	E	2003	55	191	363	2003	55	191.0	363	191.0	11680-365	4.660574585374344	0.0
468950543	2	1998	31	105	99	1998	31	105.0	99	105.0	11680-340	75.60185736369203	0.0
468950544	1	1998	31	105	100	1998	31	105.0	100	105.0	11680-340	68.3102782774927	0.0
468950547	인스토피아	2000	18	75	98	2000	18	75.0	98	75.0	11680-340	49.187984572504234	0.0
469158736	108동	1999	5	17	10	1999	5	17.0	10	17.0	11680-34	0.011169287822994478	0.0
469158737	107동	1999	15	43	105	1999	15	43.0	105	43.0	11680-34	43.23225278740854	0.0
469158741	106동	1999	12	35	18	1999	12	35.0	18	35.0	11680-34	53.42353071659317	0.0
469158743	105동	1999	15	43	56	1999	15	43.0	56	43.0	11680-34	88.87348135432217	0.0
469158747	103동	1999	15	43	30	1999	15	43.0	30	43.0	11680-34	123.91987737804853	0.0
469158748	104동	1999	15	43	30	1999	15	43.0	30	43.0	11680-34	118.21713528569134	0.0
469158753	101동	1999	15	43	86	1999	15	43.0	86	43.0	11680-34	88.8906909336231	1.0
469158755	102동	1999	15	43	56	1999	15	43.0	56	43.0	11680-34	122.55211952072769	0.0
469271521	12동	1979	14		84	1979	14		84	39.199999999999996			
469271522	18동	1979	14		84	1979	14		84	39.199999999999996			
469271523	22동	1979	14		126	1979	14		126	39.199999999999996			
469271524	31동	1979	14		112	1979	14		112	39.199999999999996			
469271525	30동	1979	14		98	1979	14		98	39.199999999999996			
469271526	29동	1979	14		112	1979	14		112	39.199999999999996			
469271527	28동	1979	14		126	1979	14		126	39.199999999999996			
469271528	27동	1979	14		182	1979	14		182	39.199999999999996			
469271529	26동	1979	14		154	1979	14		154	39.199999999999996			
469271530	25동	1979	14		126	1979	14		126	39.199999999999996			
469271531	24동	1979	14		126	1979	14		126	39.199999999999996			
469271532	15동	1979	14		140	1979	14		140	39.199999999999996			
469271533	16동	1979	14		84	1979	14		84	39.199999999999996			
469271534	19동	1979	14		98	1979	14		98	39.199999999999996			
469271535	17동	1979	14		84	1979	14		84	39.199999999999996			
469271536	14동	1979	14		84	1979	14		84	39.199999999999996			
469271537	13동	1979	14		84	1979	14		84	39.199999999999996			
469271538	11동	1979	14		98	1979	14		98	39.199999999999996			
469271539	7동	1979	14		113	1979	14		113	39.199999999999996			
469271540	6동	1979	14		84	1979	14		84	39.199999999999996			
469271541	5동	1979	14		84	1979	14		84	39.199999999999996			
469271542	8동	1979	14		98	1979	14		98	39.199999999999996			
469271543	4동	1979	14		112	1979	14		112	39.199999999999996			
469271544	3동	1979	14		84	1979	14		84	39.199999999999996			
469271545	2동	1979	14		168	1979	14		168	39.199999999999996			
469271546	1동	1979	14		168	1979	14		168	39.199999999999996			
469271547	10동	1979	14		98	1979	14		98	39.199999999999996			
469271549	23동	1979	14		140	1979	14		140	39.199999999999996			
469271550	20동	1979	14		84	1979	14		84	39.199999999999996			
469271553	2동	1979	12		72	1979	12		72	33.599999999999994			
469289030	317동	2008	24	67	90	2008	24	67.0	90	67.0			
469346471	208동	2008	32	89	64	2008	32	89.0	64	89.0			
469368414	28동	1987	17		153	1987	17		153	47.599999999999994	11680-20	139.696929498182	0.0
469650416	1동	1989	15		110	1989	15		110	42.0			
469650417	2동	1989	15		84	1989	15		84	42.0			
469650418	3동	1989	13		74	1989	13		74	36.4			
469650419	6동	1989	15		12-	1989	15		12	42.0			
469650420	5동	1989	15		60	1989	15		60	42.0			
469650423	1동	1992	18		108	1992	18		108	50.4			
469650424	2동	1992	18		120	1992	18		120	50.4			
469650425	3동	1992	15		60	1992	15		60	42.0			
469650428	201동	2004	15	40	55	2004	15	40.0	55	40.0			
469650429	202동		15	40	30		15	40.0	30	40.0			
469650430	204동	2004	17	50	59	2004	17	50.0	59	50.0			
469650431	207동	2004	20	54	66	2004	20	54.0	66	54.0			
469650432	208동	2004	20	54	80	2004	20	54.0	80	54.0			
469650433	206동	2004	26	71	50	2004	26	71.0	50	71.0			
469650434	203동	2004	28	77	54	2004	28	77.0	54	77.0			
469650435	205동	2004	18	49	34	2004	18	49.0	34	49.0			
469650436	105동	2002	14	39	56	2002	14	39.0	56	39.0			
469650437	101동	2002	25	70	50	2002	25	70.0	50	70.0			
469650438	102동	2002	25	70	50	2002	25	70.0	50	70.0			
469650439	103동	2002	25	70	50	2002	25	70.0	50	70.0			
469650440	104동	2002	25	70	50	2002	25	70.0	50	70.0			
469650444	미주파스텔아파트	2002	18	55	91	2002	18	55.0	91	55.0			
469651186	신화아파트	1997	18	49	166	1997	18	49.0	166	49.0			
469651191	351동	1985	12		156	1985	12		156	33.599999999999994			
469670356	606	1983	15		120	1983	15		120	42.0	11680-578	109.2910219564941	0.0
469670358	604	1983	15		120	1983	15		120	42.0	11680-290	79.75491513048864	0.0
469670362	602	1983	15		120	1983	15		120	42.0	11680-578	98.94685263292996	0.0
469670366	601	1983	14		112	1983	14		112	39.199999999999996	11680-578	56.91821606730118	0.0
469670369	603	1983	14		112	1983	14		112	39.199999999999996	11680-290	1.8449480732420243	0.0
469670371	605	1983	13		104	1983	13		104	36.4	11680-290	62.688155544021335	0.0
469670372	607	1983	14		112	1983	14		112	39.199999999999996	11680-578	154.38742834700406	0.0
469670373	608	1983	13		104	1983	13		104	36.4	11680-290	153.29616031444402	0.0
469670374	609	1983	13		156	1983	13		156	36.4	11680-290	212.55563782313186	0.0
469894792	새서울멘션												
469894794	새서울멘션												
469915276	104동	1995	18	50	96	1995	18	50.0	96	50.0			
469915277	101동	1995	18	50	177	1995	18	50.0	177	50.0			
469915278	103동	1995	17	50	96	1995	17	50.0	96	50.0			
469964546	강남 프루지오시티	2014	10	38	401	2014	10	38.0	401	38.0	11680-4332	108.03488417047387	0.0
469964547	강남더샵라르고	2014	10	43	458	2014	10	43.0	458	43.0	11680-4332	223.44101503980397	0.0
469964548	강남힐스테이트에코	2014	10	40	468	2014	10	40.0	468	40.0	11680-4332	218.77756116141077	0.0
469964549	강남푸르지오시티2차	2014	10	37	543	2014	10	37.0	543	37.0	11680-4332	148.99424557320268	0.0
469964550	강남유탑유블레스	2014	10	44	513	2014	10	44.0	513	44.0	11680-4332	87.2474883492291	0.0
469976976	608동	2014	15	44	60	2014	15	44.0	60	44.0	11680-4341	271.02355600937864	0.0
470093118	215	1992	15		149	1992	15		149	42.0	11680-280	209.78609658437836	0.0
470093119	214	1992	15			1992	15			42.0	11680-280	149.82930687400926	0.0
470093120	211	1992	15		164	1992	15		164	42.0	11680-280	81.54977243870798	0.0
470093121	210	1992	15		119	1992	15		119	42.0	11680-280	55.56069682631316	0.0
470093122	209	1992	15		239	1992	15		239	42.0	11680-280	6.080777152679382	0.0
470093123	212	1992	15		119	1992	15		119	42.0	11680-280	110.26360167211365	0.0
470093124	217	1992	15		119	1992	15		119	42.0	11680-280	163.04412221905986	0.0
470093125	218	1992	15		119	1992	15		119	42.0	11680-279	212.45661415511185	0.0
470093126	219	1992	15		208	1992	15		208	42.0	11680-280	236.32719309093352	0.0
470093127	216	1992	15		238	1992	15		238	42.0	11680-280	183.38990999730308	0.0
470093128	213	1992	15		135	1992	15		135	42.0	11680-280	121.18036810783362	0.0
470179219	31	1979	14		210	1979	14		210	39.199999999999996	11680-222	265.1647650747672	-1.0
470179549	8	1979	14		210	1979	14		210	39.199999999999996	11680-218	244.64741956600827	0.0
470179574	9	1979	14		112	1979	14		112	39.199999999999996	11680-218	190.88704364771684	0.0
470180634	27	1979	14		112	1979	14		112	39.199999999999996	11680-218	116.53363865686573	0.0
470180733	23	1979	14		168	1979	14		168	39.199999999999996	11680-218	241.4735345424771	0.0
470189138	19	1979	14		210	1979	14		210	39.199999999999996	11680-5083	205.49283738144052	-1.0
470189139	18	1979	14		196	1979	14		196	39.199999999999996	11680-5083	165.93104314051263	-1.0
470189583	25	1979	14		112	1979	14		112	39.199999999999996	11680-218	257.8371659671944	1.0
470189994	20	1979	14		168	1979	14		168	39.199999999999996	11680-4637	206.1162015857729	-1.0
470190141	26	1979	14		112	1979	14		112	39.199999999999996	11680-218	155.04841028429828	0.0
470545088		2021	20	80	22	2021	20	80.0	22	80.0	11680-472	181.21756007275064	-1.0
471487748	103동	2002	20	54	199	2002	20	54.0	199	54.0			
471487750	104동	2002	20	54	80	2002	20	54.0	80	54.0			
471487752	107동	2002	16	43	54	2002	16	43.0	54	43.0			
471487753	102동	2002	20	54	139	2002	20	54.0	139	54.0			
471487754	105동	2002	20	54	199	2002	20	54.0	199	54.0			
471487755	106동	2002	20	54	125	2002	20	54.0	125	54.0			
471694810	온누리아파트		7				7			19.599999999999998			
471702786	1동	1979	12		48	1979	12		48	33.599999999999994			
471715255	1동	1981	13		72	1981	13		72	36.4			
471715256	2동	1981	13		72	1981	13		72	36.4			
471715257	3동	1981	13		72	1981	13		72	36.4			
471715258	7동	1981	13		96	1981	13		96	36.4			
471715260	6동	1981	13		72	1981	13		72	36.4			
471715261		1981	13		48	1981	13		48	36.4			
471715263	10동	1981	13		96	1981	13		96	36.4			
471715264	5동	1981	13		48	1981	13		48	36.4			
471715265	11동	1981	13		72	1981	13		72	36.4			
471715266	15동	1981	12		72	1981	12		72	33.599999999999994			
471715267	18동	1981	12		48	1981	12		48	33.599999999999994			
471715268	19동	1981	12		84	1981	12		84	33.599999999999994			
471715269	28동	1981	15		90	1981	15		90	42.0			
471715271	12동	1981	13		48	1981	13		48	36.4			
471715272	17동	1981	12		72	1981	12		72	33.599999999999994			
471715274	27동	1981	15		90	1981	15		90	42.0			
471715275	29동	1981	15		90	1981	15		90	42.0			
471715276	16동	1981	12		48	1981	12		48	33.599999999999994			
471715278	22동	1981	12		72	1981	12		72	33.599999999999994			
471715279	23동	1981	12		96	1981	12		96	33.599999999999994			
471715280	25동	1981	12		84	1981	12		84	33.599999999999994			
471715281	26동	1981	15		60	1981	15		60	42.0			
471715973		1986	18		36	1986	18		36	50.4			
471715974		1986	18		172	1986	18		172	50.4			
471715975		1986	18		172	1986	18		172	50.4			
471715976		1986	18		172	1986	18		172	50.4			
471715977		1986	18		172	1986	18		172	50.4			
471715980		1986	18		36	1986	18		36	50.4			
471715981		1986	18		36	1986	18		36	50.4			
471715982		1986	12		72	1986	12		72	33.599999999999994			
471715983		1986	18		72	1986	18		72	50.4			
471715984		1986	18		72	1986	18		72	50.4			
471748772	강남센터뷰	2018	9	36	183	2018	9	36.0	183	36.0	11680-4297	80.93838065993332	-1.0
471748778	강남훼미리타운	2017	10	38	128	2017	10	38.0	128	38.0	11680-4297	138.12371923664736	-1.0
471795895	227동	2008	30	84	120	2008	30	84.0	120	84.0			
471795896	226동	2008	30	84	120	2008	30	84.0	120	84.0			
471795897	225동	2008	33	92	132	2008	33	92.0	132	92.0			
471795898	224동	2008	36	100	144	2008	36	100.0	144	100.0			
471795899	223동	2008	30	84	60	2008	30	84.0	60	84.0			
471795900	228동	2008	33	92	132	2008	33	92.0	132	92.0			
471795901	229동	2008	36	100	144	2008	36	100.0	144	100.0			
471795902	219동	2008	32	89	64	2008	32	89.0	64	89.0			
471795903	220동	2008	32	89	64	2008	32	89.0	64	89.0			
471795904	221동	2008	32	89	64	2008	32	89.0	64	89.0			
471795905	222동	2008	33	92	66	2008	33	92.0	66	92.0			
471795906	214동	2008	36	100	144	2008	36	100.0	144	100.0			
471867156	구의아크로리버	2004	37	123	22-	2004	37	123.0	22	123.0			
472104456	111동	2008	27	75	54	2008	27	75.0	54	75.0			
472104457	110동	2008	33	92	66	2008	33	92.0	66	92.0			
472104458	109동	2008	27	75	54	2008	27	75.0	54	75.0			
472104459	113동	2008	36	100	144	2008	36	100.0	144	100.0			
472104460	112동	2008	36	100	144	2008	36	100.0	144	100.0			
472104461	115동	2008	36	100	144	2008	36	100.0	144	100.0			
472104462	114동	2008	36	100	144	2008	36	100.0	144	100.0			
472104463	107동	2008	26	72	98	2008	26	72.0	98	72.0			
472104464	108동	2008	26	72	98	2008	26	72.0	98	72.0			
472104465	106동	2008	27	75	54	2008	27	75.0	54	75.0			
472104466	105동	2008	23	64	86	2008	23	64.0	86	64.0			
472156102	123동	2011	17	29	17	2011	17	29.0	17	29.0			
472156103	122동	2011	12	35	22	2011	12	35.0	22	35.0			
472156104	121동	2011	10	29	20	2011	10	29.0	20	29.0			
472156105	120동	2011	10	29	20	2011	10	29.0	20	29.0			
472156106	119동	2011	9	26	36	2011	9	26.0	36	26.0			
472156107	118동	2011	9	26	30	2011	9	26.0	30	26.0			
472156108	117동	2011	6	17	18	2011	6	17.0	18	17.0			
472156109	116동	2011	6	17	24	2011	6	17.0	24	17.0			
472156110	115동	2011	6	17	24	2011	6	17.0	24	17.0			
472156111	114동	2011	6	17	14	2011	6	17.0	14	17.0			
472156112	113동	2011	3	12	8	2011	3	12.0	8	12.0			
472156113	112동	2011	3	11	12	2011	3	11.0	12	11.0			
472156114	111동	2011	3	11	6	2011	3	11.0	6	11.0			
472156115	110동	2011	3	11	6	2011	3	11.0	6	11.0			
472275937	신동아아파트										11680-47	0.0017831990645791533	0.0
472434692	247동	2008	30	91	90	2008	30	91.0	90	91.0			
472434693	242동	2008	29	88	108	2008	29	88.0	108	88.0			
472434694	240동	2008	29	88	108	2008	29	88.0	108	88.0			
472434695	246동	2008	33	99	223	2008	33	99.0	223	99.0			
472434696	245동	2008	30	91	208	2008	30	91.0	208	91.0			
472434697	244동	2008	33	99	229	2008	33	99.0	229	99.0			
472434698	243동	2008	30	91	208	2008	30	91.0	208	91.0			
472445621	248동	2008	30	91	90	2008	30	91.0	90	91.0			
472445622	251동	2008	29	88	108	2008	29	88.0	108	88.0			
472445623	249동	2008	33	99	99	2008	33	99.0	99	99.0			
472445624	250동	2008	28	86	99	2008	28	86.0	99	86.0			
472445625	252동	2008	27	83	100	2008	27	83.0	100	83.0			
472445630	257동	2008	31	94	62	2008	31	94.0	62	94.0			
472445631	258동	2008	25	77	44	2008	25	77.0	44	77.0			
472445636	263동	2008	27	83	54	2008	27	83.0	54	83.0			
472445637	264동	2008	31	94	58	2008	31	94.0	58	94.0			
472445638	265동	2008	28	86	52	2008	28	86.0	52	86.0			
472445639	241동	2008	28	86	112	2008	28	86.0	112	86.0			
472445640	239동	2008	28	84	104	2008	28	84.0	104	84.0			
472445641	237동	2008	31	92	87	2008	31	92.0	87	92.0			
472445642	238동	2008	29	87	54	2008	29	87.0	54	87.0			
472445643	230동	2008	22	69	40	2008	22	69.0	40	69.0			
472445644	229동	2008	29	88	54	2008	29	88.0	54	88.0			
472445645	228동	2008	26	80	104	2008	26	80.0	104	80.0			
472445646	227동	2008	22	69	80	2008	22	69.0	80	69.0			
472445647	226동	2008	28	86	52	2008	28	86.0	52	86.0			
472445648	225동	2008	30	91	84	2008	30	91.0	84	91.0			
472445649	223동	2008	29	88	54	2008	29	88.0	54	88.0			
472445650	224동	2008	27	83	75	2008	27	83.0	75	83.0			
472445651	236동	2008	27	90	94	2008	27	90.0	94	90.0			
472445652	234동	2008	21	66	38	2008	21	66.0	38	66.0			
472445653	235동	2008	26	86	104	2008	26	86.0	104	86.0			
472445654	233동	2008	21	66	38	2008	21	66.0	38	66.0			
472445655	232동	2008	26	80	116	2008	26	80.0	116	80.0			
472445657	231동	2008	26	80	96	2008	26	80.0	96	80.0			
472445658	219동	2008	30	91	134	2008	30	91.0	134	91.0			
472445659	222동	2008	29	88	58	2008	29	88.0	58	88.0			
472445660	221동	2008	27	83	54	2008	27	83.0	54	83.0			
472445661	220동	2008	30	91	84	2008	30	91.0	84	91.0			
472445662	218동	2008	29	88	131	2008	29	88.0	131	88.0			
472445663	217동	2008	27	83	100	2008	27	83.0	100	83.0			
472445664	216동	2008	27	83	52	2008	27	83.0	52	83.0			
472445665	215동	2008	29	88	112	2008	29	88.0	112	88.0			
472445666	214동	2008	29	88	54	2008	29	88.0	54	88.0			
472445667	213동	2008	27	83	104	2008	27	83.0	104	83.0			
472445668	208동	2008	33	99	99	2008	33	99.0	99	99.0			
472445669	207동	2008	29	88	58	2008	29	88.0	58	88.0			
472445670	206동	2008	29	88	58	2008	29	88.0	58	88.0			
472445671	205동	2008	27	83	54	2008	27	83.0	54	83.0			
472445672	211동	2008	29	88	108	2008	29	88.0	108	88.0			
472445673	212동	2008	27	83	52	2008	27	83.0	52	83.0			
472445674	210동	2008	29	88	54	2008	29	88.0	54	88.0			
472445675	209동	2008	27	83	102	2008	27	83.0	102	83.0			
472445676	203동		29	88	58		29	88.0	58	88.0			
472445677	204동	2008	33	99	99	2008	33	99.0	99	99.0			
472445678	202동	2008	33	99	99	2008	33	99.0	99	99.0			
472445679	201동	2008	27	88	58	2008	27	88.0	58	88.0			
472625181	110	2015	25	76	104	2015	25	76.0	104	76.0	11680-4394	159.40558919153548	1.0
472679399	브라운스톤 레전드	2009	20	67	54	2009	20	67.0	54	67.0	11680-3732	88.33039227945247	0.0
472679409											11680-3578	5.391158405106794	0.0
472679410											11680-509	5.920238489626304	0.0
472679411											11680-3578	28.31917064373477	0.0
472679412											11680-509	28.38257060290009	0.0
472820604	109	2015	35	105	162	2015	35	105.0	162	105.0	11680-4394	92.59866438655008	0.0
473240149	103	1999	14	39	108	1999	14	39.0	108	39.0			
473242815	101	1999	16	44	38	1999	16	44.0	38	44.0			
473242816	102	1999	25	69	198	1999	25	69.0	198	69.0			
473246161	강남지웰홈스	2014	10	34	653	2014	10	34.0	653	34.0	11680-4297	207.97952940986417	0.0
473504134	103동	2004	18	49	72	2004	18	49.0	72	49.0	11680-3672	114.64038685720274	0.0
473504135	104동	2004	18	49	72	2004	18	49.0	72	49.0	11680-532	88.53150631533924	0.0
473504136	102동	2004	22	60	88	2004	22	60.0	88	60.0	11680-228	72.89296126628899	0.0
473504137	101동	2004	22	60	44	2004	22	60.0	44	60.0	11680-532	27.509360653821116	0.0
473602401	삼성이안애빌										11680-3583	25.84622876101191	0.0
473602402	삼성웰피아										11680-3583	6.790049583499754	0.0
473602403	삼성파크아파트	2001	13	36	114	2001	13	36.0	114	36.0	11680-180	27.657710805507502	0.0
473726184	110	1988	15		60	1988	15		60	42.0			
473726185	110	1988	15		60	1988	15		60	42.0			
473726186	110	1988	15		90	1988	15		90	42.0			
473846526	401동	2011	15	42	55	2011	15	42.0	55	42.0	11680-3946	54.0529910055007	1.0
473846527	402동	2011	11	30	39	2011	11	30.0	39	30.0	11680-3946	1.1310433493788747	0.0
473919142	Pienpolus										11680-3574	167.83798812462518	0.0
473919153											11680-4364	81.44159163169756	0.0
473919154											11680-101	70.85884910912102	0.0
473919155											11680-101	82.27140211229478	0.0
474519771	108동	1993	15		90	1993	15		90	42.0	11680-299	133.5475562544937	0.0
474519772	109동	1993	15		120	1993	15		120	42.0	11680-299	89.606326255015	0.0
474519773	107동	1993	15		56	1993	15		56	42.0	11680-314	89.24293893023851	0.0
474519774	105동	1993	14		54	1993	14		54	39.199999999999996	11680-301	94.34947566372544	0.0
474519775	106동	1993	15		120	1993	15		120	42.0	11680-301	54.71100647212662	0.0
474519776	103동	1993	15		60	1993	15		60	42.0	11680-301	78.90411285435675	0.0
474519777	102동	1993	15		90	1993	15		90	42.0	11680-301	8.163804216637008	0.0
474519778	101동	1993	15		60	1993	15		60	42.0	11680-314	80.17843204521317	0.0
475036498	205동	2006	12	36	41	2006	12	36.0	41	36.0	11680-3704	1.0858672608109472	0.0
475194947	8동	1981	13		72	1981	13		72	36.4			
475194948	13동	1981	13		48	1981	13		48	36.4			
475194949	21동	1981	12		72	1981	12		72	33.599999999999994			
475194950	20동	1981	12		48	1981	12		48	33.599999999999994			
475195388		1986	18		172	1986	18		172	50.4			
475195389		1986	18		172	1986	18		172	50.4			
475924078	우성아파트		7				7			19.599999999999998	11680-592	3.0184467025486277	0.0
478306720	강남역한화오벨리스크	2003	15	45	204	2003	15	45.0	204	45.0	11680-504	281.80216746983297	1.0
479748003	네오블로썸아파트										11680-3840	5.1500314677012815	0.0
479820167	101	2005	13	36	40	2005	13	36.0	40	36.0	11680-3641	3.833715181019706	0.0
480580470	102	2005	13	36	43	2005	13	36.0	43	36.0	11680-3641	55.72502345791105	0.0
480580471	103	2005	11	31	35	2005	11	31.0	35	31.0	11680-3641	103.13356951375827	1.0
482260633													
482260635	102동	2014	27	78	76	2014	27	78.0	76	78.0			
482260637	103동	2014	29	84	84	2014	29	84.0	84	84.0			
482260640	101동	2014	31	90	120	2014	31	90.0	120	90.0			
490632815	62동	1980	12		72	1980	12		72	33.599999999999994	11680-21	4.261049982874172	0.0
491025854		1993	18		72	1993	18		72	50.4			
491025855		1993	18	48	144	1993	18	48.0	144	48.0			
491025856		1993	18		246	1993	18		246	50.4			
491026809	A동	2004	28		157	2004	28		157	78.39999999999999			
491027841	2동	1979	15	44	105	1979	15	44.0	105	44.0			
491027842	1동	1979	15	44	105	1979	15	44.0	105	44.0			
491027843	3동	1979	15	44	105	1979	15	44.0	105	44.0			
491027844	5동	1979	15	44	60	1979	15	44.0	60	44.0			
491027845	6동	1979	15		60	1979	15		60	42.0			
491027846	8동	1979	15		90	1979	15		90	42.0			
491027847	7동	1979	15		90	1979	15		90	42.0			
491028839	103동	2006	24	65	48	2006	24	65.0	48	65.0			
491028840	104동	2006	23	63	84	2006	23	63.0	84	63.0			
491028842	109동	2006	22	60	44	2006	22	60.0	44	60.0			
491028844	105동	2006	26	71	48	2006	26	71.0	48	71.0			
491028845	101동	2006	23	62	92	2006	23	62.0	92	62.0			
491029539	112동	2006	27	73	107	2006	27	73.0	107	73.0			
491030706	5동	1988	15		150	1988	15		150	42.0			
491030707	8동	1988	15		149	1988	15		149	42.0			
491030708	12동	1988	15		90	1988	15		90	42.0			
491030709	14동	1988	15		120	1988	15		120	42.0			
491030710	13동	1988	15		120	1988	15		120	42.0			
491030711	20동	1988	15		60	1988	15		60	42.0			
491030712	18동	1988	15		90	1988	15		90	42.0			
491030713	23동	1988	15		60	1988	15		60	42.0			
491030714	25동	1988	11		44	1988	11		44	30.799999999999997			
491030715	24동	1988	9		36	1988	9		36	25.2			
491031154		2000	18	49	85	2000	18	49.0	85	49.0			
491031155		2000	18	48	34	2000	18	48.0	34	48.0			
491033905	10동	1988	15		120	1988	15		120	42.0			
491034065	16동	1988	15		120	1988	15		120	42.0			
491034066	22동	1988	15		90	1988	15		90	42.0			
491089055	코업레지던스	2004	15	64	151	2004	15	64.0	151	64.0			
491089057		1996	21	65	19	1996	21	65.0	19	65.0			
491089058		1996	19	62	19	1996	19	62.0	19	62.0			
491089060		2006	15	61	40	2006	15	61.0	40	61.0			
491094519		2006	9	25	19	2006	9	25.0	19	25.0			
491094520		1997	11	38	85	1997	11	38.0	85	38.0			
491227012	1동	1988	15		90	1988	15		90	42.0			
491236505		2010	19	79	174	2010	19	79.0	174	79.0			
491242153		2004	13	39	83	2004	13	39.0	83	39.0			
491242154		2001	16	45	109	2001	16	45.0	109	45.0			
491242155		2001	16	45	80	2001	16	45.0	80	45.0			
491242156		2001	16	45	110	2001	16	45.0	110	45.0			
491243937		1989	13		102	1989	13		102	36.4			
492133672	21	1979	14		112	1979	14		112	39.199999999999996			
492133673	22	1979	14		140	1979	14		140	39.199999999999996	11680-218	296.9092084502167	0.0
492133674	29	1979	14		112	1979	14		112	39.199999999999996	11680-218	247.08192782458275	0.0
492133675	28	1979	14		154	1979	14		154	39.199999999999996	11680-218	178.8587824728397	0.0
492133676	10	1979	14		112	1979	14		112	39.199999999999996	11680-218	134.0888870600785	0.0
492133677	11	1979	14		196	1979	14		196	39.199999999999996	11680-218	66.02577260469504	0.0
492133678	15	1979	14		168	1979	14		168	39.199999999999996	11680-218	216.72526475502528	2.0
492133679	13	1979	14		112	1979	14		112	39.199999999999996	11680-218	92.41724558288995	1.0
492133680	12	1979	14		112	1979	14		112	39.199999999999996	11680-218	1.6178219319868725	0.0
492133681	16	1979	14		140	1979	14		140	39.199999999999996	11680-5083	179.84915248018447	-1.0
492133682	17	1979	14		238	1979	14		238	39.199999999999996	11680-5083	136.84795605346562	-1.0
492133683	7	1979	14		112	1979	14		112	39.199999999999996	11680-218	296.45118902654616	2.0
492133684	6	1979	14		112	1979	14		112	39.199999999999996	11680-222	196.34913784322907	-1.0
492133685	3	1979	14		196	1979	14		196	39.199999999999996	11680-222	175.95622202533406	-1.0
492133686	5	1979	14		196	1979	14		196	39.199999999999996	11680-222	135.04102661389229	-1.0
497993548	3동	1978	12		156	1978	12		156	33.599999999999994	11680-378	176.37599411570525	0.0
498015780	116동	2009	28	78	54	2009	28	78.0	54	78.0			
498015781	115동	2009	28	78	54	2009	28	78.0	54	78.0			
498015782	117동	2009	28	78	54	2009	28	78.0	54	78.0			
498015783	111동	2009	28	79	75	2009	28	79.0	75	79.0			
498015784			21				21			58.8			
498015785			21				21			58.8			
498015786			21				21			58.8			
498015787			21				21			58.8			
498015788			21				21			58.8			
498015789	112동	2009	28	79	75	2009	28	79.0	75	79.0			
498015790			21				21			58.8			
498015791	113동	2009	27	76	52	2009	27	76.0	52	76.0			
498015792	114동	2009	27	76	52	2009	27	76.0	52	76.0			
498017583			20				20			56.0			
498017584	128동	2009	27	76	72	2009	27	76.0	72	76.0			
498017585			20				20			56.0			
498017586			20				20			56.0			
498017587			20				20			56.0			
498017588	129동	2009	27	76	72	2009	27	76.0	72	76.0			
498017589			20				20			56.0			
498017590			20				20			56.0			
498017591			20				20			56.0			
498017592			20				20			56.0			
498017593	127동	2009	27	76	72	2009	27	76.0	72	76.0			
498017594			20				20			56.0			
498017595	126동	2009	27	76	52	2009	27	76.0	52	76.0			
498017596	120동	2009	29	81	85	2009	29	81.0	85	81.0			
498017597	119동	2009	29	81	85	2009	29	81.0	85	81.0			
498017598	121동	2009	29	81	85	2009	29	81.0	85	81.0			
498017599	122동	2009	29	81	85	2009	29	81.0	85	81.0			
498019758	123동	2009	29	81	87	2009	29	81.0	87	81.0			
498019759	124동	2009	29	81	87	2009	29	81.0	87	81.0			
498019760	125동	2009	28	78	84	2009	28	78.0	84	78.0			
498019761	130동	2009	28	78	84	2009	28	78.0	84	78.0			
498019762	131동	2009	26	73	103	2009	26	73.0	103	73.0			
498019763	132동	2009	26	73	103	2009	26	73.0	103	73.0			
498019764	133동	2009	27	76	107	2009	27	76.0	107	76.0			
498023089	143동	2009	26	73	104	2009	26	73.0	104	73.0			
498023090	140동	2009	28	78	112	2009	28	78.0	112	78.0			
498023091	138동	2009	28	78	110	2009	28	78.0	110	78.0			
498023092	141동	2009	28	78	56	2009	28	78.0	56	78.0			
498023093	137동	2009	28	78	56	2009	28	78.0	56	78.0			
498023094	134동	2009	28	78	112	2009	28	78.0	112	78.0			
498023095	136동	2009	28	78	56	2009	28	78.0	56	78.0			
498023096	135동	2009	27	76	108	2009	27	76.0	108	76.0			
498031727	139동	2009	26	73	52	2009	26	73.0	52	73.0			
498031729	144동	2009	26	73	52	2009	26	73.0	52	73.0			
498031730	142동	2009	23	64	46	2009	23	64.0	46	64.0			
498031732	109동	2009	29	81	116	2009	29	81.0	116	81.0			
498031733	108동	2009	29	81	58	2009	29	81.0	58	81.0			
498031735	107동	2009	26	73	52	2009	26	73.0	52	73.0			
498031736	110동	2009	26	73	52	2009	26	73.0	52	73.0			
498031738	103동	2009	27		81	2009	27		81	75.6			
498031740	101동	2009	29	81	87	2009	29	81.0	87	81.0			
498031742	106동	2009	27	76	81	2009	27	76.0	81	76.0			
498031743	102동	2009	29	81	85	2009	29	81.0	85	81.0			
498031744	104동	2009	29	81	85	2009	29	81.0	85	81.0			
498031745	118동	2009	29	81	85	2009	29	81.0	85	81.0			
498319544	10동	1978	12		72	1978	12		72	33.599999999999994	11680-379	126.93054066918529	0.0
498559922	105동	2010	35	101	135	2010	35	101.0	135	101.0			
498559924	103동	2010	31	90	117	2010	31	90.0	117	90.0			
498573720	107동	2010	35	101	136	2010	35	101.0	136	101.0			
498573721	104동	2010	35	101	135	2010	35	101.0	135	101.0			
498573722	109동	2010	35	101	133	2010	35	101.0	133	101.0			
499272123	B동	2004	37	120	300	2004	37	120.0	300	120.0			
499481626	501동	1986	14		56	1986	14		56	39.199999999999996			
499481627			16				16			44.8			
499481628	502동	1986	14		56	1986	14		56	39.199999999999996			
499481631			16				16			44.8			
499481632	503동	1986	14		56	1986	14		56	39.199999999999996			
499481633			16				16			44.8			
503015622	4동										11680-485	225.1418790826197	0.0
503503946	한신코아	1988	15		493	1988	15		493	42.0			
503505200	101	2000	18	50	160	2000	18	50.0	160	50.0			
503505202	102	2000	19	53	76	2000	19	53.0	76	53.0			
503505207		1991	13		104	1991	13		104	36.4			
510394418	104		24	66	74		24	66.0	74	66.0	11680-3766	113.0380912972913	0.0
510394420	105	2007	14	41	28	2007	14	41.0	28	41.0	11680-3766	141.25444165912492	0.0
510394422	204	2006	21	58	60	2006	21	58.0	60	58.0	11680-3680	61.549613312596044	0.0
510394425	201	2006	18	49	178	2006	18	49.0	178	49.0	11680-3679	4.831649918559735	0.0
510394427	202	2006	21	57	63	2006	21	57.0	63	57.0	11680-3679	43.26168812417274	0.0
510394430	203	2006	20	55	74	2006	20	55.0	74	55.0	11680-3680	92.38881555833441	0.0
510394432	503	2012	25	73	72	2012	25	73.0	72	73.0	11680-4084	140.32496644442094	0.0
510394434	502	2012	25	73	96	2012	25	73.0	96	73.0	11680-4084	86.88042658000357	0.0
510394436	501	2012	25	73	72	2012	25	73.0	72	73.0	11680-4084	39.054303887560515	0.0
510394437		1998	21	57	206	1998	21	57.0	206	57.0	11680-494	121.32252829991758	-1.0
513582409	55동	1979	13		91	1979	13		91	36.4	11680-382	74.37995659568446	0.0
513582410	51동	1979	13		78	1979	13		78	36.4	11680-382	1.141339400283418	0.0
513582411	52동	1979	13		78	1979	13		78	36.4	11680-382	76.10298838619195	0.0
513582412	53동	1979	12		96	1979	12		96	33.599999999999994	11680-382	99.50363989459245	0.0
513582413	81동	1984	15		90	1984	15		90	42.0	11680-382	70.52586071867769	-1.0
513582415	71동	1981	12		72	1981	12		72	33.599999999999994	11680-384	2.8854305672255767	0.0
513582416	72동	1981	12		167	1981	12		167	33.599999999999994	11680-384	70.93482686360402	0.0
513582425	41동	1978	13		91	1978	13		91	36.4	11680-422	124.17739132843457	0.0
517839533	109동	1995	10		99	1995	10		99	28.0			
517839534	108동	1995	10		117	1995	10		117	28.0			
517839535	106동	1995	17	49	120	1995	17	49.0	120	49.0			
517839536	107동	1995	14		50	1995	14		50	39.199999999999996			
517839537	105동	1995	10		99	1995	10		99	28.0			
517839538	104동	1995	18	49	126	1995	18	49.0	126	49.0			
517839539	102동	1995	18	49	130	1995	18	49.0	130	49.0			
517839540	101동	1995	18	49	102	1995	18	49.0	102	49.0			
517839541	103동	1995	14		52	1995	14		52	39.199999999999996			
521481563	웰리스타워	1996	22	83		1996	22	83.0		83.0			
522430137	2	1983	12		96	1983	12		96	33.599999999999994			
522430138	1	1983	12		72	1983	12		72	33.599999999999994			
525201139	2동										11680-485	191.66601709243378	0.0
526361920	3	1983	12		96	1983	12		96	33.599999999999994			
528350709	103동	2002	22	59	150	2002	22	59.0	150	59.0			
540190993	한서그린빌리지오피스텔	1990	10		92	1990	10		92	28.0			
540200852	강남역리가스퀘어오피스텔	2012	14	45	198	2012	14	45.0	198	45.0			
540377880		1990	10	31	60	1990	10	31.0	60	31.0			
541642384			9				9			25.2			
541642385			9				9			25.2			
541674456	101동	2008	17	47	98	2008	17	47.0	98	47.0			
541674458	서초타워씨티빌아파트	1997	10	28	19	1997	10	28.0	19	28.0			
541675942	102동	2006	23	62	92	2006	23	62.0	92	62.0			
541675943	106동	2006	23	63	84	2006	23	63.0	84	63.0			
541688432	108동	2006	26	71	48	2006	26	71.0	48	71.0			
541688433	110동	2006	24	65	48	2006	24	65.0	48	65.0			
541688434	107동	2006	22	60	44	2006	22	60.0	44	60.0			
541688435	113동	2006	20	54	78	2006	20	54.0	78	54.0			
541688440	114동	2006	27	73	107	2006	27	73.0	107	73.0			
541692160	강남역아이파크1차오피스텔	2013	15	52	288	2013	15	52.0	288	52.0			
554385247		2007	58	192	377	2007	58	192.0	377	192.0			
557371908	106	1998	9	30	34	1998	9	30.0	34	30.0			
557469204		2003	12	47	189	2003	12	47.0	189	47.0			
557469206		2001	22	87	125	2001	22	87.0	125	87.0			
557469340		2004	15	84	194	2004	15	84.0	194	84.0	11680-668	210.76799093634142	0.0
560054779	서초신원아침도시2차아파트	2005	15	43	60	2005	15	43.0	60	43.0			
560055390	새티스아파트												
561305974	29동	1987	17		170	1987	17		170	47.599999999999994	11680-20	20.784451687235606	0.0
561305975	26동	1987	17		68	1987	17		68	47.599999999999994	11680-20	68.11500648346808	0.0
561305976	27동	1987	17		67	1987	17		67	47.599999999999994	11680-20	112.9589728910136	0.0
561305988	잠원청구빌라트	1996	10	31	19	1996	10	31.0	19	31.0			
561457366		2004	13	33	52	2004	13	33.0	52	33.0	11680-503	1.5398198839342305	0.0
561457370		2004	14	40	143	2004	14	40.0	143	40.0	11680-503	46.51208535594381	0.0
561457375	대우디오빌플러스	2004	17	45	552	2004	17	45.0	552	45.0	11680-668	1.0109268250174162	0.0
561457377	강남뉴스텔오피스텔	1998	13	44	84	1998	13	44.0	84	44.0	11680-504	22.901948075664258	-1.0
561457378	역삼우정에쉐르1주상복합	2004	15	46	69	2004	15	46.0	69	46.0	11680-504	3.3871374493888338	0.0
561457382		2019	14	37	130	2019	14	37.0	130	37.0	11680-668	47.605169451522194	-1.0
561457386		1999	18	67	191	1999	18	67.0	191	67.0	11680-668	75.36459800472667	-1.0
561457387		2023	9	32	67	2023	9	32.0	67	32.0	11680-504	35.62419097653674	-1.0
561457393		2002	15	50	122	2002	15	50.0	122	50.0	11680-668	77.42149543532975	0.0
561457394		2004	14	40	151	2004	14	40.0	151	40.0	11680-668	80.03435030738699	0.0
561457401	강남역효성해링턴타워더퍼스트 오피스텔	2014	15	57	358	2014	15	57.0	358	57.0	11680-504	81.28034596999905	-1.0
561457415		2015	19	70	728	2015	19	70.0	728	70.0	11680-668	160.17419602815923	-1.0
561726116		2006	12	35	160	2006	12	35.0	160	35.0	11680-503	224.22582176591865	0.0
561726126		2004	12	35	352	2004	12	35.0	352	35.0	11680-503	246.79480248443397	0.0
561726171		2014	15	45	98	2014	15	45.0	98	45.0	11680-503	113.00096044346058	-1.0
561726172		2004	13	35	360	2004	13	35.0	360	35.0	11680-503	67.02382157249552	0.0
561726175		2003	11	35	198	2003	11	35.0	198	35.0	11680-503	123.44782954934098	0.0
562010965		2019	18	54	736	2019	18	54.0	736	54.0	11680-4655	119.01652646046097	0.0
562010979		2002	17	48	164	2002	17	48.0	164	48.0	11680-276	0.723551026282002	0.0
562010987		2021	14	43	48	2021	14	43.0	48	43.0	11680-275	65.12817321074458	-1.0
562010989		2022	14	39	33	2022	14	39.0	33	39.0	11680-275	49.30554190137331	-1.0
562010993		1999	18	67	33	1999	18	67.0	33	67.0	11680-249	64.79994030050676	3.0
564499733	신성아파트	1996	10	27	55	1996	10	27.0	55	27.0	11680-9	2.3207050726862444	0.0
564499766	11동										11680-485	98.14715855323038	0.0
564499767	13동										11680-485	112.9354296092491	0.0
564499768	12동										11680-485	75.64575181358089	0.0
565108103	압구정 하이츠파크	2004	25	84	43	2004	25	84.0	43	84.0	11680-549	5.4916513479687525	0.0
565108104	압구정 하이츠파크	2004	25	84	43	2004	25	84.0	43	84.0	11680-549	60.07593062951029	0.0
596587259	잠실푸르지오월드마크	2013	39	130	288	2013	39	130.0	288	130.0			
596587264	잠실더샵스타리버	2006	39	128	189	2006	39	128.0	189	128.0			
596587275	잠실더샵스타파크	2008	39	128	213	2008	39	128.0	213	128.0			
597046050		1997	20	76	327	1997	20	76.0	327	76.0			
597046051	로즈데일오피스텔	2000	20	83	406	2000	20	83.0	406	83.0			
601252642	103동	2017	45	144	189	2017	45	144.0	189	144.0			
601252643	104동	2017	47	150	213	2017	47	150.0	213	150.0			
601252644	101동	2017	47	157	143	2017	47	157.0	143	157.0			
601252645	102동	2017	46	154	143	2017	46	154.0	143	154.0			
605797173	101동	2016	32	95	104	2016	32	95.0	104	95.0			
605797174	102동	2016	35	103	110	2016	35	103.0	110	103.0			
605797175	103동	2016	35	103	124	2016	35	103.0	124	103.0			
605797176	105동	2016	35	103	136	2016	35	103.0	136	103.0			
605797177	106동	2016	34	100	144	2016	34	100.0	144	100.0			
605797178	107동	2016	34	100	144	2016	34	100.0	144	100.0			
605797179	108동	2016	30	98	81	2016	30	98.0	81	98.0			
605798589	105동	2017	34	104	156	2017	34	104.0	156	104.0			
605798590	104동	2017	35	100	140	2017	35	100.0	140	100.0			
605798591	103동	2017	29	83	140	2017	29	83.0	140	83.0			
605798592	102동	2017	34	97	129	2017	34	97.0	129	97.0			
605798593	101동	2017	24	69	46	2017	24	69.0	46	69.0			
605798594	202동	2017	30	86	150	2017	30	86.0	150	86.0			
605798595	201동	2017	30	86	146	2017	30	86.0	146	86.0			
605798760	103동	2016	32	95	115	2016	32	95.0	115	95.0			
605798761	102동	2016	26	77	104	2016	26	77.0	104	77.0			
605798762	101동	2016	33	97	133	2016	33	97.0	133	97.0			
605798763	104동	2016	24	71	69	2016	24	71.0	69	71.0			
605875914	101동	2018	25	79	48	2018	25	79.0	48	79.0			
605875915	102동	2018	34	104	109	2018	34	104.0	109	104.0			
605875916	103동	2018	34	104	118	2018	34	104.0	118	104.0			
605875917	105동	2018	34	104	66	2018	34	104.0	66	104.0			
605875918	106동	2018	29	90	87	2018	29	90.0	87	90.0			
605875919	110동	2018	22	71	41	2018	22	71.0	41	71.0			
605875920	109동	2018	34	104	99	2018	34	104.0	99	104.0			
605875921	108동	2018	34	104	66	2018	34	104.0	66	104.0			
605875922	112동	2018	29	99	73	2018	29	99.0	73	99.0			
605875923	107동	2018	25	76	63	2018	25	76.0	63	76.0			
605878711	102동	2018	26	74	91	2018	26	74.0	91	74.0			
605878712	101동	2018	28	80	106	2018	28	80.0	106	80.0			
605878713	103동	2018	35	99	134	2018	35	99.0	134	99.0			
605878714	104동	2018	35	99	138	2018	35	99.0	138	99.0			
605878715	105동	2018	29	82	131	2018	29	82.0	131	82.0			
605878716	106동	2018	25	71	105	2018	25	71.0	105	71.0			
606009736	108동	2002	15	40	60	2002	15	40.0	60	40.0			
606127865	205동	2018	27	89	84	2018	27	89.0	84	89.0			
606127866	201동	2018	30	97	119	2018	30	97.0	119	97.0			
606127867	204동	2018	30	97	124	2018	30	97.0	124	97.0	11680-3683	299.9709528162376	-1.0
606127868	203동	2018	32	104	134	2018	32	104.0	134	104.0			
606127869	202동	2018	30	97	132	2018	30	97.0	132	97.0			
606127885		2024	29	120	337	2024	29	120.0	337	120.0	11680-3683	150.36407890157147	-1.0
606583570	501	1998	23	64	348	1998	23	64.0	348	64.0			
606583571	502	1998	22	61	60	1998	22	61.0	60	61.0			
610468913	93동	1980	12		72	1980	12		72	33.599999999999994	11680-422	118.14913691965195	0.0
610468914	92동	1980	12		72	1980	12		72	33.599999999999994	11680-21	111.18678034384395	0.0
610468922	32동	1978	13		52	1978	13		52	36.4	11680-378	68.70403163376112	0.0
610468925	31동	1978	13		52	1978	13		52	36.4	11680-378	5.699377612638806	0.0
610468928	36동	1978	13		78	1978	13		78	36.4	11680-378	104.46495102431055	0.0
610468930	33동	1978	13		52	1978	13		52	36.4	11680-378	58.32283199435232	0.0
610468946	11동	1978	12		72	1978	12		72	33.599999999999994	11680-379	115.87182522049186	0.0
610468949	26동	1978	13		78	1978	13		78	36.4	11680-382	157.41338626952972	0.0
610468951	15동	1978	12		48	1978	12		48	33.599999999999994	11680-382	101.87798352204656	0.0
610468953	23동	1978	12		48	1978	12		48	33.599999999999994	11680-379	113.71810294292573	0.0
610468956	22동	1978	12		48	1978	12		48	33.599999999999994	11680-379	58.217451589380744	0.0
610468958	21동	1978	12		74	1978	12		74	33.599999999999994	11680-379	2.656455229137531	0.0
611808435	강남블루지움	2017	9	35	133	2017	9	35.0	133	35.0	11680-4297	59.95454886380469	-1.0
613615241	6동	1992	15		90	1992	15		90	42.0			
613615244	5동	1992	15		60	1992	15		60	42.0			
614353914	비엘 106	2018	15	51	291	2018	15	51.0	291	51.0	11680-3683	91.32974656752697	-1.0
614507237	1동										11680-3734	250.91909495996242	0.0
614507238	2동										11680-3905	257.492983491259	0.0
614627411		2021	15	47	197	2021	15	47.0	197	47.0	11680-503	100.82813947851535	-1.0
614627417		2016	15	47	333	2016	15	47.0	333	47.0	11680-503	139.49000182703406	-1.0
615425154	1동	1992	15		60	1992	15		60	42.0			
615425157	7동	1992	15		90	1992	15		90	42.0			
615425159	4동	1992	15		90	1992	15		90	42.0			
615425160	2동	1992	15		60	1992	15		60	42.0			
615425344	3동	1992			90	1992			90				
615428747	잠원현대훼밀리아파트	1997	17	56	113	1997	17	56.0	113	56.0			
615428750	노블레스 아파트												
628575420		2004	12	35	48	2004	12	35.0	48	35.0	11680-471	47.53539174975227	0.0
628575421		2004	12	35	23	2004	12	35.0	23	35.0	11680-471	0.2367890531686606	0.0
632227525		2004	15	47	440	2004	15	47.0	440	47.0	11680-3683	93.28505938081821	0.0
632227529		2005	15	44	56	2005	15	44.0	56	44.0	11680-3683	172.10746687678838	0.0
633166602	연세리버테라스아파트	2003	10	33	19	2003	10	33.0	19	33.0	11680-436	3.6205850088105516	0.0
633181637	목화아파트	1995	12	34	19	1995	12	34.0	19	34.0	11680-30	3.782797392597167	0.0
633181639	현대한강빌라	1992	10		18	1992	10		18	28.0	11680-46	33.68977902447525	-1.0
633181642	강변상지리츠빌	2001	13	42	12	2001	13	42.0	12	42.0	11680-46	34.47001925879896	0.0
636205477	101	2016	20	58	59	2016	20	58.0	59	58.0	11680-4173	287.6789235640224	4.0
636205478	102	2016	20	58	60	2016	20	58.0	60	58.0	11680-4173	249.6329867563809	4.0
636205479	103	2016	21	60	62	2016	21	60.0	62	60.0	11680-4173	212.94200686634736	2.0
636205480	104	2016	17	49	34	2016	17	49.0	34	49.0	11680-4173	177.51004978197366	2.0
636205481	105	2016	18	52	53	2016	18	52.0	53	52.0	11680-4173	132.74285307763344	2.0
636205482	106	2016	17	49	33	2016	17	49.0	33	49.0	11680-4173	76.59246956227499	0.0
636205483	107	2016	19	55	37	2016	19	55.0	37	55.0	11680-4173	39.4392143292696	0.0
636205484	108	2016	21	60	59	2016	21	60.0	59	60.0	11680-4173	2.2984120082038784	0.0
636207735	201	2006	23	62	88	2006	23	62.0	88	62.0	11680-3739	194.67599794187427	1.0
636207736	202	2006	20	54	78	2006	20	54.0	78	54.0	11680-3623	161.09995992899618	1.0
636207737	203	2006	23	62	69	2006	23	62.0	69	62.0	11680-3623	103.4005264771314	0.0
636207738	210	2006	22	59	64	2006	22	59.0	64	59.0	11680-3623	117.62515898418607	0.0
636207739	212	2006	22	59	65	2006	22	59.0	65	59.0	11680-3623	216.37812755384655	1.0
636207740	204	2006	20	54	80	2006	20	54.0	80	54.0	11680-3623	53.346531659740215	0.0
636207741	209	2006	20	54	78	2006	20	54.0	78	54.0	11680-3623	82.2093845975843	0.0
636207742	302	2006	20	55	74	2006	20	55.0	74	55.0	11680-3623	210.94053746900005	1.0
636207743	305	2006	18	49	68	2006	18	49.0	68	49.0	11680-3623	251.41059463221987	0.0
636207744	304	2006	17	46	58	2006	17	46.0	58	46.0	11680-3623	206.05366053308975	0.0
636207745	303	2006	19	52	72	2006	19	52.0	72	52.0	11680-3623	153.92374459992047	0.0
636207746	401	2006	22	59	88	2006	22	59.0	88	59.0	11680-3623	135.57780349729498	0.0
636207747	412	2006	22	59	87	2006	22	59.0	87	59.0	11680-3623	204.28790416982545	0.0
636207748	411	2006	23	62	85	2006	23	62.0	85	62.0	11680-3623	208.50511558269554	0.0
636207749	208	2006	20	54	80	2006	20	54.0	80	54.0	11680-3623	64.69979441555353	0.0
636207750	205	2006	21	57	84	2006	21	57.0	84	57.0	11680-3623	2.231306899279446	0.0
636207751	301	2006	21	57	63	2006	21	57.0	63	57.0	11680-3739	251.06135772302233	1.0
636207752	402	2006	23	62	88	2006	23	62.0	88	62.0	11680-3623	147.74198204550447	0.0
636207753	211	2006	20	54	76	2006	20	54.0	76	54.0	11680-3623	174.19615332751664	1.0
636207754	306	2006	19	52	38	2006	19	52.0	38	52.0	11680-3623	292.4420695099425	1.0
636207755	103	2006	23	62	159	2006	23	62.0	159	62.0	11680-3739	270.8801073599829	1.0
636207756	102	2006	23	62	161	2006	23	62.0	161	62.0	11680-3739	207.99002196989653	1.0
636207757	101	2006	23	62	161	2006	23	62.0	161	62.0	11680-3739	158.33241977775617	1.0
636207758	104	2006	23	62	120	2006	23	62.0	120	62.0	11680-3752	266.9159452099746	1.0
636207759	207	2006	23	62	86	2006	23	62.0	86	62.0	11680-3623	91.48494261831172	0.0
636207760	206	2006	23	62	88	2006	23	62.0	88	62.0	11680-3623	53.90076034043195	0.0
636212495	408	2006	22	59	88	2006	22	59.0	88	59.0	11680-3623	225.4501157564843	0.0
636212496	403	2006	22	59	88	2006	22	59.0	88	59.0	11680-3623	175.50385971277785	0.0
636212497	404	2006	25	67	98	2006	25	67.0	98	67.0	11680-3623	137.8696269801676	0.0
636212498	407	2006	25	67	98	2006	25	67.0	98	67.0	11680-3623	199.15354912562918	0.0
636212499	405	2006	25	67	97	2006	25	67.0	97	67.0	11680-3623	122.06878770380658	0.0
636212500	406	2006	25	67	97	2006	25	67.0	97	67.0	11680-3623	186.2409128896102	0.0
636212501	410	2006	21	56	84	2006	21	56.0	84	56.0	11680-3623	225.3260036657999	0.0
636212502	409	2006	21	57	84	2006	21	57.0	84	57.0	11680-3623	261.59742071864196	0.0
636212507	101	2011	34	104	130	2011	34	104.0	130	104.0	11680-3905	93.5676321058464	0.0
636212508	102	2011	28	86	108	2011	28	86.0	108	86.0	11680-3905	92.94864109867241	0.0
636212509	104	2011	23	71	66	2011	23	71.0	66	71.0	11680-3905	186.67252910004984	0.0
636212510	105	2011	23	71	66	2011	23	71.0	66	71.0	11680-3905	188.6582069813499	1.0
636212511	103	2011	25	77	94	2011	25	77.0	94	77.0	11680-3905	28.587841229601803	0.0
636223044	201	2009	20	56	78	2009	20	56.0	78	56.0	11680-3905	59.75400365923354	0.0
636223045	202	2009	21	58	42	2009	21	58.0	42	58.0	11680-3871	100.71430015626434	0.0
636223046	207	2009	21	58	42	2009	21	58.0	42	58.0	11680-3871	64.16768520735079	0.0
636223047	203	2009				2009					11680-3871	64.42032558545961	0.0
636223048	204	2009	20	56	88	2009	20	56.0	88	56.0	11680-3871	73.51784401888861	0.0
636223049	205	2009	19	53	38	2009	19	53.0	38	53.0	11680-3871	42.36961473638522	0.0
636223050	206	2009	20	56	103	2009	20	56.0	103	56.0	11680-3871	3.646693775859906	0.0
636223052	106	2005	29	85	105	2005	29	85.0	105	85.0	11680-601	142.74511236363776	0.0
636223053	107	2005	26	76	98	2005	26	76.0	98	76.0	11680-601	103.61922632386035	0.0
636223054	102	2005	29	85	131	2005	29	85.0	131	85.0	11680-601	144.32164258994246	0.0
636223055	101	2015	26	79	109	2015	26	79.0	109	79.0	11680-4394	3.588811023347082	0.0
636223056	103	2015	22	67	97	2015	22	67.0	97	67.0	11680-4394	79.48508678911766	0.0
636223057	111	2015	29	88	120	2015	29	88.0	120	88.0	11680-4637	189.26167462143337	1.0
636223058	107	2015	30	91	132	2015	30	91.0	132	91.0	11680-4394	145.493781985428	0.0
636223059	112	2015	34	102	141	2015	34	102.0	141	102.0	11680-4394	170.709743956307	0.0
636223060	108	2015	26	79	50	2015	26	79.0	50	79.0	11680-4394	68.26996065312336	0.0
636223061	102	2015	26	79	48	2015	26	79.0	48	79.0	11680-4394	34.65034053959218	0.0
636223062	105	2015	22	67	40	2015	22	67.0	40	67.0	11680-4394	144.38943474724914	0.0
636223063	106	2015	35	105	130	2015	35	105.0	130	105.0	11680-4394	117.1904720932608	0.0
636223064	113	2015	18	56	71	2015	18	56.0	71	56.0	11680-4637	183.66672415272427	1.0
636223066	104	2015	21	65	74	2015	21	65.0	74	65.0	11680-4394	149.97691126050594	0.0
636223071	202	2015	35	105	145	2015	35	105.0	145	105.0	11680-4637	133.47283819029522	1.0
636223072	201	2015	21	65	35	2015	21	65.0	35	65.0	11680-4637	132.33695244856986	1.0
636223073	203	2015	28	85	54	2015	28	85.0	54	85.0	11680-4637	89.841172261397	0.0
636223074	204	2015	34	102	96	2015	34	102.0	96	102.0	11680-4637	88.69720520323904	0.0
636898094	102	2016	31	94	138	2016	31	94.0	138	94.0	11680-4515	64.93206413539622	0.0
636898097	103	2016	31	94	141	2016	31	94.0	141	94.0	11680-4515	124.74559894169316	1.0
636898100	101	2016	31	92	129	2016	31	92.0	129	92.0	11680-4515	3.3195686565419575	0.0
637366118	111	2008	24	65	96	2008	24	65.0	96	65.0	11680-3752	189.48987210109559	0.0
637366119	109	2008	24	67	96	2008	24	67.0	96	67.0	11680-3752	123.75690249795497	0.0
637366120	110	2008	18	48	36	2008	18	48.0	36	48.0	11680-3752	165.8834028674562	0.0
637366121	107	2008	25	69	48	2008	25	69.0	48	69.0	11680-3752	163.1331073574771	0.0
637366123	103	2008	22	59	44	2008	22	59.0	44	59.0	11680-3752	114.81396335342791	0.0
637366124	102	2008	24	67	85	2008	24	67.0	85	67.0	11680-3752	76.042908063201	0.0
637366125	104		24	65	84		24	65.0	84	65.0	11680-3752	155.44594298692678	0.0
637366126	106	2008	25	69	48	2008	25	69.0	48	69.0	11680-3752	92.18050199445703	0.0
637366127	101	2008	24	65	85	2008	24	65.0	85	65.0	11680-3752	5.896955037039596	0.0
637366128	105	2008	25	69	48	2008	25	69.0	48	69.0	11680-3752	40.51827084073997	0.0
637366129	108	2008	25	68	98	2008	25	68.0	98	68.0	11680-3739	68.31346374702932	0.0
637366137	107	2005	21	57	82	2005	21	57.0	82	57.0	11680-3621	138.47018918482533	2.0
637366138	108	2005	21	57	82	2005	21	57.0	82	57.0	11680-3621	86.11176708030834	0.0
637366139	102	2005	22	60	86	2005	22	60.0	86	60.0	11680-3621	47.00237939487214	0.0
637366140	101	2005	22	60	126	2005	22	60.0	126	60.0	11680-3621	126.60165893144185	1.0
637366141	105	2005	22	60	86	2005	22	60.0	86	60.0	11680-3621	88.73534605861886	0.0
637366142	111	2005	20	54	91	2005	20	54.0	91	54.0	11680-3621	204.6356568984117	3.0
637366143	109	2005	20	54	92	2005	20	54.0	92	54.0	11680-3621	185.40966570020692	3.0
637366144	106	2005	21	57	99	2005	21	57.0	99	57.0	11680-3621	46.49265386840809	0.0
637366145	104	2005	22	60	99	2005	22	60.0	99	60.0	11680-3621	165.46662190187257	2.0
637366146	110	2005	22	60	76	2005	22	60.0	76	60.0	11680-3621	129.26391268595214	2.0
637366147	112	2005	20	54	83	2005	20	54.0	83	54.0	11680-3621	168.29129054487396	3.0
637366148	103	2005	18	49	48	2005	18	49.0	48	49.0	11680-3621	2.3746027052966037	0.0
637366150	102	2008	18	48	72	2008	18	48.0	72	48.0	11680-3739	1.9908117452659535	0.0
637366151	101	2008	18	48	72	2008	18	48.0	72	48.0	11680-3752	69.57116657178356	0.0
647165378	역삼럭키아파트 101동	1995	15	41	135	1995	15	41.0	135	41.0	11680-327	54.6061696851053	0.0
647165379	역삼럭키아파트 110동	1995	15	41	90	1995	15	41.0	90	41.0	11680-327	160.2170222145173	0.0
647165380	역삼럭키아파트 102동	1995	15	41	239	1995	15	41.0	239	41.0	11680-327	88.47921638386032	0.0
647165381	역삼럭키아파트 105동	1995	15	41	60	1995	15	41.0	60	41.0	11680-351	116.2697903777043	2.0
647165382	역삼럭키아파트 103동	1995	15	41	135	1995	15	41.0	135	41.0	11680-327	134.5224233247732	0.0
647165383	역삼럭키아파트 104동	1995	15	41	165	1995	15	41.0	165	41.0	11680-351	169.04929343422873	2.0
647165384	역삼럭키아파트 108동	1995	15	41	60	1995	15	41.0	60	41.0	11680-351	147.62394189228212	0.0
647165385	역삼럭키아파트 109동	1995	15	41	60	1995	15	41.0	60	41.0	11680-351	119.61196000753536	1.0
647165386	역삼럭키아파트 106동	1995	15	41	60	1995	15	41.0	60	41.0	11680-351	134.23251859942556	1.0
647165387	역삼럭키아파트 107동	1995	15	41	90	1995	15	41.0	90	41.0	11680-351	75.96312994681608	0.0
647168399	한라비발디	2016	20	58	110	2016	20	58.0	110	58.0	11680-4474	32.964910523722594	0.0
647173081	탑팰리스 아파트										11680-4655	39.28492069508601	0.0
647240144	도곡현대그린아파트	2006	18	48	171	2006	18	48.0	171	48.0	11680-352	27.993671998568978	0.0
654955583		1992	11		19	1992	11		19	30.799999999999997	11680-407	123.34986662980258	-1.0
654955585		1992	11		19	1992	11		19	30.799999999999997	11680-407	98.44228693393987	-1.0
656644025	109동										11680-4090	175.9885114698345	0.0
656644027	110동										11680-4090	124.94879025987869	0.0
656644028	108동										11680-4090	207.7707731628481	0.0
656644029	111동										11680-4090	115.61095371529048	0.0
656644030	107동										11680-4090	205.35863321724725	0.0
656644031	102동										11680-4090	143.7895899499743	0.0
656644032	101동										11680-4090	137.6276072110548	0.0
656644033	103동										11680-4090	178.089776338949	0.0
656644034	104동										11680-4090	168.82323628308188	0.0
656644035	105동										11680-4090	228.83485178498026	0.0
656644036	106동										11680-4090	207.85888320304298	0.0
658696626		2004	37	120	300	2004	37	120.0	300	120.0			
663489464	6동	1984	15		90	1984	15		90	42.0	11680-62	92.88242137465069	0.0
663489465	5동	1984	15		135	1984	15		135	42.0	11680-62	3.1404858290652107	0.0
663489466	3동	1984	15		60	1984	15		60	42.0	11680-62	110.28120066350498	0.0
663489467	2동	1984	15		60	1984	15		60	42.0	11680-187	90.72716285395661	0.0
663489468	1동	1984	15		60	1984	15		60	42.0	11680-187	4.4873533896765245	0.0
663489469	105동	2021	29	88	109	2021	29	88.0	109	88.0	11680-5004	167.62555703248952	2.0
663489472	107동	2021	28	86	107	2021	28	86.0	107	86.0	11680-5004	63.331749557621244	1.0
663489473	102동	2000	20	55	179	2000	20	55.0	179	55.0	11680-168	79.99234736368409	0.0
663489474	103동	2000	20	55	80	2000	20	55.0	80	55.0	11680-168	43.44498207254355	0.0
663489475	101동	2000	20	55	80	2000	20	55.0	80	55.0	11680-168	4.034302099298683	0.0
663489476	112동	2008	22	60	88	2008	22	60.0	88	60.0	11680-3834	113.4717299993816	0.0
663489477	113동	2008	16	43	64	2008	16	43.0	64	43.0	11680-3834	147.3540947519693	0.0
663489478	111동	2008	18	49	35	2008	18	49.0	35	49.0	11680-3834	70.15035322030046	0.0
663489479	110동	2008	21	57	82	2008	21	57.0	82	57.0	11680-3834	95.27274659713417	0.0
663489480	101동	2008	15	44	29	2008	15	44.0	29	44.0	11680-3834	9.776860910741417	0.0
663489481	102동	2008	23	70	88	2008	23	70.0	88	70.0	11680-3834	36.76872205304875	0.0
663489482	103동	2008	21	60	82	2008	21	60.0	82	60.0	11680-3834	68.3555094970677	0.0
663489483	104동	2008	23	69	44	2008	23	69.0	44	69.0	11680-3834	106.79948257831902	0.0
663489484	105동	2008	23	64	92	2008	23	64.0	92	64.0	11680-3834	141.09512792491304	0.0
663489485	106동	2008	22	61	44	2008	22	61.0	44	61.0	11680-3834	189.5806736435003	2.0
663489486	117동	2008	22	60	126	2008	22	60.0	126	60.0	11680-3834	182.75029349427652	1.0
663489487	109동	2008	22	63	42	2008	22	63.0	42	63.0	11680-3834	137.2220711648268	0.0
663489488	114동	2008	15	40	58	2008	15	40.0	58	40.0	11680-3834	189.11989401900414	0.0
663489491	108동	2008	18	49	72	2008	18	49.0	72	49.0	11680-3834	158.84743473916134	0.0
663489492	107동	2008	17	46	34	2008	17	46.0	34	46.0	11680-3834	200.18606735260065	1.0
663489494	302동	2018	22	67	62	2018	22	67.0	62	67.0	11680-4718	57.96736175547792	0.0
663489495	303동	2018	27	79	92	2018	27	79.0	92	79.0	11680-4718	88.28685104111733	1.0
663489498	301동	2018	31	89	132	2018	31	89.0	132	89.0	11680-4718	8.410757144064068	0.0
663489500	304동	2018	31	90	130	2018	31	90.0	130	90.0	11680-4718	58.26423414062492	0.0
663489503	205동	2008	14	42	56	2008	14	42.0	56	42.0	11680-3830	187.56561595382274	2.0
663489504	203동	2008	21	58	84	2008	21	58.0	84	58.0	11680-3830	139.11844918862997	1.0
663489505	201동	2008	21	58	84	2008	21	58.0	84	58.0	11680-3830	108.04864144207957	1.0
663489506	202동	2008	21	60	120	2008	21	60.0	120	60.0	11680-3830	85.0219266248275	0.0
663489507	212동	2008	22	61	88	2008	22	61.0	88	61.0	11680-3830	33.24473834251699	0.0
663489508	211동	2008	22	61	44	2008	22	61.0	44	61.0	11680-3830	28.906500360448657	0.0
663489509	210동	2008	22	60	88	2008	22	60.0	88	60.0	11680-3830	61.4431695759764	0.0
663489510	204동	2008	23	66	110	2008	23	66.0	110	66.0	11680-3830	148.08646924280023	2.0
663489511	206동	2008	19	53	76	2008	19	53.0	76	53.0	11680-3830	170.87121205948003	1.0
663489512		2014	16	57	73	2014	16	57.0	73	57.0	11680-403	88.11088064229106	-1.0
663489513	207동	2008	22	63	44	2008	22	63.0	44	63.0	11680-3830	126.58880542662712	0.0
663489514	207동	2008	22	60	88	2008	22	60.0	88	60.0	11680-3830	102.80725160915745	0.0
663489515	208동	2008	22	62	44	2008	22	62.0	44	62.0	11680-3830	102.88256240435936	0.0
663489520	A동	2003	21	61		2003	21	61.0		61.0	11680-403	48.78347537621599	0.0
663489521	B동	2003	21	61	88	2003	21	61.0	88	61.0	11680-403	5.476234019590106	0.0
663489523		2012	15	52	13	2012	15	52.0	13	52.0	11680-4082	1.575102024039664	0.0
663489529		1998	10	36	19	1998	10	36.0	19	36.0	11680-179	135.96561221808025	3.0
663505052		1984	15		60	1984	15		60	42.0	11680-187	185.75400625364793	1.0
663505053		1984	15		90	1984	15		90	42.0	11680-187	189.8762997160952	1.0
663505054	101	1983	12		48	1983	12		48	33.599999999999994	11680-187	103.53973471477818	1.0
663505056	102	1983	12		48	1983	12		48	33.599999999999994	11680-187	91.00997998017223	0.0
663505064	101동	2002	17	45	68	2002	17	45.0	68	45.0	11680-98	79.56956485403138	0.0
663505065	104동	2002	17	45	68	2002	17	45.0	68	45.0	11680-98	46.249921242232716	0.0
663505066	102동	2002	17	45	68	2002	17	45.0	68	45.0	11680-98	41.00536575114126	0.0
663505067	103동	2002	17	45	67	2002	17	45.0	67	45.0	11680-98	0.027106548685900563	0.0
663505068		1999	16	43	184	1999	16	43.0	184	43.0	11680-41	65.19360119628796	0.0
663505106		2004	15	50	163	2004	15	50.0	163	50.0	11680-599	34.10772193661696	0.0
663505108	삼성동우림루미아트	2005	8	23	40	2005	8	23.0	40	23.0	11680-599	1.448241889152027	0.0
664676357		2007	26	73	52	2007	26	73.0	52	73.0			
664676358		2007	26	73	52	2007	26	73.0	52	73.0			
664676359		2007	23	63	46	2007	23	63.0	46	63.0			
664676361		2007	28	78	104	2007	28	78.0	104	78.0			
664676365		2007	28	77	104	2007	28	77.0	104	77.0			
664676366		2007	27	76	104	2007	27	76.0	104	76.0			
664676367		2007	27	75	100	2007	27	75.0	100	75.0			
664676368		2007	27	76	104	2007	27	76.0	104	76.0			
664676369		2007	25	69	50	2007	25	69.0	50	69.0			
664676370		2007	27	74	96	2007	27	74.0	96	74.0			
664676371		2007	29	81	108	2007	29	81.0	108	81.0			
664676372		2007	27	75	100	2007	27	75.0	100	75.0			
664676374		2007	23	63	46	2007	23	63.0	46	63.0			
664687902		2007	27	74	100	2007	27	74.0	100	74.0			
664687903		2007	25	70	100	2007	25	70.0	100	70.0			
664687904		2007	29	81	54	2007	29	81.0	54	81.0			
664687905		2007	27	75	100	2007	27	75.0	100	75.0			
664687906		2007	30	84	56	2007	30	84.0	56	84.0			
664687907		2007	23	64	46	2007	23	64.0	46	64.0			
664687908		2007	28	78	104	2007	28	78.0	104	78.0			
664687909		2007	29	81	108	2007	29	81.0	108	81.0			
664687910		2007	28	78	104	2007	28	78.0	104	78.0			
664687911		2007	30	84	56	2007	30	84.0	56	84.0			
664687912		2007	25	70	100	2007	25	70.0	100	70.0			
664687913		2007	30	84	60	2007	30	84.0	60	84.0			
664687914		2007	24	66	96	2007	24	66.0	96	66.0			
664687915		2007	24	66	94	2007	24	66.0	94	66.0			
664687916		2007	27	74	54	2007	27	74.0	54	74.0			
664687917		2007	27	74	54	2007	27	74.0	54	74.0			
664687918		2007	19	53	32	2007	19	53.0	32	53.0			
664687919		2007	19	53	32	2007	19	53.0	32	53.0			
664687920		2007	30	84	112	2007	30	84.0	112	84.0			
664687921		2007	26	73	52	2007	26	73.0	52	73.0			
664687922		2007	29	81	58	2007	29	81.0	58	81.0			
664688165		2007	30	84	60	2007	30	84.0	60	84.0			
664689565		2007	31	87	87	2007	31	87.0	87	87.0			
664689566		2007	31	87	84	2007	31	87.0	84	87.0			
664689567		2007	31	87	92	2007	31	87.0	92	87.0			
664689568		2007	31	87	87	2007	31	87.0	87	87.0			
664689569		2007	31	87	91	2007	31	87.0	91	87.0			
664689570		2007	31	87	90	2007	31	87.0	90	87.0			
664689571		2007	32	90	95	2007	32	90.0	95	90.0			
664689572		2007	31	87	91	2007	31	87.0	91	87.0			
664689573		2007	32	90	92	2007	32	90.0	92	90.0			
664689574		2007	32	90	95	2007	32	90.0	95	90.0			
664689575		2007	32	90	94	2007	32	90.0	94	90.0			
664696231	253동	2008	28	94	58	2008	28	94.0	58	94.0			
664696232	254동	2008	28	86	52	2008	28	86.0	52	86.0			
664696234	261동	2008	31	94	58	2008	31	94.0	58	94.0			
664696235	260동	2008	33	100	62	2008	33	100.0	62	100.0			
664696236	262동	2008	26	83	50	2008	26	83.0	50	83.0			
664696237	255동	2008	33	100	66	2008	33	100.0	66	100.0			
664696238	256동	2008	26	80	48	2008	26	80.0	48	80.0			
664696240	259동	2008	33	100	66	2008	33	100.0	66	100.0			
669388486		2005	9	25	41	2005	9	25.0	41	25.0	11680-400	53.917823329515265	0.0
669388496											11680-3651	69.24330296972589	0.0
669388502		2006	15	44	35	2006	15	44.0	35	44.0	11680-3624	91.80795027577112	2.0
669388503		2006	15	44	30	2006	15	44.0	30	44.0	11680-3651	60.65518722501365	0.0
669388504		2006	11	33	68	2006	11	33.0	68	33.0	11680-3651	54.362971019327624	0.0
669388509		2006	6	19	36	2006	6	19.0	36	19.0	11680-3651	2.512128181518855	0.0
669388510		2005	14	37	25	2005	14	37.0	25	37.0	11680-3651	73.67192766810474	0.0
669388511		2005	13	35	19	2005	13	35.0	19	35.0	11680-3651	84.48754650772408	0.0
669388512		2005	12	30	40	2005	12	30.0	40	30.0	11680-3686	154.93533318562135	2.0
669388513		2005	15	41	38	2005	15	41.0	38	41.0	11680-3624	105.77471611532046	1.0
669388519		2006	12	35	112	2006	12	35.0	112	35.0	11680-3686	94.76174997965956	1.0
669388522	금호어울림아파트	2003	11	31	68	2003	11	31.0	68	31.0	11680-400	9.599359122050595	0.0
669388524			5				5			14.0	11680-3651	39.7721503267932	0.0
669388525											11680-192	2.329122048886379	0.0
669388528		1998	19	54	252	1998	19	54.0	252	54.0	11680-191	12.404179879128062	0.0
676482828	JBK빌딩		4	12			4	12.0		12.0			
676482830			3	9			3	9.0		9.0			
676482832			2	6			2	6.0		6.0			
676482833			3	9			3	9.0		9.0			
676482836			5	15			5	15.0		15.0			
676482838			3	9			3	9.0		9.0			
676482840			3	9			3	9.0		9.0			
676708581			3	12			3	12.0		12.0			
676712988			3	9			3	9.0		9.0	11680-4863	256.13763525115087	0.0
676713000			5	15			5	15.0		15.0	11680-4863	250.83144866913423	0.0
676713001			6	18			6	18.0		18.0	11680-4863	257.63356911184746	0.0
676713002			3	9			3	9.0		9.0			
676713003			6	18			6	18.0		18.0	11680-4863	261.26288696651824	0.0
676713004			5	15			5	15.0		15.0	11680-4863	299.1446501229853	0.0
676713008			4	12			4	12.0		12.0	11680-4863	239.3137354565026	0.0
676713012			5	15			5	15.0		15.0	11680-4863	292.56586368506345	0.0
676718006			5	15			5	15.0		15.0	11680-560	273.3415994751003	0.0
676718007			5	15			5	15.0		15.0	11680-560	252.08259925123266	0.0
676718009			7	21			7	21.0		21.0	11680-560	259.22301120087906	0.0
676718013			4	12			4	12.0		12.0	11680-560	275.4226469935809	0.0
676718015			4	12			4	12.0		12.0	11680-560	243.2389324650738	0.0
676718016			6	18			6	18.0		18.0	11680-560	225.50483779489778	0.0
676718019			5	15			5	15.0		15.0	11680-560	209.16177499161552	0.0
676718027			3	9			3	9.0		9.0	11680-560	235.55509411933662	0.0
676718031			4	12			4	12.0		12.0	11680-560	258.50187944929365	0.0
676721699			4	12			4	12.0		12.0	11680-560	201.10685835859982	0.0
676721700			6	18			6	18.0		18.0	11680-560	246.35742732390432	0.0
676722853			2	6			2	6.0		6.0	11680-560	192.28797441266056	0.0
676724554			6	18			6	18.0		18.0	11680-560	265.76561731404263	0.0
676724568			4	12			4	12.0		12.0	11680-560	247.92858504932232	0.0
676724569			2	6			2	6.0		6.0	11680-560	213.9026423005574	0.0
676724570			3	9			3	9.0		9.0	11680-560	239.35747233895532	0.0
676724574			5	15			5	15.0		15.0	11680-560	271.7417277659133	0.0
676724579			3	9			3	9.0		9.0			
676724581			3	15			3	15.0		15.0	11680-560	278.6385712629451	0.0
676724582			3	9			3	9.0		9.0	11680-560	258.7147857889726	0.0
676729509			4	12			4	12.0		12.0	11680-560	261.79858478940037	0.0
676729512			6	18			6	18.0		18.0			
676729525			6	18			6	18.0		18.0	11680-560	273.2484322710786	0.0
676729539			5	15			5	15.0		15.0	11680-560	273.9493532203488	0.0
676729540			5	15			5	15.0		15.0			
676729541			6	18			6	18.0		18.0	11680-560	298.0457640793691	0.0
676729545	명지빌딩		5	15			5	15.0		15.0	11680-560	251.85872109593862	0.0
676729546			7	21			7	21.0		21.0	11680-560	240.40645933878676	0.0
676729554			5	15			5	15.0		15.0	11680-560	251.99629940764606	0.0
676729558			6	18			6	18.0		18.0	11680-560	243.20814387916283	0.0
676729560			5	15			5	15.0		15.0			
676729561		2020	10	31	23	2020	10	31.0	23	31.0			
676730674			4	12			4	12.0		12.0			
676730678			4	12			4	12.0		12.0			
676731554			4	12			4	12.0		12.0	11680-3647	163.48858011667602	0.0
676732119			7	21			7	21.0		21.0	11680-560	141.63351824158127	0.0
676732121			7	21			7	21.0		21.0	11680-560	190.75634468910656	0.0
676732122	한라비발디스튜디오193	2013	12	40	149	2013	12	40.0	149	40.0	11680-560	151.34574723604157	-1.0
676732123		2020	10	34	12	2020	10	34.0	12	34.0	11680-560	124.01912195301931	-1.0
676732135			7	21			7	21.0		21.0	11680-560	109.85239474030251	0.0
676732140	서초동두산위브	2005	15	50	78	2005	15	50.0	78	50.0	11680-560	85.64604972909473	0.0
676938581			6	18			6	18.0		18.0	11680-560	203.4794312293517	0.0
676938582			2	6			2	6.0		6.0	11680-560	172.12264627195879	0.0
676938587			5	15			5	15.0		15.0	11680-560	156.02478282361884	0.0
676938589			6	18			6	18.0		18.0	11680-560	214.33771981248668	0.0
676938592			2	6			2	6.0		6.0	11680-560	114.20734832437593	0.0
676938597			5	15			5	15.0		15.0	11680-560	169.40200351553804	0.0
676938598			4	12			4	12.0		12.0	11680-560	186.26967714553584	0.0
676938601			4	12			4	12.0		12.0	11680-560	179.124566069668	0.0
676938605			4	12			4	12.0		12.0	11680-560	100.17199810930616	0.0
676938606			5	15			5	15.0		15.0	11680-560	183.8146200034269	0.0
676938609			2	6			2	6.0		6.0	11680-560	113.58737797069297	0.0
676938611			5	15			5	15.0		15.0	11680-560	195.84742664716083	0.0
676938612			4	12			4	12.0		12.0	11680-560	187.6733238711493	0.0
676938620			5	15			5	15.0		15.0	11680-560	128.1277412884552	0.0
676938621			4	12			4	12.0		12.0	11680-560	154.2784752611852	0.0
676938622			5	15			5	15.0		15.0	11680-560	164.37442173222365	0.0
676938627			2	6			2	6.0		6.0	11680-560	102.59220918398387	0.0
676938630			5	15			5	15.0		15.0	11680-560	165.20932353919773	0.0
676947833			5	15			5	15.0		15.0	11680-560	170.92614118034152	0.0
677787312	3	1994	9		51	1994	9		51	25.2	11680-351	44.71244512979616	1.0
677787313	2	1994	15		125	1994	15		125	42.0	11680-351	22.930714942845874	0.0
677796314	현대주상복합아파트	1998	9	30	86	1998	9	30.0	86	30.0			
677796319	파라다이스빌 잠실	2006	15	63	64	2006	15	63.0	64	63.0			
677799950			3	9			3	9.0		9.0			
677799951			3	9			3	9.0		9.0			
677799952			3	9			3	9.0		9.0			
677799963			4	12			4	12.0		12.0			
677799965			2	6			2	6.0		6.0			
677799966			3	9			3	9.0		9.0			
677802614			5	15			5	15.0		15.0			
677802627			5	15			5	15.0		15.0			
677802633			5	15			5	15.0		15.0			
677802643			3	9			3	9.0		9.0			
677802648			4	12			4	12.0		12.0			
677802650	부광아파트		5	15			5	15.0		15.0			
677802653	뉴파크플러스		6	18			6	18.0		18.0			
677802655	몽촌아파트		6	18			6	18.0		18.0			
677802664			5	15			5	15.0		15.0			
677802687			4	12			4	12.0		12.0			
677802698			5	15			5	15.0		15.0			
677802699			3	9			3	9.0		9.0			
677802700			4	12			4	12.0		12.0			
677804191			4	12			4	12.0		12.0			
677804193			2	6			2	6.0		6.0			
677804224			4	12			4	12.0		12.0			
677804236			5	15			5	15.0		15.0			
677804237			3	9			3	9.0		9.0			
677804247	그린파크빌아파트		5	15			5	15.0		15.0			
678034619			4	12			4	12.0		12.0			
678034622			2	6			2	6.0		6.0			
678034624			4	12			4	12.0		12.0			
678034625			5	15			5	15.0		15.0			
678038055			2	6			2	6.0		6.0			
678038056			5	15			5	15.0		15.0			
678038074			2	6			2	6.0		6.0			
678038090			7	21			7	21.0		21.0			
678038106			5	15			5	15.0		15.0			
678038117			7	21			7	21.0		21.0			
678038123			5	15			5	15.0		15.0			
678038390	한솔빌라트	1995	18	57	17	1995	18	57.0	17	57.0			
678038391	방이동그린파크아파트	1993	14	42	13	1993	14	42.0	13	42.0			
678038393	도무스빌	2004	14	48	13	2004	14	48.0	13	48.0			
678041054			4	12			4	12.0		12.0			
678041056			5	15			5	15.0		15.0			
678041077			3	9			3	9.0		9.0			
678041079			3	9			3	9.0		9.0			
678041094			3	9			3	9.0		9.0			
678041101			4	12			4	12.0		12.0			
678041107	우광아파트		5	15			5	15.0		15.0			
678041111	방이어반하우스		5	15			5	15.0		15.0			
678041586	방이동드림펠리스		6	18			6	18.0		18.0			
678041591			7	21			7	21.0		21.0			
678041592			6	18			6	18.0		18.0			
678041597			6	18			6	18.0		18.0			
678041598			3	9			3	9.0		9.0			
678041599			3	9			3	9.0		9.0			
678041604	광남벨라스아파트		7	21			7	21.0		21.0			
678041605			4	12			4	12.0		12.0			
678041610			4	12			4	12.0		12.0			
678041613			3	9			3	9.0		9.0			
678041623	돈하버하우징		4	12			4	12.0		12.0			
678041626	조이빌		5	15			5	15.0		15.0			
678041631			6	18			6	18.0		18.0			
678041638	주함위너스II		7	21			7	21.0		21.0			
678041645			4	12			4	12.0		12.0			
678041646			2	6			2	6.0		6.0			
678041648			3	9			3	9.0		9.0			
678041649			6	18			6	18.0		18.0			
678041665			4	12			4	12.0		12.0			
678041669			2	6			2	6.0		6.0			
678055396			5	15			5	15.0		15.0			
678055403			3	9			3	9.0		9.0			
678055405			5	15			5	15.0		15.0			
678055410			4	12			4	12.0		12.0			
678055415			6	18			6	18.0		18.0			
678055420			2	6			2	6.0		6.0			
678055430	은성아파트		5	15			5	15.0		15.0			
678055431			5	15			5	15.0		15.0			
678055446			5	15			5	15.0		15.0			
678055447			4	12			4	12.0		12.0			
678055456			2	6			2	6.0		6.0			
678055464			6	18			6	18.0		18.0			
678055478			4	12			4	12.0		12.0			
678055481			5	15			5	15.0		15.0			
678055487			4	12			4	12.0		12.0			
678055488			3	9			3	9.0		9.0			
678055498			4	12			4	12.0		12.0			
678055501			4	12			4	12.0		12.0			
678085948	주함위너스I		7	21			7	21.0		21.0			
679004788	프라임아파트										11680-124	72.68023364974393	0.0
684421220	109	1988	15		120	1988	15		120	42.0			
684421221	107	1988	15		120	1988	15		120	42.0			
684421222	105	1988	15		120	1988	15		120	42.0			
684421223	106	1988	15		60	1988	15		60	42.0			
684421224	108	1988	15		90	1988	15		90	42.0			
684421225	104	1988	15		60	1988	15		60	42.0			
684421226	103	1988	15		120	1988	15		120	42.0			
684421227	102	1988	15		60	1988	15		60	42.0			
684421228	101	1988	15		120	1988	15		120	42.0			
689645719	512동	2018	29	82	286	2018	29	82.0	286	82.0			
689645720	517동	2018	29	82	114	2018	29	82.0	114	82.0			
689645722	511동	2018	17	49	32	2018	17	49.0	32	49.0			
689649138	510동		22	54	76		22	54.0	76	54.0			
689649139	502동	2018	15	43	56	2018	15	43.0	56	43.0			
689649140	501동	2018	15	43	56	2018	15	43.0	56	43.0			
689649141	503동	2018	23	65	92	2018	23	65.0	92	65.0			
689649147	509동	2018	22	54	76	2018	22	54.0	76	54.0			
689649148	513동	2018	29	82	112	2018	29	82.0	112	82.0			
689649150	516동	2018	29	82	114	2018	29	82.0	114	82.0			
689649151	514동	2018	29	82	142	2018	29	82.0	142	82.0			
690413728	508동	2018	22	63	112	2018	22	63.0	112	63.0			
690415745	507동	2018	18	51	72	2018	18	51.0	72	51.0			
690415749	515동	2018	29	82	114	2018	29	82.0	114	82.0			
690416854	504동		10	29	36		10	29.0	36	29.0			
690416855	505동		10	29	36		10	29.0	36	29.0			
690416856	506동	2018	22	63	94	2018	22	63.0	94	63.0			
691174946	315동	2018	29	82	112	2018	29	82.0	112	82.0			
691174948	316동	2018				2018							
691174952	314동	2018	29	82	142	2018	29	82.0	142	82.0			
691174954	317동	2018	29	82	114	2018	29	82.0	114	82.0			
691174955	313동	2018	35	99	136	2018	35	99.0	136	99.0			
691174958	318동	2018	35	99	138	2018	35	99.0	138	99.0			
691174960	309동	2018	18	51	68	2018	18	51.0	68	51.0			
691174962	312동	2018	35	99	136	2018	35	99.0	136	99.0			
691174967	106동	2018	35	99	138	2018	35	99.0	138	99.0			
691174970	308동	2018	21	60	128	2018	21	60.0	128	60.0			
691174971	307동	2018	22	63	88	2018	22	63.0	88	63.0			
691174972	306동	2018	22	63	42	2018	22	63.0	42	63.0			
691174973	303동	2018	26	74	100	2018	26	74.0	100	74.0			
691174974	304동	2018	26	74	100	2018	26	74.0	100	74.0			
691174990	311동	2018	18	51	68	2018	18	51.0	68	51.0			
691174991	310동	2018	21	60	128	2018	21	60.0	128	60.0			
691174994	305동	2018	32	91	316	2018	32	91.0	316	91.0			
691912335	302동	2018	13	37	48	2018	13	37.0	48	37.0			
691912336	301동	2018	13	37	48	2018	13	37.0	48	37.0			
691912342	104동	2018	35	99	136	2018	35	99.0	136	99.0			
691912344	103동	2018	21	60	128	2018	21	60.0	128	60.0			
691912348	101동	2018	13	37	48	2018	13	37.0	48	37.0			
691912349	102동	2018	31	88	119	2018	31	88.0	119	88.0			
691912358	105동		35	99	138		35	99.0	138	99.0			
692770083	107동	2018	35	99	138	2018	35	99.0	138	99.0			
692770087	108동	2018	35	99	138	2018	35	99.0	138	99.0			
692770092	110동	2018	35	99	136	2018	35	99.0	136	99.0			
692770099	111동	2018	35	99	138	2018	35	99.0	138	99.0			
692770101	112동	2018	33	93	130	2018	33	93.0	130	93.0			
692770105	109동	2018	35	99	136	2018	35	99.0	136	99.0			
693480746	201동	2018	35	99	138	2018	35	99.0	138	99.0			
693480747	208동	2018	35	99	138	2018	35	99.0	138	99.0			
693480749	207동	2018	35	99	171	2018	35	99.0	171	99.0			
693480752	218동	2018	35	99	138	2018	35	99.0	138	99.0			
693480755	209동	2018	26	74	140	2018	26	74.0	140	74.0			
693480756	219동	2018	34	96	168	2018	34	96.0	168	96.0			
693480757	217동	2018	28	79	112	2018	28	79.0	112	79.0			
693480760	210동	2018	25	71	134	2018	25	71.0	134	71.0			
693480762	216동	2018	12	35	48	2018	12	35.0	48	35.0			
693480764	211동	2018	21	60	82	2018	21	60.0	82	60.0			
693480765	215동	2018	12	35	48	2018	12	35.0	48	35.0			
693480768	206동	2018	28	79	138	2018	28	79.0	138	79.0			
693480769	202동	2018	29	82	114	2018	29	82.0	114	82.0			
693480771	203동	2018	29	82	144	2018	29	82.0	144	82.0			
697743560	205동	2018	29	82	142	2018	29	82.0	142	82.0			
697743563	214동	2018	22	65	92	2018	22	65.0	92	65.0			
697743565	212동	2018	21	60	82	2018	21	60.0	82	60.0			
697743566	213동	2018	25	71	98	2018	25	71.0	98	71.0			
697743567	407동	2018	29	82	286	2018	29	82.0	286	82.0			
697743569	204동	2018	29	82	144	2018	29	82.0	144	82.0			
697743570	416동	2018	12	35	48	2018	12	35.0	48	35.0			
697743585	401동	2018	29	82	114	2018	29	82.0	114	82.0			
699367969	408동	2018	20	57	120	2018	20	57.0	120	57.0			
699367971	415동	2018	12	35	48	2018	12	35.0	48	35.0			
699367972	409동	2018	20	57	80	2018	20	57.0	80	57.0			
699367973	406동	2018	29	82	142	2018	29	82.0	142	82.0			
699367975	410동	2018	29	82	127	2018	29	82.0	127	82.0			
699367976	414동	2018	24	68	96	2018	24	68.0	96	68.0			
699367977	417동	2018	24	68	118	2018	24	68.0	118	68.0			
699367981	402동	2018	29	82	114	2018	29	82.0	114	82.0			
699367982	413동	2018	28	79	108	2018	28	79.0	108	79.0			
699367984	418동	2018	27	77	133	2018	27	77.0	133	77.0			
699367985	411동	2018	29	82	114	2018	29	82.0	114	82.0			
699367986	412동	2018	29	82	114	2018	29	82.0	114	82.0			
699367987	403동	2018	29	82	114	2018	29	82.0	114	82.0			
699367988	404동	2018	29	82	114	2018	29	82.0	114	82.0			
699367989	405동	2018	29	82	142	2018	29	82.0	142	82.0			
700865396	101동	2019	25	76	74	2019	25	76.0	74	76.0			
700865397	105동	2019	29	88	56	2019	29	88.0	56	88.0			
700865398	103동	2019	30	91	58	2019	30	91.0	58	91.0			
700865399	106동	2019	25	76	70	2019	25	76.0	70	76.0			
700865400	102동	2019	23	70	71	2019	23	70.0	71	70.0			
700865401	104동	2019	32	96	146	2019	32	96.0	146	96.0			
700870359	201	2019	17	51	65	2019	17	51.0	65	51.0	11680-4800	194.15785952875686	0.0
700870360	223	2019	8	27	65	2019	8	27.0	65	27.0	11680-4800	3.096237474349855	0.0
700870361	205		20	60	78		20	60.0	78	60.0	11680-4800	179.80858373644423	0.0
700870362	202	2019	22	66	86	2019	22	66.0	86	66.0	11680-4800	118.70694995727665	0.0
700870363	212	2019	35	104	170	2019	35	104.0	170	104.0	11680-4800	194.8640644364997	0.0
700870364	213	2019	35	104	135	2019	35	104.0	135	104.0	11680-4800	239.74638066451593	0.0
700870365	214	2019	33	98	127	2019	33	98.0	127	98.0	11680-4800	269.12575591456306	0.0
700870366	215	2019	34	101	132	2019	34	101.0	132	101.0	11680-4800	206.76452887323208	0.0
700870367	206	2019	17	51	64	2019	17	51.0	64	51.0	11680-4800	237.1843287353678	0.0
700870368	207	2019	7	22	24	2019	7	22.0	24	22.0	11680-4800	292.69391429318074	0.0
700870369	210	2019	29	86	111	2019	29	86.0	111	86.0	11680-4800	245.47173542743198	0.0
700870370	204	2019	24	72	46	2019	24	72.0	46	72.0	11680-4800	200.7505503094564	0.0
700870371	211	2019	29	86	111	2019	29	86.0	111	86.0	11680-4800	206.48559041116476	0.0
700870372	216		29	86	114		29	86.0	114	86.0	11680-4800	148.15219479295968	0.0
700870373	203	2019	23	69	88	2019	23	69.0	88	69.0	11680-4800	152.35276054001	0.0
700870374	221	2019	22	66	84	2019	22	66.0	84	66.0	11680-4800	119.70056578335809	0.0
700870375	222	2019	21	63	82	2019	21	63.0	82	63.0	11680-4800	67.56933062797445	0.0
700870376	219	2019	17	54	64	2019	17	54.0	64	54.0	11680-4800	51.34755723594037	0.0
700870377	220	2019	19	57	34	2019	19	57.0	34	57.0	11680-4800	100.95471204727713	0.0
700870378	218	2019	16	48	94	2019	16	48.0	94	48.0	11680-4800	76.39893615135163	0.0
700870379	217	2019	20	60	78	2019	20	60.0	78	60.0	11680-4800	124.64851573606498	0.0
700870380	209	2019	15	45	56	2019	15	45.0	56	45.0	11680-4800	279.9502297570528	0.0
700870381	208		7	22	11		7	22.0	11	22.0			
701096918	303	2013	15	45	64	2013	15	45.0	64	45.0			
701096919	301	2013	15	45	110	2013	15	45.0	110	45.0			
701096920	305	2013	12	36	40	2013	12	36.0	40	36.0			
701096921	317	2013	15	45	112	2013	15	45.0	112	45.0			
701096922	308	2013	16	51	74	2013	16	51.0	74	51.0			
701096923	306	2013	17	51	74	2013	17	51.0	74	51.0			
701096924	309	2013	17	51	72	2013	17	51.0	72	51.0			
701096925	310	2013	19	56	82	2013	19	56.0	82	56.0			
701096926	312	2013	19	56	68	2013	19	56.0	68	56.0			
701096927	313	2013	19	56	68	2013	19	56.0	68	56.0			
701096928	311	2013	19	56	68	2013	19	56.0	68	56.0			
701096929	314	2013	14	42	76	2013	14	42.0	76	42.0			
701096930	315	2013	15	45	95	2013	15	45.0	95	45.0			
701096931	316	2013	15	45	56	2013	15	45.0	56	45.0			
701096932	302	2013	15	45	112	2013	15	45.0	112	45.0			
701096933	304	2013	17	51	60	2013	17	51.0	60	51.0			
701096934	307	2013	12	36	20	2013	12	36.0	20	36.0			
701101148	107	2012	7	21	14	2012	7	21.0	14	21.0			
701101149	109	2012	7	21	13	2012	7	21.0	13	21.0			
701101150	106	2012	7	21	14	2012	7	21.0	14	21.0			
701101151	108	2012	7	21	14	2012	7	21.0	14	21.0			
701101152	104	2012	6	19	12	2012	6	19.0	12	19.0			
701101153	102	2012	7	21	50	2012	7	21.0	50	21.0			
701101156	110	2012	7	21	13	2012	7	21.0	13	21.0			
701101157	105	2012	7	21	14	2012	7	21.0	14	21.0			
701101158	103	2012	7	21	12	2012	7	21.0	12	21.0			
701101161	204	2012	5	16	10	2012	5	16.0	10	16.0			
701101162	203	2012	7	22	14	2012	7	22.0	14	22.0			
701101163	202	2012	7	22	14	2012	7	22.0	14	22.0			
701101164	206	2012	7	22	28	2012	7	22.0	28	22.0			
701101165	207	2012	7	22	27	2012	7	22.0	27	22.0			
701101166	201	2012	7	22	13	2012	7	22.0	13	22.0			
701101167	208	2012	7	22	14	2012	7	22.0	14	22.0			
701101168	205	2012	7	22	13	2012	7	22.0	13	22.0			
701115051	701	2011	17	51	64	2011	17	51.0	64	51.0			
701115052	705	2011	17	51	111	2011	17	51.0	111	51.0			
701115053	705	2011	10	30	36	2011	10	30.0	36	30.0			
701115054	703	2011	10	30	33	2011	10	30.0	33	30.0			
701115055	702	2011	17	51	32	2011	17	51.0	32	51.0			
701115064	603	2013	10	30	37	2013	10	30.0	37	30.0			
701115065	602	2013	10	30	37	2013	10	30.0	37	30.0			
701115066	601	2013	10	30	37	2013	10	30.0	37	30.0			
701115067	607	2013	17	51	77	2013	17	51.0	77	51.0			
701115068	605	2013	14	42	52	2013	14	42.0	52	42.0			
701115069	604	2013	15	41	60	2013	15	41.0	60	41.0			
701115070	606	2013	16	48	82	2013	16	48.0	82	48.0			
701115082	502	2011	13	37	52	2011	13	37.0	52	37.0			
701115083	503	2011	17	51	122	2011	17	51.0	122	51.0			
701115084	504	2011	17	51	108	2011	17	51.0	108	51.0			
701115085	505	2011	14	42	39	2011	14	42.0	39	42.0			
701115086	506	2011	15	45	40	2011	15	45.0	40	45.0			
701115087	507	2011	15	51	49	2011	15	51.0	49	51.0			
701115088	508	2011	15	51	47	2011	15	51.0	47	51.0			
701115089	501	2011	14	42	52	2011	14	42.0	52	42.0			
701115097	403	2011	15	45	41	2011	15	45.0	41	45.0			
701115098	402	2011	15	45	58	2011	15	45.0	58	45.0			
701115099	401	2011	15	45	56	2011	15	45.0	56	45.0			
701115100	407	2011	15	45	58	2011	15	45.0	58	45.0			
701115101	405	2011	15	45	69	2011	15	45.0	69	45.0			
701115102	404	2011	15	45	67	2011	15	45.0	67	45.0			
701115103	406	2011	15	45	60	2011	15	45.0	60	45.0			
701383741	10	1989	12		101	1989	12		101	33.599999999999994			
701383742	11	1989	12		47	1989	12		47	33.599999999999994			
701383743	12	1989	3		12	1989	3		12	8.399999999999999			
701386981	20	1989	15		134	1989	15		134	42.0			
701386982	21	1989	15		119	1989	15		119	42.0			
703087376		2016	12	39	47	2016	12	39.0	47	39.0	11680-4510	207.66960806619036	0.0
703087377		2016	12	39	23	2016	12	39.0	23	39.0	11680-4510	187.35613726506446	0.0
703087378		2016	12	39	46	2016	12	39.0	46	39.0	11680-4510	156.74480395571592	0.0
703087379		2016	12	39	23	2016	12	39.0	23	39.0	11680-4510	115.56871098681776	0.0
703087380		2016	12	39	47	2016	12	39.0	47	39.0	11680-4510	141.10119984950757	0.0
703087381		2016	12	39	47	2016	12	39.0	47	39.0	11680-4510	101.40144966800047	0.0
703087382		2016	12	39	46	2016	12	39.0	46	39.0	11680-4510	41.559029061080565	0.0
703087383		2016	12	39	58	2016	12	39.0	58	39.0	11680-4510	87.47261196854942	0.0
703087384		2016	10	33	19	2016	10	33.0	19	33.0	11680-4510	2.6543182028408268	0.0
703087385		2016	12	39	44	2016	12	39.0	44	39.0	11680-4510	62.33783830213587	0.0
703087412	호정빌라트										11680-302	299.62124177120955	0.0
705689790	109	2018	23	70	86	2018	23	70.0	86	70.0	11680-4780	109.46783746836475	0.0
705689791	106	2018	23	68	85	2018	23	68.0	85	68.0	11680-4780	128.03763004208676	0.0
705689792	108	2018	25	76	72	2018	25	76.0	72	76.0	11680-4780	49.905564289431304	0.0
705689793	107	2018	25	76	72	2018	25	76.0	72	76.0	11680-4780	1.7524594866826226	0.0
705689794	105	2018	25	74	72	2018	25	74.0	72	74.0	11680-4780	99.91392076950315	0.0
705689795	104	2018	25	74	72	2018	25	74.0	72	74.0	11680-4780	82.45170739211117	0.0
705689796	103	2018	23	68	71	2018	23	68.0	71	68.0	11680-4780	102.40664864632505	0.0
705689797	101	2018	19	56	68	2018	19	56.0	68	56.0	11680-4780	66.82143980690353	0.0
705689798	102	2018	24	71	74	2018	24	71.0	74	71.0	11680-4780	72.39780458427043	0.0
705689811	106	1993	5		30	1993	5		30	14.0	11680-299	58.287715909621674	0.0
705689812	107	1993	5		20	1993	5		20	14.0	11680-299	0.34832034853379484	0.0
705689818		2014	12	43	61	2014	12	43.0	61	43.0	11680-4324	284.982009711851	0.0
705689819		2014	10	37	31	2014	10	37.0	31	37.0	11680-4324	244.1061907746138	0.0
705689821		2014	15	52	56	2014	15	52.0	56	52.0	11680-4324	217.81461337114465	0.0
705689822		2014	12	43	59	2014	12	43.0	59	43.0	11680-4324	220.71406814391813	0.0
714714353	신동아로잔뷰	2005	15	49	62	2005	15	49.0	62	49.0			
714714357		2006	30	83	88	2006	30	83.0	88	83.0			
714714358		2006	31	86	91	2006	31	86.0	91	86.0			
714714359	133	2006	32	89	94	2006	32	89.0	94	89.0			
714714360	132	2006	31	86	91	2006	31	86.0	91	86.0			
714714361	131	2006	30	83	88	2006	30	83.0	88	83.0			
714714362	130	2006	28	77	56	2006	28	77.0	56	77.0			
714714363	129	2006	20	54	40	2006	20	54.0	40	54.0			
714714364	128	2006	20	54	40	2006	20	54.0	40	54.0			
714714365	127	2006	26	71	52	2006	26	71.0	52	71.0			
714714368	110동	2006	29	79	58	2006	29	79.0	58	79.0			
714714369	111동	2006	27	74	98	2006	27	74.0	98	74.0			
714714372	101동	2006	30	82	84	2006	30	82.0	84	82.0			
714714373	102동	2006	28	77	56	2006	28	77.0	56	77.0			
714714374	103동	2006	27	74	102	2006	27	74.0	102	74.0			
714714375	104동	2006	30	82	84	2006	30	82.0	84	82.0			
714714376	105동	2006	28	77	106	2006	28	77.0	106	77.0			
714714377	106동	2006	30	82	84	2006	30	82.0	84	82.0			
714714378	107동	2006	28	77	106	2006	28	77.0	106	77.0			
714714379	108동	2006	30	82	84	2006	30	82.0	84	82.0			
714714380	109동	2006	28	82	106	2006	28	82.0	106	82.0			
714714381	112동	2006	29	79	58	2006	29	79.0	58	79.0			
714714387		2006	29	79	58	2006	29	79.0	58	79.0			
714714388		2006	28	77	52	2006	28	77.0	52	77.0			
714714389		2006	26	71	48	2006	26	71.0	48	71.0			
714714390		2006	28	77	52	2006	28	77.0	52	77.0			
714714391	123	2006	26	71	96	2006	26	71.0	96	71.0			
714714392	122동	2006	23	63	46	2006	23	63.0	46	63.0			
714714393	121동	2006	21	57	42	2006	21	57.0	42	57.0			
714714394	116동	2006	28	77	56	2006	28	77.0	56	77.0			
714714395	115동	2006	29	79	106	2006	29	79.0	106	79.0			
714714396	114동	2006	28	77	104	2006	28	77.0	104	77.0			
714714397	113	2006	29	79	106	2006	29	79.0	106	79.0			
714714398	124	2006	19	51	76	2006	19	51.0	76	51.0			
714714399	126	2006	22	60	88	2006	22	60.0	88	60.0			
714714400	125	2006	22	60	80	2006	22	60.0	80	60.0			
714791991	9	1982	12		72	1982	12		72	33.599999999999994			
714791992	8	1982	14		112	1982	14		112	39.199999999999996			
714791993	5	1982	12		48	1982	12		48	33.599999999999994			
714791994	3	1982	14		56	1982	14		56	39.199999999999996			
714791995	2	1982	14		84	1982	14		84	39.199999999999996			
714792000	6	1982	13		50	1982	13		50	36.4			
714792001	1	1982	12		48	1982	12		48	33.599999999999994			
720203485													
720203486													
720203487													
720203488													
720203489													
720203490													
720203491													
720203492													
726104716													
726104719													
730009515	잠실아르누보팰리스아파트	2007	20	79	53	2007	20	79.0	53	79.0			
730009516		1999	24	80	36	1999	24	80.0	36	80.0			
730009517		2003	29	99	50	2003	29	99.0	50	99.0			
730009518		1999	23	79	44	1999	23	79.0	44	79.0			
730009519		2018	9	30	13	2018	9	30.0	13	30.0			
730009520		2002	28	93	69	2002	28	93.0	69	93.0			
730009796		2015	22	91	257	2015	22	91.0	257	91.0			
730009797				35				35.0		35.0			
730009798	잠실미켈란호수가아파트	2007	26	83	73	2007	26	83.0	73	83.0			
732490847													
744908092	청학아파트 c동		5				5			14.0	11680-141	9.914495291478636	0.0
744908094	청학아파트 B동		5				5			14.0	11680-141	34.25165863899867	0.0
744908095	청학아파트 A동		5				5			14.0	11680-141	45.18986644171557	0.0
744908098	MINI도이치모터스 강남전시장	2024	19	74	27	2024	19	74.0	27	74.0	11680-141	30.935404977787304	-1.0
767738068		2014	15	52	57	2014	15	52.0	57	52.0	11680-4324	162.62059638983564	0.0
767738809		2014	15	52	54	2014	15	52.0	54	52.0	11680-4324	162.84118396185102	0.0
767738810		2014	15	52	53	2014	15	52.0	53	52.0	11680-4324	190.37097535119972	0.0
767738811		2014	15	52	53	2014	15	52.0	53	52.0	11680-4324	146.83335709298407	0.0
767738812		2014	15	52	54	2014	15	52.0	54	52.0	11680-4324	113.53708540232553	0.0
767738813		2014	15	52	57	2014	15	52.0	57	52.0	11680-4324	109.98604847656358	0.0
767738814		2014	13	45	62	2014	13	45.0	62	45.0	11680-4324	82.16765128068073	0.0
767738815		2014	15	52	56	2014	15	52.0	56	52.0	11680-4324	39.89874201549914	0.0
767738816		2014	15	52	66	2014	15	52.0	66	52.0	11680-4324	26.245806961305803	0.0
767738817		2014	15	52	68	2014	15	52.0	68	52.0	11680-4324	80.4642077077411	0.0
769718613	301	2019	6	20	46	2019	6	20.0	46	20.0	11680-4850	153.89894973846535	0.0
769718614	323		7	23	62		7	23.0	62	23.0	11680-4850	196.01929361895017	0.0
769718615	305	2019	29	91	64	2019	29	91.0	64	91.0	11680-4850	77.15228421473998	0.0
769718616	306	2019	20	64	28	2019	20	64.0	28	64.0	11680-4850	61.00956624772776	0.0
769718617	322	2019	28	88	106	2019	28	88.0	106	88.0	11680-4850	184.87606636655002	0.0
769718618	321	2019	2	8	4	2019	2	8.0	4	8.0	11680-4850	150.31982469117438	0.0
769718619	316	2019	20	67	40	2019	20	67.0	40	67.0	11680-4850	233.87796667039206	0.0
769718620	313	2019	29	91	54	2019	29	91.0	54	91.0	11680-4850	157.41234873896175	0.0
769718621	314	2019	10	64	38	2019	10	64.0	38	64.0	11680-4850	171.56847834079673	0.0
769718622	311	2019	29	91	54	2019	29	91.0	54	91.0	11680-4850	106.32243767875536	0.0
769718623	312	2019	21	67	40	2019	21	67.0	40	67.0	11680-4850	121.05836719442779	0.0
769718624	315	2019	29	91	56	2019	29	91.0	56	91.0	11680-4850	216.0510540358942	0.0
769718625	320	2019	33	107	126	2019	33	107.0	126	107.0	11680-4850	107.01442186142145	0.0
769718626	319	2019	2	5	4	2019	2	5.0	4	5.0	11680-4850	73.17403765235159	0.0
769718627	302	2019	28	88	106	2019	28	88.0	106	88.0	11680-4850	121.4386453798028	0.0
769718628	303	2019	23	73	42	2019	23	73.0	42	73.0	11680-4850	136.16798048578272	0.0
769718629	304	2019	18	61	34	2019	18	61.0	34	61.0	11680-4850	124.65012298692159	0.0
769718630	307	2019	29	91	54	2019	29	91.0	54	91.0	11680-4850	26.59095082641847	0.0
769718631	308	2019	20	64	38	2019	20	64.0	38	64.0	11680-4850	6.382585339655739	0.0
769718632	309	2019	29	91	54	2019	29	91.0	54	91.0	11680-4850	59.8001239651883	0.0
769718633	310	2019	20	64	38	2019	20	64.0	38	64.0	11680-4850	67.71172872628915	0.0
769718634	317	2019	29	91	106	2019	29	91.0	106	91.0	11680-4850	241.76409110262813	0.0
769718635	318	2019	33	107	126	2019	33	107.0	126	107.0	11680-4850	109.68463317279853	0.0
775465803	유로미아파트										11680-568	60.58798172550901	0.0
775465804	유로미아파트										11680-568	73.95069646274696	0.0
775687306	1	1979	14		196	1979	14		196	39.199999999999996	11680-222	76.48189038122592	-1.0
775687307	2	1979	14		196	1979	14		196	39.199999999999996	11680-222	138.51735511622635	-1.0
775687308	30	1979	14		210	1979	14		210	39.199999999999996	11680-222	290.1071005319019	-1.0
775926771	106	1983	14		112	1983	14		112	39.199999999999996			
775926772	105	1983	14		112	1983	14		112	39.199999999999996	11680-211	277.722160633178	0.0
775926773	103	1983	14		112	1983	14		112	39.199999999999996	11680-211	227.19523569066877	0.0
775926774	102	1983	14		168	1983	14		168	39.199999999999996	11680-211	190.71616932725777	0.0
775926775	101	1983	14		168	1983	14		168	39.199999999999996	11680-211	169.68456689270326	0.0
775926776	109	1983	14		112	1983	14		112	39.199999999999996			
775926777	110	1983	14		112	1983	14		112	39.199999999999996			
775926778	111	1983	14		84	1983	14		84	39.199999999999996			
775926779	108	1983	14		112	1983	14		112	39.199999999999996			
775926780	107	1983	14		111	1983	14		111	39.199999999999996	11680-222	275.09211161058	0.0
775926781	206	1985	14		112	1985	14		112	39.199999999999996	11680-222	294.5449014269349	0.0
775926782	207	1985	14		84	1985	14		84	39.199999999999996			
775926783	205	1985	14		112	1985	14		112	39.199999999999996	11680-222	235.05239853123084	0.0
775926784	203	1985	14		112	1985	14		112	39.199999999999996	11680-222	180.74126679596824	0.0
775926785	202	1985	14		112	1985	14		112	39.199999999999996	11680-222	135.14219743893526	0.0
775926786	201	1985	14		140	1985	14		140	39.199999999999996	11680-222	108.10756443015231	0.0
775926787	208	1985	14		140	1985	14		140	39.199999999999996	11680-222	5.435415011607799	0.0
775926788	209	1985	14		112	1985	14		112	39.199999999999996	11680-222	66.48534816959982	0.0
775926789	210	1985	14		112	1985	14		112	39.199999999999996	11680-222	131.45175046663712	0.0
775926790	211	1985	14		112	1985	14		112	39.199999999999996	11680-222	195.25162825790417	0.0
775926791	212	1985	14		84	1985	14		84	39.199999999999996	11680-481	261.67004235104287	0.0
793603147	108동	1983	15		105	1983	15		105	42.0			
793603148	107동	1983	15		60	1983	15		60	42.0			
793603149	106동	1983	15		60	1983	15		60	42.0			
793603150	105동	1983	15		60	1983	15		60	42.0			
793603151	101동	1983	15		90	1983	15		90	42.0			
793603152	102동	1983	15		90	1983	15		90	42.0			
793603153	103동	1983	15		90	1983	15		90	42.0			
793772361													
793787325	잠실렉스빌 오피스텔												
793787328		2012	16	50	66	2012	16	50.0	66	50.0			
793787331		2019	17	50	116	2019	17	50.0	116	50.0			
793787343													
793787344													
793787346													
794559256	신동아예지움아파트	1993	10	29	19	1993	10	29.0	19	29.0			
794929549													
794929552	파크인수아파트	2010	16	59	24	2010	16	59.0	24	59.0			
794929571													
794929572													
794929573													
794929574													
794929575													
794929576													
794929577													
794929578													
794929579													
794929580													
794929581													
794929582													
794929583													
794929590													
794929592													
794929593													
794929594													
794929596													
795275566													
795275567													
795275568													
795275569													
795275570													
795275571													
795275572													
795275575													
795275576													
795275577													
795275578													
795275579													
795275580		2019	10	31	24	2019	10	31.0	24	31.0			
795275583													
795275584													
795275585													
795275586													
795275587													
795275588													
795275590													
795275605													
795275606													
795275607													
795275608													
795275609													
795275610													
795275611													
795275612													
795275613													
795275614													
795275615													
795275616													
795275617													
795281841													
795281848													
795571453		2018	16	50	248	2018	16	50.0	248	50.0			
795571462		2024	15	50	46	2024	15	50.0	46	50.0			
795963602													
795963603													
795963604													
795963605													
795963609													
795963610													
795963614													
795963617													
795963619													
795963620													
795963621													
795963623													
795963626													
795963627													
795963631													
795963633													
795963635													
795963639													
795963641													
795963644													
795963657													
795963660													
795963661													
796356238													
796356251													
796356254													
796356256													
796356257													
796356258													
796356259													
796356260													
796356271													
796356273													
796356274													
796356277													
796356296													
796356298													
796356300													
796356301													
796356304													
796356310													
796356316													
796356317													
796356319													
796356320													
796356339													
796356343													
796356344													
796356347													
796356376													
797055009	잠실아이파크	2013	10	35	8	2013	10	35.0	8	35.0			
797055077													
797055079													
797055080													
797055081													
797055082													
797055083													
797055084													
797055085													
797055086													
797055087													
797055089													
797892658													
797892659													
797892660													
797892661													
797892662													
797892664													
798084928													
798084929													
798084930													
798084931													
798084932													
798084933													
798084934													
798084935													
798084936													
798084937													
798084940													
798084941													
798084942													
798084943													
798084944													
798084945													
798084946													
798084947													
798084948													
798084951													
798084952													
798084953													
798084954													
798084955													
798084956													
798084957													
798084958													
798084959													
798084960													
798084962													
798084964													
798084965													
798084966													
798084967													
798084968													
798084969													
798084970													
798084971													
798084972													
798084973													
798084974													
798084975													
798084976													
798084977													
798084978													
798084979													
798084980													
798084981													
798084982													
798084983													
798084986	트윈빌라B동												
798084987													
798084988													
798084989													
798084990													
798084991													
798084992													
798084995													
798084996	트윈빌라A동												
798084998													
798085000													
798085001													
798085004													
798085005													
798085006													
798085007													
798085008													
798085009													
798085010													
798085011													
798085013													
798085014													
798085015													
798085016													
798085017													
798085020													
798085021													
798085022													
798085023													
798085025													
798085026													
798085027													
798085029													
798085031													
798085032													
798085033													
798288387	107동	1994	6		24	1994	6		24	16.799999999999997			
798288388	104동	1994	6		36	1994	6		36	16.799999999999997			
798288389	105동	1994	6		36	1994	6		36	16.799999999999997			
798288390	103동	1994	6		36	1994	6		36	16.799999999999997			
798288391	102동	1994	6		36	1994	6		36	16.799999999999997			
798288392	106동	1994	6		48	1994	6		48	16.799999999999997			
798288393	101동	1994	6		36	1994	6		36	16.799999999999997			
798494184													
798494185													
798494186													
798494187													
798494188													
798494189													
798494190													
798494191													
798494192													
798494193													
798494195													
798494196													
798494197													
798494198													
798494201													
798494202													
798494203													
798494204													
798494205													
798494206													
798494207													
798494208													
798494209													
798494210													
798494211													
798494212													
798494213													
798494218													
798494219													
798494221													
798494222													
798494223													
798494224													
798494225													
798494226													
798494227													
798793504													
798793505													
798793506													
798793507													
798793508													
798793509													
798793510													
798793511													
798793512													
798793513													
798793514													
798793515													
798793516													
798793517													
798793518													
798793521													
798793522													
798793523													
798793524													
798793526													
798793527													
798793528													
798793529													
798793530													
798793531													
798793532													
798793534													
798793535													
798793536													
798793537													
798793538													
798793539													
798793540													
798793541													
798793542													
798793543													
798793544													
798793545													
798793546													
798793547													
798793548													
798793549													
798793550													
798793551													
798793552													
798793553													
798793554													
798793555													
798793556													
798793557													
798793558													
798793559													
798793560													
798793561													
798793562													
798793563													
798793564													
798793565													
798793566													
798793567													
798793568													
798793569													
798793570													
798793571													
798793572													
798793582													
798793583													
798793584													
798793585													
798793586													
798793587													
798793588													
798793589													
798793590													
798793591													
798793592													
798793593													
798793594													
798793595													
798793596													
798793597													
798793598													
798793599													
798793600													
798793601													
798793603													
798793604													
798793605													
798793607													
798793608													
798793609													
798793611													
798793612													
798793613													
798957409	103동	2005	7	19	28	2005	7	19.0	28	19.0			
798957410	102동	2005	12	32	57	2005	12	32.0	57	32.0			
798957411	101동	2005	9	24	47	2005	9	24.0	47	24.0			
798963237	102동	1995	15		90	1995	15		90	42.0			
798963238	103동	1995	15		90	1995	15		90	42.0			
798963239	104동	1995	15		60	1995	15		60	42.0			
798963240	105동	1995	15	41	90	1995	15	41.0	90	41.0			
798963241	105동	1995	14		56	1995	14		56	39.199999999999996			
798963242	101동	1995	14	41	56	1995	14	41.0	56	41.0			
798963243	105동	1994	15	41	149	1994	15	41.0	149	41.0			
798963244	106동	1994	15	41	239	1994	15	41.0	239	41.0			
798963245	104동	1994	15	41	149	1994	15	41.0	149	41.0			
798963246	103동	1994	15	41	149	1994	15	41.0	149	41.0			
798963247	102동	1994	15	41	149	1994	15	41.0	149	41.0			
798963248	101동	1994	15	41	149	1994	15	41.0	149	41.0			
798963249	105동	1995	15		86	1995	15		86	42.0			
798963250	103동	1995	15		60	1995	15		60	42.0			
798963251	104동	1995	13		52	1995	13		52	36.4			
798963252	102동	1995	12		72	1995	12		72	33.599999999999994			
798963253	101동	1995	15		60	1995	15		60	42.0			
798997125	21동	1988	15		90	1988	15		90	42.0			
798997126	17동	1988	15		90	1988	15		90	42.0			
798997127	15동	1988	15		90	1988	15		90	42.0			
799003863													
799003864													
799003865													
799003866													
799003867													
799003868													
799003869													
799003870													
799003871													
799003872													
799003873													
799003874													
799003875													
799003876													
799003877													
799003878													
799003879													
799003880													
799003881													
799003882													
799003883													
799003884													
799003885													
799363459													
799363460													
799363461													
799363462													
799363463													
799363464													
799363465													
799363466													
799363467													
799363468													
799363469													
799363470													
799363471													
799363472													
799363473													
800180997	102	1992	13		52	1992	13		52	36.4	11680-189	45.771270025629875	0.0
800180998	103	1992	11		55	1992	11		55	30.799999999999997	11680-189	88.47305624216183	0.0
800180999	101	1992	15		60	1992	15		60	42.0	11680-189	4.377710406492389	0.0
800184115											11680-472	176.91076225975536	0.0
800184116											11680-472	188.88811937572618	0.0
800184117	다우림하우스										11680-472	201.33219532046564	0.0
800186844	아셈아파트										11680-191	52.56715136827743	0.0
800186846	삼성아트빌										11680-191	70.48552336332426	0.0
800186857	LH삼성아파트										11680-3686	123.87445863155047	0.0
800188074	라테라스	2013	16	58	18	2013	16	58.0	18	58.0	11680-4197	7.425336804426349	0.0
800212819	101동	2006	12	37	46	2006	12	37.0	46	37.0	11680-3667	0.005312758136210884	0.0
800212820	102동	2006	12	37	46	2006	12	37.0	46	37.0	11680-3667	57.88542582350191	0.0
800225887		2014	20	85	183	2014	20	85.0	183	85.0	11680-189	138.61351200726313	-1.0
800235406		2003	22	72	72	2003	22	72.0	72	72.0	11680-404	4.0769658000046896	0.0
800238587													
800238588													
800238589													
800238590													
800238591													
800238592													
800238593													
800238594													
800238595													
800238596													
800238597													
800238598													
800238599													
800238600													
800238601													
800238602													
800238603													
800238604													
800238605													
800238606													
800238607													
800238608													
800238609													
800238610													
800238611													
800238612													
800238613													
800238614													
800238615													
800238616													
800238617													
800238618													
800238619													
800238620													
800238621													
800238624													
800238625													
800238626													
800238629													
800238630													
800238631													
800238632													
800238633													
800238634													
800238635													
800238636													
800238637													
800238638													
800238639													
800238640													
800238641													
800238642													
800238643													
800238996	17	2006	12	35	90	2006	12	35.0	90	35.0	11680-3709	294.472389858573	0.0
800241186		2003	12	35	242	2003	12	35.0	242	35.0	11680-3709	243.94890426630874	-1.0
800246418	102동										11680-180	83.1146515907762	0.0
800246419	101동										11680-180	85.57076197365437	0.0
800253306		2019	15	47	207	2019	15	47.0	207	47.0			
800253307		2004	10	30	144	2004	10	30.0	144	30.0			
800266217	동일파크스위트	2007	13	40	36	2007	13	40.0	36	40.0	11680-3624	160.72494425617603	3.0
800266226	강변삼부아파트	2000	14	40	48	2000	14	40.0	48	40.0	11680-172	6.8118733270151735	0.0
800266227	101동	1998	11	35	43	1998	11	35.0	43	35.0	11680-172	35.178607047667526	0.0
800266229	102동	1998	9	33	40	1998	9	33.0	40	33.0	11680-172	68.40149767429119	0.0
800266233		2008	20	70	17	2008	20	70.0	17	70.0	11680-3686	174.0867212710385	3.0
800266234		1999	20	62	19	1999	20	62.0	19	62.0	11680-172	88.6671621372909	0.0
800266235		2000	18	55	17	2000	18	55.0	17	55.0	11680-172	38.21076733970084	0.0
800501444													
800501445													
800501446													
800501447													
800501448													
800501449													
800501450													
800501451													
800501452													
800501453													
800501454													
800501455													
800501456													
800501457													
800501458													
800501459													
800501460													
800501461													
800501462													
800501463													
800501464													
800501466													
800501467													
800501468													
800501469													
800501470													
800501471													
800501472													
800501473													
800501474													
800501475													
800501478													
800501479													
800501480													
800501481													
800501482													
800501483													
800501484													
800501485													
800501486													
800734953		2006	10	27	9	2006	10	27.0	9	27.0	11680-260	185.77143176198686	-1.0
800734954		2006	10	27	18	2006	10	27.0	18	27.0	11680-260	203.859970955132	-1.0
800821401													
800821402													
800821403													
800821404													
800821405													
800821406													
800821407													
800821408													
800821409													
800821410													
800821411													
800821412													
800821413													
800821414													
800821415													
800821416													
800821417													
800821420													
800821421													
800821422													
800821423													
800821424													
800821425													
800821426													
800821427													
800821428													
800821429													
800821430													
800821431													
800821432													
800821433													
800821434													
800821435													
800821436													
800821437													
800821438													
800821439													
800821440													
800821441													
800821442													
800821443													
800821444													
800821445													
800821446													
800821447													
800821448													
800821451													
800821452													
800821453													
800821454													
800821455													
800821456													
800821457													
800821458													
800821459													
800821460													
800821461													
800821462													
800821463													
800821464													
800821465													
800821466													
800821467													
800821468													
800821469													
800821470													
800821471													
800821472													
800821473													
800821474													
801040106													
801040107													
801040108													
801040109													
801040110													
801040111													
801040112													
801040113													
801040114													
801040115													
801040116													
801040117													
801040118													
801040119													
801040120													
801040121													
801040122													
801040123													
801040124													
801040125													
801040126													
801040127													
801040130													
801040131													
801040132													
801040133													
801040134													
801040135													
801040136													
801040137													
801040138													
801040139													
801040140													
801040141													
801040142													
801040143													
801040144													
801040145													
801040146													
801040147													
801040148													
801040149													
801040150													
801040151													
801040155													
801040156													
801040157													
801040158													
801040159													
801040160													
801040161													
801040162													
801040163													
801040164													
801040165													
801040166													
801040167													
801040168													
801040169													
801040170													
801040171													
801040172													
801040174													
801040175													
801040176													
801040177													
801040180													
801040181													
801040182													
801040183													
801040184													
801040185													
801040186													
801040187													
801040188													
801040189													
801040190													
801040191													
801040192													
801040193													
801040194													
801040195													
801040196													
801040198													
801040199													
801040200													
801040201													
801040202													
801040203													
801040204													
801040205													
801040206													
801040207													
801040209													
801040210													
801040211													
801056158		2019	16	45	180	2019	16	45.0	180	45.0	11680-3709	189.06229265782034	-1.0
801200375		2003	14	39	67	2003	14	39.0	67	39.0	11680-407	6.482716208651406	0.0
801830912	신동아타워아파트	1995	21	75	96	1995	21	75.0	96	75.0			
801832680		2018	10	30	16	2018	10	30.0	16	30.0			
801832688	레이크해모로아파트	2005	15	47	75	2005	15	47.0	75	47.0			
801836938		1998	10	29	19	1998	10	29.0	19	29.0			
801840459	석촌효신아파트												
801844459	잠실아이스페이스	2001	27	97	84	2001	27	97.0	84	97.0			
802072900		1987	15		116	1987	15		116	42.0			
802072901		1987	15		75	1987	15		75	42.0			
802072902		1987	15		116	1987	15		116	42.0			
802072904													
802072911		1994	20	55	159	1994	20	55.0	159	55.0			
802719246	704동	1992	15		149	1992	15		149	42.0	11680-319	47.56892697612434	0.0
802719247	703동	1992	15		149	1992	15		149	42.0	11680-319	2.4931545088887592	0.0
802719248	701동	1992	15		89	1992	15		89	42.0	11680-315	110.75466042555342	0.0
802719249	702동	1992	15		119	1992	15		119	42.0	11680-319	68.33206031050098	0.0
802719250	706동	1992	15		179	1992	15		179	42.0	11680-319	72.12459279327787	0.0
802719251	705동	1992	15		119	1992	15		119	42.0	11680-319	134.34232871152022	0.0
802719252	708동	1992	15		180	1992	15		180	42.0	11680-315	80.37897933449396	0.0
802719253	707동	1992	15		179	1992	15		179	42.0	11680-319	138.78999973397183	0.0
802719254	801동	1993	15	41	90	1993	15	41.0	90	41.0	11680-315	1.74741072874122	0.0
802719256	803동	1993	15	41	60	1993	15	41.0	60	41.0	11680-315	127.76230576827884	0.0
802719257	802동	1993	15	41	90	1993	15	41.0	90	41.0	11680-315	70.49968959064422	0.0
802719258	804동	1993	15	41	90	1993	15	41.0	90	41.0	11680-315	157.08144957016353	0.0
803185007	9	1984	14		56	1984	14		56	39.199999999999996	11680-214	50.13953309820466	0.0
803185008	10	1984	14		84	1984	14		84	39.199999999999996	11680-214	1.0596773260975614	0.0
803185009	8	1984	14		112	1984	14		112	39.199999999999996	11680-373	69.21401055932559	0.0
803185010	7	1984	14		112	1984	14		112	39.199999999999996	11680-214	136.22962255381256	0.0
803204156	305동	2006	16	43	67	2006	16	43.0	67	43.0	11680-3678	90.22790522087426	0.0
803204157	304동	2006	15	38	38	2006	15	38.0	38	38.0	11680-3678	47.65510823026929	0.0
803204158	303동	2006	24	65	85	2006	24	65.0	85	65.0	11680-3678	120.59720793359989	1.0
803204159	301동	2006	21	57	78	2006	21	57.0	78	57.0	11680-3678	1.754608859892269	0.0
803204160	101동	2005	16	43	64	2005	16	43.0	64	43.0	11680-3622	3.862652188653501	0.0
803204161	102동	2005	22	60	88	2005	22	60.0	88	60.0	11680-3622	43.825498725385174	0.0
803204162	106동	2005	25	68	100	2005	25	68.0	100	68.0	11680-3621	104.78286822707618	0.0
803204163	104동	2005	24	66	96	2005	24	66.0	96	66.0	11680-3622	42.83004343803755	0.0
803204164	108동	2005	25	68	60	2005	25	68.0	60	68.0	11680-3678	128.55302212142547	0.0
803204165	110동	2005	19	52	70	2005	19	52.0	70	52.0	11680-3621	142.58014721323408	0.0
803204166	103동	2005	15	40	60	2005	15	40.0	60	40.0	11680-3622	59.18209944622284	0.0
803204167	105동	2005	15	40	60	2005	15	40.0	60	40.0	11680-3622	87.58568905931551	0.0
803204168	302동	2006	17	46	64	2006	17	46.0	64	46.0	11680-3678	66.56526878022773	0.0
803204169	109동	2005	16	43	64	2005	16	43.0	64	43.0	11680-3643	114.71684738155619	0.0
803204170	107동	2005	15	40	60	2005	15	40.0	60	40.0	11680-3678	93.8499425144147	0.0
803204171	112동	2005	16	43	64	2005	16	43.0	64	43.0	11680-3621	61.80942913543278	0.0
803204172	111동	2005	16	43	64	2005	16	43.0	64	43.0	11680-3621	98.51141817290525	0.0
803204173	104동	2006	13	29	44	2006	13	29.0	44	29.0	11680-3680	111.79175973336187	0.0
803204174	103동	2006	21	55	77	2006	21	55.0	77	55.0	11680-3679	90.51441594081388	0.0
803204175	102동	2006	17	43	64	2006	17	43.0	64	43.0	11680-3679	100.15987940071106	0.0
803204176	105동	2006	15	42	30	2006	15	42.0	30	42.0	11680-3643	86.7807816366308	0.0
803204177	104동	2006	15	42	60	2006	15	42.0	60	42.0	11680-3643	65.77977345609214	0.0
803204178	106동	2006	15	42	30	2006	15	42.0	30	42.0	11680-498	106.35275026622202	0.0
803204179	107동	2006	15	42	60	2006	15	42.0	60	42.0	11680-498	57.68933126128021	0.0
803204180	111동	2006	24	67	92	2006	24	67.0	92	67.0	11680-3643	45.46932486666236	0.0
803204181	109동	2006	24	67	94	2006	24	67.0	94	67.0	11680-3643	108.17496706764267	0.0
803204182	110동	2006	24	67	94	2006	24	67.0	94	67.0	11680-3643	49.207465395913765	0.0
803204183	103동	2006	16	45	62	2006	16	45.0	62	45.0	11680-3643	9.28102389528239	0.0
803204184	108동	2006	24	67	96	2006	24	67.0	96	67.0	11680-498	73.36215360804147	0.0
803204185	101동	2006	15	42	60	2006	15	42.0	60	42.0	11680-498	111.42480504372709	0.0
803204186	102동	2006	15	42	60	2006	15	42.0	60	42.0	11680-3643	73.30228923859646	0.0
803330482		2018	15	51	167	2018	15	51.0	167	51.0			
803334073	206	1989	13	35	68	1989	13	35.0	68	35.0	11680-4293	3.977296685513767	0.0
803334074	203	1989	16	43	60	1989	16	43.0	60	43.0	11680-4293	62.56405403881487	0.0
803334075	205	1989	13	35	68	1989	13	35.0	68	35.0	11680-4293	47.076532237821915	0.0
803334078	201	1989	16	43	90	1989	16	43.0	90	43.0	11680-225	75.58301021986695	0.0
803334079	202	1989	13	35	68	1989	13	35.0	68	35.0	11680-4293	93.03216115347365	0.0
803334085	현대아파트	1990	15		120	1990	15		120	42.0	11680-225	4.117711586112113	0.0
803489765	606동	1992	15	41	176	1992	15	41.0	176	41.0			
803489766	607동	1992	15	41	283	1992	15	41.0	283	41.0			
803489767	604동	1992	15	41	178	1992	15	41.0	178	41.0			
803489768	605동	1992	15	41	224	1992	15	41.0	224	41.0			
803489769	601동	1992	15	41	237	1992	15	41.0	237	41.0	11680-318	287.4680546029026	0.0
803489770	603동	1992	15	41	237	1992	15	41.0	237	41.0	11680-318	290.1675860504058	0.0
803489771	602동	1992	15	41	177	1992	15	41.0	177	41.0	11680-318	269.9153687703212	0.0
803489772	113동	1992	15		149	1992	15		149	42.0	11680-317	225.41934042909685	0.0
803489774	111동	1992	15		149	1992	15		149	42.0	11680-317	243.45778115815668	0.0
803489775	114동	1992	15		147	1992	15		147	42.0	11680-317	230.2797802141163	0.0
803489776	112동	1992	15		239	1992	15		239	42.0	11680-317	293.11863481331056	0.0
803489777	110동	1992	15		357	1992	15		357	42.0	11680-317	243.2759002586583	0.0
803489778	108동	1992	15		147	1992	15		147	42.0	11680-317	172.0727156592057	0.0
803489779	109동	1992	15		149	1992	15		149	42.0	11680-317	215.1252305059138	0.0
803489780	106동	1992	15		149	1992	15		149	42.0	11680-317	174.39977285182124	0.0
803489781	107동	1992	15		149	1992	15		149	42.0	11680-317	166.0020609684059	0.0
803489782	105동	1992	15		149	1992	15		149	42.0	11680-317	155.63587314678725	0.0
803489783	104동	1992	15		149	1992	15		149	42.0	11680-317	121.46406819948339	0.0
803489784	103동	1992	15		239	1992	15		239	42.0	11680-317	115.27267780424715	0.0
803489785	101동	1992	15		239	1992	15		239	42.0	11680-317	63.24849944998835	0.0
803489786	102동	1992	15		149	1992	15		149	42.0	11680-317	108.25615502882232	0.0
803489788	404동	1992	15	41	90	1992	15	41.0	90	41.0	11680-317	46.60042933749836	0.0
803489789	405동	1992	15	41	162	1992	15	41.0	162	41.0	11680-317	30.02647311218847	0.0
803489790	402동	1992	15	41	60	1992	15	41.0	60	41.0	11680-317	65.57861815671332	0.0
803489791	403동	1992	15	41	150	1992	15	41.0	150	41.0	11680-317	71.64076567727716	0.0
803489792	401동	1992	15	41	180	1992	15	41.0	180	41.0	11680-317	113.83189639199075	0.0
803489796	105동	1993	15		58	1993	15		58	42.0	11680-318	2.425040616005076	0.0
803489797	107동	1993	12		72	1993	12		72	33.599999999999994	11680-318	111.65512174482181	0.0
803489798	106동	1993	15		60	1993	15		60	42.0	11680-318	57.55720223911211	0.0
803489799	103동	1993	11		66	1993	11		66	30.799999999999997	11680-317	188.4898587490014	0.0
803489800	104동	1993	11		66	1993	11		66	30.799999999999997	11680-318	139.59805589744573	0.0
803489801	101동	1993	15		86	1993	15		86	42.0	11680-318	165.96570890681085	0.0
803489802	102동	1993	15		90	1993	15		90	42.0	11680-318	88.28428072800739	0.0
803535256	101동	2004	18	48	72	2004	18	48.0	72	48.0	11680-507	61.73884973149428	0.0
803535257	104동	2004	22	61	60	2004	22	61.0	60	61.0	11680-507	42.56448791009356	0.0
803535258	105동	2004	12	34	35	2004	12	34.0	35	34.0	11680-507	1.8550622324158366	0.0
803535259	102동	2004	19	51	76	2004	19	51.0	76	51.0	11680-507	113.64144017582271	1.0
803535260	103동	2004	19	54	55	2004	19	54.0	55	54.0	11680-507	84.05527395534261	0.0
803535261	111동	2007	18	47	65	2007	18	47.0	65	47.0	11680-3834	165.2536893119203	1.0
803535262	110동	2007	18	47	36	2007	18	47.0	36	47.0	11680-3733	165.08060091699468	0.0
803639599	103동	1999	14	37	21	1999	14	37.0	21	37.0	11680-206	96.66959007682031	0.0
803639600	104동		19	51	69		19	51.0	69	51.0	11680-206	96.15158588440052	0.0
803639601	102동	1999	15	40	45	1999	15	40.0	45	40.0	11680-206	83.26605300672394	0.0
803639602	105동	1999	22	57	132	1999	22	57.0	132	57.0	11680-206	99.73355023431819	1.0
803639603	101동	1999	22	57	154	1999	22	57.0	154	57.0	11680-206	47.718060410776935	0.0
803639604	106동	1999	16	43	41	1999	16	43.0	41	43.0	11680-207	76.52851791719992	1.0
803639605	108동	1999	24	65	48	1999	24	65.0	48	65.0	11680-206	9.177323759014154	0.0
803639606	107동	1999	24	65	120	1999	24	65.0	120	65.0	11680-206	56.24661768414253	0.0
803639611	114동	2000	16	43	48	2000	16	43.0	48	43.0	11680-205	148.43867805096716	2.0
803639612	113동	2000	11	29	22	2000	11	29.0	22	29.0	11680-205	133.79820733927664	1.0
803639613	112동	2000	22	59	160	2000	22	59.0	160	59.0	11680-205	112.41677230377216	1.0
803639614	111동	2000	12	32	33	2000	12	32.0	33	32.0	11680-205	94.16668529276224	0.0
804171134	124동	1982	13		52	1982	13		52	36.4	11680-427	219.68275829025143	0.0
804171189		1999	19	54	198	1999	19	54.0	198	54.0	11680-197	20.515562200148338	0.0
804171190	107동	2007	12	33	47	2007	12	33.0	47	33.0	11680-3732	0.9363043517151672	0.0
804171191	106동	2007	24	68	45	2007	24	68.0	45	68.0	11680-3732	47.502348360555295	0.0
804171192	108동	2007	12	33	20	2007	12	33.0	20	33.0	11680-3732	63.45911047141541	0.0
804171193	105동	2007	12	33	20	2007	12	33.0	20	33.0	11680-3732	78.92830396158759	1.0
804171194	104동	2007	13	35	46	2007	13	35.0	46	35.0	11680-3732	46.81838677359936	0.0
804171195	103동	2007	24	68	45	2007	24	68.0	45	68.0	11680-3732	83.32226338826162	0.0
804171196	102동	2007	13	36	22	2007	13	36.0	22	36.0	11680-3732	115.4186297730554	3.0
804171197	101동	2007	15	41	30	2007	15	41.0	30	41.0	11680-3732	97.51137430341936	1.0
804171198	102동	1998	20	62	168	1998	20	62.0	168	62.0	11680-177	52.94259227092953	0.0
804474436	102동	2003	12	29	42	2003	12	29.0	42	29.0	11680-664	3.4983513531366652	0.0
804474437	101동	2003	12	29	42	2003	12	29.0	42	29.0	11680-665	1.8284542508009434	0.0
804474443	한화 진넥스빌 2	2001	26	80	294	2001	26	80.0	294	80.0	11680-249	5.373772780689438	0.0
804475367	한화 진넥스빌 1	2003	11	30	56	2003	11	30.0	56	30.0	11680-666	2.5591587660531077	0.0
804766378	101	2008	25	68	98	2008	25	68.0	98	68.0			
804766379	170	2008	26	71	98	2008	26	71.0	98	71.0			
804766380	157	2008	25	68	100	2008	25	68.0	100	68.0			
804766381	162	2008	28	77	106	2008	28	77.0	106	77.0			
804788009	106동	2014	10	27	17	2014	10	27.0	17	27.0	11680-4296	169.33708794251885	1.0
804788010	105동	2014	20	54	105	2014	20	54.0	105	54.0	11680-4296	114.79769509591205	1.0
804788011	104동	2014	21	57	83	2014	21	57.0	83	57.0	11680-4296	48.800199026733296	0.0
804788012	103동	2014	23	62	90	2014	23	62.0	90	62.0	11680-4296	30.53252102510171	0.0
804788013	102동	2014	25	68	97	2014	25	68.0	97	68.0	11680-4296	69.71812165121841	1.0
804788014	101동	2014	10	27	19	2014	10	27.0	19	27.0	11680-4296	94.91917017758783	2.0
804788015	103동	2001	23	64	43	2001	23	64.0	43	64.0	11680-252	0.36303424993076855	0.0
804788016	102동	2001	26	70	46	2001	26	70.0	46	70.0	11680-252	37.900816382329005	0.0
804788017	101동	2001	15	42	48	2001	15	42.0	48	42.0	11680-252	59.17767031421835	0.0
804788110	102동										11680-3721	1.7948894147182592	0.0
804788111	101동										11680-3721	22.712028579908473	0.0
804791464		2006	18	77	47	2006	18	77.0	47	77.0	11680-522	163.13962308313035	0.0
804792372		2022	10	34	28	2022	10	34.0	28	34.0	11680-5027	3.72195683334254	0.0
804841126	논현한가람빌라트										11680-160	1.3251385982637784	0.0
804841128	4동	1986	14		84	1986	14		84	39.199999999999996	11680-5114	77.76052129347485	-1.0
804841129	5동	1986	14		112	1986	14		112	39.199999999999996	11680-121	180.13231210801212	2.0
804841130	6동	1986	14		112	1986	14		112	39.199999999999996	11680-121	158.49105719640434	0.0
804841131	3동	1986	12		72	1986	12		72	33.599999999999994	11680-121	129.73430991834195	3.0
804841132	2동	1986	12		96	1986	12		96	33.599999999999994	11680-121	83.68952059752452	1.0
804841133	1동	1986	12		72	1986	12		72	33.599999999999994	11680-121	56.87509185912438	0.0
804841177	201동	2004	14	37	53	2004	14	37.0	53	37.0	11680-559	67.39121897422224	0.0
804841178	202동	2004	14	37	83	2004	14	37.0	83	37.0	11680-559	4.07923280234135	0.0
804841180	102동	2004	9	24	48	2004	9	24.0	48	24.0	11680-558	22.797250852472057	0.0
804841181	101동	2004	14	37	82	2004	14	37.0	82	37.0	11680-558	53.234845180275315	0.0
804841183		2012	10	31	18	2012	10	31.0	18	31.0	11680-558	89.82658347988861	-1.0
805119754		2007	15	50	55	2007	15	50.0	55	50.0	11680-3722	61.45052053758956	0.0
805119755		2007	15	50	55	2007	15	50.0	55	50.0	11680-3722	42.54120187181639	0.0
805119756		2007	15	50	112	2007	15	50.0	112	50.0	11680-3722	3.223635111581604	0.0
805119757		2007	15	50	55	2007	15	50.0	55	50.0	11680-3722	40.398721971600914	0.0
805119774		2004	15	45	130	2004	15	45.0	130	45.0	11680-3683	211.2295584131381	1.0
805307776	315동	2013	15	44	94	2013	15	44.0	94	44.0	11680-4341	252.0472032973485	0.0
805307777	314동	2013	4	11	16	2013	4	11.0	16	11.0	11680-4341	227.70909473367263	0.0
805307778	313동	2013	15	44	73	2013	15	44.0	73	44.0	11680-4341	240.6595246721219	0.0
805307779	312동	2013	15	44	88	2013	15	44.0	88	44.0	11680-4341	201.63241134074636	0.0
805307780	311동	2013	15	44	72	2013	15	44.0	72	44.0	11680-4341	222.1260528518128	0.0
805307781	310동	2013	15	44	65	2013	15	44.0	65	44.0	11680-4341	180.06940601327048	0.0
805307782	309동	2013	15	44	65	2013	15	44.0	65	44.0	11680-4341	190.68595401428652	0.0
805307783	308동	2013	15	44	72	2013	15	44.0	72	44.0	11680-4341	161.94928818391622	0.0
805307784	307동	2013	15	44	69	2013	15	44.0	69	44.0	11680-4341	153.95634184219722	0.0
805307785	306동	2013	15	44	72	2013	15	44.0	72	44.0	11680-4341	174.40946131823168	0.0
805307786	305동	2013	4	11	24	2013	4	11.0	24	11.0	11680-4341	134.15768707104323	0.0
805307787	304동	2013	15	44	73	2013	15	44.0	73	44.0	11680-4341	141.09197088661475	0.0
805307788	302동	2013	15	44	72	2013	15	44.0	72	44.0	11680-4341	123.53035459808612	0.0
805307789	303동	2013	15	44	90	2013	15	44.0	90	44.0	11680-4341	106.67576279902521	0.0
805307790	301동	2013	15	44	120	2013	15	44.0	120	44.0	11680-4341	86.09114018123279	0.0
805307793	110동	1994	15	41	86	1994	15	41.0	86	41.0	11680-303	108.82480761010274	0.0
805307794	102동	1994	15	41	26	1994	15	41.0	26	41.0	11680-304	52.996804459951626	0.0
805307795	108동	1997	15	41	58	1997	15	41.0	58	41.0	11680-316	124.37218082671278	0.0
805307796	111동	1997	15		60	1997	15		60	42.0	11680-316	184.27750651341088	0.0
805307797	103동	1997	15	41	58	1997	15	41.0	58	41.0	11680-316	1.5914519737037196	0.0
805307798	106동	1997	15	41	58	1997	15	41.0	58	41.0	11680-316	61.1509135951046	0.0
805307799	104동	1997	15	41	42	1997	15	41.0	42	41.0	11680-316	55.96930527380354	0.0
805307800	109동	1997	15	41	56	1997	15	41.0	56	41.0	11680-316	153.83440146594813	0.0
805307801	102동	1997	15	41	57	1997	15	41.0	57	41.0	11680-316	51.22012569810164	0.0
805307802	105동	1997	15	41	60	1997	15	41.0	60	41.0	11680-316	46.76920042263123	0.0
805307803	107동	1997	15	41	60	1997	15	41.0	60	41.0	11680-316	97.37490639803639	0.0
805307804	110동	1997	15	41	60	1997	15	41.0	60	41.0	11680-316	164.8883551323386	0.0
805307805	112동	1997	15	41	56	1997	15	41.0	56	41.0	11680-316	213.7050941819991	0.0
805307806	101동	1997	15	41	55	1997	15	41.0	55	41.0	11680-316	53.52282419386308	0.0
805307807	1007동	1993	15		239	1993	15		239	42.0	11680-314	217.26893143864268	1.0
805307808	1001동	1993	15		119	1993	15		119	42.0	11680-314	166.2622981143131	0.0
805307809	1005동	1993	15		149	1993	15		149	42.0	11680-314	110.99223524049495	0.0
805307810	1002동	1993	15		239	1993	15		239	42.0	11680-314	108.68595678893404	0.0
805307811	1006동	1993	15		269	1993	15		269	42.0	11680-314	182.84032659435573	1.0
805307812	1003동	1993	15		269	1993	15		269	42.0	11680-314	54.35446718863981	0.0
805307813	1004동	1993	15		119	1993	15		119	42.0	11680-314	2.079568397639855	0.0
805307814	108동	1994	15	41	108	1994	15	41.0	108	41.0	11680-304	124.30267479377542	0.0
805307815	105동	1994	15	41	108	1994	15	41.0	108	41.0	11680-304	59.23208162711084	0.0
805307816	106동	1994	15	41	60	1994	15	41.0	60	41.0	11680-304	101.6213946083336	0.0
805307817	103동	1994	15	41	60	1994	15	41.0	60	41.0	11680-304	1.9603727624307854	0.0
805307818	107동	1994	15	41	60	1994	15	41.0	60	41.0	11680-304	148.6626585228817	0.0
805307819	101동	1994	15	41	60	1994	15	41.0	60	41.0	11680-304	68.78295535384513	0.0
805307820	102동	1994	15	41	60	1994	15	41.0	60	41.0	11680-308	64.79341033405464	0.0
805307821	101동	1994	15	41	161	1994	15	41.0	161	41.0	11680-308	21.231372244389938	0.0
805307822	104동	1994	15	41	60	1994	15	41.0	60	41.0	11680-308	121.16629308332618	0.0
805307823	103동	1994	15	41	72	1994	15	41.0	72	41.0	11680-308	88.39958154056036	0.0
805307824	107동	1994	15	41	161	1994	15	41.0	161	41.0	11680-308	71.0492571205763	0.0
805307825	108동	1994	15	41	72	1994	15	41.0	72	41.0	11680-308	131.58571455566724	0.0
805307826	105동	1994	13	36	52	1994	13	36.0	52	36.0	11680-308	142.0800366839375	0.0
805307827	110동	1994	13	36	52	1994	13	36.0	52	36.0	11680-308	172.0297668006872	0.0
805307828	109동	1994	15	41	90	1994	15	41.0	90	41.0	11680-308	126.69012733270678	0.0
805307829	106동	1994	15	41	60	1994	15	41.0	60	41.0	11680-303	163.69771198325193	0.0
805307830	111동	1994	15	41	90	1994	15	41.0	90	41.0	11680-308	175.03232690593538	0.0
805307831	109동	1994	15	41	60	1994	15	41.0	60	41.0	11680-303	73.53704671887917	0.0
839944776	101동	2004	15	40	60	2004	15	40.0	60	40.0			
839944777	103동	2004	15	40	88	2004	15	40.0	88	40.0			
839944778	104동	2004	15	40	28	2004	15	40.0	28	40.0			
839944779	102동	2004	15	40	30	2004	15	40.0	30	40.0			
839947850	213동	2008	36	100	144	2008	36	100.0	144	100.0			
839947851	215동	2008	36	100	144	2008	36	100.0	144	100.0			
839947852	212동	2008	36	100	144	2008	36	100.0	144	100.0			
839947853	216동	2008	36	100	144	2008	36	100.0	144	100.0			
839947854	211동	2008	36	100	144	2008	36	100.0	144	100.0			
839947855	210동	2008	36	100	144	2008	36	100.0	144	100.0			
839947856	217동	2008	36	100	144	2008	36	100.0	144	100.0			
839947857	306동	2008	36	100	144	2008	36	100.0	144	100.0			
839947858	305동	2008	36	100	144	2008	36	100.0	144	100.0			
839947859	307동	2008	36	100	144	2008	36	100.0	144	100.0			
839947860	304동	2008	36	100	144	2008	36	100.0	144	100.0			
839947861	314동	2008	32	89	128	2008	32	89.0	128	89.0			
839947862	311동	2008	30	84	120	2008	30	84.0	120	84.0			
839947863	312동	2008	27	75	108	2008	27	75.0	108	75.0			
839947864	313동	2008	27	75	108	2008	27	75.0	108	75.0			
839947865	310동	2008	30	84	120	2008	30	84.0	120	84.0			
839947866	309동	2008	33	92	132	2008	33	92.0	132	92.0			
839947867	308동	2008	36	100	144	2008	36	100.0	144	100.0			
839947868	210동	2008	32	89	64	2008	32	89.0	64	89.0			
839947869	218동	2008	32			2008	32			89.6			
839947870	301동	2008	32	89	64	2008	32	89.0	64	89.0			
839947871	303동	2008	32	89	64	2008	32	89.0	64	89.0			
839947872	302동	2008	31	86	62	2008	31	86.0	62	86.0			
839947873	315동	2008	30	84	114	2008	30	84.0	114	84.0			
839947874	316동	2008	27	75	102	2008	27	75.0	102	75.0			
839947875	203동	2008	28	78	84	2008	28	78.0	84	78.0			
839947876	201동	2008	24	67	72	2008	24	67.0	72	67.0			
839947879	119동	2008	28	78	84	2008	28	78.0	84	78.0			
839947880	120동	2008	24	67	72	2008	24	67.0	72	67.0			
839947881	118동	2008	33	92	66	2008	33	92.0	66	92.0			
839947882	116동	2008	33	92	66	2008	33	92.0	66	92.0			
839947883	117동	2008	33	92	66	2008	33	92.0	66	92.0			
839947884	101동	2008	20	56	160	2008	20	56.0	160	56.0			
839947885	102동	2008	23	64	184	2008	23	64.0	184	64.0			
839947886	103동	2008	23	64	86	2008	23	64.0	86	64.0			
839947887	104동	2008	26	72	98	2008	26	72.0	98	72.0			
839947888	205동	2008	33	92	66	2008	33	92.0	66	92.0			
839947889	206동	2008	33	92	66	2008	33	92.0	66	92.0			
839947890	207동		33				33			92.39999999999999			
840275019	111동	2018	26	79	59	2018	26	79.0	59	79.0			
840277572	21동	1987	17		68	1987	17		68	47.599999999999994	11680-20	161.08890062198444	0.0
840277573	22동	1987	17		68	1987	17		68	47.599999999999994	11680-20	216.77904244694116	0.0
854428963	대동아파트	1999	11	29	93	1999	11	29.0	93	29.0			
855629936	금강캐스빌												
856525744	A												
856525745	B												
856829762	1	1985	11		44	1985	11		44	30.799999999999997			
856829763	2	1985	11		99	1985	11		99	30.799999999999997			
856829765	3	1985	11		66	1985	11		66	30.799999999999997			
856829766	5	1985	11		50	1985	11		50	30.799999999999997			
856829767		1993	14	38	135	1993	14	38.0	135	38.0			
856829770	KNP상상아파트												
857400205		1986	12		123	1986	12		123	33.599999999999994			
857400210	미랜드퀸아파트												
857597487		1999	10	29	19	1999	10	29.0	19	29.0			
863710136	101	1995	19		152	1995	19		152	53.199999999999996			
863710137	102	1995	19		152	1995	19		152	53.199999999999996			
863710138	103	1995	19		152	1995	19		152	53.199999999999996			
867830211	9동	1979	14		84	1979	14		84	39.199999999999996			
869739214	21동	1979	14		84	1979	14		84	39.199999999999996			
871677176	102동	2020	35	108	85	2020	35	108.0	85	108.0			
871677177	101동	2020	30	92	77	2020	30	92.0	77	92.0			
871677178	105동	2020	33	101	113	2020	33	101.0	113	101.0	11680-3683	289.2915126405129	-1.0
871677179	107동	2020	33	101	108	2020	33	101.0	108	101.0	11680-3683	263.8977148575896	-1.0
871677180	103동	2020	32	98	85	2020	32	98.0	85	98.0			
871677181	104동	2020	35	107	116	2020	35	107.0	116	107.0			
871677182	109동	2020	34	104	111	2020	34	104.0	111	104.0	11680-3683	254.44127013545383	-1.0
871677183	106동	2020	35	107	132	2020	35	107.0	132	107.0			
871677184	108동	2020	35	107	114	2020	35	107.0	114	107.0			
871677185	111동	2020	34	104	112	2020	34	104.0	112	104.0	11680-3683	251.7339990269346	-1.0
871677186	110동	2020	29	89	133	2020	29	89.0	133	89.0			
871677187	112동	2020	31	95	131	2020	31	95.0	131	95.0	11680-3683	261.3440521757969	-1.0
871868151	서초동대우디오빌프라임	2005	15	64	112	2005	15	64.0	112	64.0	11680-3683	101.96254260108253	0.0
871868161		2018	15	49	81	2018	15	49.0	81	49.0	11680-4863	271.4051388304757	0.0
871868172		1999	12	48	31	1999	12	48.0	31	48.0	11680-3722	244.82128697814952	-1.0
871868173		2006	15	50	48	2006	15	50.0	48	50.0	11680-3722	259.26447412485	0.0
878647278	1	2003	12	41	65	2003	12	41.0	65	41.0			
878647279	2		5				5			14.0			
878647285	101	1998	9	29	52	1998	9	29.0	52	29.0			
878647286	107	1998	15	48	90	1998	15	48.0	90	48.0			
878647292	102	1998	19	57	88	1998	19	57.0	88	57.0			
883726450	702	1983	15		135	1983	15		135	42.0	11680-290	189.72432188376078	1.0
883726451	704	1983	15		135	1983	15		135	42.0	11680-290	157.75971245502066	0.0
883726452	706	1983	15		135	1983	15		135	42.0	11680-290	167.64140821197327	0.0
883726453	707	1983	15		135	1983	15		135	42.0	11680-290	213.63029949837625	0.0
883726454	703	1983	15		90	1983	15		90	42.0	11680-290	82.99891406280051	0.0
883726455	701	1983	15		90	1983	15		90	42.0	11680-290	122.95267935708439	0.0
883726456	705	1983	15		90	1983	15		90	42.0	11680-290	104.43319658543301	0.0
883726457	708	1983	15		90	1983	15		90	42.0	11680-290	196.62466082622868	0.0
884138619	103동	2011	27	81	102	2011	27	81.0	102	81.0	11680-4004	42.46521367852009	0.0
884138620	101동	2011	32	95	120	2011	32	95.0	120	95.0	11680-4004	121.32147406485521	1.0
884138621	102동	2011	35	104	166	2011	35	104.0	166	104.0	11680-4004	95.73151206193248	1.0
884138622	104동	2011	35	104	160	2011	35	104.0	160	104.0	11680-4004	83.66699470836907	0.0
884138623	105동	2011	35	104	160	2011	35	104.0	160	104.0	11680-4004	0.007028960417145727	0.0
884138628	101동	1992	16	45	177	1992	16	45.0	177	45.0	11680-4291	17.554745951670476	0.0
884138630	102	2017	7	22	14	2017	7	22.0	14	22.0	11680-4653	38.349528173700705	0.0
884138631	101	2017	7	22	21	2017	7	22.0	21	22.0	11680-4653	0.021329708406974117	0.0
884138632	104	2017	7	21	39	2017	7	21.0	39	21.0	11680-4653	67.10540904202963	0.0
884138633	105	2017	1	5	3	2017	1	5.0	3	5.0	11680-4653	53.73349776430678	0.0
884138634	103	2017	7	22	37	2017	7	22.0	37	22.0	11680-4653	76.53734233715385	0.0
887930224	103	2020	18	53	66	2020	18	53.0	66	53.0	11680-4929	3.092069251088659	0.0
887930225	108	2020	15	47	56	2020	15	47.0	56	47.0	11680-4929	127.11182841908662	0.0
887930226	107	2020	14	44	52	2020	14	44.0	52	44.0	11680-4929	161.42255844894441	0.0
887930227	110	2020	14	44	52	2020	14	44.0	52	44.0	11680-4929	157.78021749189688	0.0
887930228	106	2020	14	44	52	2020	14	44.0	52	44.0	11680-4929	143.06795789956902	0.0
887930229	104	2020	33	97	130	2020	33	97.0	130	97.0	11680-4929	58.60994587778855	0.0
887930230	105	2020	14	44	26	2020	14	44.0	26	44.0	11680-4929	103.10375321012215	0.0
887930231	101	2020	14	44	50	2020	14	44.0	50	44.0	11680-4929	139.34240147297007	1.0
887930235	122	2020	7	24	24	2020	7	24.0	24	24.0	11680-5100	125.54062663996692	0.0
887930236	123	2020	15	47	54	2020	15	47.0	54	47.0	11680-5100	169.5301514729626	0.0
887930237	124	2020	34	101	159	2020	34	101.0	159	101.0	11680-5100	231.38350604723774	0.0
887930240	120	2020	20	59	116	2020	20	59.0	116	59.0	11680-5100	146.80225963598213	0.0
887930242	119	2020	34	100	134	2020	34	100.0	134	100.0	11680-5100	216.63153518625242	0.0
887930243	118	2020	29	87	112	2020	29	87.0	112	87.0	11680-5100	77.68317967788576	0.0
887930244	109	2020	33	97	122	2020	33	97.0	122	97.0	11680-4929	81.90670847869039	0.0
887930246	111	2020	14	44	52	2020	14	44.0	52	44.0	11680-5100	149.68772787703745	0.0
887930247	102	2020	16	50	60	2020	16	50.0	60	50.0	11680-4929	88.99173050603937	0.0
887930249	114	2020	35	103	173	2020	35	103.0	173	103.0	11680-5100	157.11893644898578	0.0
887930250	112	2020	13	41	48	2020	13	41.0	48	41.0	11680-5100	107.57435296062674	0.0
887930251	113	2020	13	41	24	2020	13	41.0	24	41.0	11680-5100	114.72231806301897	0.0
887930252	116	2020	19	58	60	2020	19	58.0	60	58.0	11680-5100	87.51748154362518	0.0
887930253	117	2020	12	38	44	2020	12	38.0	44	38.0	11680-5100	67.30734283709035	0.0
887930254	115	2020	35	103	173	2020	35	103.0	173	103.0	11680-5100	173.12284936411962	0.0
887930255	121	2020	10	30	31	2020	10	30.0	31	30.0	11680-5100	65.69301373114631	0.0
887930256	127	2020	21	64	74	2020	21	64.0	74	64.0	11680-5100	131.2787963457883	0.0
887930258	128	2020	16	50	56	2020	16	50.0	56	50.0	11680-5100	181.2482821494336	0.0
887930259	123	2020	15	47	38	2020	15	47.0	38	47.0	11680-5100	252.74502803992812	0.0
887930260	130		19	58	64		19	58.0	64	58.0	11680-5100	208.4881995822233	0.0
887930261	129		22	67	84		22	67.0	84	67.0	11680-5100	150.03882634849296	0.0
887930262	126	2020	25	76	96	2020	25	76.0	96	76.0	11680-5100	87.7233738569909	0.0
887930273	125	2020	7	24	24	2020	7	24.0	24	24.0	11680-5100	195.62360343399462	0.0
888051951	101	2001	24	66	96	2001	24	66.0	96	66.0	11680-331	92.47194926032694	0.0
888051952	106	2001	24	66	96	2001	24	66.0	96	66.0	11680-331	81.60290340606801	0.0
888051953	104	2001	24	66	96	2001	24	66.0	96	66.0	11680-331	83.4998126151008	0.0
888051954	109	2001	24	66	96	2001	24	66.0	96	66.0	11680-331	56.40419325244689	0.0
888051955	102	2001	20	56	40	2001	20	56.0	40	56.0	11680-331	54.17298285486436	0.0
888051956	105	2001	24	67	48	2001	24	67.0	48	67.0	11680-331	84.05058148776732	0.0
888051957	110	2001	24	67	48	2001	24	67.0	48	67.0	11680-331	98.87220145323545	0.0
888051958	107	2001	24	67	48	2001	24	67.0	48	67.0	11680-331	62.21708383424536	0.0
888051959	103	2001	20	56	76	2001	20	56.0	76	56.0	11680-331	32.97744711668704	0.0
888051960	108	2001	23	62	88	2001	23	62.0	88	62.0	11680-331	44.687252182696355	0.0
888051962	A동	1999	46	163	245	1999	46	163.0	245	163.0	11680-323	2.41021060974098	0.0
888051964	B동	1999	46	163	245	1999	46	163.0	245	163.0	11680-323	52.48955094341929	0.0
888051965	아카데미스위트	2004	51	170	414	2004	51	170.0	414	170.0	11680-566	0.9677661478667592	0.0
888051967	우성리빙텔아파트	1996	21	72	39	1996	21	72.0	39	72.0	11680-435	1.3146268583507972	0.0
895482735	그랜빌캐슬아파트										11680-705	1.8612511339848947	0.0
895482736	2	1994	5		20	1994	5		20	14.0	11680-355	53.57723178933611	0.0
895482737	1	1994	12		48	1994	12		48	33.599999999999994	11680-355	77.2910928497764	0.0
895482738	3	1994	12		93	1994	12		93	33.599999999999994	11680-330	66.04888561227874	0.0
895482739	5	1994	11		93	1994	11		93	30.799999999999997	11680-330	5.259471803775226	0.0
895856595	신영체르니아파트	2002	9	26	175	2002	9	26.0	175	26.0			
895875127	새티스												
896105495	대청타워	1997	26	89	835	1997	26	89.0	835	89.0	11680-306	127.77374114096526	-1.0
896105514	108	1992	15		60	1992	15		60	42.0	11680-305	236.92973169332743	0.0
896105515	101	1992	15		270	1992	15		270	42.0	11680-305	226.18924206498556	0.0
896105516	107	1992	15		60	1992	15		60	42.0	11680-305	185.04659433396606	0.0
896105517	106	1992	15		60	1992	15		60	42.0	11680-305	192.2990497887246	0.0
896105518	105	1992	15		60	1992	15		60	42.0	11680-305	240.3415157335628	0.0
896105519	102	1992	15		270	1992	15		270	42.0	11680-305	205.12011297367462	0.0
896105520	103	1992	15		270	1992	15		270	42.0	11680-305	232.58701808330443	0.0
896105521	104				180				180		11680-305	299.8201024679269	0.0
896105522	109	1992	15		180	1992	15		180	42.0	11680-305	184.20240825294866	0.0
896105523	112	1992	15		150	1992	15		150	42.0	11680-305	141.13793869253246	0.0
896105524	121	1992	15		120	1992	15		120	42.0	11680-305	168.89513063635417	0.0
896105525	119	1992	15		120	1992	15		120	42.0	11680-305	107.32911237465724	0.0
896105526	118	1992	15		120	1992	15		120	42.0	11680-305	85.04435744287778	0.0
896105527	117	1992	15		60	1992	15		60	42.0	11680-305	52.58778496862825	0.0
896105528	120	1992	15		120	1992	15		120	42.0	11680-305	115.09534461233399	0.0
896105529	114	1992	15		150	1992	15		150	42.0	11680-305	55.81241218868845	0.0
896105530	113	1992	15		168	1992	15		168	42.0	11680-305	102.56051487640295	0.0
896105531	111	1992	15		168	1992	15		168	42.0	11680-305	103.00484665337818	0.0
896105532	110	1992	15		168	1992	15		168	42.0	11680-305	126.04528593512943	0.0
896105533	115	1992	15		60	1992	15		60	42.0	11680-305	71.7773716767221	0.0
896105534	116	1992	15		120	1992	15		120	42.0	11680-305	1.7264509354918833	0.0
896105602	5	1986	5		20	1986	5		20	14.0	11680-302	1.995366957344292	0.0
896105603	3	1986	5		20	1986	5		20	14.0	11680-302	28.864946018889086	0.0
896105604	2	1986	5		20	1986	5		20	14.0	11680-302	55.361711477785434	0.0
896105605	1	1986	5		20	1986	5		20	14.0	11680-302	80.83905831151324	0.0
897178269		1997	19	59	158	1997	19	59.0	158	59.0	11680-32	0.005284875752499658	0.0
897178273	104동	2021	35	105	102	2021	35	105.0	102	105.0	11680-5004	128.77358298705275	1.0
897178274	101동	2021	29	88	55	2021	29	88.0	55	88.0	11680-5004	155.26613846365234	4.0
897178279	102동	2021	30	91	58	2021	30	91.0	58	91.0	11680-5004	75.26196082117312	0.0
897178280	103동	2021	35	105	133	2021	35	105.0	133	105.0	11680-5004	49.82729373182354	0.0
897178281											11680-5004	142.7029551494509	0.0
897178283	106동	2021	31	94	115	2021	31	94.0	115	94.0	11680-5004	98.8250084102459	0.0
897178284		1992	15		128	1992	15		128	42.0	11680-3667	113.15012503099939	-1.0
897178289		1992	19	52	108	1992	19	52.0	108	52.0	11680-4292	0.014062573406101777	0.0
897178290		2010	22	86	19	2010	22	86.0	19	86.0	11680-3899	29.526071584097966	0.0
897178291		2010	22	80	19	2010	22	80.0	19	80.0	11680-3899	0.0008945672068659346	0.0
897178293		1991	15		195	1991	15		195	42.0	11680-4291	115.9068925780344	1.0
899351917	101	1987	5		30	1987	5		30	14.0	11680-311	176.10510657077813	0.0
899351918	102	1987	5		30	1987	5		30	14.0	11680-306	144.30007443757614	0.0
899351919	103	1987	5		30	1987	5		30	14.0	11680-306	77.51730325944952	0.0
899351920	104	1987	5		30	1987	5		30	14.0	11680-306	5.439717900702513	0.0
899351921	105	1987	5		30	1987	5		30	14.0	11680-311	146.79913728604885	0.0
899351922	106	1987	5		30	1987	5		30	14.0	11680-306	144.0855715816152	0.0
899351923	107	1987	5		30	1987	5		30	14.0	11680-306	78.13479318848954	0.0
899351924	108	1987	5		30	1987	5		30	14.0	11680-306	31.48921214540468	0.0
899351925	109	1987	5		30	1987	5		30	14.0	11680-311	152.88424626134207	0.0
899351926	110	1987	14		84	1987	14		84	39.199999999999996	11680-306	111.27350863471902	0.0
899351927	111	1987	14		84	1987	14		84	39.199999999999996	11680-306	85.32220668861063	0.0
899351932	112	1987	14		112	1987	14		112	39.199999999999996	11680-311	64.26242455489933	0.0
899351933	113	1987	14		84	1987	14		84	39.199999999999996	11680-311	123.84129259759109	0.0
899351934	114		14		84		14		84	39.199999999999996	11680-310	82.8082930245778	0.0
899351935	115	1987	14		84	1987	14		84	39.199999999999996	11680-306	135.7003451857845	1.0
899351936	현대4차아파트	1987	13		142	1987	13		142	36.4	11680-311	35.08981496144274	0.0
899351938	104	1984	14		130	1984	14		130	39.199999999999996	11680-310	1.1766925253070988	0.0
899351939	101	1984	14		78	1984	14		78	39.199999999999996	11680-310	86.70377214804718	0.0
899351940	102	1984	14		78	1984	14		78	39.199999999999996	11680-310	102.3294755072385	1.0
899351941	103	1984	14		78	1984	14		78	39.199999999999996	11680-310	61.861606213761796	0.0
899352198	110	2018	10	30	36	2018	10	30.0	36	30.0	11680-4780	81.0315309410387	0.0
899352199	111	2018	10	30	56	2018	10	30.0	56	30.0	11680-4780	111.01137929746213	0.0
899352200	112	2018	23	69	86	2018	23	69.0	86	69.0	11680-4780	129.65031064648227	0.0
899359885	305	1992	15		119	1992	15		119	42.0	11680-279	128.09335830412823	0.0
899359886	306	1992	15		119	1992	15		119	42.0	11680-279	109.04851598949503	0.0
899359887	301	1992	15		161	1992	15		161	42.0	11680-279	66.34833409852826	0.0
899359888	304	1992	15		131	1992	15		131	42.0	11680-279	52.932086480064186	0.0
899359889	303	1992	15		131	1992	15		131	42.0	11680-279	83.92079010753415	0.0
899359890	302	1992	15		161	1992	15		161	42.0	11680-279	8.615748253294953	0.0
899359891	101	2004	22	67	63	2004	22	67.0	63	67.0	11680-505	15.695678042513713	0.0
899359892	102	2004	22	67	65	2004	22	67.0	65	67.0	11680-505	79.09454861763301	0.0
899359893	104	2004	22	67	43	2004	22	67.0	43	67.0	11680-505	51.8647906872155	0.0
899359894	103	2004	21	64	41	2004	21	64.0	41	64.0	11680-505	92.07935296594958	1.0
899359895	102	1991	15		119	1991	15		119	42.0	11680-4988	235.49699470702095	-1.0
899359896	105	1991	15		149	1991	15		149	42.0	11680-4988	187.91065077434996	-1.0
899359897	101	1991	15		327	1991	15		327	42.0	11680-4988	269.0698476140671	-1.0
899359898	103	1991	15		262	1991	15		262	42.0	11680-4988	209.85096633171784	-1.0
899359899	107	1991	15		264	1991	15		264	42.0	11680-4988	189.31909260334334	-1.0
899359900	106	1991	15		263	1991	15		263	42.0	11680-4988	162.29212723294356	-1.0
899359901	104	1991	15		116	1991	15		116	42.0	11680-280	292.7118296929106	1.0
899359902	108	1991	15		119	1991	15		119	42.0	11680-4988	234.31552075522427	-1.0
899363509	205	1994	5		20	1994	5		20	14.0	11680-309	166.2862640727777	0.0
899363510	104										11680-303	287.7294157523087	0.0
899363512	111	1993	5		40	1993	5		40	14.0	11680-303	174.60661592991192	0.0
899363513	205	1993	5		40	1993	5		40	14.0	11680-303	71.1295590308936	0.0
899375388	5	1983	15		120	1983	15		120	42.0	11680-373	120.78891939506835	0.0
899375389	6	1983	15		90	1983	15		90	42.0	11680-373	146.25496514749503	0.0
899375390	1	1983	15		120	1983	15		120	42.0	11680-373	1.6840987127574674	0.0
899375391	2	1983	15		120	1983	15		120	42.0	11680-373	70.75689581508807	0.0
899375392	3	1983	15		180	1983	15		180	42.0	11680-373	141.32886096336335	0.0
899375408	105	1993	5		40	1993	5		40	14.0	11680-299	81.56263148666666	0.0
899375409	104	1993	5		40	1993	5		40	14.0	11680-299	97.92480275902544	0.0
899375410	103	1993	5		48	1993	5		48	14.0	11680-299	115.38197432406336	0.0
899375411	102	1993	5		50	1993	5		50	14.0	11680-299	138.368911114055	0.0
899375412	101	1993	5		40	1993	5		40	14.0	11680-299	165.84481337333864	0.0
899375413	108	1993	5		40	1993	5		40	14.0	11680-299	48.90815948593507	0.0
899375414	109	1993	5		20	1993	5		20	14.0	11680-299	64.41571035401822	0.0
899375415	110	1993	5		30	1993	5		30	14.0	11680-299	99.3740482125879	0.0
899375417	111	1993	5		48	1993	5		48	14.0	11680-299	112.1111070984054	0.0
899375418	112	1993	5		50	1993	5		50	14.0	11680-299	135.4406569341159	0.0
899375419	113	1993	5		40	1993	5		40	14.0	11680-299	157.88042882652746	0.0
899375428	선경3차아파트										11680-212	4.616718901055946	0.0
899375429	미도3차맨션		10				10			28.0	11680-212	88.2360358795768	0.0
899375440	1	1983	15		140	1983	15		140	42.0	11680-211	184.0878121008856	1.0
899375441	2	1983	15		84	1983	15		84	42.0	11680-3559	177.67932682794608	0.0
899375442	3	1983	15		111	1983	15		111	42.0	11680-211	184.5778058925475	0.0
899375443	4	1983	15		84	1983	15		84	42.0	11680-211	72.5090896051292	0.0
899375444	5	1983	15		84	1983	15		84	42.0	11680-211	7.080996702503693	0.0
899375445	6	1983	15		84	1983	15		84	42.0	11680-211	91.84636588057269	0.0
899375446	7	1983	15		56	1983	15		56	42.0	11680-211	63.20461713048467	0.0
899375447	8	1983	15		90	1983	15		90	42.0	11680-211	133.08639484686725	0.0
899375448	9	1983	15		60	1983	15		60	42.0	11680-211	180.6665298648134	0.0
899375449	11	1983	15		60	1983	15		60	42.0	11680-211	243.3043919816021	0.0
899375450	10	1983	15		90	1983	15		90	42.0	11680-211	200.91581576161357	0.0
899375451	12	1983	15		90	1983	15		90	42.0	11680-211	270.1585827264002	0.0
899375460	101	2017	14	40	53	2017	14	40.0	53	40.0	11680-4637	3.7244984870992353	0.0
899375461	102	2017	20	57	69	2017	20	57.0	69	57.0	11680-4637	50.98974067939396	0.0
899375462	103	2017	17	49	60	2017	17	49.0	60	49.0	11680-4637	103.94945234227289	0.0
899691152	301		8				8			22.4	11680-5083	65.65127858435754	0.0
899691153	302		8				8			22.4	11680-689	105.70208569469852	0.0
899691171	대치삼성2차아파트										11680-689	86.2762950745078	0.0
899909559	B										11680-689	113.70541120664288	0.0
899909560	A										11680-689	100.8480633307923	0.0
900203745	삼환쏘굿	2006	15	52	37	2006	15	52.0	37	52.0	11680-3698	7.937081892905557	0.0
900203750	테라힐스아파트	2010	12	35	19	2010	12	35.0	19	35.0	11680-3760	96.38844342440544	0.0
900203760	1	1984	14		84	1984	14		84	39.199999999999996	11680-214	130.7280935902137	0.0
900203761	2	1984	14		84	1984	14		84	39.199999999999996	11680-217	123.83101523150789	0.0
900203763	3	1984	14		84	1984	14		84	39.199999999999996	11680-217	64.52353540146733	0.0
900203764	7	1984	14		84	1984	14		84	39.199999999999996	11680-214	84.31237828506495	0.0
900203765	5	1984	14		84	1984	14		84	39.199999999999996	11680-217	3.325835495956301	0.0
900203766	6	1984	14		56	1984	14		56	39.199999999999996	11680-217	67.99161967277898	0.0
900895123	삼성쉐르빌2	2002	21	70	365	2002	21	70.0	365	70.0	11680-3722	259.82941662325254	-1.0
902159272	101동	1994	21	58	246	1994	21	58.0	246	58.0			
902159273	101동	1995	13	37	47	1995	13	37.0	47	37.0			
903684723	19동	1988	15		60	1988	15		60	42.0			
903684724	11동	1988	15		60	1988	15		60	42.0			
903684725	9동	1988	15		120	1988	15		120	42.0			
903684726	6동	1988	15		105	1988	15		105	42.0			
903684727	2동	1988	15		151	1988	15		151	42.0			
903986659	세영팔레스아파트	2002	13	36	67	2002	13	36.0	67	36.0	11680-213	3.081052135265086	0.0
903986661	101	2008	11	30	49	2008	11	30.0	49	30.0	11680-3780	0.9660412698862519	0.0
903986662	102										11680-3780	42.541376770504215	0.0
903986672	대치효성아파트	1999	17	45	83	1999	17	45.0	83	45.0	11680-207	3.0025200148325544	0.0
903986678	한양팰리스아파트										11680-447	4.569216361318604	0.0
906267359	102동	2021	35	110	199	2021	35	110.0	199	110.0			
906267360	101동	2021	35	110	134	2021	35	110.0	134	110.0			
906267361	109동	2021	35	109	102	2021	35	109.0	102	109.0			
906267363	108동	2021	35	110	169	2021	35	110.0	169	110.0			
906267364	106동	2021	34	107	131	2021	34	107.0	131	107.0			
906267365	105동	2021	35	110	198	2021	35	110.0	198	110.0			
906267366	103동	2021	35	110	201	2021	35	110.0	201	110.0			
906267367	104동	2021	35	110	192	2021	35	110.0	192	110.0			
906267368	107동	2021	32	101	120	2021	32	101.0	120	101.0			
922445037		2014	9	28	61	2014	9	28.0	61	28.0	11680-4297	5.747771933487233	0.0
922445038		2014	9	28	36	2014	9	28.0	36	28.0	11680-4297	68.27861959557761	0.0
922445039		2014	12	37	56	2014	12	37.0	56	37.0	11680-4297	58.783604633534765	0.0
922445040		2014	12	37	56	2014	12	37.0	56	37.0	11680-4297	110.88250142189273	0.0
922445041		2014	11	34	52	2014	11	34.0	52	34.0	11680-4297	164.06602105596693	0.0
922445042		2014	12	37	64	2014	12	37.0	64	37.0	11680-4298	169.6599472965755	0.0
922445043		2014	11	34	64	2014	11	34.0	64	34.0	11680-4298	164.57584594705912	0.0
922445044		2014	11	34	44	2014	11	34.0	44	34.0	11680-4297	137.38829382413985	0.0
922445046		2014	11	34	41	2014	11	34.0	41	34.0	11680-4297	162.6251365649451	0.0
923250037		2014	10	31	48	2014	10	31.0	48	31.0	11680-4297	183.03575645660004	0.0
923250038		2014	11	34	95	2014	11	34.0	95	34.0	11680-4298	201.1448060724522	0.0
923250039		2014	11	34	283	2014	11	34.0	283	34.0			
923250040		2014	11	34	40	2014	11	34.0	40	34.0	11680-4298	284.91730892349733	0.0
923250041		2014	10	31	86	2014	10	31.0	86	31.0	11680-4298	223.5111764022004	0.0
923250042		2014	11	34	44	2014	11	34.0	44	34.0	11680-4298	247.2490532386974	0.0
923250046		2014	10	31	56	2014	10	31.0	56	31.0	11680-4298	73.21472673952586	0.0
923250047		2014	10	31	56	2014	10	31.0	56	31.0	11680-4298	10.226077032560326	0.0
923250048		2014	10	31	54	2014	10	31.0	54	31.0	11680-4298	54.32331210728667	0.0
923250049		2014	10	31	48	2014	10	31.0	48	31.0	11680-4298	132.341819260543	0.0
923250050		2014	10	31	48	2014	10	31.0	48	31.0	11680-4298	198.03356780028443	0.0
925265419		2003	10	40	150	2003	10	40.0	150	40.0	11680-459	171.10142447578292	0.0
925265458		1983	13		104	1983	13		104	36.4	11680-332	5.765358432718619	0.0
925265459		1983	13		143	1983	13		143	36.4	11680-332	100.36826274909981	0.0
925265465	103	2007	8	26	30	2007	8	26.0	30	26.0	11680-3741	12.062496034430938	0.0
925265466	104	2007	9	28	26	2007	9	28.0	26	28.0	11680-3741	45.32088109337893	0.0
925265467	105	2007	8	25	16	2007	8	25.0	16	25.0	11680-3741	95.64781630563633	0.0
925265468	1	1994	5		35	1994	5		35	14.0	11680-351	106.26485826811333	0.0
925265475	2	1986	15		210	1986	15		210	42.0	11680-339	112.09806059163398	0.0
925265476	1	1986	15		180	1986	15		180	42.0	11680-339	1.692266556915074	0.0
925265477		2006	13	38	36	2006	13	38.0	36	38.0	11680-3600	55.661111479533055	0.0
925265478		2006	12	36	22	2006	12	36.0	22	36.0	11680-3600	94.74259640585008	0.0
925265480		1978	12	34	84	1978	12	34.0	84	34.0	11680-3962	94.04062328342634	1.0
925265481		1978	12	34	84	1978	12	34.0	84	34.0	11680-3962	43.847308329387346	0.0
925265482		1978	12	34	84	1978	12	34.0	84	34.0	11680-3962	4.252903350178517	0.0
925265483		1978	12	34	108	1978	12	34.0	108	34.0	11680-3962	52.350890033900484	0.0
925265484		1979	13	37	24	1979	13	37.0	24	37.0	11680-3962	96.01283451026723	1.0
925265498	중명하니빌아파트	1997	9	25	111	1997	9	25.0	111	25.0	11680-344	2.3014400975877285	0.0
925265508											11680-471	157.60366031819936	0.0
925265509	도곡푸르지오	2006	14	50	13	2006	14	50.0	13	50.0	11680-560	154.05838289257673	0.0
925265512		2004	15	50	155	2004	15	50.0	155	50.0	11680-560	0.09205530112388838	0.0
925265519		2007	20	71	96	2007	20	71.0	96	71.0	11680-3731	1.3467769525799187	0.0
933325899	A동	2006	29	90	102	2006	29	90.0	102	90.0			
933325900	B동	2006	29	90	102	2006	29	90.0	102	90.0			
935013447		2017	18	63	464	2017	18	63.0	464	63.0			
935013450													
935013451													
935208897		2003	17	57	315	2003	17	57.0	315	57.0	11680-318	206.4295692422941	-1.0
935208898		2003	17	57	315	2003	17	57.0	315	57.0	11680-318	192.04041700292788	-1.0
938748231		1999	19	59	153	1999	19	59.0	153	59.0			
938748240													
938748242		2005	12	33	56	2005	12	33.0	56	33.0			
938748247	B동	2003	37	130		2003	37	130.0		130.0			
938748248	A동	2003	46	151		2003	46	151.0		151.0			
938748249	C동	2003	24	86		2003	24	86.0		86.0			
938748250	D동	2003	22	79		2003	22	79.0		79.0			
939568513	월드메르디앙 오페라하우스	2004	12	33	47	2004	12	33.0	47	33.0			
939568520	101	2001	15	40	86	2001	15	40.0	86	40.0			
939568521		2005	15	40	55	2005	15	40.0	55	40.0			
939568522	102	2001	15	40	108	2001	15	40.0	108	40.0			
939568526		2006	15	42	86	2006	15	42.0	86	42.0			
939568529		2005	15	46	30	2005	15	46.0	30	46.0			
939568530		2005	15	46	30	2005	15	46.0	30	46.0			
939568544		2004	22	93	610	2004	22	93.0	610	93.0			
939568547		2004	15	50	156	2004	15	50.0	156	50.0			
939568548		1991	16		110	1991	16		110	44.8			
939568549		2003	24	68	426	2003	24	68.0	426	68.0			
939568554		2020	33	100	160	2020	33	100.0	160	100.0			
939568555		2020	33	100	158	2020	33	100.0	158	100.0			
939568562		2000	9	28	54	2000	9	28.0	54	28.0			
967550722	7동										11680-485	164.15084195903205	0.0
967550723	6동										11680-9	186.6244024264431	0.0
967550724	1동										11680-485	223.76663714496303	0.0
967550725	3동										11680-485	163.43804246393856	0.0
967550726	8동										11680-485	130.40551819131738	0.0
967550727	5동										11680-485	197.423257422183	0.0
967550728	9동										11680-485	171.02021599269546	0.0
967550729	10동										11680-485	132.5889084080187	0.0
967846322	1동	2008	12	34	63	2008	12	34.0	63	34.0	11680-15	139.76207167820118	-1.0
967846344	진흥아마란스아파트										11680-485	7.6860373435422	0.0
967846352		2004	14	37	27	2004	14	37.0	27	37.0	11680-549	252.8111855606643	1.0
967848649		2021	19	72	63	2021	19	72.0	63	72.0	11680-189	59.17460580911243	-1.0
968465535		2014	9	28	51	2014	9	28.0	51	28.0			
972154282	301	1999	20	54	77	1999	20	54.0	77	54.0			
972154283	302	1999	19	51	43	1999	19	51.0	43	51.0			
972154284	303	1999	12	32	84	1999	12	32.0	84	32.0			
972154285	304	1999	6	16	30	1999	6	16.0	30	16.0			
972154286	307	1999	16	43	176	1999	16	43.0	176	43.0			
972154287	306	1999	16	43	77	1999	16	43.0	77	43.0			
972154288	305	1999	9	24	70	1999	9	24.0	70	24.0			
975339867	102동	1999	18	48	105	1999	18	48.0	105	48.0	11680-33	11.509249641148976	0.0
975339868	101동	1999	18	48	112	1999	18	48.0	112	48.0	11680-73	76.28699506221884	0.0
976267549											11680-3578	214.17826672236794	0.0
976267595	논현 로얄팰리스	2005	15	61	39	2005	15	61.0	39	61.0	11680-3176	200.4897858195155	2.0
976267598		1997	22	76	42	1997	22	76.0	42	76.0	11680-105	193.80841647714055	2.0
976267600		2000	10	33	18	2000	10	33.0	18	33.0	11680-4911	133.09673736691366	-1.0
976267601		1997	9	28	16	1997	9	28.0	16	28.0	11680-105	159.50857546539947	2.0
976267607		2021	20	66	72	2021	20	66.0	72	66.0	11680-4958	2.3684123557993515	0.0
976267609		2021	19	63	34	2021	19	63.0	34	63.0	11680-4957	14.205619316565775	0.0
976583554	한라아파트 101동	1996	22	61	237	1996	22	61.0	237	61.0			
979503318		2005	15	50	50	2005	15	50.0	50	50.0			
979503319		2005	15	50	45	2005	15	50.0	45	50.0			
979503357	102	1992	11	31	99	1992	11	31.0	99	31.0	11680-322	52.03647263396364	0.0
979503358	101	1992	14	37	98	1992	14	37.0	98	37.0	11680-322	51.62695043858131	0.0
979503359		1988	15		86	1988	15		86	42.0	11680-350	2.5547293185833193	0.0
979503360		1988	15		90	1988	15		90	42.0	11680-350	54.92631657010315	0.0
979503361		1988	15		90	1988	15		90	42.0	11680-350	77.3501094458541	0.0
979503362		1988	15		90	1988	15		90	42.0	11680-350	123.08008916331407	0.0
979503363		1988	15		65	1988	15		65	42.0	11680-350	168.14298431037454	2.0
984670780		2003	11	35	18	2003	11	35.0	18	35.0	11680-449	5.08269009490034	0.0
984670781		2024	12	45	78	2024	12	45.0	78	45.0	11680-449	37.365431508911946	-1.0
990211061	101동	1998	23	67	200	1998	23	67.0	200	67.0			
991708309		1997	11	37	19	1997	11	37.0	19	37.0	11680-368	172.86045640546652	2.0
991708310		1997	14	52	13	1997	14	52.0	13	52.0	11680-368	137.67379303558297	1.0
991708328		1992	11		19	1992	11		19	30.799999999999997	11680-368	81.39892840118178	-1.0
991708329		1992	11		18	1992	11		18	30.799999999999997	11680-30	69.48850840402751	-1.0
991708330	시티빌라트	1996	13	37	19	1996	13	37.0	19	37.0	11680-30	31.511016865557234	0.0
991708331		1994	19	52	138	1994	19	52.0	138	52.0	11680-65	23.142441355874066	0.0
991708332		1994	19	52	102	1994	19	52.0	102	52.0	11680-65	33.625172433739195	0.0
991708334	PH129	2020	20	73	29	2020	20	73.0	29	73.0	11680-4909	1.305928463007463	0.0
993724755	709동	2014	15	43	90	2014	15	43.0	90	43.0	11680-4332	7.186663274156361	0.0
993724756	708동	2014	15	43	90	2014	15	43.0	90	43.0	11680-4332	61.247207230785065	0.0
993724757		2014	15	43	75	2014	15	43.0	75	43.0	11680-4332	123.21839381687101	0.0
993724758	707동	2014	15	43	87	2014	15	43.0	87	43.0	11680-4332	185.57586408067942	0.0
993724759	706동	2014	15	43	76	2014	15	43.0	76	43.0	11680-4332	240.23548864062832	0.0
993724760	705동	2014	15	43	46	2014	15	43.0	46	43.0	11680-4332	166.55113413557532	0.0
993724761	704동	2014	15	43	76	2014	15	43.0	76	43.0	11680-4332	132.62228304075086	0.0
993724762	703동	2014	15	43	76	2014	15	43.0	76	43.0	11680-4332	128.3934353057128	0.0
993724763	701동	2014	15	43	60	2014	15	43.0	60	43.0	11680-4332	99.85023680948747	0.0
993724764	702동	2014	12	34	40	2014	12	34.0	40	34.0	11680-4332	161.5017553998024	0.0
993724766	407동	2014	15	43	58	2014	15	43.0	58	43.0	11680-4341	86.20579612675265	0.0
993724767	411동	2014	11	32	19	2014	11	32.0	19	32.0	11680-4341	75.10214271090594	0.0
993724768	410동	2014	15	43	60	2014	15	43.0	60	43.0	11680-4341	104.96523415779771	0.0
993724769	405동	2014	8	24	12	2014	8	24.0	12	24.0	11680-4341	39.72354125008087	0.0
993724770	402동	2014	8	24	13	2014	8	24.0	13	24.0	11680-4341	23.836122400037244	0.0
993724771	406동	2014	14	40	52	2014	14	40.0	52	40.0	11680-4341	71.99420541005254	0.0
993724772	401동	2014	8	24	13	2014	8	24.0	13	24.0	11680-4341	6.2804674979532225	0.0
993724773	409동	2014	15	43	58	2014	15	43.0	58	43.0	11680-4341	116.15057225093216	0.0
993724774	413동	2014	8	24	13	2014	8	24.0	13	24.0	11680-4341	43.69907291795071	0.0
993724775	403동	2014	8	24	13	2014	8	24.0	13	24.0	11680-4341	40.62790255405875	0.0
993724776	408동	2014	15	43	59	2014	15	43.0	59	43.0	11680-4341	117.34389205758194	0.0
993724777	412동	2014	11	32	19	2014	11	32.0	19	32.0	11680-4341	62.46703831917817	0.0
993724778	404동	2014	8	24	13	2014	8	24.0	13	24.0	11680-4341	43.12756004653829	0.0
995319658	611동		6	19	21		6	19.0	21	19.0	11680-4398	114.29989290739509	0.0
995319659	612동	2015	5	16	18	2015	5	16.0	18	16.0	11680-4398	99.67791337215834	0.0
995319660	610동	2015	7	22	24	2015	7	22.0	24	22.0	11680-4398	72.79229271527906	0.0
995319661	603동	2015	9	28	18	2015	9	28.0	18	28.0	11680-4398	82.89502873143321	0.0
995319662	606동	2015	10	31	26	2015	10	31.0	26	31.0	11680-4398	141.69048622467292	0.0
995319663	605동	2015	9	28	40	2015	9	28.0	40	28.0	11680-4398	154.10935243194538	0.0
995319664	609동	2015	10	31	40	2015	10	31.0	40	31.0	11680-4398	39.68172582655252	0.0
995319665	608동	2015	10	31	39	2015	10	31.0	39	31.0	11680-4398	60.11230867117685	0.0
995319666	607동	2015	10	31	40	2015	10	31.0	40	31.0	11680-4398	92.95105297429626	0.0
995319667	604동	2015	9	28	36	2015	9	28.0	36	28.0	11680-4398	114.68549552764978	0.0
995319668	601동	2015	8	25	32	2015	8	25.0	32	25.0	11680-4398	1.9786559462220341	0.0
995319669	602동	2015	8	25	44	2015	8	25.0	44	25.0	11680-4398	37.97720427569534	0.0
996861868	308	1999	17	45	182	1999	17	45.0	182	45.0			
999895303	104	1999	24	66	92	1999	24	66.0	92	66.0	11680-78	66.33488166008344	1.0
999895305	102	1999	10	27	60	1999	10	27.0	60	27.0	11680-78	38.42943540149531	0.0
999895306	103	1999	16	43	64	1999	16	43.0	64	43.0	11680-78	3.7326875279196843	0.0
999895307	101	1999	17	45	101	1999	17	45.0	101	45.0	11680-78	46.72171840017266	0.0
999895322			17				17			47.599999999999994	11680-78	116.89739795497347	0.0
999895323			17				17			47.599999999999994	11680-78	96.19947696538564	0.0
999895324			17				17			47.599999999999994	11680-574	91.3874407878577	0.0
999895326			7				7			19.599999999999998	11680-574	57.217821153575365	0.0
999895350											11680-576	35.07640104513528	0.0
999895351											11680-576	4.17496810503967	0.0
999895352											11680-576	20.334566705579647	0.0
999895353											11680-574	2.9161845804278617	0.0
999895354											11680-574	31.455004308919243	0.0
999895355											11680-574	37.79149817470538	0.0
999895356											11680-574	54.769479908868654	0.0
999895357											11680-574	45.41165428080104	0.0
999895358											11680-574	19.939024729329773	0.0
999895360											11680-4284	38.34328329992699	0.0
999895378											11680-368	3.7920933205111527	0.0
999895379											11680-61	28.324900871834405	0.0
1006322720											11680-1364	43.75214768766021	0.0
1006322721											11680-674	140.3496593307409	0.0
1019268187		2005	15	58	46	2005	15	58.0	46	58.0	11680-3731	145.60953985716338	0.0
1019268198		2006	20	67	68	2006	20	67.0	68	67.0	11680-3731	105.66797656989215	0.0
1029253729	수서벤쳐빌오피스텔	2002	20	79	521	2002	20	79.0	521	79.0	11680-317	209.11096306644077	-1.0
1031886529	서초헤센스마트		8				8			22.4			
1040125506		2000	19	53	154	2000	19	53.0	154	53.0			
1040125507		2000	12	34	48	2000	12	34.0	48	34.0			
1043288056	현대임페리움아파트												
1043288104		1999	15	49	203	1999	15	49.0	203	49.0			
1043288108		2003	15	42	58	2003	15	42.0	58	42.0			
1043288110	A	2002	12	34	19	2002	12	34.0	19	34.0			
1043288111	B	2002	12	34	18	2002	12	34.0	18	34.0			
1043288114		2002	11	32	19	2002	11	32.0	19	32.0			
1043288117		1995	11	33	42	1995	11	33.0	42	33.0			
1044253257		1999	15	43	14	1999	15	43.0	14	43.0			
1046181851		2016	20	63	471	2016	20	63.0	471	63.0	11680-3683	185.08895872213506	-1.0
1046181852		2006	15	53	288	2006	15	53.0	288	53.0	11680-3683	168.01286407679575	0.0
1046181853		2013	16	53	276	2013	16	53.0	276	53.0	11680-3683	176.79809482635858	-1.0
1046181854		2014	20	63	137	2014	20	63.0	137	63.0	11680-3683	169.10596922306584	-1.0
1046181856		2002	18	52	122	2002	18	52.0	122	52.0	11680-3683	192.74412845635655	-1.0
1046181859		2007	14	46	77	2007	14	46.0	77	46.0	11680-3683	200.22686345106112	0.0
1046902318	서초중흥S클래스												
1050955245	A동	2005	25	85	137	2005	25	85.0	137	85.0			
1050955263		1993	20	64	141	1993	20	64.0	141	64.0			
1051322848	우리빌라												
1051322849	한강빌라												
1051322850													
1056882862		1989	13		64	1989	13		64	36.4			
1058440986											11680-467	61.15293698108816	0.0
1058440987											11680-467	64.75411654629544	0.0
1058440988											11680-467	33.361557758860336	0.0
1058440992											11680-467	70.34854366359535	0.0
1058440993											11680-467	50.34377800843685	0.0
1065771482		2018	15		108	2018	15		108	42.0	11680-104	97.92702986025121	-1.0
1065771483		2022	15	60	297	2022	15	60.0	297	60.0	11680-104	71.93271214642469	-1.0
1067083841	101동	1990	15		180	1990	15		180	42.0			
1067083842	103동	1990	15		60	1990	15		60	42.0			
1067083843	102동	1990	15		97	1990	15		97	42.0			
1067083853	잠실포스코더샵아파트	2004	17	54	86	2004	17	54.0	86	54.0			
1067083854		2018	10	36	24	2018	10	36.0	24	36.0			
1076781783	510	2011	11	36	22	2011	11	36.0	22	36.0	11680-4003	125.31992434125044	0.0
1076781784	509	2011	11	35	44	2011	11	35.0	44	35.0	11680-4003	104.8446609676111	0.0
1076781785	502	2011	11	36	41	2011	11	36.0	41	36.0	11680-4003	55.8016732316698	0.0
1076781786	512	2011	12	36	44	2011	12	36.0	44	36.0	11680-4003	112.72957863941438	0.0
1076781787	501	2011	11	33	41	2011	11	33.0	41	33.0	11680-4003	0.6372780648968529	0.0
1076781788	503	2011	11	36	38	2011	11	36.0	38	36.0	11680-4003	121.53128525435214	0.0
1076781789	504	2011	10	30	38	2011	10	30.0	38	30.0	11680-4003	170.77553995949955	0.0
1076781790	508	2011	10	30	38	2011	10	30.0	38	30.0	11680-4003	161.15559659608516	0.0
1076781792	513	2011	10	33	18	2011	10	33.0	18	33.0	11680-4003	132.46740032646127	0.0
1076781795	507	2011	11	36	38	2011	11	36.0	38	36.0	11680-4003	104.05154015966097	0.0
1076781796	506	2011	11	36	22	2011	11	36.0	22	36.0	11680-4003	60.84451566751257	0.0
1077029741	505	2011	12	36	44	2011	12	36.0	44	36.0	11680-4003	48.495180212347584	0.0
1077382412	102	2002	6	16	24	2002	6	16.0	24	16.0	11680-228	45.70489417949075	0.0
1077382413	101	2002	22	59	86	2002	22	59.0	86	59.0	11680-228	38.74323887786378	0.0
1077382414	103	2002	16	43	32	2002	16	43.0	32	43.0	11680-228	4.628950941300425	0.0
1077632498	102	2004	16	44	50	2004	16	44.0	50	44.0	11680-474	53.67830200175792	1.0
1077632499	101	2004	16	44	52	2004	16	44.0	52	44.0	11680-474	63.12747634336299	0.0
1077632504	102	2006	9	26	27	2006	9	26.0	27	26.0	11680-3665	37.174028005851426	0.0
1077632505	101	2006	9	26	18	2006	9	26.0	18	26.0	11680-3665	0.8510864517648618	0.0
1077632506	삼성동대성유니드아파트	2004	9	26	59	2004	9	26.0	59	26.0	11680-519	2.473697996153879	0.0
1077632507	103	2003	10	26	18	2003	10	26.0	18	26.0	11680-410	30.542759274930866	0.0
1077632508	102	2003	15	39	83	2003	15	39.0	83	39.0	11680-410	44.27385638428037	0.0
1077632509	101	2003	15	39	83	2003	15	39.0	83	39.0	11680-411	0.26177366976180766	0.0
1077632511	역삼르비앙아파트										11680-410	0.6408752397053836	0.0
1077632512	역삼월드메르디앙아파트	2005	12	35	93	2005	12	35.0	93	35.0	11680-3570	24.596681809553083	0.0
1077632513	명인갤러리2차아파트										11680-269	51.69953348105584	0.0
1077632514	역삼트레벨아파트										11680-274	2.053818887221631	0.0
1077632515	102	2003	7	20	14	2003	7	20.0	14	20.0	11680-3600	30.580123309002676	0.0
1077632516	101	2003	11	31	46	2003	11	31.0	46	31.0	11680-399	0.5053669116511725	0.0
1077632518	102	2007	27	76	52	2007	27	76.0	52	76.0	11680-3734	70.6576115891102	0.0
1077632519	101	2007	17	43	59	2007	17	43.0	59	43.0	11680-3734	36.863696902937775	0.0
1077632520	103	2007	18	49	64	2007	18	49.0	64	49.0	11680-3734	85.07279202858678	0.0
1077632521	104	2007	27	76	78	2007	27	76.0	78	76.0	11680-3734	126.5517171902354	0.0
1077632522	105	2007	18	50	58	2007	18	50.0	58	50.0	11680-3734	167.2397148763532	0.0
1078142372	101	1999	16	51	96	1999	16	51.0	96	51.0			
1078142374	101	2001	16	47	41	2001	16	47.0	41	47.0			
1078142375	101	2001	16	47	43	2001	16	47.0	43	47.0			
1078142376	101동	2021	20	60	38	2021	20	60.0	38	60.0			
1078142377	102동	2021	19	57	70	2021	19	57.0	70	57.0			
1078142379	108동	2018	11	32	20	2018	11	32.0	20	32.0			
1078142380	107동	2018	11	32	39	2018	11	32.0	39	32.0			
1078142381		2001	12	37	168	2001	12	37.0	168	37.0			
1078178879	연세빌라	2000	12	37	11	2000	12	37.0	11	37.0	11680-34	149.13216801743437	1.0
1078178880	연세청담파크빌	1999	10	35	18	1999	10	35.0	18	35.0	11680-34	121.25557039828982	0.0
1078183957	144										11680-5268	250.4102726400874	0.0
1078183958	148										11680-5268	295.38205756233634	0.0
1078183959	146										11680-5268	192.2921483885773	0.0
1078183960	147										11680-5268	231.80265369065413	0.0
1078183961	153										11680-5268	285.4603288190092	0.0
1078183962	157										11680-4800	174.79273820339444	0.0
1078183963	155										11680-4800	293.234370162917	0.0
1078183964	154												
1078183965	168										11680-4800	257.3708481317074	0.0
1078183966	170										11680-5268	264.19077391346934	0.0
1078183967	164										11680-4800	248.82789932752894	0.0
1078183968	169										11680-5268	240.43350182348905	0.0
1078183969	167										11680-4800	278.82959807289944	0.0
1078183970	173										11680-5268	142.3798962650871	0.0
1078183973	139		7				7			19.599999999999998	11680-5268	152.9853002281786	0.0
1078183974	138		28				28			78.39999999999999	11680-5268	117.46189788659214	0.0
1078183975	143										11680-5100	222.96190239493885	0.0
1078183976	145										11680-5268	185.41818986470165	0.0
1078183977	140		18				18			50.4	11680-5100	131.54222898486026	0.0
1078183978	142										11680-5100	177.2350813362056	0.0
1078183979	141		19				19			53.199999999999996	11680-5100	186.79431798913743	0.0
1078429991	102동	1995	18	50	126	1995	18	50.0	126	50.0			
1078429993	101	2005	14	44	54	2005	14	44.0	54	44.0			
1078429995	104	2009	23	76	19	2009	23	76.0	19	76.0			
1078429996	103	2009	20	69	37	2009	20	69.0	37	69.0			
1078429997	101	2009	25	82	47	2009	25	82.0	47	82.0			
1078429998	102	2009	25	82	61	2009	25	82.0	61	82.0			
1078430023	105	1994	6		48	1994	6		48	16.799999999999997			
1078430024	103	1994	6		60	1994	6		60	16.799999999999997			
1078430025	101	1994	6		48	1994	6		48	16.799999999999997			
1078430026	106	1994	6		48	1994	6		48	16.799999999999997			
1078430027	104	1994	6		48	1994	6		48	16.799999999999997			
1078430028	102	1994	6		48	1994	6		48	16.799999999999997			
1078430030	101	2002	15	49	60	2002	15	49.0	60	49.0			
1078430031	102	2002	11	38	66	2002	11	38.0	66	38.0			
1078430032	C동	2005	16		60	2005	16		60	44.8			
1078430033	B동	2005	16		60	2005	16		60	44.8			
1078755040	광명아파트												
1078755044	101	2001	12		72	2001	12		72	33.599999999999994			
1078755045	102	2001	12		72	2001	12		72	33.599999999999994			
1078755047	102												
1078755048	101												
1078755051	서림올림피아드아파트												
1078755053	서경아파트												
1078755054	원진아뜨리에아파트												
1078755055	신암밀리안아파트												
1078755058	102	1996	20	58	60	1996	20	58.0	60	58.0			
1078755059	101	1996	21	58	80	1996	21	58.0	80	58.0			
1078755062	갑을아파트	1996	14	40	85	1996	14	40.0	85	40.0			
1078755063	106	1995	18	50	107	1995	18	50.0	107	50.0			
1078755064	107	1995	18	50	72	1995	18	50.0	72	50.0			
1078755065	105	1995	18		108	1995	18		108	50.4			
1078755066	105												
1078788204	롯데골드로즈2	2004	22	73	577	2004	22	73.0	577	73.0	11680-3697	45.27029084616352	0.0
1078788205	더나인오피스텔	2004	15	49	182	2004	15	49.0	182	49.0	11680-3697	49.63773681593835	0.0
1078788208	르메이에르오피스텔	1998	15	47	148	1998	15	47.0	148	47.0	11680-251	104.6761883190084	1.0
1078788209	삼일프라자오피스텔	1992	16		236	1992	16		236	44.8	11680-4863	92.05317812010631	-1.0
1078788221	쌍용아파트	1996	12	35	111	1996	12	35.0	111	35.0	11680-136	27.64157964338164	0.0
1078790200		2004	26	86	371	2004	26	86.0	371	86.0	11680-529	2.403593230482014	0.0
1078802041	강남상가아파트	1974	9		94	1974	9		94	25.2	11680-15	252.73312053621126	-1.0
1079295776		2004	8	21	37	2004	8	21.0	37	21.0	11680-554	32.170570661598404	0.0
1079295777		2004	9	24	44	2004	9	24.0	44	24.0	11680-554	1.2794929843229792	0.0
1079388318		2022	32	87	100	2022	32	87.0	100	87.0	11680-5056	7.261802095957076	0.0
1079388319		2022	35	96	96	2022	35	96.0	96	96.0	11680-5056	103.86207208198344	1.0
1079388320		2022	35	96	96	2022	35	96.0	96	96.0	11680-5056	49.93997410612496	0.0
1079388321		2022	30	82	98	2022	30	82.0	98	82.0	11680-5056	83.37302812277248	0.0
1079388322		2022	32	87	109	2022	32	87.0	109	87.0	11680-5056	134.69788673983956	2.0
1079940832	동부썬빌아파트	1998	17	61	26	1998	17	61.0	26	61.0			
1079940833	송파가락두산위브센티움아파트	2004	13	40	113	2004	13	40.0	113	40.0			
1079940835	105동	2001	16	44	32	2001	16	44.0	32	44.0			
1079940836	103동	2001	18	48	36	2001	18	48.0	36	48.0			
1079940837	102동	2001	23	63	67	2001	23	63.0	67	63.0			
1079940838	104동	2001	23	63	67	2001	23	63.0	67	63.0			
1079940839	101동	2001	21	58	62	2001	21	58.0	62	58.0			
1079940842	송파성원상떼빌아파트	2006	24	72	324	2006	24	72.0	324	72.0			
1079940843	8동	1986	15		233	1986	15		233	42.0			
1079940844	7동	1986	15		177	1986	15		177	42.0			
1079940846	6동	1986	15		60	1986	15		60	42.0			
1079940847	5동	1986	15		90	1986	15		90	42.0			
1079940848	3동	1986	15		60	1986	15		60	42.0			
1079940850	2동	1986	15		60	1986	15		60	42.0			
1079940851	1동	1986	15		159	1986	15		159	42.0			
1079940852	예일아파트	1992	9	32	18	1992	9	32.0	18	32.0			
1079940855	1동	1988	15		60	1988	15		60	42.0			
1079940856	2동	1988	15		60	1988	15		60	42.0			
1080225617	석촌역송파한양아파트												
1080225619	101동	1995	12	33	124	1995	12	33.0	124	33.0			
1080225620	102동	1995	10	28	103	1995	10	28.0	103	28.0			
1080225631	205	1984	12		120	1984	12		120	33.599999999999994			
1080225634	홍익봄마을아파트	2004	12	34	43	2004	12	34.0	43	34.0			
1080225635	송정아파트												
1080225639	송파아파트												
1080225641	한양아파트												
1080225642	삼전동현대아파트	1989	10		120	1989	10		120	28.0			
1080225646	SK뷰아파트	2001	15	41	71	2001	15	41.0	71	41.0			
1080225658	109	2012	28	79	104	2012	28	79.0	104	79.0			
1080225659	104	2012	27	80	102	2012	27	80.0	102	80.0			
1080225660	102	2012	19	55	49	2012	19	55.0	49	55.0			
1080225661	103	2012	28	80	131	2012	28	80.0	131	80.0			
1080225662	101	2012	28	79	130	2012	28	79.0	130	79.0			
1080486982	104	2000	19	51	76	2000	19	51.0	76	51.0			
1080486983	103	2000	19	51	38	2000	19	51.0	38	51.0			
1080486984	102	2000	19	51	37	2000	19	51.0	37	51.0			
1080486985	107	2000	18	48	34	2000	18	48.0	34	48.0			
1080486986	106	2000	16	43	64	2000	16	43.0	64	43.0			
1080486987	105	2000	18	48	68	2000	18	48.0	68	48.0			
1080486988	101	2000	19	51	76	2000	19	51.0	76	51.0			
1080486989	KLC아파트												
1080486990	은성아파트												
1080486991	송파KCC아파트	2003	15	46	106	2003	15	46.0	106	46.0			
1080684559	201동	2005	10	27	42	2005	10	27.0	42	27.0	11680-101	38.34620125103543	0.0
1080684560	101동	2003	12	33	39	2003	12	33.0	39	33.0	11680-101	2.5200169029763213	0.0
1080684561	102동	2003	12	33	24	2003	12	33.0	24	33.0	11680-101	47.32500983489544	0.0
1080696745	401		7				7			19.599999999999998	11680-5235	1.1981660539871823	0.0
1080698996	402		19				19			53.199999999999996	11680-5235	54.06779907445932	0.0
1080699901	404		19				19			53.199999999999996	11680-4850	99.65301620096018	0.0
1080701025	405		15				15			42.0	11680-5235	93.81848553152314	0.0
1080702077	406		19				19			53.199999999999996	11680-4850	89.28686573803449	0.0
1080710845	417		32				32			89.6	11680-5235	267.8198025825292	0.0
1080711321	419		35				35			98.0			
1080711533	420		35				35			98.0			
1080714553	414		20				20			56.0	11680-4850	197.78648448507997	0.0
1080717937	423		14				14			39.199999999999996			
1080719619	403		12				12			33.599999999999994	11680-5235	52.624872929893876	0.0
1080721355	424		26				26			72.8			
1080721358	435		25				25			70.0			
1080725325	425		34				34			95.19999999999999			
1080725326	428		29				29			81.19999999999999			
1080725684	430		25				25			70.0			
1080726818	433		7				7			19.599999999999998	11680-290	287.92576215689377	0.0
1080727769	432		12				12			33.599999999999994			
1080728502	429		26				26			72.8			
1080735786	413		21				21			58.8	11680-4850	200.38363437981278	0.0
1080756834	412		26				26			72.8	11680-4850	287.0040885935821	0.0
1080761386	411		29				29			81.19999999999999	11680-4850	256.1549817095106	0.0
1080763171	410		20				20			56.0	11680-4850	235.0618940750802	0.0
1080773002	408		21				21			58.8	11680-4850	123.19249609741256	0.0
1080793146	415		9				9			25.2	11680-5235	176.35821219695444	0.0
1080794391	434		17				17			47.599999999999994			
1080855205	407		18				18			50.4	11680-5235	144.47690702975177	0.0
1080855206	416		10				10			28.0	11680-5235	209.86000750706157	0.0
1080855207	409		21				21			58.8	11680-4850	175.89201630873546	0.0
1080855208	418		34				34			95.19999999999999	11680-4850	267.8982310212847	0.0
1080859546	421		30				30			84.0			
1080859547	422		26				26			72.8	11680-5235	267.28548053141964	0.0
1080859548	426		34				34			95.19999999999999			
1080859549	427		27				27			75.6			
1080859550	431		25				25			70.0			
1081669137	101	2006	11	30	43	2006	11	30.0	43	30.0			
1081669138	102	2006	10	27	36	2006	10	27.0	36	27.0			
1081669139	103	2006	10	27	35	2006	10	27.0	35	27.0			
1081707264	한화꿈에그린2차아파트										11680-3705	2.5808652672908505	0.0
1081707265	한화꿈에그린1차아파트	2005	11		58	2005	11		58	30.799999999999997	11680-699	1.4735040935420969	0.0
1081707266	거평아파트										11680-104	3.597948580770342	0.0
1081707267	e편한세상아파트	2005	11	30	63	2005	11	30.0	63	30.0	11680-3592	12.642290058694465	0.0
1081744957	101	2009	31	87	144	2009	31	87.0	144	87.0			
1089000987		2004	16	49	46	2004	16	49.0	46	49.0	11680-473	54.50757849764975	0.0
1089003955		1998	19	52	112	1998	19	52.0	112	52.0	11680-194	84.76909949238373	1.0
1089003956		2003	10	27	40	2003	10	27.0	40	27.0	11680-197	44.32253108399528	-1.0
1089003957		1999	18	48	100	1999	18	48.0	100	48.0	11680-73	9.284674413193853	0.0
1089003958		1997	14	47	46	1997	14	47.0	46	47.0	11680-598	0.7292439425954631	0.0
1089003959		2002	13	36	12	2002	13	36.0	12	36.0	11680-598	29.151500414826366	-1.0
1089003964		1998	19	52	151	1998	19	52.0	151	52.0	11680-194	18.21153079134287	0.0
1089003965		2004	16	49	53	2004	16	49.0	53	49.0	11680-473	71.08175090612565	0.0
1089003966		2004	16	49	50	2004	16	49.0	50	49.0	11680-473	6.697237272839231	0.0
1089003967		2004	16	49	54	2004	16	49.0	54	49.0	11680-473	86.68155469377157	0.0
1100958877		1996	15	48	24	1996	15	48.0	24	48.0	11680-3722	242.90244090053392	-1.0
1100958887		2004	21	65	310	2004	21	65.0	310	65.0	11680-3683	246.35326401319867	0.0
1106346361	103동	2022	7	23	28	2022	7	23.0	28	23.0	11680-431	139.2100111080255	-1.0
1106346362	101동	2022	7	23	26	2022	7	23.0	26	23.0	11680-431	108.67951360752502	-1.0
1106346363	104동	2022	10	33	36	2022	10	33.0	36	33.0	11680-431	76.05425642562214	-1.0
1106346364	105동	2022	5	16	15	2022	5	16.0	15	16.0	11680-431	55.008698864827814	-1.0
1106346365	102동	2022	10	33	43	2022	10	33.0	43	33.0	11680-431	119.33278390824327	-1.0
1111214902		2014	26	74	90	2014	26	74.0	90	74.0	11680-4356	4.1208224033951	0.0
1111528398											11680-269	127.6994570292956	0.0
1111528399											11680-269	126.46937406581046	0.0
1111528400											11680-269	67.25146339020988	0.0
1111528401											11680-500	126.69057504964829	0.0
1111528402											11680-500	123.31248402293038	0.0
1111528403	메가스터디교육(주)	1994	10	41		1994	10	41.0		41.0			
1111528404											11680-500	121.01020472288175	0.0
1111528405											11680-500	72.26370797692434	0.0
1111528406											11680-269	45.440106553218556	0.0
1111528407		2003	13	37	48	2003	13	37.0	48	37.0	11680-269	2.8317280817776687	0.0
1111528408													
1111528409											11680-344	155.79296462097778	0.0
1111528410											11680-355	50.84036133983939	0.0
1111528411											11680-355	38.05055051964541	0.0
1111528412											11680-355	40.03680158143946	0.0
1111528413											11680-355	4.63921013205372	0.0
1111528414		1998	11	34	19	1998	11	34.0	19	34.0	11680-355	56.09934796474568	0.0
1111528415		1998	10		18	1998	10		18	28.0	11680-355	97.70947934215141	1.0
1111528416											11680-433	104.22850753496365	0.0
1111528417	은하수아파트										11680-3871	84.74258463656139	0.0
1111528418		2016	14	61		2016	14	61.0		61.0			
1111528421		2003	12	34	23	2003	12	34.0	23	34.0			
1111528422		1998	12	32	48	1998	12	32.0	48	32.0			
1111528423	101동	2006	18	50	66	2006	18	50.0	66	50.0			
1111528425	103동	2006	15	42	27	2006	15	42.0	27	42.0			
1111528426	104동	2006	18	50	35	2006	18	50.0	35	50.0			
1111528427	102동	2006	15	42	56	2006	15	42.0	56	42.0			
1111528432		2020	19	70		2020	19	70.0		70.0			
1111528433		2006	12	33	47	2006	12	33.0	47	33.0			
1111528434		2006	10	28	32	2006	10	28.0	32	28.0			
1122228623		1988	10	40	111	1988	10	40.0	111	40.0	11680-668	229.659528843501	-1.0
1122228639		2012	11	34	245	2012	11	34.0	245	34.0	11680-128	70.73502676005621	-1.0
1127529722		2012	10	33	64	2012	10	33.0	64	33.0	11680-4763	154.10414010504417	-1.0
1134966034		1985	14		56	1985	14		56	39.199999999999996			
1134966035		1985	14		84	1985	14		84	39.199999999999996			
1134966036		1984	12		72	1984	12		72	33.599999999999994			
1134966037		1984	12		96	1984	12		96	33.599999999999994			
1134966042		1984	12		72	1984	12		72	33.599999999999994			
1134966043		1984	12		72	1984	12		72	33.599999999999994			
1134966044		1984	12		72	1984	12		72	33.599999999999994			
1134966045		1984	12		48	1984	12		48	33.599999999999994			
1134966046		1984	12		96	1984	12		96	33.599999999999994			
1134966049		1984	12		72	1984	12		72	33.599999999999994			
1134966050		1984	12		72	1984	12		72	33.599999999999994			
1134966051		2001	22	60	42	2001	22	60.0	42	60.0			
1134966052		2001	22	60	42	2001	22	60.0	42	60.0			
1134966053		2001	22	60	80	2001	22	60.0	80	60.0			
1134966054		2001	19	51	37	2001	19	51.0	37	51.0			
1134966055		2001	17	46	26	2001	17	46.0	26	46.0			
1134966056		2001	22	60	84	2001	22	60.0	84	60.0			
1134966057		2001	22	60	86	2001	22	60.0	86	60.0			
1134966058		2001	23	62	90	2001	23	62.0	90	62.0			
1134966059		2001	23	62	90	2001	23	62.0	90	62.0			
1134966060		2001	22	60	86	2001	22	60.0	86	60.0			
1134966061		2001	19	51	73	2001	19	51.0	73	51.0			
1134966063		2001	15	44	78	2001	15	44.0	78	44.0			
1137270277		2023	18	74	30	2023	18	74.0	30	74.0	11680-3667	149.6907474142673	-1.0
1144354116		2003	12	39	12	2003	12	39.0	12	39.0	11680-474	253.6500228490246	3.0
1144354169		2025	20		85	2025	20		85	56.0	11680-474	70.75193855696683	-1.0
1144354170		2004	17	47	40	2004	17	47.0	40	47.0	11680-474	48.331113686332614	0.0
1144354173		2004	15	42	54	2004	15	42.0	54	42.0	11680-474	0.0014878950433919048	0.0
1144354195		2025	20		68	2025	20		68	56.0	11680-4643	162.508951823546	-1.0
1150651625		2002	14	39	36	2002	14	39.0	36	39.0			
1150651626		2002	13	37	33	2002	13	37.0	33	37.0			
1151910451	신안메트로칸	2004	23	83	503	2004	23	83.0	503	83.0			
1152475368		2018	6	17	10	2018	6	17.0	10	17.0			
1171068243	908동	2022	12	33	101	2022	12	33.0	101	33.0	11680-4949	209.7513900475473	0.0
1171068244	907동		22	63	126		22	63.0	126	63.0	11680-4949	244.14074309627924	0.0
1171068245	906동	2022	23	67	136	2022	23	67.0	136	67.0	11680-4949	283.1453957274352	1.0
1171068246	912동	2022	7	21	84	2022	7	21.0	84	21.0	11680-4988	228.68486038647404	0.0
1171068247	911동	2022	18	54	167	2022	18	54.0	167	54.0	11680-4949	281.832624649632	1.0
1171068248	910동	2022	14	43	131	2022	14	43.0	131	43.0	11680-4949	281.17686835392874	0.0
1171068249	909동	2022	17	52	156	2022	17	52.0	156	52.0	11680-4949	294.68321559007353	0.0
1171068250	905동	2022	25	72	100	2022	25	72.0	100	72.0			
1171068251	901동	2022	25	72	142	2022	25	72.0	142	72.0	11680-4988	278.6773030979392	0.0
1171068252	902동	2022	25	72	162	2022	25	72.0	162	72.0			
1171068253	903동	2022	25	72	188	2022	25	72.0	188	72.0			
1171068254	904동	2022	25	72	210	2022	25	72.0	210	72.0			
1173093437													
1173093438													
1173093439													
1173093455	반포두산힐스빌	2001	12	39	76	2001	12	39.0	76	39.0			
1173093467		1994	18	49	154	1994	18	49.0	154	49.0			
1174182949		1999	22		132	1999	22		132	61.599999999999994	11680-328	1.212883491853599	0.0
1175293025		2016	16	50	45	2016	16	50.0	45	50.0	11680-141	128.65912115904536	-1.0
1175296468		2002	6	18	70	2002	6	18.0	70	18.0	11680-161	2.3776277520305915	0.0
1175296469											11680-160	43.5380525219254	0.0
1175296470											11680-3843	2.158583152899799	0.0
1175296471											11680-3843	46.232615951959616	0.0
1175296478		2007	20	70	142	2007	20	70.0	142	70.0	11680-3726	2.0184210273697776	0.0
1175296480		2007	14		58	2007	14		58	39.199999999999996	11680-3726	51.25709129607302	0.0
1182270132	801	2021	7	28	18	2021	7	28.0	18	28.0	11680-4988	171.02988227268642	0.0
1182270134	806	2021	26	85	306	2021	26	85.0	306	85.0	11680-4988	34.71577152027421	0.0
1182270139	815	2021	7	28	24	2021	7	28.0	24	28.0	11680-4988	178.55057753775296	1.0
1187557757	810동	2015	3	11	14	2015	3	11.0	14	11.0	11680-4399	203.4903572941405	0.0
1187557758	809동	2015	3	11	11	2015	3	11.0	11	11.0	11680-4399	229.92417580608821	0.0
1187557759	808동	2015	4	13	12	2015	4	13.0	12	13.0	11680-4399	206.60243098484727	0.0
1187557760	811동	2015	3	11	10	2015	3	11.0	10	11.0	11680-4399	162.59034686990964	0.0
1187557761	807동	2015	4	14	15	2015	4	14.0	15	14.0	11680-4399	165.5473216382734	0.0
1187557762	806동	2015	4	13	12	2015	4	13.0	12	13.0	11680-4399	121.26348600336408	0.0
1187557763	805동	2015	5	16	12	2015	5	16.0	12	16.0	11680-4399	81.36264005744479	0.0
1187557764	804동	2015	5	16	15	2015	5	16.0	15	16.0	11680-4399	41.50654865880413	0.0
1187557765	801동	2015	6	20	16	2015	6	20.0	16	20.0	11680-4399	1.5521628082191254	0.0
1187557766	802동	2015	5	16	20	2015	5	16.0	20	16.0	11680-4399	53.086136120700935	0.0
1187557767	803동	2015	6	19	32	2015	6	19.0	32	19.0	11680-4399	76.85782500542523	0.0
1194007664		2002	12	33	48	2002	12	33.0	48	33.0			
1194007882		2003	10	28	28	2003	10	28.0	28	28.0			
1201714577	105동	2021	29	89	145	2021	29	89.0	145	89.0			
1201716641	106동	2021	30	91	146	2021	30	91.0	146	91.0			
1201717496	104동	2021	33	100	150	2021	33	100.0	150	100.0			
1201718212	103동	2021	32	97	114	2021	32	97.0	114	97.0			
1201719550	102동	2021	35	106	227	2021	35	106.0	227	106.0			
1201720310	101동	2021	20	62	66	2021	20	62.0	66	62.0			
1225624950		2003	10	38	117	2003	10	38.0	117	38.0			
1226043825		2004	11	30	18	2004	11	30.0	18	30.0	11680-527	3.0533188577468793	0.0
1226419881		2006	26	87	146	2006	26	87.0	146	87.0			
1227326437		2006	25	82	131	2006	25	82.0	131	82.0			
1227326440		2001	18	48	71	2001	18	48.0	71	48.0			
1227326446		2009	23	72	81	2009	23	72.0	81	72.0			
1227326447		2007	25	83	86	2007	25	83.0	86	83.0			
1227326452		2001	9	24	15	2001	9	24.0	15	24.0			
1227326456		2001	16	53	80	2001	16	53.0	80	53.0			
1227326457		2009	17	53	61	2009	17	53.0	61	53.0			
1227326459		2009	17	53	57	2009	17	53.0	57	53.0			
1227326460		2007	25	83	86	2007	25	83.0	86	83.0			
1227326461		2001	17	45	86	2001	17	45.0	86	45.0			
1227326462		2009	23	72	80	2009	23	72.0	80	72.0			
1227326463		2007	25	83	86	2007	25	83.0	86	83.0			
1227764030		2002	19	52	72	2002	19	52.0	72	52.0			
1227764031		2002	16	42	32	2002	16	42.0	32	42.0			
1227764032		1999	19	51	178	1999	19	51.0	178	51.0			
1227764033		2003	25	73	68	2003	25	73.0	68	73.0			
1227764034		2002	19	52	38	2002	19	52.0	38	52.0			
1227764035		2002	16	42	64	2002	16	42.0	64	42.0			
1227764037		2002	18	50	97	2002	18	50.0	97	50.0			
1227764038		2002	17	45	67	2002	17	45.0	67	45.0			
1227764039		2002	19	52	73	2002	19	52.0	73	52.0			
1227764040		2002	19	52	38	2002	19	52.0	38	52.0			
1227764041		2002	18	50	36	2002	18	50.0	36	50.0			
1227764043		2002	14	37	25	2002	14	37.0	25	37.0			
1227764044		2006	18	49	83	2006	18	49.0	83	49.0			
1227764046		2003	25	73	73	2003	25	73.0	73	73.0			
1227764048		2003	25	73	73	2003	25	73.0	73	73.0			
1227764049		2002	17	45	34	2002	17	45.0	34	45.0			
1227764050		2002	12	32	23	2002	12	32.0	23	32.0			
1227764051		2002	12	34	22	2002	12	34.0	22	34.0			
1228821497		2017	29	100	132	2017	29	100.0	132	100.0			
1228821517		2006	20	74	102	2006	20	74.0	102	74.0			
1228821520		2024	16	70	154	2024	16	70.0	154	70.0			
1228821525		2005	11	36	48	2005	11	36.0	48	36.0			
1228821532		2017	29	100	132	2017	29	100.0	132	100.0			
1228821549		2015	19	66	398	2015	19	66.0	398	66.0			
1229028239		1999	9	34	104	1999	9	34.0	104	34.0			
1230274036		1993	21	58	84	1993	21	58.0	84	58.0			
1230274041		1993	22	61	120	1993	22	61.0	120	61.0			
1235155502		2020	10	35	20	2020	10	35.0	20	35.0			
1235155520		2020	13	51	28	2020	13	51.0	28	51.0			
1240382557	안틸리아자양	2022	11	46	21	2022	11	46.0	21	46.0			
1244540029		2005	9	24	64	2005	9	24.0	64	24.0			
1244540031			4				4			11.2			
1244540033			4				4			11.2			
1257095209	lh수서1단지												
1257095210	lh수서1단지												
1257095211	lh수서1단지												
1257095212	lh수서1단지												
1257095213	lh수서1단지												
1257095214	lh수서1단지												
1257095215	lh수서1단지												
1280897467	B										11680-3633	98.23594101815743	0.0
1280897469	A										11680-3633	69.95045186208853	0.0
1280897470	더팜빌										11680-663	237.6851480804423	0.0
1293026334		2003	17	52	198	2003	17	52.0	198	52.0	11680-528	68.8822299106872	1.0
1293579091		2023	17	65	88	2023	17	65.0	88	65.0	11680-3726	140.27288126187466	-1.0
1293579097		2024	15	45	54	2024	15	45.0	54	45.0	11680-177	66.56744674256556	-1.0
1293579099		1988	13		100	1988	13		100	36.4	11680-83	96.02837379461859	0.0
1298891607		2014	10	31	49	2014	10	31.0	49	31.0	11680-4298	234.29021373808442	0.0
1298891614		2014	10	31	40	2014	10	31.0	40	31.0	11680-4298	173.51697830073203	0.0
1298891623		2014	10	31	38	2014	10	31.0	38	31.0	11680-4298	200.14356960184102	0.0
1312584731	학동역 이안테라디움	2022	14	48	54	2022	14	48.0	54	48.0	11680-158	178.879534350119	-1.0
1322079824	루시아도산208	2023	20	77	55	2023	20	77.0	55	77.0	11680-584	279.44933895781384	-1.0
1338587723	308동										11680-4297	268.44013140234586	0.0
1338587724	306동										11680-4297	225.6633154902512	0.0
1338587725	304동										11680-4297	188.4804659728099	0.0
1338587726	302동										11680-4297	153.8311704463829	0.0
1338587727	307동										11680-4297	237.92632042085268	0.0
1338587728	305동										11680-4297	194.35287089429193	0.0
1338587729	303동										11680-4297	160.464594561235	0.0
1338587730	301동										11680-4297	221.4338617186619	0.0
1351982072											11680-73	96.90053493594755	0.0
1351982074											11680-73	115.2988922047876	0.0
1351982105	현대빌라										11680-84	0.017205723615801354	0.0
1351982125		2007	9	25	49	2007	9	25.0	49	25.0	11680-3773	0.03011557778820089	0.0
1351982140		2003	12	35	49	2003	12	35.0	49	35.0	11680-101	56.9965966436857	0.0
1359383617	크레신타워 오피스텔	2004	15	57	208	2004	15	57.0	208	57.0			
1359388923	논현오피스텔										11680-554	62.970357380569276	0.0
1361021767	하니움	2016	12	37	73	2016	12	37.0	73	37.0			
1365114477													
1365114478													
1368621246	108		10				10			28.0	11680-5015	265.190342696503	0.0
1368621247	114		10				10			28.0	11680-5015	193.88265220916765	0.0
1368621248	104		21				21			58.8	11680-5268	153.5947946204956	0.0
1368621249	103		21				21			58.8	11680-5268	104.16118373149217	0.0
1368621251	137		21				21			58.8	11680-5268	84.99695711108039	0.0
1368621252	134		21				21			58.8	11680-5100	127.3356202733998	0.0
1368621253	132		21				21			58.8	11680-5268	125.93569144027886	0.0
1368621254	127		21				21			58.8	11680-5268	152.99549598109076	0.0
1368621255	118		21				21			58.8	11680-5268	239.73866611003442	0.0
1368621256	117		21				21			58.8	11680-283	214.47550435454573	0.0
1368621257	123		21				21			58.8	11680-371	132.6117279891929	0.0
1368621258	126		21				21			58.8	11680-5268	218.24073004693614	0.0
1368621259	124		21				21			58.8	11680-371	176.39870985839616	0.0
1368621260	122		21				21			58.8	11680-371	167.1846929121519	0.0
1368621261	119		21				21			58.8	11680-292	181.1869942558718	0.0
1368621262	121		21				21			58.8	11680-292	227.39855380797968	0.0
1368621263	120										11680-5268	187.51336049619704	0.0
1368621264	125		21				21			58.8	11680-5100	207.14769363223286	0.0
1368621265	116		21				21			58.8	11680-283	181.69628277068705	0.0
1368621266	115		21				21			58.8	11680-5015	169.78765541582572	0.0
1368621267	113		21				21			58.8	11680-5015	228.7350712448992	0.0
1368621268	109		21				21			58.8	11680-5015	289.6872102144941	0.0
1368621269	110		21				21			58.8	11680-5268	249.88455419935383	0.0
1368621270	106		21				21			58.8	11680-5268	233.34452756298398	0.0
1368621271	107		21				21			58.8	11680-5268	299.37202295892075	0.0
1368621272	129		21				21			58.8	11680-5100	166.89143740367072	0.0
1368621273	111										11680-5268	221.10445088814674	0.0
1368621274	105		21				21			58.8	11680-5268	180.61747181245704	0.0
1368621275	112		21				21			58.8	11680-283	236.81617589042537	0.0
1368621276	130		21				21			58.8	11680-5100	123.05273430957894	0.0
1368621277	135		21				21			58.8	11680-5100	92.04802821743996	0.0
1368621278	136										11680-5100	139.20934195334732	0.0
1368621279	131		21				21			58.8	11680-5100	157.3988628891951	0.0
1368621280	133										11680-5268	123.52270323527713	0.0
1368621281	경로당										11680-5268	218.97184631834338	0.0
1368621282	커뮤니티센터										11680-5268	194.48445633484093	0.0
1368621631	128		21				21			58.8	11680-5268	186.56042717826918	0.0
1370470797	현대아파트												
1376395834	Hannam La Terrasse		6		15		6		15	16.799999999999997			
1376395836													
1376395840	Sweet Castle Apartment												
1376395841													
1376395842	Herren House Apartment												
1376395843	Herren House Apartment 102												
1376395844	Herren House Apartment 103												
1376668283	광진하우스토리아파트 101동	2008	23	70	41	2008	23	70.0	41	70.0			
1376668284	광진하우스토리아파트 102동	2008	23	70	41	2008	23	70.0	41	70.0			
1376931864	Pocket Villa	2002-07-29	5	13	4	2002	5	13.0	4	13.0			
1377394405	Sangwoldae	2013-11	4		34	2013	4		34	11.2			
1377394406	Sangwoldae	2013-11	4		34	2013	4		34	11.2			
1378108141	Lanuvo												
1380797689		2007	45	155	325	2007	45	155.0	325	155.0			
1380797691		2007	35	129	105	2007	35	129.0	105	129.0			
1380797693		2007	50	168	370	2007	50	168.0	370	168.0			
1380798774	102	1988	15		60	1988	15		60	42.0			
1380798775	104	1988	15		165	1988	15		165	42.0			
1380798776	101	1988	15		150	1988	15		150	42.0			
1380798777	103	1988	15		60	1988	15		60	42.0			
1380798778													
1380799312	105	1988	13		104	1988	13		104	36.4			
1380799313	106	1988	13		117	1988	13		117	36.4			
1384243557	102동	2025	25			2025	25			70.0	11680-6669	55.087174875721765	0.0
1384243558	101동	2025	25			2025	25			70.0	11680-6669	6.982024388232396	0.0
1390434047		2012	15	43	58	2012	15	43.0	58	43.0	11680-4090	109.45936795319106	0.0
1390434048		2012	15	43	60	2012	15	43.0	60	43.0	11680-4090	159.37613198094286	0.0
1390434049		2012	10	29	40	2012	10	29.0	40	29.0	11680-4090	207.11668161152116	0.0
1390434050		2012	15	43	79	2012	15	43.0	79	43.0	11680-4090	158.30074313535974	0.0
1390434051		2012	10	29	59	2012	10	29.0	59	29.0	11680-4090	208.1069868364694	0.0
1390434052		2012	15	43	58	2012	15	43.0	58	43.0	11680-4090	110.10361647943795	0.0
1390434053		2012	15	43	90	2012	15	43.0	90	43.0	11680-4090	79.54628385516193	0.0
1390434054		2012	15	43	60	2012	15	43.0	60	43.0	11680-4090	49.244146130284115	0.0
1390434055		2012	15	43	60	2012	15	43.0	60	43.0	11680-4090	4.561652583351925	0.0
1390434056		2012	15	43	30	2012	15	43.0	30	43.0	11680-4090	177.21783859760112	0.0
1390434057		2012	15	43	30	2012	15	43.0	30	43.0	11680-4090	130.49487073060078	0.0
1390434058		2012	15	43	58	2012	15	43.0	58	43.0	11680-4090	89.25940462040319	0.0
1390434059		2012	15	43	60	2012	15	43.0	60	43.0	11680-4090	55.29612513836245	0.0
1390434060		2012	15	43	60	2012	15	43.0	60	43.0	11680-4090	110.19859723830999	0.0
1390434061		2012	15	43	60	2012	15	43.0	60	43.0	11680-4090	158.02746158118316	0.0
1412491407	대치더클래스 아파트										11680-5083	5.910036277616062	0.0
1412494313		2004	9	31	142	2004	9	31.0	142	31.0	11680-504	257.0573368546653	1.0
1415118258	202동		15				15			42.0			
1415118259	201동												
1415118261	210동												
1415118262	203동												
1415118263	204동												
1415118265	209동												
1415118266	205동												
1415118268	208동												
1415118269	207동												
1415118270	206동												
1417968061	잠실롯데캐슬골드	2005	37	148	400	2005	37	148.0	400	148.0			
1423974523		1998	26	94	47	1998	26	94.0	47	94.0	11680-354	50.12195057397362	0.0
1423974524		1999	27	108	232	1999	27	108.0	232	108.0	11680-354	2.43443409949215	0.0
1426417811		1999	11	29	20	1999	11	29.0	20	29.0			
1426417812		1999	19	50	132	1999	19	50.0	132	50.0			
1426417813		1999	9	27	50	1999	9	27.0	50	27.0			
1426423662		2006	12	30	84	2006	12	30.0	84	30.0			
1426423663		2006	12	30	82	2006	12	30.0	82	30.0			
1426425208	104	1995	17		97	1995	17		97	47.599999999999994			
1426425209	105	1995	20		78	1995	20		78	56.0			
1426425210	106	1995	20		76	1995	20		76	56.0			
1426580898		1994	20	55	120	1994	20	55.0	120	55.0			
1426581247		1987	12		108	1987	12		108	33.599999999999994			
1426582605		2019	14	42	65	2019	14	42.0	65	42.0			
1426582606		2019	20	59	94	2019	20	59.0	94	59.0			
1426582607		2019	27	80	122	2019	27	80.0	122	80.0			
1426582608		2019	34	100	130	2019	34	100.0	130	100.0			
1426582609		2019	35	103	146	2019	35	103.0	146	103.0			
1426582610		2019	27	80	52	2019	27	80.0	52	80.0			
1426582611		2019	30	88	88	2019	30	88.0	88	88.0			
1427099501		2023	17	53	150	2023	17	53.0	150	53.0			
1427108605		2020	16	47	28	2020	16	47.0	28	47.0			
1427109096		2021	16	50	224	2021	16	50.0	224	50.0			
1427321793		2020	9	30	16	2020	9	30.0	16	30.0			
1427322018		2021	16	75	56	2021	16	75.0	56	75.0			
1427692214		2022	25	79	298	2022	25	79.0	298	79.0			
1427693751		2022	16	50	192	2022	16	50.0	192	50.0			
1427693752		2021	16	50	48	2021	16	50.0	48	50.0			
1427693753		2023	15	50	217	2023	15	50.0	217	50.0			
1427780082		2001	10	45		2001	10	45.0		45.0			
1427780379		2016	14	41	28	2016	14	41.0	28	41.0			
1427780380		2018	17	55	24	2018	17	55.0	24	55.0			
1427781135		2017	9	28	40	2017	9	28.0	40	28.0			
1427781831		2024	10	36		2024	10	36.0		36.0			
1427783726		2021	9	34	26	2021	9	34.0	26	34.0			
1427784399		1983	12		96	1983	12		96	33.599999999999994			
1427784400		1983	12		72	1983	12		72	33.599999999999994			
1427784401		1983	12		144	1983	12		144	33.599999999999994			
1427785499		2021	15	46	50	2021	15	46.0	50	46.0			
1427785500		2000	10	30	19	2000	10	30.0	19	30.0			
1427785756		2025	17		127	2025	17		127	47.599999999999994			
1427785757		2025	17		200	2025	17		200	47.599999999999994			
1427787155		2000	13	33	12	2000	13	33.0	12	33.0			
1428100945		2001	16	43	32	2001	16	43.0	32	43.0			
1428101156		1985	14		84	1985	14		84	39.199999999999996			
1428101157		1985	14		98	1985	14		98	39.199999999999996			
1428101733		1997	22	61	124	1997	22	61.0	124	61.0			
1428101734		1997	22	61	119	1997	22	61.0	119	61.0			
1428794659		1990	10	30	76	1990	10	30.0	76	30.0			
1428794660		1990	10		99	1990	10		99	28.0			
1428797952	101	1997	26	71	151	1997	26	71.0	151	71.0			
1428797953	102	1997	26	71	122	1997	26	71.0	122	71.0			
1428797954	103	1997	26	71	97	1997	26	71.0	97	71.0			
1428797955	105	1997	26	71	91	1997	26	71.0	91	71.0			
1428797956	108	1997	25	68	160	1997	25	68.0	160	68.0			
1428797957	107	1997	22	60	84	1997	22	60.0	84	60.0			
1428797958	106	1997	24	65	120	1997	24	65.0	120	65.0			
1428797959	104	1997	24	65	90	1997	24	65.0	90	65.0			
1428800769		1988	15		108	1988	15		108	42.0			
1428800770		1988	14		140	1988	14		140	39.199999999999996			
1429251697		1988	15		90	1988	15		90	42.0			
1429251698		1988	15		90	1988	15		90	42.0			
1429251699		1988	15		90	1988	15		90	42.0			
1429251700		1988	15		90	1988	15		90	42.0			
1429251701		1988	15		90	1988	15		90	42.0			
1429251702		1988	15		90	1988	15		90	42.0			
1429251703		1988	13		78	1988	13		78	36.4			
1429251704		1988	15		60	1988	15		60	42.0			
1429251705		1988	15		90	1988	15		90	42.0			
1429251706		1988	15		90	1988	15		90	42.0			
1429251707		1988	15		90	1988	15		90	42.0			
1429251708		1988	15		90	1988	15		90	42.0			
1429251709		1988	15		90	1988	15		90	42.0			
1429251710		1988	15		60	1988	15		60	42.0			
1429251711		1988	13		78	1988	13		78	36.4			
1429251712		1988	13		78	1988	13		78	36.4			
1429251713		1988	15		90	1988	15		90	42.0			
1429251714		1988	15		90	1988	15		90	42.0			
1429251715		1988	15		90	1988	15		90	42.0			
1429251716		1988	15		90	1988	15		90	42.0			
1429251717		1988	15		90	1988	15		90	42.0			
1429251718		1988	15		90	1988	15		90	42.0			
1429251719		1988	15		90	1988	15		90	42.0			
1429251720		1988	15		90	1988	15		90	42.0			
1429251721		1988	15		60	1988	15		60	42.0			
1429251722		1988	15		60	1988	15		60	42.0			
1429251723		1988	15		60	1988	15		60	42.0			
1429251724		1988	15		60	1988	15		60	42.0			
1429251725		1988	15		60	1988	15		60	42.0			
1429251726		1988	15		90	1988	15		90	42.0			
1429251727		1988	15		90	1988	15		90	42.0			
1429251728		1988	15		60	1988	15		60	42.0			
1429251729		1988	15		60	1988	15		60	42.0			
1429251730		1988	15		60	1988	15		60	42.0			
1429251731		1988	15		60	1988	15		60	42.0			
1429251732		1988	15		60	1988	15		60	42.0			
1429251733		1988	15		90	1988	15		90	42.0			
1429251734		1988	15		60	1988	15		60	42.0			
1429251735		1988	15		90	1988	15		90	42.0			
1429251736		1988	15		90	1988	15		90	42.0			
1429251737		1988	15		60	1988	15		60	42.0			
1429251738		1988	15		60	1988	15		60	42.0			
1429251739		1988	15		60	1988	15		60	42.0			
1429251740		1988	15		60	1988	15		60	42.0			
1429266052		2025	25			2025	25			70.0	11680-6669	75.85639911034373	0.0
1429266053		2025	25			2025	25			70.0	11680-6669	94.10674633852051	0.0
1429553613		2004	15	43	42	2004	15	43.0	42	43.0			
1429553614		2004	12	38	33	2004	12	38.0	33	38.0			
1429554446		2011	17	62	15	2011	17	62.0	15	62.0	11680-217	74.98154408895847	-1.0
1429829819		2021	15	43	59	2021	15	43.0	59	43.0	11680-5005	109.2093050746432	1.0
1429829820		2021	15	43	57	2021	15	43.0	57	43.0	11680-5005	60.75394565977977	0.0
1429829821		2021	7	21	39	2021	7	21.0	39	21.0	11680-5005	3.61346780498392	0.0
1429829862		2021	7	21	38	2021	7	21.0	38	21.0	11680-5005	144.28010678288527	1.0
1429830195		2021	7	21	47	2021	7	21.0	47	21.0	11680-5005	89.69896947869303	0.0
1429830196		2021	6	18	33	2021	6	18.0	33	18.0	11680-5005	31.513614837994325	0.0
1429831980		2023	17	53	74	2023	17	53.0	74	53.0	11680-5005	65.26505419265645	1.0
1429831981		2023	12	38	22	2023	12	38.0	22	38.0	11680-5005	94.20018325867824	1.0
1429831982		2023	7	20	26	2023	7	20.0	26	20.0	11680-5005	64.58322458187291	0.0
1429835695		2023	17	53	76	2023	17	53.0	76	53.0	11680-5005	129.51381070272245	1.0
1429835696		2023	17	53	76	2023	17	53.0	76	53.0	11680-5251	95.54841068728531	0.0
1429835697		2023	18	52	73	2023	18	52.0	73	52.0	11680-5251	2.286150768169769	0.0
1429835698		2023	17	53	61	2023	17	53.0	61	53.0	11680-5251	44.65114239663446	0.0
1429835699		2023	16	46	32	2023	16	46.0	32	46.0	11680-5251	58.993541980003705	0.0
1429835700		2023	7	21	42	2023	7	21.0	42	21.0	11680-5251	55.41299921517541	0.0
1429957544		1992	9	35		1992	9	35.0		35.0	11680-513	77.89678101350127	-1.0
1430017637		2023	20	91	29	2023	20	91.0	29	91.0	11680-5267	1.9178319393069294	0.0
1430405935		2023	35	109	120	2023	35	109.0	120	109.0			
1430405936		2023	35	109	120	2023	35	109.0	120	109.0			
1430405937		2023	20	66	64	2023	20	66.0	64	66.0			
1430609278		2023	16	77	84	2023	16	77.0	84	77.0			
1431014565		2008	17	46	54	2008	17	46.0	54	46.0	11680-3760	3.4181214902167465	0.0
1431014566		2008	16	43	46	2008	16	43.0	46	43.0	11680-3760	48.72538539501487	0.0
1431014567		2008	26	71	50	2008	26	71.0	50	71.0	11680-3760	33.91512137123122	0.0
1431166802		2004	15	43	28	2004	15	43.0	28	43.0	11680-498	12.842378248212766	0.0
1431166803		1997	18	49	129	1997	18	49.0	129	49.0	11680-236	4.720102590429325	0.0
1431167334		2009	14	38	25	2009	14	38.0	25	38.0	11680-3871	48.307981239339135	0.0
1431190175		2004	12	29	34	2004	12	29.0	34	29.0	11680-494	3.0556640034518545	0.0
1431204309		2004	11	29	70	2004	11	29.0	70	29.0	11680-493	2.6919679950950197	0.0
1431204310		2004	11	30	45	2004	11	30.0	45	30.0	11680-493	69.93891321139678	0.0
1431204312		2000	12	37	55	2000	12	37.0	55	37.0	11680-252	112.00525914359814	2.0
1431222667		2019	9	35	16	2019	9	35.0	16	35.0	11680-682	88.44668303087707	-1.0
1431563234	개포 자이르네	2022	10	39	28	2022	10	39.0	28	39.0	11680-5100	11.515190362058288	0.0
1431594564	101	2021	10	31	20	2021	10	31.0	20	31.0	11680-4949	2.3040083049233906	0.0
1431594565	104	2021	10	31	38	2021	10	31.0	38	31.0	11680-4949	78.33965849356092	0.0
1431594566	103	2021	10	31	39	2021	10	31.0	39	31.0	11680-4949	91.48090888498267	1.0
1431594567	102	2021	22	69	87	2021	22	69.0	87	69.0	11680-4949	41.74379351414938	0.0
1431826015		2006	10	31	18	2006	10	31.0	18	31.0	11680-3672	3.2242790810772433	0.0
1431826919		2003	12	39	43	2003	12	39.0	43	39.0	11680-526	0.7188013918900565	0.0
1431827583		2006	12	35	44	2006	12	35.0	44	35.0	11680-3697	1.319968279208706	0.0
1431827585		2004	13	40	169	2004	13	40.0	169	40.0	11680-528	4.059877369546509	0.0
1431828453		2004	11	30	210	2004	11	30.0	210	30.0	11680-530	3.1839611570613737	0.0
1431828454		2004	11	30	80	2004	11	30.0	80	30.0	11680-531	34.11753958911288	0.0
1431828455		2003	12	35	134	2003	12	35.0	134	35.0	11680-531	2.7706432456650165	0.0
1431832986		2020	11	34	60	2020	11	34.0	60	34.0	11680-529	55.30860101388571	-1.0
1431832987		2020	11	34	60	2020	11	34.0	60	34.0	11680-529	47.39682654025085	-1.0
1431935678		2023	10	34	29	2023	10	34.0	29	34.0	11680-5291	30.06484891196751	0.0
1431935679		2023	18	52	34	2023	18	52.0	34	52.0	11680-5291	2.2647466331079906	0.0
1431935680		2023	8	24	14	2023	8	24.0	14	24.0	11680-5291	29.519881714179764	0.0
1431936141		2005	21	58	84	2005	21	58.0	84	58.0	11680-320	6.04379108615505	0.0
1431936142		2005	22	61	88	2005	22	61.0	88	61.0	11680-320	52.26308523535567	0.0
1431936143		2005	20	56	100	2005	20	56.0	100	56.0	11680-320	88.84532295862272	2.0
1431936144		2005	20	56	76	2005	20	56.0	76	56.0	11680-320	47.03017350622968	0.0
1431938961		2020	10	35	77	2020	10	35.0	77	35.0	11680-3647	55.12048142041437	-1.0
1431942040		2023	20	63	84	2023	20	63.0	84	63.0	11680-567	157.69907039532922	-1.0
1431942041		2022	14	49	29	2022	14	49.0	29	49.0	11680-567	92.74266233455853	-1.0
1431976483		2020	15	60	77	2020	15	60.0	77	60.0	11680-4863	272.6645881855907	0.0
1431981652		2023	18	64	248	2023	18	64.0	248	64.0	11680-4863	223.15167415382922	-1.0
1431981986		2021	20	93	149	2021	20	93.0	149	93.0	11680-4863	169.46103214960547	0.0
1431983371		2017	16	43	164	2017	16	43.0	164	43.0	11680-4863	239.47826531405167	0.0
1431985451		2004	15	47	200	2004	15	47.0	200	47.0	11680-3683	231.68827717781522	0.0
1431985452		2005	15	48	176	2005	15	48.0	176	48.0	11680-3683	208.44255022759793	0.0
1431989955		2015	17	48	166	2015	17	48.0	166	48.0	11680-3683	118.63420582182735	-1.0
1431989956		2024	10	44	28	2024	10	44.0	28	44.0	11680-3683	130.2752597909723	-1.0
1431989957		2024	10	44	28	2024	10	44.0	28	44.0	11680-3683	134.0575941824532	-1.0
1432008444		2006	15	44	68	2006	15	44.0	68	44.0	11680-3683	233.60000044172213	0.0
1432252833		2014	15	46	29	2014	15	46.0	29	46.0	11680-3722	217.08878355059454	-1.0
1432255027		2021	12	45	89	2021	12	45.0	89	45.0	11680-3722	242.52232200952747	-1.0
1432286086		2024	19	77	140	2024	19	77.0	140	77.0			
1432286087		1996	19	63	64	1996	19	63.0	64	63.0			
1432581215		2018	15	50	311	2018	15	50.0	311	50.0			
1432581216		2019	13	40	63	2019	13	40.0	63	40.0			
1434034291		2003	10	28	28	2003	10	28.0	28	28.0			
1434045839		1994	10	29	19	1994	10	29.0	19	29.0			
1434045840		2001	11	31	41	2001	11	31.0	41	31.0			
1434045841		2002	15	42	107	2002	15	42.0	107	42.0			
1434045842		2002	10	29	49	2002	10	29.0	49	29.0			
1434047321		2008	12	47	132	2008	12	47.0	132	47.0			
1434565516		1988	13		114	1988	13		114	36.4	11680-83	65.42413352010182	0.0
1434566788		2005	12	32	41	2005	12	32.0	41	32.0	11680-3633	8.49872835882123	0.0
1434567211		2006	12	32	19	2006	12	32.0	19	32.0	11680-3704	74.80883847941432	0.0
1434567212		2006	13	35	39	2006	13	35.0	39	35.0	11680-3633	57.23099125611956	0.0
1434567213		2006	15	40	84	2006	15	40.0	84	40.0	11680-3633	118.84324669763915	0.0
1434607763		2023	18	67	130	2023	18	67.0	130	67.0	11680-5114	7.276586945034793	0.0
1434608470		2018	10	30	29	2018	10	30.0	29	30.0	11680-4730	0.16550562277910622	0.0
1434621478		2003	15	57	288	2003	15	57.0	288	57.0			
1434626436		2004	15	50	260	2004	15	50.0	260	50.0	11680-551	1.4863549955707052	0.0
1434825115		2003	14	47	195	2003	14	47.0	195	47.0	11680-699	38.043850885505954	0.0
1434826271		2020	15	50	249	2020	15	50.0	249	50.0	11680-158	174.4598055910926	-1.0
1434826435		2021	9	39	132	2021	9	39.0	132	39.0	11680-551	93.57263397870639	-1.0
1434833755		2021	16	68	131	2021	16	68.0	131	68.0	11680-4994	20.526708377539652	0.0
1434834017	논현월드메르디앙아파트	2007	13	32	82	2007	13	32.0	82	32.0	11680-3730	3.6350940246736823	0.0
1434834653		2024	18	74	42	2024	18	74.0	42	74.0	11680-4911	148.076475352607	-1.0
1434836557	논현베르빌아파트	2002	10	27	65	2002	10	27.0	65	27.0	11680-158	8.60362144943733	0.0
1434857954		2024	20	71	81	2024	20	71.0	81	71.0	11680-3732	160.18018469505103	-1.0
1434857957		2023	15	60	283	2023	15	60.0	283	60.0	11680-267	215.8251512600139	-1.0
1434859023		2006	15	51	50	2006	15	51.0	50	51.0	11680-267	77.88185730662164	-1.0
1434859521		2014	30	86	87	2014	30	86.0	87	86.0	11680-4356	45.33488526793572	0.0
1434859522		2014	30	86	120	2014	30	86.0	120	86.0	11680-4356	78.10080625116684	0.0
1434859523		2014	26	75	71	2014	26	75.0	71	75.0	11680-4356	95.86075782422338	0.0
1434860304		2003	23	62	46	2003	23	62.0	46	62.0	11680-392	45.25980624857854	0.0
1434860305		2003	22	59	44	2003	22	59.0	44	59.0	11680-392	1.3897139023476777	0.0
1434860306		2003	11	29	22	2003	11	29.0	22	29.0	11680-392	71.88051283666995	1.0
1434860307		2003	16	42	48	2003	16	42.0	48	42.0	11680-392	32.95748125806687	0.0
1434860308		1996	8	21	60	1996	8	21.0	60	21.0	11680-105	6.5172798645307255	0.0
1434861701		2023	20	71	24	2023	20	71.0	24	71.0	11680-4994	217.7691125785734	3.0
1434871867		2019	12	35	19	2019	12	35.0	19	35.0	11680-507	47.86742652228099	-1.0
1434876247		2017	13	57	16	2017	13	57.0	16	57.0	11680-3645	150.55479428795041	-1.0
1434876972		2016	17	68	20	2016	17	68.0	20	68.0	11680-3645	56.50741455107563	-1.0
1434876976		2001	15	40	127	2001	15	40.0	127	40.0	11680-195	5.483570266447857	0.0
1434880310	116동	2008	22	60	104	2008	22	60.0	104	60.0	11680-3834	198.68265471216887	1.0
1435040924		2015	12	45	76	2015	12	45.0	76	45.0	11680-3840	152.8450984995928	-1.0
1435041779		2018	13	43		2018	13	43.0		43.0	11680-3840	161.39015632601738	-1.0
1435041780		2021	12	47		2021	12	47.0		47.0	11680-3840	171.87120021001465	-1.0
1435042085		2014	13	40	63	2014	13	40.0	63	40.0	11680-663	271.1604578213452	-1.0
1435042543		2023	14	40	299	2023	14	40.0	299	40.0	11680-5027	183.27142409369648	2.0
1435043750		2019	18	61	287	2019	18	61.0	287	61.0	11680-522	88.57115344845194	-1.0
1435048192		2023	13	41	27	2023	13	41.0	27	41.0	11680-5027	37.28923225257882	0.0
1435056911		2007	23	84	78	2007	23	84.0	78	84.0	11680-3709	25.643249403330245	0.0
1435056912		2007	22	75	63	2007	22	75.0	63	75.0	11680-3709	0.9565955540081061	0.0
1435057797		2022	16	53	126	2022	16	53.0	126	53.0	11680-3709	33.6949274770032	-1.0
1435057801		2004	13	35	60	2004	13	35.0	60	35.0	11680-529	168.74552182736232	2.0
1435058297		1997	9	27	44	1997	9	27.0	44	27.0	11680-193	3.62527178237493	0.0
1435058298		2005	9	25	18	2005	9	25.0	18	25.0	11680-519	31.88913007938811	0.0
1435086910		2018	14	44		2018	14	44.0		44.0	11680-665	184.0208223987806	-1.0
1435090512		2012	15	43	28	2012	15	43.0	28	43.0	11680-4296	272.52804292846383	2.0
1435090515		2014	14	41	33	2014	14	41.0	33	41.0	11680-4296	290.9476284993356	4.0
1435090516		2020	13	40	96	2020	13	40.0	96	40.0	11680-493	267.7058911873259	-1.0
1435095704		2002	15	54	77	2002	15	54.0	77	54.0	11680-267	1.47506604769076	0.0
1435095705		2019	16	57	21	2019	16	57.0	21	57.0	11680-267	26.969071186798633	-1.0
1435095706		2016	11	47		2016	11	47.0		47.0	11680-267	63.03393356553234	-1.0
1435111550		2024	20	73	20	2024	20	73.0	20	73.0	11680-4958	121.99229942741711	-1.0
1435112030	103	2024	11	38	21	2024	11	38.0	21	38.0	11680-4958	46.15422477586542	-1.0
1435112031	101	2024	20	66	229	2024	20	66.0	229	66.0	11680-4958	108.90237783443644	-1.0
1435118482		2023	16	40	98	2023	16	40.0	98	40.0	11680-4763	60.57958482120151	-1.0
1435119356		2013	13	38	49	2013	13	38.0	49	38.0	11680-4763	127.61684821257968	-1.0
1435126069		2018	12	34	28	2018	12	34.0	28	34.0	11680-4763	9.216365606534954	0.0
1435211133		2021	15	66	114	2021	15	66.0	114	66.0	11680-259	66.26239941133042	-1.0
1435211134		2021	17	75	361	2021	17	75.0	361	75.0	11680-259	99.2346139064018	-1.0
1435211135		2003	11	41	67	2003	11	41.0	67	41.0	11680-699	168.2458570520558	2.0
1435211138		2013	19	65	124	2013	19	65.0	124	65.0	11680-3958	148.90640418670975	2.0
1435212330		2015	17	71	210	2015	17	71.0	210	71.0	11680-3592	115.26277255404872	-1.0
1435217210		1999	18	54	160	1999	18	54.0	160	54.0	11680-259	8.206509845981023	0.0
1435851520		2011	9	31	63	2011	9	31.0	63	31.0	11680-3734	189.1894717373675	-1.0
1436264006		2008	12	40		2008	12	40.0		40.0	11680-3722	51.11460452217179	1.0
1436264007		2004	10	39		2004	10	39.0		39.0	11680-504	39.176219946340524	0.0
1436268689		2012	9	28	99	2012	9	28.0	99	28.0	11680-503	181.2757885018544	-1.0
1436269156		2023	14	48	78	2023	14	48.0	78	48.0	11680-4036	102.82820754604862	-1.0
1436269313		2004	12	36	48	2004	12	36.0	48	36.0	11680-496	3.9369197716144093	0.0
1436293341		2019	16	67	25	2019	16	67.0	25	67.0	11680-4863	1.7154507013500404	0.0
1436296644		2012	12	40	341	2012	12	40.0	341	40.0	11680-251	80.0449927810689	-1.0
1436296645		1999	15	48	199	1999	15	48.0	199	48.0	11680-251	60.47834070058163	-1.0
1436296646		2010	12	35		2010	12	35.0		35.0	11680-251	53.33123620122797	-1.0
1436296647		2013	14	42	264	2013	14	42.0	264	42.0	11680-251	91.77610170244934	-1.0
1436296648		2023	13	36	121	2023	13	36.0	121	36.0	11680-251	98.74426371801373	-1.0
1436297531		1996	12	34	231	1996	12	34.0	231	34.0	11680-251	2.9394417027231836	0.0
1436297532		2002	10	30	20	2002	10	30.0	20	30.0	11680-411	63.86292012318093	0.0
1436297901		2007	15	43	72	2007	15	43.0	72	43.0	11680-3728	69.27991997014547	1.0
1436297902		2007	15	43	45	2007	15	43.0	45	43.0	11680-3728	2.814482172258308	0.0
1436297903		2012	10	33	68	2012	10	33.0	68	33.0	11680-4050	9.991411769976603	0.0
1436299557		2004	9	37	58	2004	9	37.0	58	37.0	11680-496	160.0126047608765	0.0
1444016510			22	88	379		22	88.0	379	88.0	11680-3647	295.89308582164165	0.0
1444018228		2025	20	80	156	2025	20	80.0	156	80.0	11680-3647	133.48053492037658	-1.0
1444019111		2019	14	40	50	2019	14	40.0	50	40.0	11680-560	128.27881276305766	-1.0
1444021706		2013	11	30	24	2013	11	30.0	24	30.0			
1444021707		2017	10	32	28	2017	10	32.0	28	32.0			
1444021708		2015	10	28	62	2015	10	28.0	62	28.0			
1444023138		2012	9	28	29	2012	9	28.0	29	28.0			
1444023139		2012	9	28	29	2012	9	28.0	29	28.0			
1444023478		1997	9	45		1997	9	45.0		45.0			
1444024274		2006	12	31	28	2006	12	31.0	28	31.0			
1444024275		2006	12	31	32	2006	12	31.0	32	31.0			
1444024276		2004	10	29	78	2004	10	29.0	78	29.0			
1444024884		2004	20	73	380	2004	20	73.0	380	73.0			
1444030213		2022	11	36	29	2022	11	36.0	29	36.0	11680-3731	99.93769307460546	-1.0
1444031679		2020	11	33	27	2020	11	33.0	27	33.0			
1444250050		2005	14	40	28	2005	14	40.0	28	40.0			
1444253954		2006	32	97	80	2006	32	97.0	80	97.0			
1444253955		2006	30	91	147	2006	30	91.0	147	91.0			
1444253956		2006	31	102	160	2006	31	102.0	160	102.0			
1444255433		2023	16	46	285	2023	16	46.0	285	46.0			
1444257665		2008	9	26	18	2008	9	26.0	18	26.0			
1444259214		2004	10	28	40	2004	10	28.0	40	28.0			
1444277605		2003	14	42	75	2003	14	42.0	75	42.0			
1444277606		2003	8	23	15	2003	8	23.0	15	23.0			
1444277607		2006	10	30	40	2006	10	30.0	40	30.0			
1444277608		2006	10	31	17	2006	10	31.0	17	31.0			
1444277609		2006	9	28	16	2006	9	28.0	16	28.0			
1444279686		2001	12	42	40	2001	12	42.0	40	42.0			
1444283391		1997	13	35	96	1997	13	35.0	96	35.0			
1444284264		2010	16	57	50	2010	16	57.0	50	57.0			
1444285760		2003	14	40	293	2003	14	40.0	293	40.0			
1444286482		2022	12	40	54	2022	12	40.0	54	40.0			
1444286940		2003	15	49	215	2003	15	49.0	215	49.0			
1444506951		2002	10	32	44	2002	10	32.0	44	32.0			
1444506952		2006	12	34	49	2006	12	34.0	49	34.0			
1444506953		2003	14	40	31	2003	14	40.0	31	40.0			
1444509149		2019	19	63	154	2019	19	63.0	154	63.0			
1444511573		2014	20	57	134	2014	20	57.0	134	57.0			
1444511919		2004	15	51	339	2004	15	51.0	339	51.0			
1444511920		1991	10	31	127	1991	10	31.0	127	31.0			
1444511922		2005	15	57	24	2005	15	57.0	24	57.0			
1444513553		2005	13	43	13	2005	13	43.0	13	43.0			
1444515225		2019	13	38	36	2019	13	38.0	36	38.0			
1444515226		2019	13	38	45	2019	13	38.0	45	38.0			
1444515227		2018	15	43	20	2018	15	43.0	20	43.0			
1444524082		2025	19		221	2025	19		221	53.199999999999996			
1444527217		2015	20	60	315	2015	20	60.0	315	60.0			
1444527642		2020	14	42	40	2020	14	42.0	40	42.0			
1444527643		2020	14	42	50	2020	14	42.0	50	42.0			
1444527644		1996	10	35	110	1996	10	35.0	110	35.0			
1444527645		1991	14		113	1991	14		113	39.199999999999996			
1444528019		1991	14		101	1991	14		101	39.199999999999996			
1444528022		2002	12	38	71	2002	12	38.0	71	38.0			
1444529568		2022	18	56	131	2022	18	56.0	131	56.0			
1444529569		1990	15		117	1990	15		117	42.0			
1444529571		2025	23		165	2025	23		165	64.39999999999999			
1444529572		2025	23		165	2025	23		165	64.39999999999999			
1444529573		2022	18	56	200	2022	18	56.0	200	56.0			
1444530418		2022	19	56	105	2022	19	56.0	105	56.0			
1444531481		2024	16	51	75	2024	16	51.0	75	51.0			
1444531482		2021	15	58		2021	15	58.0		58.0			
1444532530		2023	16	48	24	2023	16	48.0	24	48.0			
1444533131		2019	14	46	114	2019	14	46.0	114	46.0			
1444533637		2025	22		200	2025	22		200	61.599999999999994			
1444533638		2025	22		199	2025	22		199	61.599999999999994			
1444540916		2022	14	40	50	2022	14	40.0	50	40.0			
1444540917		2022	7	21	17	2022	7	21.0	17	21.0			
1450074673	Lucid house	2007-07-27	3	10		2007	3	10.0		10.0			
1455212451		2012	15	43	50	2012	15	43.0	50	43.0	11680-4090	131.9865615115071	0.0
1455422543		2014	15	44	60	2014	15	44.0	60	44.0	11680-4319	278.02624054199464	0.0
1455422544		2014	15	44	60	2014	15	44.0	60	44.0	11680-4319	222.51902562514675	0.0
1455422545		2014	15	44	60	2014	15	44.0	60	44.0	11680-4319	169.6609176928122	0.0
1455422546		2014	15	44	56	2014	15	44.0	56	44.0	11680-4319	124.90802442086631	0.0
1455422547		2014	15	44	44	2014	15	44.0	44	44.0	11680-4319	108.69600821598658	0.0
1455422548		2014	15	44	44	2014	15	44.0	44	44.0	11680-4319	54.26687579877349	0.0
1455422549		2014	15	44	44	2014	15	44.0	44	44.0	11680-4319	81.34832229799487	0.0
1455422550		2014	15	44	59	2014	15	44.0	59	44.0	11680-4319	136.35272766152494	0.0
1455422551		2014	15	44	59	2014	15	44.0	59	44.0	11680-4319	178.5848477343006	0.0
1455422552		2014	15	44	59	2014	15	44.0	59	44.0	11680-4319	223.83154405513866	0.0
1455422553		2014	15	44	59	2014	15	44.0	59	44.0	11680-4319	275.8247346024106	0.0
1455422554		2014	15	44	30	2014	15	44.0	30	44.0	11680-4319	222.97340198488382	0.0
1455422555		2014	15	44	30	2014	15	44.0	30	44.0			
1455422556		2014	15	44	29	2014	15	44.0	29	44.0	11680-4319	264.41298428885875	0.0
1455422557		2014	15	44	29	2014	15	44.0	29	44.0			
1455422558		2014	15	44	59	2014	15	44.0	59	44.0			
1455422559		2014	15	44	60	2014	15	44.0	60	44.0			
1455422560		2014	15	44	59	2014	15	44.0	59	44.0			
1455422561		2014	15	44	60	2014	15	44.0	60	44.0			
1455423927		2022	10	46	215	2022	10	46.0	215	46.0	11680-4332	104.4529628746817	-1.0
1455424623		2017	10	38	78	2017	10	38.0	78	38.0	11680-4297	113.51206874001964	-1.0
1455441001		2014	10	31	54	2014	10	31.0	54	31.0	11680-4298	96.81822514825046	0.0
1455441002		2014	10	31	36	2014	10	31.0	36	31.0	11680-4298	52.743954365111904	0.0
1455441003		2014	10	31	50	2014	10	31.0	50	31.0	11680-4298	124.9287586429308	0.0
1455441004		2014	10	31	50	2014	10	31.0	50	31.0	11680-4298	104.20766949603146	0.0
1455441005		2014	10	31	50	2014	10	31.0	50	31.0	11680-4298	154.90211905030276	0.0
1455441006		2014	10	31	38	2014	10	31.0	38	31.0	11680-4298	210.3294587811229	0.0
1455441007		2014	10	31	50	2014	10	31.0	50	31.0	11680-4298	274.0022804530149	0.0
1455441008		2014	10	31	39	2014	10	31.0	39	31.0	11680-4298	240.80106295224365	0.0
1455441009		2014	10	31	58	2014	10	31.0	58	31.0	11680-4298	212.21274315804217	0.0
1455441010		2014	10	31	58	2014	10	31.0	58	31.0	11680-4298	194.963160030974	0.0
1455441011		2014	10	31	59	2014	10	31.0	59	31.0	11680-4298	197.94296590003609	0.0
1455441012		2014	8	25	32	2014	8	25.0	32	25.0	11680-4298	189.9456766890401	0.0
1455441013		2014	9	28	44	2014	9	28.0	44	28.0	11680-4298	272.453008866369	0.0
1455441014		2014	8	25	46	2014	8	25.0	46	25.0	11680-4298	236.6326900427129	0.0
1455441015		2014	10	31	76	2014	10	31.0	76	31.0	11680-4298	178.75836504076545	0.0
1455441016		2014	10	31	70	2014	10	31.0	70	31.0	11680-4298	141.20780635885777	0.0
1455441017		2014	10	31	54	2014	10	31.0	54	31.0	11680-4298	113.48038025772365	0.0
1455447082		2013	15	45	85	2013	15	45.0	85	45.0	11680-4199	90.29442214292463	0.0
1455447083		2013	15	45	60	2013	15	45.0	60	45.0	11680-4199	76.5724886356963	0.0
1455447084		2013	15	45	84	2013	15	45.0	84	45.0	11680-4398	116.03713148324947	0.0
1455447085		2013	15	45	90	2013	15	45.0	90	45.0	11680-4199	101.44418024194505	0.0
1455447086		2013	15	45	89	2013	15	45.0	89	45.0	11680-4199	129.572156514649	0.0
1455447087		2013	15	45	60	2013	15	45.0	60	45.0	11680-4199	157.5935606963971	0.0
1455447088		2013	10	31	58	2013	10	31.0	58	31.0	11680-4199	145.3700135451442	0.0
1455447089		2013	15	45	90	2013	15	45.0	90	45.0	11680-4199	92.79597349370722	0.0
1455447090		2013	10	31	40	2013	10	31.0	40	31.0	11680-3964	138.33756173245723	0.0
1455447091		2013	10	31	40	2013	10	31.0	40	31.0	11680-3964	151.56386164515146	0.0
1455447092		2013	15	45	57	2013	15	45.0	57	45.0	11680-4199	35.64189109392132	0.0
1455447093		2013	15	45	56	2013	15	45.0	56	45.0	11680-4199	20.812542428054236	0.0
1455447553		2011	10	30	92	2011	10	30.0	92	30.0	11680-3965	139.26108772621998	0.0
1455447554		2011	13	39	99	2011	13	39.0	99	39.0	11680-3965	73.9174944659484	0.0
1455447555		2011	13	39	66	2011	13	39.0	66	39.0	11680-3965	31.628534332037958	0.0
1455447556		2011	12	36	44	2011	12	36.0	44	36.0	11680-3965	44.267799466697554	0.0
1455447557		2011	12	36	44	2011	12	36.0	44	36.0	11680-3965	97.9501957193693	0.0
1455447558		2011	10	30	50	2011	10	30.0	50	30.0	11680-3965	137.6494286364053	0.0
1455448080		2011	12	36	43	2011	12	36.0	43	36.0	11680-3964	52.58998355523201	0.0
1455448081		2011	13	39	43	2011	13	39.0	43	39.0	11680-3964	6.161958077833862	0.0
1455448082		2011	14	42	49	2011	14	42.0	49	42.0	11680-3964	48.43129954522584	0.0
1455448083		2011	13	39	71	2011	13	39.0	71	39.0	11680-3964	69.15781709834827	0.0
1455448084		2011	11	33	73	2011	11	33.0	73	33.0	11680-3964	116.52536800947321	0.0
1455448085		2011	14	42	85	2011	14	42.0	85	42.0	11680-3964	61.48268328066697	0.0
1455448086		2011	12	36	43	2011	12	36.0	43	36.0	11680-3964	92.96228190119946	0.0
1455454175		2011	13	39	56	2011	13	39.0	56	39.0	11680-3953	25.086803844233007	0.0
1455454176		2011	14	42	68	2011	14	42.0	68	42.0	11680-3953	51.987261486732635	0.0
1455454177		2011	14	42	65	2011	14	42.0	65	42.0	11680-3953	98.77308228953746	0.0
1455454178		2011	14	42	86	2011	14	42.0	86	42.0	11680-3953	144.62691105954679	0.0
1455454179		2011	9	27	28	2011	9	27.0	28	27.0	11680-3953	160.73420283062006	0.0
1455454180		2011	8	24	30	2011	8	24.0	30	24.0	11680-3953	123.17647374721287	0.0
1455454181		2011	8	24	30	2011	8	24.0	30	24.0	11680-3953	95.62718918019291	0.0
1455455001		2011	13	39	108	2011	13	39.0	108	39.0	11680-3965	119.9500567471461	0.0
1455455002		2011	12	36	44	2011	12	36.0	44	36.0	11680-4003	73.88315835599137	0.0
1455455003		2011	13	38	87	2011	13	38.0	87	38.0	11680-4003	112.79642416029863	0.0
1455455004		2011	10	30	40	2011	10	30.0	40	30.0	11680-3965	112.72249587237043	0.0
1455455005		2011	9	27	14	2011	9	27.0	14	27.0	11680-4003	149.3571871991324	0.0
1455455006		2011	8	24	30	2011	8	24.0	30	24.0	11680-3965	84.57181526791676	0.0
1455455007		2011	12	36	40	2011	12	36.0	40	36.0	11680-4003	119.55796868392156	0.0
1455455008		2011	13	39	44	2011	13	39.0	44	39.0	11680-4003	63.81569819534882	0.0
1456494807	102		6	17			6	17.0		17.0	11680-687	115.75641820164651	0.0
1456494808	101		7	20			7	20.0		20.0	11680-687	129.2480282819613	0.0
1456494812	세연파크뷰아파트										11680-447	148.55256802294312	0.0
1456956508	805		33	85.8	1, 2, 3		33	85.8	1	85.8	11680-4988	11.776576960598614	0.0
1456956512	811		35		3, 4, 5		35		3	98.0	11680-4988	74.44358231039168	0.0
1456956513	811		19		1, 2		19		1	53.199999999999996	11680-4988	107.96101880632776	0.0
1456956530	807		30		1, 4		30		1	84.0	11680-4988	67.86500370804505	0.0
1457045876	105	2017	20	57	69	2017	20	57.0	69	57.0	11680-4637	93.94059416885024	0.0
1457055564	152												
1457055565	156										11680-4800	219.43887766641592	0.0
1457055566	158										11680-4800	114.41011025798622	0.0
1457055567	160										11680-4800	88.49442942206409	0.0
1457055568	161										11680-4800	221.2776687367098	0.0
1457055569	159										11680-4800	85.10850346434782	0.0
1457055570	151												
1457055571	150												
1457055572	149												
1457055573	171		7		1, 2, 3, 4, 5, 6		7		1	19.599999999999998	11680-5268	229.7079949393718	0.0
1457055574	172		7				7			19.599999999999998	11680-5268	180.94681505484266	0.0
1457055576	174										11680-5268	104.48241629877684	0.0
1457055577	166										11680-5268	214.72716633711684	0.0
1457055578	165										11680-5268	237.54660714382905	0.0
1457055579	163										11680-4800	299.36774829138574	0.0
1457055580	162												
1457055581	102										11680-5268	40.85644622479372	0.0
1457055582	101										11680-5268	26.176703928450003	0.0
1457060809													
1457060810													
1457363488	802										11680-4988	169.9773474160215	0.0
1458052388	101		15				15			42.0	11680-5251	72.36587740661206	0.0
1458052389	108		13				13			36.4	11680-5251	72.22356475393038	0.0
1458052390	107		7				7			19.599999999999998	11680-5251	78.19435995757422	0.0
1458052391	106		7				7			19.599999999999998	11680-5251	110.47560079456872	0.0
1458052392	105		7				7			19.599999999999998	11680-5251	126.62756613987733	0.0
1458052393	102		16				16			44.8	11680-5251	120.74490417951631	0.0
1458052394	103										11680-5251	150.21404357871336	0.0
1458052395	104										11680-5251	167.59294073293742	0.0
1459270129													
1463272382													
1463272383													
1467081979	시티프라디움더강남2차										11680-4958	76.00392706169633	0.0
1467081990	102										11680-4958	80.385822917645	0.0
1467537432		2018	17	48	68	2018	17	48.0	68	48.0			
1478830902		1990	18		108	1990	18		108	50.4			
1478830906		1990	21		105	1990	21		105	58.8			
1478831149		1989	19		72	1989	19		72	53.199999999999996			
1478831150		1989	19		133	1989	19		133	53.199999999999996			
1478831151		1989	19		76	1989	19		76	53.199999999999996			
1478831152		1989	19		133	1989	19		133	53.199999999999996			
1478831153		1989	19		95	1989	19		95	53.199999999999996			
1479034425		1997	30	82	180	1997	30	82.0	180	82.0			
1479034426		1997	28	76	110	1997	28	76.0	110	76.0			
1479034427		1997	27	74	102	1997	27	74.0	102	74.0			
1479034428		1997	29	79	116	1997	29	79.0	116	79.0			
1479034429		1997	29	79	112	1997	29	79.0	112	79.0			
1479034430		1997	29	79	174	1997	29	79.0	174	79.0			
1479034431		1997	26	71	102	1997	26	71.0	102	71.0			
1479034432		1997	30	82	300	1997	30	82.0	300	82.0			
1479034433		1997	30	82	60	1997	30	82.0	60	82.0			
1479034434		1997	30	82	60	1997	30	82.0	60	82.0			
1479034435		1997	30	82	60	1997	30	82.0	60	82.0			
1479034436		1997	27	74	54	1997	27	74.0	54	74.0			
1479034437		1997	27	74	54	1997	27	74.0	54	74.0			
1479034438		1997	27	74	54	1997	27	74.0	54	74.0			
1479034439		1997	27	74	54	1997	27	74.0	54	74.0			
1479035281		1996	24	75	96	1996	24	75.0	96	75.0			
1479035282		1996	24	75	96	1996	24	75.0	96	75.0			
1479035283		1996	24	75	96	1996	24	75.0	96	75.0			
1479035284		1996	23	75	92	1996	23	75.0	92	75.0			
1479035285		1996	24	75	96	1996	24	75.0	96	75.0			
1479035286		1996	20		80	1996	20		80	56.0			
1479035287		1996	20		120	1996	20		120	56.0			
1479035288		1996	24	75	144	1996	24	75.0	144	75.0			
1479035289		1996	23	75	138	1996	23	75.0	138	75.0			
1479035290		1996	27	75	108	1996	27	75.0	108	75.0			
1479035291		1996	27	75	108	1996	27	75.0	108	75.0			
1479035292		1996	27	75	108	1996	27	75.0	108	75.0			
1479035293		1996	27	75	108	1996	27	75.0	108	75.0			
1479035294		1996	27	75	108	1996	27	75.0	108	75.0			
1479035295		1996	27	75	108	1996	27	75.0	108	75.0			
1479036459		2001	24	83	251	2001	24	83.0	251	83.0			
1479036460		2006	18	55	92	2006	18	55.0	92	55.0			
1479036461		1994	18	47	108	1994	18	47.0	108	47.0			
1479036462		1994	26	69	141	1994	26	69.0	141	69.0			
1479036463		1994	25	66	172	1994	25	66.0	172	66.0			
1479036601		2002	22	61	86	2002	22	61.0	86	61.0			
1479036602		2002	22	61	44	2002	22	61.0	44	61.0			
1479037021		2001	17	47	98	2001	17	47.0	98	47.0			
1479037022		2002	10	40	144	2002	10	40.0	144	40.0			
1479041879		1992	21	58	168	1992	21	58.0	168	58.0			
1479041880		1992	17	47	102	1992	17	47.0	102	47.0			
1479041881		1992	20	58	84	1992	20	58.0	84	58.0			
1479043729		2004	20	62	67	2004	20	62.0	67	62.0			
1479043733		2009	14	44	83	2009	14	44.0	83	44.0			
1479192148		1983	12		60	1983	12		60	33.599999999999994			
1479192149		1983	12		72	1983	12		72	33.599999999999994			
1479192150		1983	12		72	1983	12		72	33.599999999999994			
1479192151		1983	12		72	1983	12		72	33.599999999999994			
1479192152		1983	12		72	1983	12		72	33.599999999999994			
1479192153		1983	12		96	1983	12		96	33.599999999999994			
1479217100		2001	19	55	18	2001	19	55.0	18	55.0			
1479249857		2024	27	83	300	2024	27	83.0	300	83.0			
1479249858		2025	29	83	134	2025	29	83.0	134	83.0			
1479249859		2025	32	92	146	2025	32	92.0	146	92.0			
1479249860		2025	27	78	152	2025	27	78.0	152	78.0			
1479249861		2025	48	146	202	2025	48	146.0	202	146.0			
1479249862		2025	48	146	206	2025	48	146.0	206	146.0			
1479249863		2025	48	146	223	2025	48	146.0	223	146.0			
1479250807		2020	10	39	14	2020	10	39.0	14	39.0			
1479250808		2021	11	41	22	2021	11	41.0	22	41.0			
1479250809		2018	9	30	20	2018	9	30.0	20	30.0			
1479250810		2019	9	32	7	2019	9	32.0	7	32.0			
1479250811		1996	10	29	18	1996	10	29.0	18	29.0			
1479250812		2021	14	47	98	2021	14	47.0	98	47.0			
1479251293		2020	11	37	74	2020	11	37.0	74	37.0			
1479251294		2023	15	52	70	2023	15	52.0	70	52.0			
1479251939		1997	22	66	70	1997	22	66.0	70	66.0			
1479251940		1997	22	66	70	1997	22	66.0	70	66.0			
1479251941		1997	22	66	133	1997	22	66.0	133	66.0			
1479266465		2005	12	35	60	2005	12	35.0	60	35.0			
1479266466		2017	29	93	98	2017	29	93.0	98	93.0			
1479266467		2017	29	93	98	2017	29	93.0	98	93.0			
1479266468		2019	17	70	107	2019	17	70.0	107	70.0			
1479290875		2019	10	38	14	2019	10	38.0	14	38.0			
1479290876		2004	13	43	76	2004	13	43.0	76	43.0			
1479290877		2020	9	42	9	2020	9	42.0	9	42.0			
1479290878		2014	9	33	24	2014	9	33.0	24	33.0			
1479290879		2019	15	64	120	2019	15	64.0	120	64.0			
1479290881		2021	9	46	29	2021	9	46.0	29	46.0			
1479290882		2024	19	70	80	2024	19	70.0	80	70.0			
1479452537		1991	12		60	1991	12		60	33.599999999999994			
1479452538		1991	13		148	1991	13		148	36.4			
1479452539		2002	25	68	185	2002	25	68.0	185	68.0			
1479452540		1996	23	64	230	1996	23	64.0	230	64.0			
1479452541		1996	23	64	209	1996	23	64.0	209	64.0			
1479452542		1997	19	51	150	1997	19	51.0	150	51.0			
1479452543		2005	12	38	75	2005	12	38.0	75	38.0			
1479452772		1993	13	36	74	1993	13	36.0	74	36.0			
1479452773		1993	18		108	1993	18		108	50.4			
1479452980		1999	25	69	94	1999	25	69.0	94	69.0			
1479452981		1999	17	47	61	1999	17	47.0	61	47.0			
1479452982		1999	25	69	95	1999	25	69.0	95	69.0			
1479452983		1999	19	52	72	1999	19	52.0	72	52.0			
1479453554		1997	11	34	19	1997	11	34.0	19	34.0			
1479453555		1993	9	29	18	1993	9	29.0	18	29.0			
1479453556		1998	16	43	65	1998	16	43.0	65	43.0			
1479453557		1998	23	62	118	1998	23	62.0	118	62.0			
1479453558		1998	19	51	88	1998	19	51.0	88	51.0			
1479453559		1999	19	58	76	1999	19	58.0	76	58.0			
1479453560		1999	19	58	156	1999	19	58.0	156	58.0			
1479453774		2005	13	36	43	2005	13	36.0	43	36.0			
1479453775		1997	15	47	14	1997	15	47.0	14	47.0			
1479597455		2017	13	36	27	2017	13	36.0	27	36.0			
1479597456		2020	10	39	13	2020	10	39.0	13	39.0			
1479597457		2020	10	39	13	2020	10	39.0	13	39.0			
1479597458		2020	9	31	24	2020	9	31.0	24	31.0			
1479598106		2023	19	56	83	2023	19	56.0	83	56.0			
1479598107		2023	18	53	82	2023	18	53.0	82	53.0			
1479599472		2001	12	35	19	2001	12	35.0	19	35.0			
1479599473		2002	14	39	28	2002	14	39.0	28	39.0			
1479599474		2001	11	32	40	2001	11	32.0	40	32.0			
1479607407		1989	15		150	1989	15		150	42.0			
1479607408		1989	15		135	1989	15		135	42.0			
1479607409		1989	15		120	1989	15		120	42.0			
1479608879		1989	13		66	1989	13		66	36.4			
1479608880		1998	18	48	92	1998	18	48.0	92	48.0			
1479608881		1998	22	60	110	1998	22	60.0	110	60.0			
1479608882		1998	22	60	44	1998	22	60.0	44	60.0			
1479608883		1998	22	60	66	1998	22	60.0	66	60.0			
1479608884		1998	22	60	313	1998	22	60.0	313	60.0			
1479611391		1996	18	50	92	1996	18	50.0	92	50.0			
1479611392		1990	15		80	1990	15		80	42.0			
1479612452		1989	15		60	1989	15		60	42.0			
1479612453		1989	15		75	1989	15		75	42.0			
1479612454		1989	12		46	1989	12		46	33.599999999999994			
1479612455		1989	12		68	1989	12		68	33.599999999999994			
1479612456		1989	15		127	1989	15		127	42.0			
1479612457		1989	11		44	1989	11		44	30.799999999999997			
1479612458		1989	11		44	1989	11		44	30.799999999999997			
1479612459		1992	14	42	96	1992	14	42.0	96	42.0			
1479670524		1997	18	48	140	1997	18	48.0	140	48.0			
1479670525		1993	24	66	122	1993	24	66.0	122	66.0			
1479670526		1993	24	66	233	1993	24	66.0	233	66.0			
1479670921		1995	11	31	47	1995	11	31.0	47	31.0			
1479670922		1991	11		84	1991	11		84	30.799999999999997			
1479670923		1991	11		74	1991	11		74	30.799999999999997			
1479672459		2006	15	40	58	2006	15	40.0	58	40.0			
1479672460		2006	15	40	58	2006	15	40.0	58	40.0			
1479674977		2021	27	79	159	2021	27	79.0	159	79.0			
1479674978		2021	27	79	146	2021	27	79.0	146	79.0			
1479675843		1999	12	36	20	1999	12	36.0	20	36.0			
1479675844		1999	12	36	20	1999	12	36.0	20	36.0			
1479675845		1999	19	54	68	1999	19	54.0	68	54.0			
1479675846		1999	25	71	206	1999	25	71.0	206	71.0			
1479801417		1994	10	28	59	1994	10	28.0	59	28.0			
1479801418		1994	11	30	60	1994	11	30.0	60	30.0			
1479801419		2000	19	52	104	2000	19	52.0	104	52.0			
1479801420		2000	11	31	37	2000	11	31.0	37	31.0			
1479801936		2006	13	40	48	2006	13	40.0	48	40.0			
1479801937		2006	12	33	39	2006	12	33.0	39	33.0			
1479801938		2006	13	40	70	2006	13	40.0	70	40.0			
1479801939		2009	13	37	38	2009	13	37.0	38	37.0			
1479801940		2009	13	37	38	2009	13	37.0	38	37.0			
1479801941		2009	13	37	38	2009	13	37.0	38	37.0			
1480386748		1994	12	52	103	1994	12	52.0	103	52.0			
1480386749		1994	10	28	20	1994	10	28.0	20	28.0			
1480386750		2001	19	53	74	2001	19	53.0	74	53.0			
1480386751		2001	19	53	68	2001	19	53.0	68	53.0			
1480619747		2001	19	53	136	2001	19	53.0	136	53.0			
1480619748		2001	5	13	10	2001	5	13.0	10	13.0			
1484160821		2000	11	34	19	2000	11	34.0	19	34.0			
1514903839	202동	2008	24	67	72	2008	24	67.0	72	67.0			
1514903840	204동	2008	28	78	84	2008	28	78.0	84	78.0			
