osm_id	name	is_tunnel	geometry
545419309	서해선	True	LINESTRING (126.795196 37.482419, 126.79539 37.481672, 126.79553 37.481143, 126.795562 37.480338, 126.795582 37.471596, 126.795599 37.471472, 126.795669 37.471174, 126.795757 37.470973, 126.797249 37.4687, 126.797758 37.467818, 126.798301 37.466815, 126.798771 37.465844, 126.798937 37.464991, 126.798897 37.46412, 126.798673 37.463216, 126.796758 37.457692, 126.795245 37.454482, 126.793051 37.450105, 126.787243 37.439956, 126.786873 37.439337, 126.786586 37.438855, 126.785341 37.436671, 126.784899 37.434901, 126.784228 37.430767, 126.784098 37.428692, 126.784092 37.428605, 126.784107 37.428506, 126.784157 37.425372, 126.78422 37.425108, 126.784504 37.423624, 126.784798 37.422698, 126.786985 37.415787, 126.787882 37.409689, 126.787996 37.408952, 126.788372 37.406408, 126.788596 37.404978)
627269974	서해선	True	LINESTRING (126.788546 37.404975, 126.787923 37.408945, 126.787804 37.409688, 126.786896 37.415775, 126.784732 37.422617, 126.784416 37.423617, 126.784093 37.425385, 126.783982 37.428499, 126.783969 37.428602, 126.783982 37.428696, 126.784007 37.429051, 126.784131 37.430782, 126.784811 37.434915, 126.785261 37.436707, 126.786497 37.438862, 126.786529 37.438937, 126.786782 37.439361, 126.787158 37.439989, 126.792966 37.450136, 126.796614 37.457733, 126.79854 37.463243, 126.798781 37.464142, 126.798835 37.464972, 126.798671 37.465806, 126.798203 37.466782, 126.797667 37.467783, 126.797155 37.468678, 126.795664 37.470933, 126.795579 37.47115, 126.795504 37.471456, 126.795487 37.471593, 126.795466 37.480335, 126.795452 37.481127, 126.795419 37.48125, 126.795314 37.481646, 126.795235 37.48194, 126.79523 37.481959, 126.794775 37.483696)
311725642	3군지사선	False	LINESTRING (126.837885 37.45048, 126.837927 37.450197)
311725668	3군지사선	False	LINESTRING (126.837526 37.46308, 126.837607 37.462853, 126.837743 37.462273, 126.838564 37.458113, 126.83864 37.457623, 126.838652 37.457254, 126.83862 37.456863, 126.838437 37.456174, 126.837743 37.454111, 126.837726 37.454073, 126.837584 37.453548, 126.837504 37.452995, 126.837497 37.452418, 126.837553 37.451927, 126.837662 37.45137, 126.837885 37.45048)
311725678	3군지사선	False	LINESTRING (126.835107 37.465374, 126.835504 37.465148, 126.835849 37.464968, 126.836114 37.464808)
311725693	3군지사선	False	LINESTRING (126.824342 37.47099, 126.825074 37.470564, 126.826504 37.46973, 126.827447 37.46923, 126.830477 37.467702, 126.834629 37.465614, 126.834871 37.465492, 126.835107 37.465374)
481529483	3군지사선	False	LINESTRING (126.837927 37.450197, 126.837934 37.45017, 126.838302 37.448523, 126.838333 37.448044, 126.838308 37.447579, 126.837889 37.445367, 126.83768 37.443746, 126.837582 37.441861)
481529664	3군지사선	False	LINESTRING (126.837582 37.441861, 126.837585 37.440478, 126.837382 37.438471, 126.837447 37.437844, 126.837825 37.437059, 126.838764 37.435107, 126.839228 37.433926, 126.839469 37.433122, 126.839651 37.432518, 126.841692 37.426139, 126.843781 37.422387, 126.844163 37.421309, 126.844326 37.420475, 126.845106 37.416472, 126.845513 37.414412, 126.845505 37.413914, 126.845342 37.413327, 126.844951 37.412793, 126.844544 37.412423)
1098581055	3군지사선	False	LINESTRING (126.837502 37.463144, 126.837526 37.46308)
1098581056	3군지사선	False	LINESTRING (126.836114 37.464808, 126.836335 37.46465, 126.836681 37.464348, 126.83695 37.464057, 126.837117 37.463856, 126.837315 37.463542, 126.83738 37.463422, 126.83747 37.463237, 126.837502 37.463144)
167714001	시흥연결선	True	LINESTRING (126.897581 37.439913, 126.897931 37.440646, 126.898195 37.441354, 126.898378 37.442053, 126.898515 37.442896, 126.898554 37.443783, 126.898461 37.444704, 126.89829 37.4456, 126.898012 37.446431, 126.897161 37.448378)
167718876	광명주박기지선	True	LINESTRING (126.891842 37.428065, 126.891502 37.427712, 126.891198 37.427295, 126.890765 37.42651, 126.890341 37.425441, 126.889649 37.424116, 126.889305 37.42351, 126.888946 37.423029, 126.88864 37.422645, 126.888309 37.422187, 126.887871 37.421617)
167718877		False	LINESTRING (126.8962 37.431614, 126.896268 37.43176, 126.896384 37.43201)
167718878		False	LINESTRING (126.896258 37.431595, 126.896268 37.43176, 126.896285 37.432026)
167718879	광명주박기지선	True	LINESTRING (126.887554 37.421847, 126.88774 37.422248, 126.887917 37.423053, 126.888112 37.424435, 126.888356 37.425336, 126.888748 37.426133, 126.889039 37.426588, 126.889322 37.426879, 126.889779 37.427195, 126.890287 37.42754, 126.89075 37.427818, 126.891222 37.428144, 126.891639 37.42838)
167718880	시흥연결선	True	LINESTRING (126.897209 37.448393, 126.898071 37.446433, 126.898405 37.445433, 126.898592 37.444458, 126.898659 37.443598, 126.898594 37.442814, 126.898462 37.442044, 126.89828 37.441354, 126.898033 37.440647, 126.897658 37.43988)
167718882		False	LINESTRING (126.898066 37.436944, 126.897285 37.434104, 126.897049 37.433561, 126.896902 37.433224, 126.896726 37.432821, 126.896603 37.432537, 126.896477 37.432248)
167718883	광명주박기지선	False	LINESTRING (126.891639 37.42838, 126.892966 37.428989)
310013689		True	LINESTRING (126.888258 37.422494, 126.887871 37.421617, 126.887629 37.42108, 126.887267 37.420323, 126.886466 37.418948)
310013691	시흥연결선	False	LINESTRING (126.896176 37.45074, 126.896597 37.449807, 126.897209 37.448393)
310013692	시흥연결선	False	LINESTRING (126.897161 37.448378, 126.89654 37.44984, 126.896139 37.450736)
310013693	시흥연결선	False	LINESTRING (126.896139 37.450736, 126.895834 37.451388, 126.895589 37.45195)
310013695	시흥연결선	False	LINESTRING (126.89564 37.451965, 126.896176 37.45074)
311747047		False	LINESTRING (126.891533 37.461123, 126.891407 37.46148, 126.891247 37.461934)
311747050	경부선	False	LINESTRING (126.894641 37.45449, 126.895038 37.453576, 126.895271 37.453029, 126.895718 37.45202, 126.896126 37.451041, 126.896577 37.450121, 126.89691 37.449386, 126.897026 37.44913, 126.897492 37.448095, 126.897637 37.447742, 126.898267 37.446286, 126.898786 37.444986, 126.899478 37.443444, 126.900682 37.440716, 126.901316 37.439287, 126.90169 37.438369, 126.901875 37.437732, 126.902037 37.437166, 126.902193 37.436451, 126.902564 37.434541, 126.902646 37.434114, 126.902705 37.4337, 126.902819 37.433153, 126.903009 37.432119, 126.903331 37.43029, 126.903682 37.4285, 126.903789 37.428018, 126.903879 37.427676, 126.90406 37.427186, 126.904209 37.426818, 126.904723 37.425853, 126.905274 37.424866, 126.906063 37.42341, 126.907002 37.421674, 126.907209 37.421358, 126.907488 37.420977, 126.907734 37.420676, 126.909006 37.419121, 126.909308 37.41875, 126.909682 37.418256, 126.910185 37.417591, 126.911198 37.416331)
315014302		False	LINESTRING (126.894544 37.454023, 126.894278 37.454526, 126.894029 37.455019, 126.893561 37.456013, 126.893372 37.456457, 126.892911 37.457479, 126.892456 37.458547)
315014303		False	LINESTRING (126.892783 37.458611, 126.893018 37.458217, 126.893245 37.457701, 126.893669 37.456767, 126.893717 37.456664, 126.894616 37.454705, 126.89485 37.454193, 126.895205 37.453269, 126.895271 37.453029)
315014306		False	LINESTRING (126.892526 37.458282, 126.892456 37.458547, 126.892327 37.458834, 126.892144 37.459253, 126.891721 37.460225, 126.891211 37.461495, 126.891185 37.461576, 126.891138 37.461893)
315014308		False	LINESTRING (126.894278 37.454526, 126.893604 37.456029, 126.893411 37.456466, 126.892903 37.457614, 126.892392 37.458842, 126.89219 37.459315, 126.891981 37.459844, 126.891807 37.460247, 126.891302 37.461481, 126.891256 37.461597, 126.891138 37.461893, 126.891001 37.462246, 126.890681 37.463025, 126.889927 37.464715)
315014309		False	LINESTRING (126.8922 37.459765, 126.892548 37.459141)
315014310		False	LINESTRING (126.890681 37.463025, 126.890986 37.462449)
315014311		False	LINESTRING (126.895245 37.452734, 126.895516 37.452243)
315014312		False	LINESTRING (126.893522 37.457177, 126.893669 37.456767)
315014313		False	LINESTRING (126.89219 37.459315, 126.892327 37.458834)
315014314		False	LINESTRING (126.894626 37.453852, 126.895154 37.452941)
315014315		False	LINESTRING (126.894641 37.45449, 126.895 37.453501, 126.895198 37.452955)
315014316		False	LINESTRING (126.891205 37.461921, 126.891407 37.46148, 126.891565 37.461137)
315014318		False	LINESTRING (126.891981 37.459844, 126.891872 37.460293)
315014319		False	LINESTRING (126.89191 37.460481, 126.89165 37.460929)
315014321		False	LINESTRING (126.893522 37.457177, 126.893692 37.456782, 126.893828 37.45656, 126.894006 37.456322)
315014326		False	LINESTRING (126.896128 37.450621, 126.895674 37.451592, 126.895494 37.451933)
315014327		False	LINESTRING (126.893717 37.456664, 126.893927 37.456277, 126.89465 37.454714, 126.894875 37.454208, 126.895113 37.453596, 126.895205 37.453269)
347708183		True	LINESTRING (126.885986 37.419036, 126.886741 37.420449, 126.887554 37.421847, 126.888104 37.422531)
400477156	광명주박기지선	False	LINESTRING (126.892996 37.428958, 126.89274 37.428824, 126.892483 37.428671, 126.89225 37.42849, 126.892038 37.42828, 126.891842 37.428065)
400477157	광명주박기지선	False	LINESTRING (126.892966 37.428989, 126.894168 37.42954, 126.89472 37.429806, 126.895066 37.430015, 126.895347 37.430213, 126.895578 37.430425, 126.895782 37.430675, 126.895951 37.430938, 126.896078 37.431218, 126.896121 37.431358)
400477158	광명주박기지선	False	LINESTRING (126.896177 37.43131, 126.896092 37.431088, 126.895952 37.430829, 126.895777 37.430571, 126.895576 37.430347, 126.895299 37.430104, 126.894965 37.429887, 126.894643 37.429717, 126.892996 37.428958)
400477159	광명주박기지선	False	LINESTRING (126.896285 37.432026, 126.896307 37.432209, 126.896328 37.432389, 126.89635 37.432526, 126.896375 37.432693, 126.896389 37.432899, 126.896439 37.433272, 126.896472 37.433426, 126.896747 37.43439, 126.897313 37.436458, 126.897605 37.437432, 126.897803 37.438151)
400480599		False	LINESTRING (126.896328 37.432389, 126.89632 37.432697, 126.896324 37.43287, 126.896354 37.43321, 126.8964 37.433585, 126.89644 37.433905, 126.896485 37.434271, 126.896527 37.434442, 126.89668 37.435002, 126.896982 37.436109, 126.897373 37.437452, 126.897582 37.438189)
400480600		False	LINESTRING (126.89644 37.433905, 126.896524 37.434234, 126.896575 37.434425, 126.89705 37.43615, 126.897454 37.437526, 126.897582 37.438189)
400480601		False	LINESTRING (126.896375 37.432693, 126.89644 37.432946, 126.896525 37.433236, 126.896626 37.433598, 126.896736 37.43399, 126.896842 37.434379, 126.897408 37.436436, 126.897714 37.437462, 126.897888 37.438134)
400480602		False	LINESTRING (126.896389 37.432899, 126.896437 37.4331, 126.896479 37.433265, 126.896559 37.433543, 126.896793 37.434392, 126.897356 37.436437, 126.897658 37.437441, 126.897848 37.438141)
400480603		False	LINESTRING (126.896354 37.43321, 126.896438 37.433562, 126.896555 37.433971, 126.896683 37.434414, 126.896844 37.435008, 126.897145 37.436121, 126.897324 37.43677, 126.897551 37.437487, 126.897723 37.438165)
400480604		False	LINESTRING (126.8964 37.433585, 126.896461 37.433838, 126.89659 37.434283, 126.89668 37.43461, 126.896859 37.435261, 126.897049 37.435955, 126.897226 37.43659, 126.897351 37.437026, 126.8975 37.4375, 126.897674 37.438173)
400480605		False	LINESTRING (126.896525 37.433236, 126.896596 37.433437, 126.896647 37.433547, 126.896792 37.433862, 126.896851 37.434023, 126.896942 37.434361, 126.897173 37.435198, 126.897418 37.436087, 126.897654 37.436939, 126.897822 37.437484, 126.897981 37.438117)
400480606		False	LINESTRING (126.896647 37.433547, 126.896721 37.433745, 126.896764 37.433895, 126.896897 37.434381, 126.89725 37.435658, 126.897494 37.43654, 126.897761 37.437458, 126.897927 37.438127)
400480607	광명주박기지선	False	LINESTRING (126.896477 37.432248, 126.896631 37.432783, 126.896828 37.433516, 126.897058 37.434346, 126.897382 37.435516, 126.897648 37.436518, 126.897887 37.437313, 126.897958 37.437574, 126.898098 37.438096)
400480608		False	LINESTRING (126.898054 37.438104, 126.897867 37.43741, 126.897713 37.436889, 126.897607 37.43656, 126.897468 37.436028, 126.897258 37.43525, 126.89724 37.435185, 126.89691 37.433995, 126.896894 37.43391, 126.896878 37.433788, 126.89687 37.433718, 126.896828 37.433516)
400480609		False	LINESTRING (126.898149 37.438087, 126.897932 37.437289, 126.8977 37.436512, 126.897574 37.436013, 126.89734 37.435163, 126.897105 37.434335, 126.897036 37.434086, 126.896968 37.433827, 126.89691 37.433608, 126.896802 37.433227, 126.896695 37.432848, 126.896603 37.432537)
400480610		False	LINESTRING (126.896726 37.432821, 126.896795 37.433035, 126.896939 37.433518, 126.897155 37.434326, 126.897424 37.435287, 126.89764 37.436059, 126.897944 37.43717, 126.898128 37.437827, 126.898197 37.438078)
400480611		False	LINESTRING (126.897671 37.435998, 126.897558 37.435589, 126.897337 37.434794, 126.897202 37.434308, 126.897084 37.433863, 126.896994 37.433509, 126.896902 37.433224)
400480612		False	LINESTRING (126.897995 37.436971, 126.897652 37.435671, 126.897268 37.434306, 126.897197 37.434043, 126.897049 37.433561)
589960560	경부선	False	LINESTRING (126.911051 37.416241, 126.910032 37.417518, 126.90945 37.418154, 126.909079 37.418633, 126.907686 37.420334, 126.907503 37.420562, 126.907108 37.421113, 126.905883 37.423345, 126.905123 37.424713, 126.90456 37.425785, 126.90404 37.426764, 126.903875 37.427145, 126.903705 37.427654, 126.903601 37.428005, 126.903503 37.428482, 126.903286 37.429559, 126.903144 37.430267, 126.902783 37.432105, 126.902366 37.434092, 126.902338 37.434253, 126.901942 37.436245, 126.901668 37.437723, 126.901488 37.438346, 126.901156 37.439212, 126.900515 37.440651, 126.900239 37.441236, 126.899291 37.443414, 126.898623 37.444939, 126.897433 37.447446, 126.897027 37.44836, 126.896061 37.45062, 126.895494 37.451933, 126.894626 37.453852)
589960561	경부선	False	LINESTRING (126.895154 37.452941, 126.894609 37.454215, 126.894405 37.454642, 126.893621 37.456431, 126.892201 37.459609, 126.891862 37.460444, 126.89165 37.460929, 126.891565 37.461137, 126.891247 37.461934, 126.890846 37.462917, 126.889908 37.465064, 126.88906 37.466966, 126.88706 37.471462, 126.883688 37.479075, 126.883028 37.480601, 126.880609 37.486016, 126.880345 37.486703, 126.880196 37.487168, 126.880105 37.487623, 126.880033 37.488361, 126.879898 37.490454, 126.879883 37.490675, 126.879866 37.490944, 126.879784 37.492075, 126.879656 37.494008, 126.879508 37.496086, 126.879447 37.496957, 126.879431 37.497527, 126.879492 37.498311, 126.879598 37.49883, 126.879774 37.499426, 126.879941 37.499887, 126.880223 37.500446, 126.880486 37.50088, 126.88074 37.501244, 126.881005 37.501576, 126.881332 37.501928, 126.881628 37.5022, 126.883517 37.503927, 126.884058 37.504383, 126.884695 37.504831, 126.886611 37.506025, 126.888208 37.507012, 126.889236 37.507659, 126.89042 37.508289, 126.89081 37.508478, 126.891431 37.508762, 126.892124 37.509063)
625513361	경부고속선	True	LINESTRING (126.888258 37.422494, 126.88636 37.419262)
625513367	경부선	False	LINESTRING (126.895589 37.45195, 126.895245 37.452734, 126.895154 37.452941)
625513368	경부선	False	LINESTRING (126.895198 37.452955, 126.895516 37.452243, 126.89564 37.451965)
625513369	경부선	False	LINESTRING (126.883021 37.480905, 126.883142 37.480632, 126.88379 37.479105, 126.887176 37.471493, 126.889167 37.466993, 126.889979 37.465173, 126.89103 37.462744, 126.891991 37.460474, 126.892548 37.459141, 126.892635 37.458906, 126.892723 37.458745, 126.892783 37.458611, 126.893194 37.457688, 126.893737 37.45656, 126.894538 37.454749, 126.894548 37.454728, 126.894559 37.454701, 126.894641 37.45449)
625513370	경부선	False	LINESTRING (126.894626 37.453852, 126.894544 37.454023, 126.894278 37.454622, 126.893483 37.456396)
625513371	경부선	False	LINESTRING (126.89564 37.451965, 126.896389 37.450426, 126.896533 37.450111, 126.89699 37.449104, 126.897019 37.44904, 126.897395 37.448184, 126.897435 37.448094, 126.898221 37.446265, 126.89874 37.444971, 126.899388 37.443438, 126.900371 37.441268, 126.901273 37.439244, 126.901638 37.438365, 126.901826 37.437702, 126.901947 37.437141, 126.902084 37.43643, 126.902528 37.434085, 126.903269 37.430282, 126.903622 37.428494, 126.903726 37.428014, 126.903821 37.427669, 126.903998 37.427172, 126.904153 37.4268, 126.904669 37.425831, 126.905224 37.424815, 126.906003 37.423389, 126.907084 37.4214, 126.907627 37.420623, 126.909201 37.418695, 126.909595 37.418218, 126.909982 37.417716, 126.910612 37.416909, 126.91112 37.416294)
625513372	경부선	False	LINESTRING (126.911101 37.416277, 126.910083 37.417543, 126.909553 37.418199, 126.907595 37.420607, 126.907034 37.421385, 126.905943 37.423367, 126.905174 37.424764, 126.904614 37.425808, 126.904096 37.426782, 126.903936 37.427159, 126.903763 37.427661, 126.903664 37.428009, 126.903562 37.428488, 126.903206 37.430274, 126.902485 37.434082, 126.902266 37.435251, 126.902047 37.436419, 126.901909 37.437135, 126.90176 37.437723, 126.901562 37.438341, 126.901206 37.439228, 126.900304 37.441252, 126.899344 37.443425, 126.898669 37.444956, 126.897482 37.44744, 126.897066 37.448374, 126.896128 37.450621, 126.895589 37.45195)
625513374	경부선	False	LINESTRING (126.893483 37.456396, 126.891872 37.460293, 126.891619 37.460924, 126.891533 37.461123, 126.891205 37.461921, 126.890986 37.462449, 126.890699 37.463117, 126.889842 37.465045, 126.889036 37.46688, 126.887001 37.471446, 126.883637 37.47906, 126.88296 37.480583, 126.882164 37.48238)
772081521	경부선	False	LINESTRING (126.892146 37.50903, 126.891448 37.508736, 126.890829 37.508452, 126.890444 37.508262, 126.889264 37.507622, 126.888247 37.506979, 126.886646 37.505991, 126.885376 37.505215, 126.884718 37.504808, 126.884094 37.50436, 126.883559 37.503899, 126.88167 37.502176, 126.881372 37.501912, 126.881058 37.501554, 126.880784 37.501228, 126.880529 37.500864, 126.88026 37.500432, 126.879982 37.499881, 126.879809 37.499416, 126.879645 37.498825, 126.879539 37.498308, 126.879482 37.497524, 126.87949 37.496957, 126.87958 37.496084, 126.879698 37.494002, 126.879848 37.492076, 126.879929 37.490942, 126.879974 37.490235, 126.880094 37.488362, 126.880166 37.487631, 126.880249 37.487176, 126.880406 37.486721, 126.880682 37.486038, 126.88307 37.480612, 126.883739 37.47909, 126.887118 37.471477, 126.889114 37.466976, 126.889951 37.465071, 126.890763 37.463273, 126.89191 37.460481, 126.8922 37.459765, 126.893613 37.456529, 126.89442 37.454697, 126.894439 37.454656, 126.894641 37.454234, 126.895198 37.452955)
816500833	경부고속선	True	LINESTRING (126.886305 37.419276, 126.888104 37.422531)
876389705	경부고속선	True	LINESTRING (126.888104 37.422531, 126.889376 37.42489, 126.89706 37.438941, 126.897183 37.43917, 126.897581 37.439913)
876389706	경부고속선	True	LINESTRING (126.897658 37.43988, 126.897175 37.438969, 126.889749 37.425438, 126.888258 37.422494)
1033839086		False	LINESTRING (126.893509 37.457245, 126.893522 37.457177)
1033839087		False	LINESTRING (126.897395 37.448184, 126.897637 37.447742)
1033839088		False	LINESTRING (126.89691 37.449386, 126.897019 37.44904)
1033839089		False	LINESTRING (126.894029 37.455019, 126.89383 37.455362, 126.893528 37.456004, 126.892821 37.457584, 126.892526 37.458282, 126.892397 37.458572)
1033839090		False	LINESTRING (126.895013 37.45398, 126.895113 37.453596)
1106033695	광명주박기지선	False	LINESTRING (126.896157 37.431476, 126.8962 37.431614, 126.896285 37.432026)
1106033696	광명주박기지선	False	LINESTRING (126.896121 37.431358, 126.896134 37.431402, 126.896157 37.431476)
1106033697	광명주박기지선	False	LINESTRING (126.896384 37.43201, 126.896316 37.431813, 126.896258 37.431595, 126.896224 37.431473)
1106033698	광명주박기지선	False	LINESTRING (126.896224 37.431473, 126.896177 37.43131)
1412490357		False	LINESTRING (126.898248 37.438069, 126.898019 37.437257, 126.897771 37.436351)
1412490358		False	LINESTRING (126.897771 37.436351, 126.897704 37.436115, 126.897671 37.435998)
1412490359	광명주박기지선	False	LINESTRING (126.896477 37.432248, 126.896452 37.432185, 126.896384 37.43201)
156815579	과천선	True	LINESTRING (126.998369 37.454351, 126.998933 37.45396, 126.999407 37.453678, 126.999998 37.45325, 127.000364 37.453006, 127.000647 37.452821, 127.00082 37.452721, 127.001065 37.45258, 127.001267 37.452449, 127.001722 37.452149, 127.002142 37.451834, 127.002472 37.451535, 127.00277 37.451159, 127.003056 37.450745, 127.003422 37.450256, 127.003624 37.449988, 127.003848 37.449691, 127.004432 37.448848, 127.007564 37.444516, 127.007913 37.443829, 127.008044 37.442783, 127.008529 37.439154, 127.008513 37.438679, 127.008248 37.437943, 127.00724 37.436767, 127.007034 37.436443, 127.006974 37.436347, 127.006598 37.435765, 127.006177 37.435088, 127.00578 37.434475, 127.005627 37.434278, 127.005414 37.43408, 127.005228 37.433932, 127.004973 37.433759, 127.004684 37.433593, 127.004384 37.433458, 127.003928 37.433314, 127.003554 37.43324, 127.003288 37.433213, 127.002879 37.433201, 127.002352 37.433199, 126.998883 37.433172, 126.998007 37.433178, 126.99761 37.433153, 126.997163 37.433107, 126.996843 37.433028, 126.996486 37.432924, 126.99607 37.43278, 126.995682 37.432625, 126.99544 37.432474, 126.995236 37.432299, 126.995132 37.432206, 126.994913 37.431953, 126.993309 37.430154, 126.992461 37.429203, 126.990616 37.427157, 126.989747 37.426429, 126.987166 37.424053, 126.985686 37.422771, 126.984631 37.421761, 126.983076 37.419936, 126.981402 37.417277, 126.981118 37.416749, 126.980313 37.414883, 126.980057 37.414179, 126.979607 37.412396, 126.979449 37.411734, 126.97894 37.409548, 126.978389 37.407113, 126.977247 37.403175, 126.977112 37.40252, 126.976987 37.401361, 126.976903 37.40053, 126.976833 37.400204, 126.976791 37.400046, 126.976704 37.399862, 126.976578 37.399632, 126.976409 37.399392, 126.976066 37.398927, 126.975691 37.398582, 126.974828 37.397982, 126.974375 37.397758, 126.973668 37.397553, 126.968817 37.395941, 126.963893 37.394271, 126.951995 37.390251, 126.951416 37.390055, 126.950919 37.389887, 126.948212 37.388973, 126.947874 37.38879, 126.94356 37.385452, 126.942512 37.384661, 126.941629 37.384139, 126.941184 37.383911, 126.940781 37.383694, 126.940345 37.383403, 126.939991 37.383138, 126.939794 37.38292, 126.939611 37.382607, 126.939411 37.382208, 126.939257 37.381756, 126.939116 37.381168, 126.93906 37.380816, 126.939072 37.380555, 126.939109 37.380053, 126.939223 37.379711, 126.939459 37.379198, 126.939842 37.37871, 126.940501 37.377944, 126.940974 37.377288, 126.941506 37.376553)
195715990	과천선	True	LINESTRING (126.941224 37.376331, 126.9404 37.377541, 126.9393 37.378763, 126.939018 37.379235, 126.938879 37.379522, 126.938831 37.379691, 126.938759 37.379961, 126.938703 37.380349, 126.938694 37.380597, 126.938716 37.380904, 126.938787 37.381333, 126.939004 37.38192, 126.939211 37.382427, 126.939437 37.382745, 126.939626 37.382983, 126.939771 37.383133, 126.940024 37.383345, 126.940359 37.38356, 126.941096 37.384019, 126.941678 37.384333, 126.942455 37.384783, 126.94785 37.388825, 126.948185 37.389009, 126.950902 37.389927, 126.95099 37.389955, 126.951548 37.390146, 126.952275 37.390389, 126.963863 37.394308, 126.968808 37.395979, 126.973559 37.397603, 126.974362 37.397887, 126.974751 37.398075, 126.975594 37.398665, 126.975953 37.398994, 126.976307 37.399426, 126.976332 37.399456, 126.976523 37.399674, 126.976663 37.399881, 126.976756 37.400091, 126.976786 37.400224, 126.976828 37.400424, 126.976908 37.401372, 126.977004 37.402231, 126.977103 37.402794, 126.977165 37.403174, 126.978309 37.407111, 126.978884 37.409556, 126.979375 37.411718, 126.979553 37.412405, 126.979999 37.414175, 126.980272 37.414886, 126.981085 37.41675, 126.981358 37.417281, 126.983012 37.419973, 126.984543 37.421772, 126.985665 37.422809, 126.987144 37.424093, 126.989702 37.426469, 126.990587 37.42718, 126.992423 37.429221, 126.993583 37.430549, 126.994481 37.431576, 126.994825 37.431972, 126.994962 37.432148, 126.995082 37.432276, 126.995277 37.43246, 126.995481 37.4326, 126.995741 37.432718, 126.996015 37.432846, 126.996456 37.432994, 126.996821 37.433103, 126.997224 37.433188, 126.99756 37.433243, 126.998028 37.433265, 126.998835 37.433253, 126.999278 37.433258, 127.002224 37.43326, 127.003023 37.433264, 127.003359 37.433278, 127.003864 37.433355, 127.004227 37.433462, 127.004603 37.433623, 127.005067 37.433896, 127.005298 37.43408, 127.005456 37.43422, 127.005568 37.434358, 127.005759 37.434626, 127.0061 37.435114, 127.006544 37.435775, 127.006928 37.436369, 127.007057 37.436573, 127.007207 37.436796, 127.00816 37.438001, 127.008335 37.438417, 127.008392 37.438661, 127.008428 37.438934, 127.008421 37.439229, 127.007997 37.442775, 127.00787 37.443793, 127.007525 37.444504, 127.004391 37.448826, 127.003334 37.45019, 127.002977 37.450666, 127.00257 37.451278, 127.002365 37.451538, 127.002264 37.451645, 127.002098 37.451781, 127.001803 37.452011, 127.001591 37.452142, 127.001386 37.452271, 127.001155 37.4524, 127.000974 37.452507, 127.000579 37.452733, 126.999986 37.453082, 126.99958 37.453272, 126.999075 37.453429, 126.997849 37.453831)
377290518	과천선	True	LINESTRING (126.990746 37.460031, 126.990412 37.460493, 126.990376 37.46057, 126.990122 37.461099, 126.989895 37.461506, 126.989014 37.463721, 126.988918 37.463972)
377290520	과천선	True	LINESTRING (126.990746 37.460031, 126.991639 37.458854, 126.991765 37.458716, 126.99245 37.457962, 126.992788 37.457676, 126.993054 37.457477, 126.993364 37.457245, 126.994296 37.456708)
626515826	과천선	True	LINESTRING (126.994292 37.456709, 126.993799 37.457624, 126.993588 37.457937, 126.993264 37.458355, 126.993232 37.458396, 126.992392 37.459233, 126.991702 37.459806, 126.991048 37.460605)
640794439	과천선	True	LINESTRING (126.988119 37.466113, 126.989016 37.464226, 126.989106 37.464031, 126.989211 37.46378, 126.989399 37.463414, 126.989886 37.462452, 126.9906 37.46127, 126.991048 37.460605)
1014286497		True	LINESTRING (127.003334 37.45019, 127.003848 37.449691)
1014286500		True	LINESTRING (127.007057 37.436573, 127.00724 37.436767)
1041617770	과천선	True	LINESTRING (126.994296 37.456708, 126.995002 37.456292, 126.995252 37.456145, 126.995451 37.456028, 126.996283 37.455571, 126.997503 37.454894, 126.998369 37.454351)
1041617771	과천선	True	LINESTRING (126.997849 37.453831, 126.996877 37.454216, 126.995857 37.454819, 126.995389 37.455201, 126.995017 37.45563, 126.994292 37.456709)
1159122938		True	LINESTRING (126.993309 37.430154, 126.993583 37.430549)
391358773	신분당선	True	LINESTRING (127.026792 37.499641, 127.027344 37.498497, 127.0277 37.497757, 127.027818 37.497494, 127.027993 37.497125, 127.028364 37.49632, 127.02864 37.495712, 127.029054 37.494854, 127.029838 37.493227, 127.030377 37.492072, 127.030834 37.491099, 127.031546 37.489618, 127.031852 37.488986, 127.032383 37.487881, 127.032777 37.487048, 127.03362 37.485286, 127.033684 37.485161, 127.033858 37.484818, 127.033956 37.48467, 127.034101 37.484422, 127.034688 37.483816, 127.034995 37.483528, 127.03597 37.482585, 127.036049 37.482517, 127.036196 37.482392, 127.036632 37.481986, 127.037046 37.481529, 127.037338 37.4812, 127.037606 37.480888, 127.037859 37.48041, 127.038018 37.480091, 127.038161 37.479755, 127.038256 37.479547, 127.038422 37.479066, 127.038503 37.478583, 127.038558 37.478034, 127.038523 37.476982, 127.038456 37.476064, 127.038312 37.475343, 127.038264 37.475019, 127.03819 37.474432, 127.03814 37.473929, 127.038097 37.473056, 127.03825 37.470972, 127.038359 37.470143, 127.038813 37.46622, 127.038825 37.466126, 127.03886 37.46604, 127.038921 37.465964, 127.038988 37.465888, 127.040783 37.463865, 127.050639 37.452701, 127.051578 37.451694, 127.053019 37.450178, 127.053117 37.450074)
949889490	신분당선	True	LINESTRING (127.053117 37.450074, 127.05456 37.4484, 127.054567 37.448392, 127.05749 37.445248, 127.061879 37.43936, 127.074307 37.426621, 127.07493 37.426178, 127.079835 37.422431, 127.082751 37.420212, 127.085273 37.418566, 127.091268 37.415296, 127.094874 37.41333, 127.108518 37.40683, 127.109106 37.406464, 127.109678 37.406007, 127.11013 37.405513, 127.110496 37.405025, 127.110522 37.404984, 127.110525 37.404977, 127.110875 37.404161, 127.110876 37.404001, 127.111034 37.403374, 127.111103 37.40278, 127.111122 37.402421, 127.111176 37.398506, 127.111176 37.395397, 127.111179 37.395062, 127.111181 37.394764, 127.111187 37.394364, 127.111185 37.394118, 127.111278 37.39129, 127.111237 37.384685, 127.111221 37.38437, 127.111189 37.384067, 127.111156 37.383884, 127.111117 37.383675, 127.111046 37.383437, 127.109608 37.380316, 127.109231 37.379329, 127.108926 37.378405, 127.108628 37.377256, 127.108522 37.376666, 127.108436 37.375916, 127.108433 37.367565, 127.108433 37.367368)
951688079	신분당선	True	LINESTRING (127.108407 37.36737, 127.10839 37.367859, 127.108369 37.369098, 127.10838 37.371008, 127.108359 37.37273, 127.108359 37.374575, 127.108329 37.375774, 127.108543 37.37737, 127.109118 37.379205, 127.109822 37.381047, 127.110904 37.383359, 127.111075 37.38417, 127.111152 37.38666, 127.111127 37.389626, 127.111152 37.39142, 127.111138 37.393344, 127.111122 37.394354, 127.111117 37.394632, 127.11112 37.39541, 127.111099 37.397534, 127.111086 37.399161, 127.111056 37.401066, 127.111044 37.402464, 127.110995 37.403221, 127.110791 37.404134, 127.110646 37.404537, 127.11043 37.405022, 127.109589 37.405945, 127.108625 37.406657, 127.1072 37.407353, 127.105294 37.40828, 127.102419 37.409671, 127.099458 37.411062, 127.094998 37.413031, 127.086871 37.41749, 127.084691 37.41874, 127.081414 37.420953, 127.074327 37.426341, 127.070343 37.430422, 127.066015 37.434798, 127.064958 37.435866, 127.061682 37.439121, 127.057333 37.445178, 127.055795 37.446975, 127.054516 37.448339, 127.054407 37.448454, 127.052978 37.449954)
951688080	신분당선	True	LINESTRING (127.052978 37.449954, 127.051725 37.451367, 127.050542 37.452643, 127.049279 37.454118, 127.04807 37.455457, 127.046122 37.457678, 127.042741 37.461494, 127.041169 37.463223, 127.03896 37.465757, 127.038772 37.466041, 127.038651 37.466528, 127.038473 37.468354, 127.038272 37.470128, 127.038154 37.471034, 127.03795 37.473096, 127.038026 37.474007, 127.038345 37.476018, 127.038418 37.477936, 127.038345 37.478853, 127.037884 37.480096, 127.037436 37.480949, 127.035227 37.483156, 127.034639 37.483758, 127.034042 37.484378, 127.033819 37.484688, 127.033266 37.485863, 127.032114 37.488209, 127.030641 37.491262, 127.029193 37.494395, 127.029082 37.494635, 127.027935 37.497112)
330060684	수서평택고속선	True	LINESTRING (127.118729 37.450338, 127.118797 37.446457, 127.118865 37.443936, 127.118773 37.440486, 127.118726 37.437747, 127.118437 37.432335, 127.118226 37.429102, 127.117934 37.426556, 127.117851 37.425107, 127.117738 37.423782, 127.117605 37.421739, 127.117609 37.421178, 127.117655 37.417049, 127.1177 37.416276, 127.117734 37.415906, 127.117817 37.415292, 127.119927 37.399613, 127.120217 37.397714)
588474657	수서평택고속선	True	LINESTRING (127.120139 37.397704, 127.119912 37.399221, 127.11775 37.414742, 127.1177 37.415165, 127.117573 37.416377, 127.117553 37.416826, 127.117542 37.417106, 127.1175 37.421584, 127.117505 37.421796, 127.117605 37.423335, 127.11784 37.426646, 127.118112 37.429104, 127.118324 37.432352, 127.118537 37.435374, 127.118552 37.437808, 127.118607 37.44051, 127.118704 37.442568, 127.118712 37.443838, 127.118644 37.446489, 127.118573 37.450323)
863479630		True	LINESTRING (127.12668 37.449249, 127.126738 37.449028)
863479631		True	LINESTRING (127.126731 37.448141, 127.126771 37.44832)
1056157662	분당선	True	LINESTRING (127.128729 37.412105, 127.12873 37.412361, 127.128734 37.413776, 127.128749 37.414302, 127.128796 37.416721, 127.128789 37.418766, 127.128858 37.422947, 127.128888 37.424452, 127.128922 37.425047, 127.129009 37.425712, 127.129489 37.428824, 127.129495 37.429049, 127.129438 37.429501, 127.129384 37.430053, 127.129112 37.432182, 127.128906 37.433694, 127.12777 37.439713, 127.127043 37.443878, 127.126771 37.44832, 127.126748 37.448698, 127.126738 37.449028, 127.12672 37.450505, 127.126614 37.45302, 127.126453 37.455638, 127.126366 37.456101, 127.126031 37.457308, 127.125935 37.457821, 127.125906 37.45848, 127.125863 37.459334, 127.125867 37.460244, 127.126631 37.468753, 127.126735 37.469999, 127.126744 37.470149, 127.126832 37.471486, 127.126837 37.471704, 127.126824 37.471836, 127.126808 37.471933, 127.126756 37.472121, 127.126592 37.472658, 127.126428 37.473343, 127.126368 37.47359, 127.126249 37.473886, 127.126115 37.474198, 127.125902 37.474654, 127.125616 37.475046, 127.125105 37.47555, 127.124384 37.475882, 127.119284 37.476947, 127.114535 37.477707, 127.113026 37.4782, 127.10234 37.486798)
1056157663	분당선	True	LINESTRING (127.128678 37.412106, 127.128679 37.412361, 127.128683 37.413776, 127.128698 37.414303, 127.128745 37.416721, 127.128738 37.418766, 127.128807 37.422948, 127.128838 37.424454, 127.128871 37.42505, 127.128958 37.425717, 127.129438 37.428827, 127.129444 37.429048, 127.129388 37.429496, 127.129334 37.430048, 127.129062 37.432177, 127.128856 37.433688, 127.127719 37.439707, 127.126993 37.443874, 127.126731 37.448141, 127.126697 37.448697, 127.12668 37.449249, 127.126563 37.453016, 127.126402 37.455634, 127.126316 37.456094, 127.125981 37.457301, 127.125884 37.457816, 127.125855 37.458479, 127.125812 37.459334, 127.125816 37.460246, 127.126492 37.468766, 127.126595 37.470056, 127.126684 37.471638, 127.126688 37.471712, 127.12668 37.471813, 127.126655 37.47203, 127.126599 37.472273, 127.126507 37.47263, 127.126418 37.47294, 127.126338 37.473333, 127.126288 37.473513, 127.12619 37.473796, 127.126067 37.474185, 127.125856 37.474637, 127.125574 37.475023, 127.125071 37.475519, 127.124364 37.475844, 127.119272 37.476907, 127.11452 37.477668, 127.112998 37.478166, 127.104022 37.485324, 127.103165 37.486, 127.102276 37.486738)
1106264478	수도권광역급행철도에이선	True	LINESTRING (127.101322 37.48702, 127.101416 37.486934, 127.102946 37.48554, 127.103569 37.484973, 127.104388 37.484098, 127.105242 37.483398, 127.105863 37.482794, 127.106018 37.482631, 127.106489 37.482098, 127.108942 37.478661, 127.110798 37.476016, 127.114652 37.470159, 127.116772 37.466561, 127.117677 37.464462, 127.118163 37.463255, 127.118738 37.460162, 127.118788 37.459422, 127.11892 37.456043, 127.118897 37.452294, 127.118729 37.450338)
1106264479	수도권광역급행철도에이선	True	LINESTRING (127.118573 37.450323, 127.118095 37.454991, 127.118001 37.457661, 127.117857 37.459875, 127.117574 37.462264, 127.117308 37.463437, 127.116938 37.464685, 127.116489 37.465809, 127.114434 37.469844, 127.113554 37.471275, 127.112157 37.47349, 127.110613 37.475784, 127.10958 37.477363, 127.108089 37.479462, 127.10657 37.481773, 127.106026 37.482513, 127.10537 37.483168, 127.104375 37.484003, 127.103458 37.484722, 127.1027 37.485396, 127.101266 37.48667, 127.100998 37.486908)
1262631295	수서평택고속선	True	LINESTRING (127.105228 37.483918, 127.105738 37.483218, 127.106752 37.481825, 127.106926 37.481566, 127.107179 37.481192, 127.107318 37.480985, 127.107434 37.480813, 127.108382 37.479404, 127.109124 37.478303, 127.109637 37.477541, 127.114098 37.4709, 127.114278 37.470581, 127.116302 37.467016, 127.116764 37.466126, 127.117327 37.464777, 127.117882 37.463006, 127.118128 37.461852, 127.118411 37.460169, 127.118485 37.459269, 127.118555 37.455324, 127.118729 37.450338)
1262631296	수서평택고속선	True	LINESTRING (127.105176 37.483901, 127.105699 37.483157, 127.106629 37.481793, 127.1068 37.481543, 127.10706 37.481162, 127.107102 37.4811, 127.107334 37.480764, 127.109232 37.47801, 127.110106 37.476669, 127.112231 37.473494, 127.112837 37.472558, 127.114157 37.470522, 127.116435 37.466396, 127.117168 37.46472, 127.117411 37.463965, 127.117707 37.463004, 127.117959 37.461917, 127.118207 37.460555, 127.118344 37.459184, 127.1184 37.455352, 127.118518 37.452032, 127.118573 37.450323)
310361895	경인선	False	LINESTRING (126.79489 37.482628, 126.79464 37.48262, 126.794434 37.482614, 126.792819 37.482584, 126.792191 37.482606, 126.791698 37.482635, 126.791424 37.482669, 126.790717 37.482782, 126.790241 37.482866, 126.78968 37.482951, 126.787393 37.4833, 126.786032 37.483516, 126.785442 37.483593, 126.784355 37.483737, 126.781324 37.484194, 126.781103 37.484227, 126.780404 37.484378, 126.779834 37.484479, 126.779166 37.484567, 126.778509 37.48466, 126.777859 37.48474, 126.777697 37.48476, 126.775852 37.484965, 126.774187 37.485164, 126.772442 37.485425, 126.769234 37.485909, 126.768543 37.485988, 126.767633 37.486095, 126.766706 37.486196, 126.765355 37.486388, 126.763078 37.486741, 126.762907 37.486767, 126.76225 37.486871, 126.761532 37.486974, 126.761048 37.487045, 126.760262 37.48713, 126.759511 37.487184, 126.757288 37.487322, 126.756042 37.487393, 126.75483 37.487433, 126.753913 37.487456, 126.751629 37.487602, 126.751358 37.48762, 126.750956 37.487647, 126.75035 37.48771, 126.749059 37.487844, 126.746939 37.487999, 126.743983 37.48819, 126.742708 37.488275, 126.742058 37.488291, 126.741301 37.488326, 126.73984 37.488419, 126.739576 37.488435, 126.738002 37.488561, 126.737075 37.488627, 126.735708 37.488705, 126.732582 37.4889, 126.731542 37.488957, 126.730027 37.489059, 126.729693 37.48908)
310361938	경인선	False	LINESTRING (126.79595 37.482769, 126.794869 37.482736)
311595593	경인선	False	LINESTRING (126.795948 37.482803, 126.795072 37.482776, 126.794863 37.48277)
311595595	경인선	False	LINESTRING (126.841455 37.493569, 126.841304 37.49354, 126.841189 37.493518, 126.840084 37.49329, 126.8396 37.493203, 126.839114 37.493123, 126.838494 37.493057, 126.837864 37.493025, 126.829184 37.492964, 126.826957 37.492933, 126.826616 37.492909, 126.82631 37.49287, 126.825995 37.492824, 126.825655 37.492748, 126.825432 37.49269, 126.825127 37.492606, 126.824044 37.492299, 126.822956 37.491993, 126.822846 37.491961, 126.822517 37.491855, 126.822249 37.491751, 126.821976 37.491637, 126.821742 37.491503, 126.821471 37.491331, 126.820764 37.490753, 126.816543 37.487322, 126.816211 37.487074, 126.815516 37.486577, 126.815148 37.486375, 126.814747 37.486169, 126.814349 37.485987, 126.813645 37.485698, 126.813252 37.485552, 126.811108 37.484854, 126.810954 37.484804, 126.810139 37.484572, 126.809634 37.484406, 126.808386 37.484001, 126.804735 37.482795, 126.804082 37.482619, 126.803742 37.48253, 126.803101 37.482429, 126.802768 37.482395, 126.802431 37.48239, 126.802097 37.482391, 126.801421 37.48242, 126.799575 37.482679, 126.798702 37.482741, 126.798246 37.48275, 126.79772 37.482745, 126.796931 37.482689, 126.795955 37.482658)
311595596	경인선	False	LINESTRING (126.816508 37.48735, 126.816171 37.487104, 126.815472 37.486623, 126.815096 37.486424, 126.814703 37.486236, 126.814314 37.486061, 126.813582 37.485796, 126.813197 37.485659, 126.811057 37.484955, 126.810904 37.484905, 126.810106 37.484647, 126.809601 37.484474, 126.808372 37.484032, 126.804719 37.48283, 126.804064 37.482654, 126.80373 37.482566, 126.803093 37.482471, 126.802766 37.482439, 126.802434 37.482432, 126.802103 37.482432, 126.801426 37.482462, 126.799585 37.482724, 126.798705 37.482808, 126.79825 37.482817, 126.797722 37.482824, 126.797032 37.482805, 126.79693 37.482802, 126.79595 37.482769)
311595598	경인선	False	LINESTRING (126.781342 37.484298, 126.781128 37.48433, 126.780417 37.484431, 126.778518 37.4847, 126.777701 37.484801, 126.777095 37.48487, 126.776465 37.484943, 126.775859 37.485003, 126.774196 37.485203, 126.77245 37.485461, 126.768565 37.486057, 126.767645 37.486172, 126.766383 37.486331, 126.765378 37.486492, 126.763096 37.486834, 126.762272 37.486958, 126.761541 37.487054, 126.760267 37.487178, 126.757289 37.487357, 126.756057 37.487443, 126.753925 37.487581, 126.751642 37.487722, 126.750362 37.487801, 126.749063 37.487882, 126.746939 37.48803, 126.743986 37.488223, 126.742708 37.488326, 126.742057 37.48838, 126.739854 37.488517, 126.738001 37.488632, 126.735709 37.488743, 126.732582 37.488936, 126.731808 37.488983, 126.731632 37.488994, 126.730781 37.489051, 126.729697 37.489121)
311595599	경인선	False	LINESTRING (126.794844 37.482874, 126.794436 37.482862, 126.792822 37.482788, 126.792211 37.482783, 126.791451 37.482832, 126.789933 37.483026, 126.787422 37.483414, 126.786075 37.48365, 126.784973 37.483888, 126.784411 37.483985, 126.784134 37.484025, 126.781157 37.484447, 126.780439 37.484518, 126.779872 37.484589, 126.778534 37.48478, 126.77771 37.484882, 126.775873 37.485078, 126.774214 37.48528, 126.772466 37.485534, 126.768579 37.486131, 126.76692 37.486392, 126.765409 37.486632, 126.765207 37.486663, 126.762966 37.487004, 126.762302 37.487082, 126.761559 37.487148, 126.760278 37.487251, 126.757292 37.487429, 126.756066 37.487539, 126.75486 37.48766, 126.753927 37.487743, 126.753724 37.487755, 126.752947 37.487802, 126.751366 37.487897, 126.750356 37.487933, 126.749071 37.487958, 126.746937 37.488093, 126.743993 37.48829, 126.743668 37.488325, 126.742722 37.488437, 126.742068 37.488516, 126.74168 37.488542, 126.739597 37.48868, 126.738014 37.488771, 126.737453 37.488789, 126.736321 37.488797, 126.735712 37.48882, 126.732583 37.489008, 126.730036 37.48918, 126.729705 37.489203)
311595600	경인선	False	LINESTRING (126.784109 37.483928, 126.783946 37.483952, 126.781137 37.484367, 126.780426 37.484464, 126.778526 37.48474, 126.777706 37.484841, 126.777104 37.48491, 126.77697 37.484925, 126.775866 37.48504, 126.774205 37.485242, 126.772458 37.485498, 126.768576 37.486094, 126.767659 37.486202, 126.766396 37.486372, 126.765386 37.486528, 126.765186 37.486559, 126.762286 37.487007, 126.761553 37.4871, 126.760273 37.487214, 126.75729 37.487393, 126.756057 37.48748, 126.753947 37.487616, 126.753715 37.487631, 126.750372 37.487844, 126.749067 37.48792, 126.746938 37.488062, 126.743989 37.488257, 126.742712 37.488358, 126.74206 37.488414, 126.74167 37.48844, 126.738018 37.488676, 126.735711 37.488782, 126.732583 37.488972, 126.731813 37.48902, 126.730939 37.48908, 126.730781 37.489091, 126.729701 37.489162)
311595608		False	LINESTRING (126.778748 37.48454, 126.779507 37.484432, 126.779924 37.48436, 126.780422 37.484253, 126.780768 37.484197, 126.781083 37.484145, 126.782155 37.483988, 126.784339 37.483648, 126.784917 37.483594, 126.785546 37.48354, 126.78601 37.483478, 126.786718 37.483364)
311595609		False	LINESTRING (126.77697 37.484925, 126.776465 37.484943)
311595610		False	LINESTRING (126.789933 37.483026, 126.78931 37.483084)
311595611		False	LINESTRING (126.790255 37.482904, 126.789962 37.482928, 126.78968 37.482951)
311595612		False	LINESTRING (126.777104 37.48491, 126.77771 37.484882)
311595613	경인선	False	LINESTRING (126.795943 37.482908, 126.794844 37.482874)
311595615		False	LINESTRING (126.790241 37.482866, 126.789962 37.482928, 126.789693 37.482988)
311595616		False	LINESTRING (126.780152 37.484358, 126.780768 37.484197)
311595618		False	LINESTRING (126.789069 37.483084, 126.788528 37.483201)
311595620		False	LINESTRING (126.777697 37.48476, 126.777095 37.48487)
311595621	경인선	False	LINESTRING (126.795955 37.482658, 126.795483 37.482645, 126.795067 37.482633, 126.79489 37.482628)
311595631		False	LINESTRING (126.779166 37.484567, 126.779721 37.484465, 126.780152 37.484358, 126.780522 37.484282, 126.781093 37.484185, 126.784346 37.483693, 126.784689 37.48365, 126.785442 37.483593)
311725623	경인선	False	LINESTRING (126.849001 37.495389, 126.848579 37.495302, 126.848016 37.495173, 126.847232 37.495017, 126.846397 37.494863, 126.845879 37.494767, 126.845768 37.494744, 126.843345 37.494222, 126.842511 37.494017, 126.84176 37.49384, 126.841393 37.493754, 126.840885 37.493632, 126.84003 37.493423, 126.839556 37.493319, 126.839089 37.493236, 126.838486 37.493176, 126.83787 37.493145, 126.829178 37.493074, 126.826951 37.493049, 126.826293 37.493032, 126.825958 37.49301, 126.825609 37.49297, 126.825359 37.492927, 126.825022 37.492855, 126.824906 37.492825, 126.824537 37.492725, 126.823736 37.492497, 126.82328 37.492367, 126.822723 37.492186, 126.822425 37.492062, 126.8221 37.491894, 126.821865 37.49175, 126.821637 37.4916, 126.821378 37.491414, 126.820664 37.490832, 126.816437 37.487404, 126.816088 37.487166, 126.815384 37.486707, 126.815 37.486516, 126.814625 37.486342, 126.814239 37.486184, 126.813509 37.48592, 126.813122 37.485788, 126.812886 37.485718, 126.810844 37.485046, 126.810026 37.484754, 126.809556 37.484574, 126.808336 37.484101, 126.804687 37.4829, 126.804028 37.482722, 126.803707 37.482639, 126.803076 37.482556, 126.80276 37.482527, 126.80244 37.482514, 126.802114 37.482511, 126.801437 37.482545, 126.799605 37.482814, 126.798719 37.482916, 126.798258 37.48295, 126.797711 37.482957, 126.796928 37.482938, 126.796728 37.482932, 126.795943 37.482908)
311725624	경인선	False	LINESTRING (126.849597 37.49548, 126.849018 37.495354, 126.848032 37.495138, 126.847252 37.49497, 126.845713 37.494626, 126.843391 37.49411, 126.842824 37.493985, 126.84055 37.493483, 126.840046 37.493372, 126.839571 37.49328, 126.839097 37.493198, 126.838489 37.493137, 126.837868 37.493105, 126.82918 37.493038, 126.826953 37.493007, 126.826299 37.492972, 126.825972 37.492938, 126.825628 37.492879, 126.825391 37.492824, 126.825069 37.492743, 126.824953 37.492711, 126.824527 37.492595, 126.824008 37.492451, 126.823326 37.492258, 126.822885 37.492129, 126.822772 37.492089, 126.822461 37.491981, 126.822152 37.491845, 126.821903 37.491712, 126.821672 37.491568, 126.821415 37.491382, 126.820697 37.490806, 126.816472 37.487376, 126.816146 37.487123, 126.815441 37.486652, 126.815066 37.486452, 126.814681 37.486263, 126.814291 37.486101, 126.813575 37.485822, 126.813185 37.485685, 126.812947 37.485604, 126.810888 37.484937, 126.810085 37.484682, 126.809582 37.484509, 126.808351 37.484069, 126.804703 37.482865, 126.804046 37.482688, 126.803719 37.482603, 126.803084 37.482514, 126.802763 37.482483, 126.802437 37.482473, 126.802109 37.482476, 126.801432 37.482509, 126.799594 37.482763, 126.798705 37.48285, 126.798257 37.482864, 126.797714 37.48286, 126.796929 37.482836, 126.796734 37.48283, 126.795948 37.482803)
886099181	서해선	True	LINESTRING (126.794775 37.483696, 126.794699 37.484004, 126.794616 37.48435, 126.793903 37.488019, 126.793846 37.488316)
886099182	서해선	True	LINESTRING (126.793994 37.488326, 126.794327 37.486452, 126.79471 37.484375, 126.794794 37.48403, 126.794979 37.483289, 126.795196 37.482419)
1021093819	서해선	True	LINESTRING (126.793846 37.488316, 126.793803 37.488989, 126.793804 37.489005, 126.793838 37.489438, 126.793896 37.489939, 126.794085 37.490613, 126.795474 37.494247, 126.796042 37.495933, 126.79628 37.496591, 126.79647 37.497391, 126.796561 37.497931, 126.796619 37.498708, 126.796885 37.501659, 126.797157 37.503987, 126.797364 37.505561, 126.797524 37.506735, 126.797657 37.507692, 126.797968 37.509647, 126.798197 37.510599, 126.798418 37.511019, 126.79876 37.511516, 126.799047 37.511859, 126.799422 37.512213, 126.799709 37.512426, 126.800696 37.513271, 126.802508 37.514916, 126.803076 37.515468, 126.803791 37.516375, 126.804194 37.516907, 126.804463 37.517368, 126.80461 37.517736, 126.804681 37.518051, 126.804732 37.518452, 126.804757 37.518784, 126.804787 37.520748, 126.804787 37.521126, 126.804794 37.524016, 126.804804 37.52577, 126.804805 37.525932, 126.804809 37.527606, 126.80481 37.527841, 126.804781 37.529159, 126.804837 37.529721, 126.805036 37.530456, 126.805602 37.53192, 126.80654 37.534261, 126.806889 37.535267, 126.807774 37.537737, 126.809028 37.54143, 126.80944 37.542572, 126.809608 37.543302, 126.809726 37.543985, 126.809776 37.544721, 126.809726 37.545715, 126.809497 37.546789, 126.808682 37.5489, 126.80615 37.555274, 126.804928 37.558801, 126.804234 37.56077, 126.803768 37.56241, 126.803078 37.565381, 126.802929 37.566402, 126.802861 37.56762, 126.802861 37.569976, 126.802955 37.571439, 126.803095 37.57231, 126.803491 37.57379, 126.803676 37.574197, 126.804492 37.575534, 126.807538 37.579703, 126.810233 37.583653, 126.81361 37.588433, 126.816705 37.592442, 126.819824 37.596385, 126.821432 37.598438, 126.82281 37.599987, 126.824651 37.6013, 126.826544 37.60272, 126.828373 37.603935, 126.829182 37.604669, 126.829911 37.605507, 126.830229 37.605962, 126.830493 37.606722, 126.830652 37.607382, 126.830709 37.607923, 126.830708 37.608363, 126.830582 37.608996, 126.830435 37.609508, 126.830282 37.60989, 126.8301 37.610256, 126.829917 37.610624, 126.829442 37.611406, 126.82877 37.612135, 126.828423 37.612488, 126.828058 37.612823, 126.827799 37.613033, 126.826987 37.613658)
1021093820	서해선	True	LINESTRING (126.827036 37.613687, 126.827872 37.613065, 126.827953 37.612994, 126.828122 37.612852, 126.828483 37.612525, 126.828843 37.612162, 126.82911 37.61188, 126.829549 37.611385, 126.83001 37.610668, 126.830227 37.610284, 126.830402 37.609917, 126.83056 37.609519, 126.830692 37.609019, 126.830839 37.608367, 126.830844 37.607902, 126.830792 37.607391, 126.830636 37.606731, 126.830521 37.606285, 126.830332 37.605862, 126.829901 37.605222, 126.829237 37.604429, 126.828474 37.603803, 126.826634 37.602615, 126.824753 37.601259, 126.822939 37.599898, 126.821588 37.598336, 126.820077 37.596299, 126.817068 37.592246, 126.812419 37.586023, 126.80957 37.582216, 126.805763 37.576944, 126.804638 37.575385, 126.803841 37.574151, 126.803616 37.573616, 126.803303 37.572459, 126.803143 37.571439, 126.80307 37.56991, 126.803049 37.567719, 126.80306 37.566396, 126.803226 37.565434, 126.803919 37.562451, 126.804386 37.560888, 126.804496 37.560519, 126.806274 37.555295, 126.808856 37.54895, 126.809703 37.546754, 126.809949 37.545778, 126.810043 37.544731, 126.809987 37.543854, 126.809844 37.543179, 126.809626 37.542543, 126.809247 37.541313, 126.807934 37.537664, 126.806963 37.534914, 126.806269 37.533032, 126.805572 37.531378, 126.805042 37.530007, 126.804962 37.529737, 126.804881 37.529312, 126.804914 37.527966, 126.804907 37.52761, 126.80491 37.527, 126.804924 37.525911, 126.804936 37.522162, 126.804936 37.522123, 126.804929 37.521114, 126.804932 37.520756, 126.804871 37.518901, 126.804845 37.51849, 126.804803 37.518073, 126.804715 37.51772, 126.804506 37.517294, 126.80426 37.516835, 126.804018 37.516538, 126.803169 37.515375, 126.802749 37.514952, 126.800758 37.513212, 126.799704 37.512288, 126.799143 37.511725, 126.798816 37.511305, 126.798563 37.510914, 126.798381 37.510562, 126.798072 37.509567, 126.79778 37.507604, 126.79746 37.505591, 126.797408 37.505157, 126.797386 37.504978, 126.797269 37.503951, 126.797 37.501605, 126.796892 37.500346, 126.796816 37.498702, 126.796779 37.497948, 126.796688 37.497206, 126.796509 37.496565, 126.796265 37.495749, 126.795696 37.494206, 126.795129 37.492679, 126.794172 37.490406, 126.794009 37.489885, 126.793953 37.489429, 126.793948 37.489003, 126.793994 37.488326)
1058238442		True	LINESTRING (126.794616 37.48435, 126.794704 37.484191, 126.794794 37.48403)
1058238443		True	LINESTRING (126.79471 37.484375, 126.794704 37.484191, 126.794699 37.484004)
1058238446		True	LINESTRING (126.795419 37.48125, 126.79539 37.481672)
1221238113	경인선	False	LINESTRING (126.794869 37.482736, 126.794626 37.482729, 126.794437 37.482723, 126.794326 37.48272, 126.793612 37.482701, 126.79282 37.482681, 126.792202 37.482698, 126.791437 37.482745, 126.790255 37.482904, 126.789693 37.482988, 126.789069 37.483084, 126.787402 37.483338, 126.786048 37.483565, 126.785354 37.483688, 126.784376 37.483836, 126.781342 37.484298)
1221238114	경인선	False	LINESTRING (126.794863 37.48277, 126.794436 37.482756, 126.794426 37.482756, 126.792821 37.482724, 126.792206 37.482736, 126.791444 37.482785, 126.789923 37.482992, 126.78931 37.483084, 126.788528 37.483201, 126.787412 37.483376, 126.786061 37.4836, 126.78536 37.483727, 126.784947 37.483797, 126.784382 37.483888, 126.784109 37.483928)
152975065		False	LINESTRING (126.854958 37.495203, 126.853127 37.495599, 126.852787 37.49566, 126.852352 37.495693, 126.851967 37.495699, 126.851507 37.495671, 126.850412 37.495509, 126.849633 37.495355, 126.847765 37.494941, 126.847472 37.49487, 126.847026 37.494721, 126.84653 37.494606, 126.845994 37.494485, 126.842645 37.493748, 126.842068 37.493614, 126.841692 37.493538, 126.841329 37.493484, 126.840662 37.493377)
311725622	경인선	False	LINESTRING (126.842166 37.493807, 126.840062 37.493322, 126.839585 37.493242, 126.839106 37.49316, 126.838492 37.493097, 126.837866 37.493065, 126.829182 37.493001, 126.826955 37.492977, 126.826302 37.492943, 126.82598 37.492902, 126.825634 37.492848, 126.825399 37.492797, 126.825082 37.492714, 126.824682 37.492614, 126.824073 37.492439, 126.823455 37.492262, 126.82287 37.492083, 126.822787 37.492053, 126.822481 37.491936, 126.822188 37.49181, 126.821936 37.491677, 126.821707 37.491536, 126.821448 37.491357, 126.82073 37.490779, 126.816508 37.48735)
311725634		False	LINESTRING (126.847448 37.495162, 126.84782 37.495202, 126.84813 37.495245, 126.848479 37.495321, 126.849302 37.495501, 126.849639 37.495566, 126.849965 37.495643, 126.850214 37.495702, 126.850478 37.495759, 126.85113 37.495887, 126.851815 37.495926, 126.85247 37.495899, 126.85272 37.495873)
311725635		False	LINESTRING (126.840761 37.493659, 126.841611 37.493894, 126.841936 37.49398, 126.842527 37.49412, 126.842889 37.494205, 126.843196 37.494273, 126.843546 37.49435, 126.843886 37.494428, 126.847857 37.495296, 126.848585 37.495456, 126.848826 37.495502)
311725636		False	LINESTRING (126.849073 37.495735, 126.849371 37.495795, 126.849666 37.495847, 126.850267 37.495916, 126.850686 37.495949, 126.85096 37.495967, 126.851301 37.495979, 126.85158 37.495968, 126.85247 37.495899)
311725638		False	LINESTRING (126.841508 37.493983, 126.841701 37.494042, 126.841931 37.494086, 126.842223 37.494118, 126.842554 37.494169, 126.843288 37.494335, 126.84351 37.494397, 126.843826 37.494499, 126.847831 37.495378, 126.848388 37.495448, 126.848826 37.495502, 126.849282 37.495553, 126.849965 37.495643)
311725643		False	LINESTRING (126.849001 37.495389, 126.849298 37.495434, 126.849597 37.49548)
311725644		False	LINESTRING (126.849018 37.495354, 126.849298 37.495434, 126.849585 37.495517)
311725645		False	LINESTRING (126.841455 37.493569, 126.841815 37.49369, 126.842166 37.493807)
311725647		False	LINESTRING (126.842444 37.49387, 126.842824 37.493985)
311725648	3군지사선	False	LINESTRING (126.823537 37.47143, 126.824342 37.47099)
311725649		False	LINESTRING (126.84983 37.49557, 126.850214 37.495702)
311725651		False	LINESTRING (126.842017 37.494049, 126.842527 37.49412)
311725652		False	LINESTRING (126.84798 37.495042, 126.847472 37.49487)
311725653		False	LINESTRING (126.849609 37.495442, 126.849327 37.495361, 126.849053 37.495282)
311725654		False	LINESTRING (126.84055 37.493483, 126.841393 37.493754)
311725660		False	LINESTRING (126.856572 37.495019, 126.857666 37.494674)
311725662		False	LINESTRING (126.843196 37.494273, 126.843757 37.494344)
311725665		False	LINESTRING (126.849036 37.495318, 126.849327 37.495361, 126.84962 37.495405)
311725669		False	LINESTRING (126.842645 37.493748, 126.842297 37.49369, 126.841898 37.493655)
311725672	경기화학선	False	LINESTRING (126.841189 37.493518, 126.840662 37.493377, 126.840096 37.493255, 126.839482 37.493091, 126.838841 37.49289, 126.838379 37.492634, 126.838002 37.492344, 126.837776 37.492157, 126.837475 37.491772, 126.837222 37.491282, 126.836534 37.489866, 126.836324 37.489551, 126.835983 37.489166, 126.835686 37.488926, 126.835607 37.488872, 126.835591 37.48886, 126.835509 37.488808, 126.835362 37.488717, 126.834837 37.488484, 126.831704 37.487445, 126.83134 37.487306, 126.83092 37.48712, 126.83054 37.486908, 126.828902 37.485704, 126.82851 37.48541, 126.828415 37.485338, 126.824138 37.482129, 126.821958 37.480501, 126.820944 37.479746)
311725682		False	LINESTRING (126.84176 37.49384, 126.842203 37.493987, 126.842533 37.494097, 126.842889 37.494205)
311725684		False	LINESTRING (126.843546 37.49435, 126.843879 37.494466, 126.847844 37.495337, 126.848388 37.495448)
311725685		False	LINESTRING (126.843826 37.494499, 126.843489 37.494419, 126.843036 37.494322, 126.842124 37.494153)
311725690		False	LINESTRING (126.840754 37.493692, 126.841596 37.49394, 126.841904 37.49402, 126.842017 37.494049, 126.842554 37.494169)
311725691		False	LINESTRING (126.846489 37.495123, 126.848146 37.495481, 126.848685 37.495558, 126.850145 37.495724, 126.850478 37.495759)
311725694		False	LINESTRING (126.841636 37.49351, 126.842109 37.493582, 126.842661 37.493703, 126.846012 37.494446, 126.846544 37.49457, 126.8468 37.494643)
311725696	경기화학선	False	LINESTRING (126.820604 37.479491, 126.820217 37.479196, 126.819923 37.478928, 126.819691 37.47866, 126.819475 37.478296, 126.81935 37.477983, 126.819299 37.477796, 126.819281 37.47773, 126.819236 37.477415, 126.819239 37.477201, 126.819239 37.477185, 126.819266 37.476985, 126.819276 37.476886, 126.819329 37.476678, 126.819575 37.476153, 126.819904 37.475641, 126.82109 37.473904, 126.821482 37.473391, 126.822386 37.47233, 126.822754 37.471968, 126.823223 37.471607, 126.823537 37.47143)
311725703		False	LINESTRING (126.853201 37.495825, 126.854612 37.495539, 126.855402 37.495378, 126.855887 37.495305, 126.85613 37.49526, 126.856704 37.495166, 126.857167 37.495091)
311725704		False	LINESTRING (126.849282 37.495553, 126.848838 37.49547, 126.84787 37.495256, 126.847448 37.495162, 126.843757 37.494344, 126.84291 37.494162, 126.842536 37.494072, 126.842203 37.493987)
311725707		False	LINESTRING (126.841329 37.493484, 126.841636 37.49351, 126.84226 37.493573, 126.842677 37.493658, 126.846031 37.494408, 126.846296 37.494474, 126.846549 37.494551, 126.8468 37.494643, 126.847026 37.494721)
315014317		False	LINESTRING (126.84813 37.495245, 126.848579 37.495302)
839283564	경기화학선	False	LINESTRING (126.820944 37.479746, 126.820604 37.479491)
881261117		False	LINESTRING (126.85272 37.495873, 126.853201 37.495825)
1175019314	경인선	False	LINESTRING (126.86845 37.495562, 126.865932 37.494424, 126.865556 37.494275, 126.865166 37.494146, 126.864684 37.494018, 126.86412 37.493905, 126.863707 37.493856, 126.863228 37.493836, 126.862702 37.493846, 126.862138 37.493915, 126.861548 37.494019, 126.860548 37.494226, 126.860401 37.494255, 126.858239 37.494679, 126.857885 37.494747, 126.856572 37.495019, 126.856139 37.495107, 126.853797 37.495567, 126.852932 37.495728, 126.852442 37.495784, 126.851819 37.495806, 126.851164 37.495749, 126.850526 37.495631, 126.849609 37.495442)
1175019315	경인선	False	LINESTRING (126.864713 37.493939, 126.864221 37.493841, 126.863727 37.49377, 126.863223 37.49374, 126.8627 37.493753, 126.862123 37.493823, 126.861521 37.49392, 126.860512 37.494111, 126.860406 37.494132, 126.858164 37.494576, 126.857847 37.494639, 126.857666 37.494674, 126.856751 37.494858, 126.856069 37.495, 126.854983 37.495253, 126.853785 37.495533, 126.852924 37.495694, 126.852432 37.495752, 126.85182 37.495769, 126.851174 37.49571, 126.850534 37.495591, 126.84962 37.495405, 126.849053 37.495282)
1175019316	경인선	False	LINESTRING (126.868366 37.495685, 126.865839 37.494537, 126.865464 37.494394, 126.865104 37.494259, 126.864635 37.494152, 126.864091 37.494064, 126.863672 37.494015, 126.863235 37.493998, 126.862705 37.494011, 126.862162 37.494057, 126.861586 37.494159, 126.860594 37.49437, 126.860449 37.494398, 126.858275 37.494827, 126.857938 37.494893, 126.856157 37.495202, 126.855169 37.495373, 126.852949 37.495796, 126.852462 37.495848, 126.851817 37.495879, 126.851144 37.495826, 126.850511 37.495716, 126.84983 37.49557, 126.849585 37.495517, 126.849001 37.495389)
1175019317	경인선	False	LINESTRING (126.868396 37.495646, 126.868202 37.495557, 126.865876 37.494491, 126.865511 37.494333, 126.865143 37.494188, 126.864668 37.49406, 126.86411 37.493956, 126.863695 37.493913, 126.86323 37.493891, 126.862706 37.493913, 126.862147 37.493968, 126.861558 37.494057, 126.860771 37.494215, 126.860556 37.494258, 126.860417 37.494286, 126.857898 37.494781, 126.856155 37.495152, 126.855142 37.495343, 126.852941 37.495762, 126.852452 37.495816, 126.851818 37.495842, 126.851154 37.495788, 126.850518 37.495676, 126.849597 37.49548)
1175562614	경인선	False	LINESTRING (126.849609 37.495442, 126.849036 37.495318, 126.848047 37.495104, 126.847265 37.494938, 126.845924 37.494634, 126.845752 37.494596, 126.843408 37.494072, 126.842444 37.49387, 126.842166 37.493807)
1175562615	경인선	False	LINESTRING (126.849053 37.495282, 126.84798 37.495042, 126.846488 37.494662, 126.845967 37.494539, 126.843444 37.493986, 126.84269 37.493808, 126.841898 37.493655, 126.841455 37.493569)
48391424	경부선	False	LINESTRING (126.906812 37.515028, 126.906636 37.514958, 126.905199 37.514357, 126.903724 37.513728, 126.902521 37.513253, 126.901445 37.512879, 126.900865 37.512651, 126.900767 37.512613, 126.900524 37.512524, 126.9 37.512331, 126.899267 37.512062, 126.897514 37.511377, 126.896433 37.510906, 126.893999 37.50982, 126.89268 37.509256)
187632629	구로삼각선	False	LINESTRING (126.874954 37.498494, 126.875275 37.498599, 126.87557 37.498659, 126.875657 37.498676, 126.876016 37.498715, 126.876321 37.498717, 126.876644 37.498692, 126.877053 37.498613, 126.877333 37.498528, 126.877694 37.498379, 126.878005 37.498208, 126.878313 37.497963, 126.878546 37.497726, 126.878769 37.497379, 126.878923 37.497036, 126.879193 37.496238, 126.879299 37.495769, 126.879347 37.495477, 126.879455 37.494248, 126.879531 37.493168)
311725613		False	LINESTRING (126.902868 37.513569, 126.903595 37.51389, 126.905641 37.514767, 126.906756 37.515229)
311725614		False	LINESTRING (126.899267 37.512062, 126.898685 37.511784)
311725615		False	LINESTRING (126.872861 37.497692, 126.873588 37.497962)
311725616	구로삼각선	False	LINESTRING (126.874024 37.498157, 126.87464 37.498385, 126.874954 37.498494)
311725617	경인선	False	LINESTRING (126.871615 37.49707, 126.87096 37.496733, 126.870562 37.496496, 126.870182 37.496303, 126.86914 37.495824, 126.868918 37.495722, 126.86598 37.494365, 126.865605 37.494212, 126.865206 37.494072, 126.864713 37.493939)
311725619	경인선	False	LINESTRING (126.881211 37.502039, 126.880853 37.501699, 126.880414 37.501319, 126.880224 37.501141, 126.879807 37.500772, 126.879425 37.50045, 126.879082 37.500227, 126.878632 37.499987, 126.878199 37.499796, 126.877688 37.4996, 126.87616 37.499064, 126.875314 37.498732, 126.874024 37.498157, 126.873588 37.497962, 126.872882 37.497648, 126.87164 37.497035)
311725620	경인선	False	LINESTRING (126.87163 37.497137, 126.870577 37.496644, 126.870406 37.496566, 126.868396 37.495646)
311725621	경인선	False	LINESTRING (126.87164 37.497035, 126.870627 37.496556, 126.869021 37.495823, 126.86857 37.495617, 126.86845 37.495562)
311725625	경인선	False	LINESTRING (126.882256 37.5034, 126.88145 37.502674, 126.88125 37.502494, 126.879696 37.50113, 126.879228 37.500759, 126.878838 37.500498, 126.878362 37.500249, 126.877708 37.499937, 126.87722 37.499713)
311725637	경부제2선	False	LINESTRING (126.878858 37.498035, 126.878731 37.498549, 126.878679 37.498866, 126.878675 37.499088, 126.878694 37.499348, 126.878751 37.499623, 126.878819 37.499852, 126.878955 37.500139, 126.879134 37.500411, 126.879308 37.500623, 126.879625 37.500944, 126.88005 37.501312)
311725639	경부선	False	LINESTRING (126.879061 37.496876, 126.87861 37.49826, 126.878492 37.498644, 126.878442 37.498898, 126.878411 37.499149, 126.878411 37.499339, 126.878431 37.499611, 126.878479 37.499845, 126.878571 37.500104, 126.878698 37.500365, 126.878866 37.50062, 126.879065 37.50086, 126.87928 37.50109, 126.879788 37.501525, 126.880162 37.501845)
311725641	경부제2선	False	LINESTRING (126.880052 37.490239, 126.880078 37.491032, 126.880055 37.491521)
311725646		False	LINESTRING (126.880968 37.501762, 126.881211 37.502039)
311725650		False	LINESTRING (126.880272 37.500918, 126.880604 37.501365, 126.88071 37.501507)
311725655		False	LINESTRING (126.880585 37.501545, 126.880816 37.501806, 126.881148 37.502181)
311725658		False	LINESTRING (126.880423 37.501506, 126.880816 37.501806, 126.881227 37.502121)
311725659		False	LINESTRING (126.881826 37.50286, 126.881607 37.502605)
311725661		False	LINESTRING (126.881342 37.502162, 126.881612 37.502462)
311725664		False	LINESTRING (126.879521 37.500358, 126.879748 37.500656)
311725666	경부선	False	LINESTRING (126.880312 37.501769, 126.879396 37.500984, 126.879198 37.500794, 126.878997 37.500568, 126.878834 37.500315, 126.878717 37.50008, 126.878623 37.499846, 126.878555 37.499605, 126.878512 37.499347, 126.878509 37.499146, 126.878532 37.498891, 126.878569 37.498653, 126.878682 37.498269, 126.879071 37.497231, 126.879388 37.496414, 126.879545 37.495949, 126.879663 37.495527, 126.879727 37.495117, 126.87978 37.494527, 126.879982 37.491516)
311725670	경인선	False	LINESTRING (126.871655 37.497233, 126.870549 37.496677, 126.870384 37.496602, 126.868366 37.495685)
311725686	경부선	False	LINESTRING (126.883072 37.504314, 126.883138 37.504362, 126.883413 37.504534, 126.883753 37.504728, 126.884542 37.505117)
311725692	구로기지선	False	LINESTRING (126.880224 37.501141, 126.880033 37.500908, 126.879748 37.500656, 126.879486 37.500382, 126.879091 37.499995, 126.878841 37.499748, 126.878595 37.499364, 126.878372 37.498907, 126.878287 37.498543, 126.87826 37.498089, 126.878274 37.497888, 126.878288 37.497646)
311725701		False	LINESTRING (126.878274 37.497888, 126.878302 37.497756, 126.878325 37.497652)
311725702	경부제2선	False	LINESTRING (126.879564 37.493812, 126.879573 37.49429, 126.879534 37.49502, 126.879492 37.49547, 126.879411 37.495883, 126.879285 37.496404, 126.87914 37.496911, 126.878858 37.498035)
311747022	경인선	False	LINESTRING (126.87163 37.497137, 126.872369 37.497457, 126.872861 37.497692, 126.875293 37.498769, 126.876145 37.499104, 126.877671 37.499634, 126.87816 37.499842, 126.8786 37.500056, 126.878996 37.500303, 126.879297 37.500519, 126.879703 37.500858, 126.880423 37.501506)
311747031	경부제2선	False	LINESTRING (126.88005 37.501312, 126.88134 37.502419, 126.881826 37.50286, 126.882368 37.503346)
311747036	구로기지선	False	LINESTRING (126.88071 37.501507, 126.880393 37.501191, 126.879892 37.500718, 126.879521 37.500358, 126.879168 37.500007, 126.878886 37.499716, 126.878637 37.499338, 126.878422 37.498889, 126.878332 37.498537, 126.878314 37.498092, 126.87832 37.497889, 126.878325 37.497652)
311747037	경부제2선	False	LINESTRING (126.880055 37.491521, 126.879851 37.494536, 126.879818 37.49512, 126.87979 37.49554, 126.879719 37.495979, 126.87958 37.496454, 126.879386 37.496957, 126.879194 37.497386, 126.879107 37.497608, 126.879025 37.497876, 126.878985 37.498124, 126.878959 37.498348, 126.878957 37.49856, 126.878976 37.498812, 126.879032 37.49909, 126.879122 37.499365, 126.879207 37.499579)
311747038		False	LINESTRING (126.879883 37.490675, 126.879974 37.490235)
311747039		False	LINESTRING (126.879518 37.491485, 126.879659 37.490884)
311747041		False	LINESTRING (126.879632 37.491887, 126.879594 37.49229)
311747042		False	LINESTRING (126.87832 37.497889, 126.878302 37.497756, 126.878288 37.497646)
311747043		False	LINESTRING (126.884291 37.504718, 126.884588 37.504865, 126.884934 37.505036)
311747044		False	LINESTRING (126.879866 37.490944, 126.879714 37.491623)
311747045	구로삼각선	False	LINESTRING (126.879531 37.493168, 126.879595 37.492568)
311747046		False	LINESTRING (126.883753 37.504728, 126.884221 37.505016, 126.884616 37.505235, 126.88487 37.50537)
311747053		False	LINESTRING (126.879595 37.492568, 126.879594 37.49229, 126.879574 37.491778, 126.879659 37.490884, 126.87987 37.487731, 126.879876 37.487656)
314992663	경인선	False	LINESTRING (126.87722 37.499713, 126.87688 37.499562, 126.876078 37.499208, 126.872936 37.497769, 126.872346 37.497487, 126.871615 37.49707)
315014331	경인선	False	LINESTRING (126.871655 37.497233, 126.872111 37.497455, 126.87231 37.497555, 126.873594 37.498154, 126.876041 37.49926, 126.877176 37.499773, 126.877669 37.499995, 126.878303 37.50033, 126.878789 37.500626, 126.879117 37.500856, 126.879407 37.501099, 126.880225 37.501788, 126.881107 37.502571, 126.882121 37.503483)
315166233		False	LINESTRING (126.906937 37.514842, 126.903948 37.513614, 126.903207 37.51332, 126.90216 37.512897, 126.901529 37.512655, 126.900494 37.51222, 126.898409 37.51143, 126.89806 37.511334, 126.897647 37.51125, 126.897124 37.511119, 126.896747 37.510994)
315166235		False	LINESTRING (126.906914 37.514876, 126.904465 37.51387, 126.903919 37.513637, 126.903189 37.513354, 126.902686 37.513156, 126.902214 37.513007, 126.90208 37.512969, 126.901628 37.512845, 126.900807 37.512545, 126.898195 37.511557, 126.897967 37.511477, 126.897605 37.511353, 126.896747 37.510994, 126.896457 37.510872, 126.894018 37.509792, 126.893287 37.509475)
315166236		False	LINESTRING (126.899818 37.512437, 126.900425 37.51265)
315166237		False	LINESTRING (126.900793 37.512585, 126.901423 37.512831)
315166238		False	LINESTRING (126.89861 37.511905, 126.899238 37.512099)
315166239		False	LINESTRING (126.898299 37.511871, 126.898801 37.51203)
315166240		False	LINESTRING (126.906081 37.514361, 126.906563 37.514639)
315166241		False	LINESTRING (126.888554 37.507475, 126.888091 37.507109)
315166242		False	LINESTRING (126.88721 37.506495, 126.887576 37.506789)
315166243		False	LINESTRING (126.897717 37.511685, 126.898216 37.511838)
315166244		False	LINESTRING (126.9 37.512331, 126.900253 37.512448, 126.90051 37.512567)
315166245		False	LINESTRING (126.900524 37.512524, 126.900253 37.512448, 126.899982 37.512372)
315166246		False	LINESTRING (126.902868 37.513569, 126.903484 37.513787)
315166247		False	LINESTRING (126.902686 37.513156, 126.903207 37.51332)
315166248		False	LINESTRING (126.902916 37.513282, 126.902214 37.513007)
315166249		False	LINESTRING (126.909124 37.515811, 126.909457 37.515978, 126.909758 37.516106)
315166250		False	LINESTRING (126.900738 37.51265, 126.901242 37.512889, 126.901927 37.513171)
315166251		False	LINESTRING (126.900897 37.512451, 126.901506 37.512698, 126.90183 37.512805, 126.90216 37.512897)
315166252		False	LINESTRING (126.90389 37.51366, 126.903168 37.513384, 126.902916 37.513282, 126.902196 37.513053)
315166254		False	LINESTRING (126.901356 37.512987, 126.901905 37.513202, 126.902492 37.513464, 126.902965 37.513692, 126.905612 37.514811)
315166256		False	LINESTRING (126.900756 37.512792, 126.901356 37.512987, 126.901927 37.513171)
315166257		False	LINESTRING (126.906896 37.514903, 126.904447 37.513896, 126.90389 37.51366)
315166258		False	LINESTRING (126.897605 37.511353, 126.897954 37.511502, 126.898685 37.511784, 126.899293 37.512019, 126.900793 37.512585, 126.901628 37.512845)
315166259		False	LINESTRING (126.903948 37.513614, 126.904448 37.513766, 126.904907 37.5139, 126.905316 37.514043, 126.906081 37.514361, 126.906829 37.514671)
315166260		False	LINESTRING (126.901745 37.513028, 126.90246 37.513335, 126.902889 37.513532, 126.90327 37.513695, 126.903484 37.513787, 126.905747 37.514761, 126.906544 37.515089, 126.906707 37.515159, 126.906782 37.51519)
315166261		False	LINESTRING (126.906959 37.514809, 126.906563 37.514639, 126.904448 37.513766)
315262453		False	LINESTRING (126.906874 37.514936, 126.904426 37.513924, 126.903861 37.513684, 126.902569 37.513194, 126.902196 37.513053, 126.901423 37.512831, 126.900865 37.512651)
315423460	경부선	False	LINESTRING (126.885654 37.505524, 126.885994 37.505739, 126.886542 37.506094, 126.88721 37.506495)
335346392	경부선	False	LINESTRING (126.888554 37.507475, 126.889103 37.507838, 126.889911 37.50834, 126.890353 37.508601, 126.891022 37.508945, 126.891815 37.509285, 126.891963 37.509351)
335690423	경부선	False	LINESTRING (126.880162 37.501845, 126.881072 37.5026, 126.88266 37.504017, 126.883072 37.504314)
625354986	경부선	False	LINESTRING (126.884595 37.505044, 126.884182 37.504852, 126.883807 37.504654, 126.883494 37.504456, 126.883239 37.50428, 126.88279 37.503933, 126.882418 37.503601, 126.881417 37.502705, 126.881206 37.502516, 126.880312 37.501769)
625364780	경부선	False	LINESTRING (126.884542 37.505117, 126.88464 37.505169, 126.884947 37.505333, 126.885902 37.505843, 126.886466 37.506168)
625513373	경부선	False	LINESTRING (126.879982 37.491516, 126.880052 37.490239)
634602529	경부선	False	LINESTRING (126.885107 37.505245, 126.885339 37.505363, 126.885654 37.505524)
634602533	경부선	False	LINESTRING (126.880414 37.501319, 126.880585 37.501545, 126.881227 37.502121)
634602538	경부제2선	False	LINESTRING (126.884387 37.50471, 126.883787 37.504231, 126.883474 37.503956, 126.881784 37.502409)
634612733	경부제2선	False	LINESTRING (126.884595 37.505044, 126.883831 37.504628, 126.883531 37.504431, 126.88328 37.504248, 126.88282 37.503908, 126.882256 37.5034)
634612734	경부선	False	LINESTRING (126.884387 37.50471, 126.88401 37.504488, 126.883709 37.504285, 126.883483 37.504103, 126.883191 37.503851, 126.882509 37.503228)
634612735	경인선	False	LINESTRING (126.883191 37.504012, 126.883398 37.504175, 126.883623 37.504352, 126.883923 37.504559, 126.884253 37.504759, 126.884646 37.504968, 126.885107 37.505245)
634612736	경부제2선	False	LINESTRING (126.882121 37.503483, 126.88269 37.503994, 126.883131 37.504297, 126.883178 37.504329, 126.883447 37.50451, 126.883779 37.504698, 126.884542 37.505117)
772081511	경부선	False	LINESTRING (126.90868 37.516348, 126.909447 37.516637, 126.909978 37.516786, 126.910613 37.516892, 126.911843 37.516967, 126.914114 37.51714, 126.914786 37.517183, 126.915232 37.517212, 126.9158 37.517241, 126.916433 37.517237, 126.916915 37.517219, 126.917703 37.517103, 126.918271 37.516978, 126.91875 37.516834, 126.919152 37.516681, 126.919672 37.516458, 126.920132 37.516225, 126.920552 37.515971, 126.920879 37.515742, 126.922177 37.514713, 126.922572 37.514413, 126.922859 37.514215, 126.923249 37.513995, 126.923722 37.513788, 126.924014 37.513684, 126.924244 37.513621)
772081512	경부선	False	LINESTRING (126.891963 37.509351, 126.892466 37.509563)
772081513	경부선	False	LINESTRING (126.892018 37.509228, 126.891323 37.508932, 126.890694 37.508644, 126.890295 37.508449, 126.88996 37.508264, 126.889153 37.507772, 126.888091 37.507109)
772081514	경부선	False	LINESTRING (126.892547 37.509454, 126.892018 37.509228)
772081515	경부선	False	LINESTRING (126.892566 37.509418, 126.893617 37.509868, 126.893887 37.509984, 126.896352 37.511024, 126.897436 37.511482, 126.898801 37.51203)
772081516	경부선	False	LINESTRING (126.892039 37.509195, 126.892566 37.509418)
772081517	경부선	False	LINESTRING (126.892107 37.509085, 126.891413 37.508788, 126.890791 37.508504, 126.890396 37.508316, 126.889834 37.508032, 126.889208 37.507697, 126.888169 37.507044, 126.886576 37.50606, 126.886028 37.505712, 126.885152 37.505171, 126.884934 37.505036)
772081518	경부선	False	LINESTRING (126.892631 37.50931, 126.892107 37.509085)
772081519	경부선	False	LINESTRING (126.900738 37.51265, 126.901429 37.512914, 126.901745 37.513028, 126.902507 37.513305, 126.90369 37.513764, 126.905183 37.514403, 126.906384 37.514905, 126.906784 37.515069)
772081520	경부선	False	LINESTRING (126.892124 37.509063, 126.892662 37.509281)
772081522	경부선	False	LINESTRING (126.89268 37.509256, 126.892146 37.50903)
773670500	경부선	False	LINESTRING (126.887576 37.506789, 126.886507 37.506128, 126.885958 37.505787, 126.885031 37.505282, 126.884595 37.505044)
773670501	경부선	False	LINESTRING (126.88721 37.506495, 126.887557 37.506714, 126.88813 37.507076, 126.88918 37.507734, 126.889999 37.50823, 126.890317 37.508412, 126.890715 37.508615, 126.89134 37.508899, 126.892039 37.509195)
773670502	경부선	False	LINESTRING (126.88248 37.503256, 126.883048 37.503775, 126.883279 37.50397, 126.883456 37.504119, 126.883674 37.504307, 126.883676 37.504308, 126.883973 37.504521, 126.884291 37.504718)
773670503	경부제2선	False	LINESTRING (126.881784 37.502409, 126.881609 37.502249, 126.881142 37.501821, 126.880678 37.501357, 126.880272 37.500918)
773670504	경부선	False	LINESTRING (126.880052 37.490239, 126.880081 37.489719, 126.880148 37.488363, 126.880208 37.487633, 126.8803 37.487184, 126.880449 37.486734, 126.88073 37.486052, 126.881231 37.484903, 126.882275 37.482596, 126.883021 37.480905)
783570015	경부선	False	LINESTRING (126.879564 37.493812, 126.879551 37.49401, 126.879481 37.495016, 126.879425 37.495464, 126.879356 37.495877, 126.879238 37.4964, 126.879061 37.496876)
783570016	경부선	False	LINESTRING (126.900425 37.51265, 126.899695 37.512338, 126.89861 37.511905, 126.897462 37.511447, 126.896385 37.510973, 126.893961 37.509874, 126.892631 37.50931)
783570018		False	LINESTRING (126.90825 37.515804, 126.90854 37.515908, 126.908606 37.515925, 126.90894 37.516014)
783577233		False	LINESTRING (126.901927 37.513171, 126.902437 37.513381, 126.902868 37.513569)
784245065	경부선	False	LINESTRING (126.900756 37.512792, 126.900425 37.51265)
846034678	경부선	False	LINESTRING (126.882164 37.48238, 126.881924 37.482905, 126.881476 37.483939, 126.880558 37.486001, 126.880288 37.486687, 126.880122 37.487164, 126.880044 37.487621, 126.879946 37.488359, 126.879878 37.489314, 126.87979 37.490658, 126.879755 37.491102, 126.879714 37.491623, 126.879685 37.492067, 126.879646 37.49265, 126.879564 37.493812)
890924390	구로삼각선	False	LINESTRING (126.879595 37.492568, 126.879685 37.492067)
936298321		False	LINESTRING (126.907286 37.515448, 126.907975 37.51572, 126.90825 37.515804)
936301804	경부선	False	LINESTRING (126.888091 37.507109, 126.887576 37.506789)
936301805	경부선	False	LINESTRING (126.886466 37.506168, 126.888051 37.507141, 126.888554 37.507475)
1059244004	경부선	False	LINESTRING (126.892662 37.509281, 126.89398 37.509847, 126.896409 37.510939, 126.897488 37.511412, 126.899238 37.512099, 126.899982 37.512372, 126.90051 37.512567, 126.900738 37.51265)
1059244005	경부선	False	LINESTRING (126.90941 37.516177, 126.910103 37.516482, 126.910642 37.516647, 126.911067 37.516733, 126.911478 37.516789, 126.911868 37.516821, 126.913454 37.51693, 126.913643 37.516944, 126.914128 37.516976, 126.915245 37.517043, 126.915797 37.517062, 126.916526 37.517036, 126.916894 37.517002, 126.917418 37.51689)
1063621401	경부선	False	LINESTRING (126.881612 37.502462, 126.881815 37.502648, 126.88248 37.503256)
1063621402	경인선	False	LINESTRING (126.882509 37.503228, 126.881665 37.502459)
1063621403	경인선	False	LINESTRING (126.881342 37.502162, 126.881211 37.502039)
1063621404	구로기지선	False	LINESTRING (126.881609 37.502249, 126.881299 37.502027, 126.880968 37.501762)
1063621405	구로기지선	False	LINESTRING (126.880968 37.501762, 126.880872 37.501667, 126.88071 37.501507)
1063621406	경부제2선	False	LINESTRING (126.880272 37.500918, 126.880116 37.500749, 126.879694 37.500289, 126.879415 37.499928, 126.879207 37.499579)
1175012745	경부제2선	False	LINESTRING (126.882368 37.503346, 126.882942 37.503869, 126.883226 37.504097, 126.883352 37.504204, 126.883588 37.504384, 126.883887 37.504585, 126.884229 37.504786, 126.884617 37.504992, 126.885107 37.505245)
1175017269	경인선	False	LINESTRING (126.881665 37.502459, 126.881607 37.502407, 126.881342 37.502162)
1217300376	경부선	False	LINESTRING (126.884934 37.505036, 126.884387 37.50471)
1217300377	경부선	False	LINESTRING (126.884291 37.504718, 126.88467 37.504945, 126.885126 37.505214, 126.885654 37.505524)
1221238109	경부선	False	LINESTRING (126.898801 37.51203, 126.899674 37.512375, 126.899818 37.512437)
1221238110	경부선	False	LINESTRING (126.898216 37.511838, 126.897409 37.511517, 126.896328 37.511062, 126.893866 37.510015, 126.892547 37.509454)
1221238111	경부선	False	LINESTRING (126.892466 37.509563, 126.893817 37.510144, 126.896295 37.511114, 126.897383 37.511552, 126.897717 37.511685)
1221238112	경부선	False	LINESTRING (126.898299 37.511871, 126.898216 37.511838)
1221929997	경인선	False	LINESTRING (126.880423 37.501506, 126.880567 37.501636, 126.881148 37.502181, 126.881291 37.502316, 126.881377 37.502397, 126.881607 37.502605, 126.882398 37.503325, 126.882967 37.503833, 126.883191 37.504012)
1221929998	경부선	False	LINESTRING (126.881227 37.502121, 126.881473 37.502332, 126.881612 37.502462)
1418621446	경부선	False	LINESTRING (126.897717 37.511685, 126.89963 37.512449, 126.901703 37.51333, 126.903437 37.51408, 126.90457 37.514636, 126.906577 37.515494)
1418621447	경부선	False	LINESTRING (126.906577 37.515494, 126.908428 37.516244, 126.908591 37.51631, 126.90868 37.516348)
1418621448	경부선	False	LINESTRING (126.908711 37.516308, 126.9066 37.51546, 126.906 37.515213, 126.905808 37.515132, 126.904609 37.514596, 126.903456 37.514056, 126.901728 37.513296, 126.899652 37.512412, 126.898299 37.511871)
1418621449	경부선	False	LINESTRING (126.899818 37.512437, 126.901754 37.513263, 126.903491 37.514012, 126.904668 37.514527, 126.905555 37.514898, 126.906669 37.515357)
1418621450	경부선	False	LINESTRING (126.906669 37.515357, 126.908506 37.516106, 126.908732 37.516202, 126.90878 37.516219)
1418621451	경부선	False	LINESTRING (126.906695 37.515319, 126.906108 37.515071, 126.905584 37.514855, 126.901779 37.51323, 126.900756 37.512792)
1418621452		False	LINESTRING (126.90894 37.516014, 126.90941 37.516177)
1418621453	경부선	False	LINESTRING (126.908811 37.516179, 126.90714 37.515496, 126.906695 37.515319)
1418621454		False	LINESTRING (126.906782 37.51519, 126.90825 37.515804)
1418621455		False	LINESTRING (126.906756 37.515229, 126.907286 37.515448)
1418621456	경부선	False	LINESTRING (126.906784 37.515069, 126.908482 37.51578, 126.908966 37.515979)
1418621457	경부선	False	LINESTRING (126.908966 37.515979, 126.90941 37.516177)
1418621458	경부선	False	LINESTRING (126.917409 37.516855, 126.916889 37.516955, 126.916547 37.516989, 126.915796 37.517023, 126.915246 37.517005, 126.914132 37.516936, 126.912794 37.516843, 126.912485 37.516822, 126.911875 37.516784, 126.911475 37.516752, 126.911067 37.516694, 126.910645 37.516608, 126.910117 37.516444, 126.909434 37.51615, 126.908984 37.515956)
1418621459	경부선	False	LINESTRING (126.908984 37.515956, 126.906812 37.515028)
1418633679		False	LINESTRING (126.913928 37.516882, 126.911881 37.516748, 126.911484 37.51672, 126.911135 37.516664, 126.910788 37.5166, 126.910448 37.51652, 126.910161 37.516427, 126.90993 37.516327, 126.90971 37.516215, 126.909009 37.51586, 126.908656 37.515675, 126.908518 37.515622)
1418633680		False	LINESTRING (126.908518 37.515622, 126.907103 37.515031, 126.906874 37.514936)
1418633681		False	LINESTRING (126.908547 37.515583, 126.906896 37.514903)
1418633682		False	LINESTRING (126.90971 37.516215, 126.909244 37.51593, 126.908547 37.515583)
1418633683		False	LINESTRING (126.909244 37.51593, 126.908912 37.515726, 126.908573 37.515548)
1418633684		False	LINESTRING (126.908573 37.515548, 126.906914 37.514876)
1418633685		False	LINESTRING (126.908598 37.515515, 126.906937 37.514842)
1418633686		False	LINESTRING (126.909735 37.516145, 126.909446 37.516014, 126.909124 37.515811, 126.90871 37.515558, 126.908598 37.515515)
1418633687		False	LINESTRING (126.909779 37.516071, 126.909471 37.515943, 126.90918 37.515791, 126.90863 37.515471)
1418633688		False	LINESTRING (126.90863 37.515471, 126.906959 37.514809)
1419920375	경부선	False	LINESTRING (126.914118 37.517099, 126.91185 37.51693, 126.910614 37.51685, 126.909988 37.516751, 126.909463 37.51661, 126.908711 37.516308)
1419920376	경부선	False	LINESTRING (126.90878 37.516219, 126.909519 37.516498, 126.910025 37.516664, 126.910632 37.51679, 126.911231 37.516854, 126.911856 37.516894, 126.913371 37.517004)
1419920378	경부선	False	LINESTRING (126.912882 37.51693, 126.911862 37.516857, 126.911231 37.516824, 126.910642 37.516754, 126.91005 37.516635, 126.909542 37.516461, 126.908811 37.516179)
37928390	경부선	False	LINESTRING (126.94808 37.516178, 126.956394 37.523698)
45121376	경부선	False	LINESTRING (126.947841 37.516347, 126.947306 37.515879, 126.946764 37.515475, 126.946461 37.515267, 126.946181 37.515103, 126.945599 37.514878, 126.944856 37.5147, 126.944329 37.514611, 126.942449 37.514431, 126.941028 37.514277, 126.940158 37.514144, 126.939493 37.514041, 126.93903 37.513979, 126.938534 37.513918, 126.937939 37.513862, 126.937388 37.513848, 126.936805 37.513871, 126.936155 37.513978, 126.93486 37.514249, 126.934278 37.514368, 126.933798 37.514435, 126.933329 37.514458, 126.932667 37.51443, 126.93182 37.514314, 126.931365 37.514208, 126.928933 37.513612)
298992058	경부선	False	LINESTRING (126.956556 37.523582, 126.955458 37.52257, 126.954141 37.521132, 126.953241 37.520179, 126.951294 37.518292, 126.948641 37.515843)
298992063		False	LINESTRING (126.943954 37.514663, 126.943676 37.514635, 126.943406 37.514602, 126.942921 37.514554, 126.942436 37.514493, 126.941024 37.51433, 126.940152 37.514221, 126.939242 37.514093, 126.938264 37.513976)
298992064		False	LINESTRING (126.939242 37.514093, 126.940304 37.514334, 126.940702 37.514396, 126.942459 37.514599, 126.942922 37.514618, 126.943193 37.514625, 126.943676 37.514635)
299211068	경부선	False	LINESTRING (126.928921 37.513661, 126.931344 37.514258, 126.931815 37.514362, 126.932655 37.514475, 126.933331 37.514504, 126.933808 37.514476, 126.934289 37.514414, 126.934877 37.514302, 126.936168 37.514023, 126.936814 37.51392, 126.937386 37.513894, 126.937934 37.513904, 126.938528 37.513959, 126.939024 37.514019, 126.939487 37.514083, 126.939805 37.514127, 126.940154 37.514182, 126.941026 37.514303, 126.942442 37.514462, 126.943602 37.514579, 126.944316 37.514651, 126.944843 37.514741, 126.945577 37.514917, 126.946143 37.515135, 126.946419 37.515297, 126.94672 37.515503, 126.947264 37.51592, 126.9478 37.516378)
299211069	경부선	False	LINESTRING (126.9478 37.516378, 126.956246 37.523792)
311725640	경부선	False	LINESTRING (126.924244 37.513621, 126.924641 37.513532, 126.925048 37.513461, 126.925346 37.51344, 126.925802 37.513433, 126.926109 37.513434, 126.92748 37.513471, 126.92768 37.513476, 126.929503 37.513561, 126.930681 37.513615, 126.933891 37.513696, 126.936591 37.513758, 126.937944 37.513821, 126.93854 37.513877, 126.939499 37.513999)
311725708	경부선	False	LINESTRING (126.939947 37.513819, 126.938564 37.513712, 126.937962 37.513657, 126.93729 37.513628, 126.936589 37.513624, 126.933895 37.513571, 126.930691 37.513488, 126.929085 37.513433, 126.927746 37.513338, 126.926752 37.513281, 126.926091 37.513268, 126.925404 37.513286, 126.925013 37.513323, 126.924581 37.513393, 126.924132 37.513509, 126.923658 37.513676, 126.923164 37.513899, 126.922765 37.514115, 126.922452 37.514317, 126.922045 37.514618, 126.920721 37.51563, 126.920396 37.515855, 126.920003 37.51608, 126.919564 37.516302, 126.919045 37.516518, 126.918656 37.516665, 126.918199 37.516803, 126.917799 37.516894, 126.91744 37.516976, 126.916899 37.517058, 126.916504 37.517083, 126.915798 37.517104, 126.915244 37.51708, 126.914221 37.517023, 126.914125 37.517017, 126.912882 37.51693)
311747034	경부선	False	LINESTRING (126.948333 37.515966, 126.94837 37.516, 126.948379 37.516009, 126.956518 37.52361)
311747058	경부선	False	LINESTRING (126.956432 37.523672, 126.948122 37.516156)
313919150	경부선	True	LINESTRING (126.928933 37.513612, 126.927436 37.513212, 126.927035 37.513138)
313919151	경부선	True	LINESTRING (126.927027 37.513184, 126.927058 37.513189, 126.927421 37.513254, 126.928921 37.513661)
313919152	경부선	False	LINESTRING (126.927035 37.513138, 126.926731 37.513097, 126.926457 37.51308, 126.926079 37.51307, 126.925668 37.513084, 126.925285 37.513116, 126.924957 37.513163, 126.924516 37.513244, 126.924065 37.513363, 126.923572 37.513524, 126.923036 37.513755, 126.922638 37.513967, 126.922287 37.514184, 126.921862 37.514486, 126.920561 37.515518, 126.920244 37.515742, 126.919899 37.515949, 126.919473 37.51616, 126.918962 37.516385, 126.918588 37.516534, 126.918148 37.516675, 126.917409 37.516855)
313919153	경부선	False	LINESTRING (126.917418 37.51689, 126.918161 37.516707, 126.918604 37.516568, 126.918984 37.51642, 126.919496 37.516195, 126.919918 37.515983, 126.920279 37.515768, 126.920601 37.515546, 126.921903 37.514515, 126.922325 37.514215, 126.922672 37.514, 126.92306 37.513783, 126.923597 37.513567, 126.924084 37.513403, 126.924534 37.513285, 126.924968 37.513205, 126.925432 37.513153, 126.925878 37.513127, 126.926258 37.513123, 126.926604 37.513134, 126.92683 37.513153, 126.927027 37.513184)
315166234		False	LINESTRING (126.912485 37.516822, 126.911881 37.516748)
315262454		False	LINESTRING (126.914221 37.517023, 126.914797 37.517094)
315262455		False	LINESTRING (126.914227 37.517106, 126.914786 37.517183)
315262456		False	LINESTRING (126.913642 37.517024, 126.914118 37.517099)
315262457		False	LINESTRING (126.913643 37.516944, 126.914125 37.517017)
315262458		False	LINESTRING (126.912882 37.51693, 126.913371 37.517004)
315262459		False	LINESTRING (126.912794 37.516843, 126.913454 37.51693)
315423448		False	LINESTRING (126.938564 37.513712, 126.939289 37.513822)
315423449		False	LINESTRING (126.939805 37.514127, 126.940152 37.514221)
315423450		False	LINESTRING (126.943622 37.514245, 126.944952 37.514319)
315423451		False	LINESTRING (126.93903 37.513979, 126.939487 37.514083)
315423453		False	LINESTRING (126.943602 37.514579, 126.942921 37.514554)
315423454	경부선	False	LINESTRING (126.956275 37.523765, 126.947841 37.516347)
315423459	경부선	False	LINESTRING (126.939504 37.513958, 126.938546 37.513835, 126.937948 37.51378, 126.93659 37.513713, 126.933892 37.513654, 126.930684 37.513573, 126.927681 37.513444, 126.926218 37.513403, 126.926105 37.5134, 126.925799 37.513401, 126.925411 37.513407, 126.92504 37.513426, 126.924625 37.513494, 126.924173 37.513596, 126.923702 37.513753, 126.923228 37.513972, 126.922836 37.514192, 126.922545 37.514391, 126.922142 37.514688, 126.920839 37.515714, 126.92051 37.51594, 126.920105 37.516196, 126.91966 37.516438, 126.919138 37.516664, 126.918737 37.516815, 126.918264 37.516953, 126.917837 37.517044, 126.917477 37.51712, 126.916911 37.517176, 126.916452 37.517196, 126.9158 37.5172, 126.915233 37.517175, 126.914227 37.517106, 126.914118 37.517099)
380135995	경부선	False	LINESTRING (126.948641 37.515843, 126.948032 37.515321, 126.947578 37.515026, 126.947198 37.514848, 126.946763 37.514686, 126.946358 37.514577, 126.945987 37.514504, 126.945497 37.514409, 126.945076 37.514335, 126.944952 37.514319, 126.943666 37.514155)
380135996	경부선	False	LINESTRING (126.943417 37.514226, 126.943622 37.514245, 126.94499 37.514402, 126.945458 37.514468, 126.945974 37.514575, 126.946321 37.514678, 126.946709 37.514825, 126.947089 37.515001, 126.94742 37.5152, 126.947784 37.515462, 126.948333 37.515966)
380135997	경부선	False	LINESTRING (126.939938 37.513883, 126.941061 37.513979, 126.942436 37.514132, 126.942584 37.514147, 126.943417 37.514226)
380135998	경부선	False	LINESTRING (126.943666 37.514155, 126.942527 37.514041, 126.941067 37.513885, 126.940363 37.513848, 126.939947 37.513819)
380135999	경부선	False	LINESTRING (126.939499 37.513999, 126.940177 37.514067, 126.941234 37.514187, 126.942661 37.514335, 126.943584 37.514422)
380136000	경부선	False	LINESTRING (126.943591 37.51438, 126.942481 37.514271, 126.941298 37.514146, 126.94019 37.514033, 126.93995 37.514007, 126.939504 37.513958)
380136001	경부선	False	LINESTRING (126.943584 37.514422, 126.944501 37.514521, 126.94495 37.514607, 126.945648 37.514773, 126.94624 37.514986, 126.946597 37.515147, 126.94732 37.515584, 126.94808 37.516178)
380136002	경부선	False	LINESTRING (126.948122 37.516156, 126.947981 37.516045, 126.94736 37.515556, 126.946646 37.515122, 126.946267 37.514959, 126.945671 37.514739, 126.944972 37.514564, 126.944513 37.514482, 126.943591 37.51438)
380136023		False	LINESTRING (126.93659 37.513668, 126.937288 37.513699, 126.937953 37.513739, 126.938552 37.513794, 126.939939 37.513916)
380136024		False	LINESTRING (126.939939 37.513916, 126.941054 37.514017, 126.941866 37.514104, 126.942502 37.514172, 126.942798 37.514191, 126.943417 37.514226)
783570017	경부선	False	LINESTRING (126.913642 37.517024, 126.914121 37.517058, 126.914797 37.517094, 126.915243 37.517118, 126.915798 37.517145, 126.916482 37.51713, 126.916904 37.517102, 126.917449 37.517009, 126.918211 37.516831, 126.918669 37.516691, 126.91906 37.516541, 126.919578 37.516323, 126.920018 37.516106, 126.920435 37.515884, 126.920759 37.515657, 126.922077 37.514641, 126.922489 37.514346, 126.922794 37.514142, 126.923189 37.513928, 126.923676 37.513707, 126.924149 37.513544, 126.924594 37.513424, 126.925025 37.513354, 126.925413 37.513316, 126.926093 37.513291, 126.926752 37.513305, 126.927489 37.513348, 126.927744 37.513362, 126.929085 37.513468, 126.930688 37.513531, 126.933894 37.513613, 126.93659 37.513668, 126.937288 37.513666, 126.937957 37.513698, 126.938558 37.513753, 126.939289 37.513822, 126.939938 37.513883)
1419920377	경부선	False	LINESTRING (126.913371 37.517004, 126.913642 37.517024)
309507057		False	LINESTRING (126.984697 37.519473, 126.985388 37.51953, 126.985613 37.519549, 126.985926 37.519572, 126.986156 37.519589, 126.986608 37.519626, 126.986855 37.519641, 126.98723 37.519657, 126.989888 37.51976, 126.990226 37.519768, 126.990602 37.519773, 126.991112 37.519764, 126.991468 37.519756, 126.992182 37.519735)
319981385		False	LINESTRING (126.988488 37.525247, 126.98855 37.524522, 126.988563 37.524362, 126.988611 37.523943, 126.988631 37.523741, 126.98866 37.523448, 126.988672 37.523307, 126.988681 37.523209, 126.988657 37.522984, 126.988611 37.522748, 126.988512 37.522497, 126.988142 37.521693, 126.987831 37.520974, 126.987734 37.520797, 126.987584 37.520593, 126.987468 37.520457, 126.987389 37.520391, 126.987369 37.520374, 126.98726 37.520266, 126.986887 37.520027, 126.986841 37.519998, 126.98671 37.519902, 126.986186 37.519722, 126.985613 37.519549)
405486067	경원선	False	LINESTRING (127.017357 37.539515, 127.017152 37.539326, 127.016934 37.539102, 127.016754 37.538872, 127.016574 37.53861, 127.016301 37.538191, 127.013843 37.534195, 127.013053 37.532956, 127.012054 37.531299, 127.01191 37.531099, 127.011676 37.530841, 127.011507 37.53067, 127.011334 37.530511, 127.011153 37.530358, 127.010908 37.530181, 127.010687 37.530042, 127.010578 37.529977, 127.010461 37.529914, 127.010343 37.529853, 127.010181 37.529778, 127.00999 37.529697, 127.008534 37.52915, 127.008169 37.529013, 127.007795 37.528861, 127.007449 37.528696, 127.007148 37.52853, 127.006889 37.528374, 127.006692 37.528245, 127.004184 37.526429, 127.003965 37.526272, 127.003727 37.526085, 127.003482 37.525879, 127.003271 37.525681, 127.003082 37.525483, 127.002924 37.525298, 127.002802 37.525138, 127.002555 37.524787, 127.00241 37.524572, 127.002159 37.524168, 127.001828 37.523596, 127.001688 37.523406, 127.001483 37.523159, 127.001329 37.523006, 127.000989 37.522719, 127.000635 37.522453, 127.000356 37.522278, 127.00001 37.522098, 126.999616 37.521926, 126.99925 37.521771, 126.995207 37.520136, 126.994975 37.520052, 126.994669 37.519959, 126.994348 37.519885, 126.993904 37.519805, 126.993761 37.519785, 126.99357 37.51976, 126.993272 37.519737, 126.992741 37.519713, 126.991865 37.519688, 126.991224 37.519668, 126.990495 37.519642, 126.989808 37.519616, 126.987282 37.519517, 126.986385 37.519482, 126.985862 37.519465, 126.985641 37.519456, 126.985236 37.51945, 126.98462 37.519429, 126.984136 37.519416, 126.98393 37.519416, 126.983623 37.519427, 126.983289 37.519452, 126.983021 37.51948, 126.982757 37.519517, 126.982548 37.519554, 126.982396 37.519588, 126.982224 37.519633, 126.981868 37.519736, 126.977951 37.520948, 126.976145 37.52153, 126.975653 37.521685, 126.975477 37.521742, 126.973697 37.522317, 126.973226 37.522465, 126.972787 37.522592, 126.972544 37.52265, 126.97227 37.522708, 126.971835 37.522785, 126.971707 37.522807, 126.971365 37.522841, 126.97105 37.522854, 126.970744 37.522854, 126.97047 37.522846, 126.970118 37.522822, 126.969812 37.522786, 126.969514 37.522743, 126.968901 37.522641, 126.967544 37.522385, 126.965996 37.522131, 126.965789 37.522112, 126.965501 37.522095, 126.965186 37.52209, 126.964785 37.522095, 126.964604 37.522101, 126.964381 37.522111, 126.964137 37.52213, 126.963874 37.522161, 126.963626 37.522218, 126.963178 37.522328, 126.96297 37.522394, 126.962732 37.522485, 126.96254 37.522562, 126.962308 37.522665)
405489304		False	LINESTRING (126.985236 37.51945, 126.985811 37.519421, 126.986063 37.519382, 126.986144 37.519368, 126.986537 37.519363, 126.986909 37.519368, 126.990946 37.519521, 126.991369 37.519544, 126.991811 37.519602, 126.992367 37.519676, 126.992741 37.519713)
405489305		False	LINESTRING (126.991865 37.519688, 126.991281 37.519636, 126.990384 37.519551, 126.990026 37.519531, 126.986972 37.519412, 126.986466 37.519422, 126.985852 37.519451, 126.985641 37.519456)
405489306		False	LINESTRING (126.985547 37.519493, 126.98462 37.519429)
405493974		False	LINESTRING (126.991811 37.519602, 126.991486 37.519531, 126.991226 37.519504, 126.990956 37.519489, 126.989941 37.519442, 126.98741 37.519341, 126.987056 37.519335, 126.986833 37.519348, 126.986537 37.519363)
405493975		False	LINESTRING (126.991486 37.519531, 126.991266 37.51949, 126.991095 37.519458, 126.990843 37.519422, 126.990595 37.519394, 126.989369 37.519348, 126.98755 37.51928, 126.987153 37.519278, 126.986843 37.519296, 126.986747 37.519302, 126.986144 37.519368)
405493976		False	LINESTRING (126.984601 37.51918, 126.985417 37.519208, 126.98567 37.519224, 126.986374 37.519288, 126.986537 37.519299, 126.986747 37.519302)
405493977		False	LINESTRING (126.986063 37.519382, 126.98581 37.519402, 126.985467 37.519416, 126.984628 37.519391, 126.983989 37.519388, 126.983448 37.51941, 126.983189 37.519422, 126.982702 37.519494, 126.982395 37.519538, 126.981847 37.519685, 126.981181 37.519909)
405493978		False	LINESTRING (126.98581 37.519402, 126.985483 37.51939, 126.984822 37.519368, 126.983958 37.519331)
405575390	경원선	False	LINESTRING (126.96235 37.522711, 126.962578 37.522601, 126.962759 37.522527, 126.962991 37.522428, 126.963184 37.522363, 126.963637 37.52226, 126.963916 37.522208, 126.964185 37.522163, 126.964437 37.522137, 126.96468 37.522122, 126.965426 37.52212, 126.965783 37.52215, 126.966021 37.522163, 126.966263 37.522201, 126.967532 37.522422, 126.968893 37.522676, 126.969383 37.522764, 126.96975 37.52282, 126.97012 37.522863, 126.970455 37.522887, 126.970827 37.522897, 126.971137 37.522894, 126.971403 37.522878, 126.971776 37.522833, 126.971867 37.522817, 126.972257 37.522749, 126.972486 37.522701, 126.97272 37.522645, 126.972942 37.522585, 126.973441 37.522438, 126.973988 37.522264, 126.975563 37.52176, 126.976111 37.521587, 126.976708 37.521389, 126.977176 37.521236, 126.977802 37.521039, 126.980168 37.520291, 126.982221 37.519675, 126.982404 37.519626, 126.982539 37.519595, 126.982742 37.519558, 126.983009 37.519516, 126.983288 37.519488, 126.983559 37.51947, 126.983671 37.519465, 126.983974 37.519455, 126.984072 37.519454, 126.984364 37.519461, 126.984697 37.519473, 126.9852 37.519487, 126.985547 37.519493, 126.985744 37.519497, 126.98683 37.51954, 126.989239 37.519634, 126.989812 37.519656, 126.990694 37.51969, 126.991511 37.519718, 126.992182 37.519735, 126.992357 37.519738, 126.992803 37.519754, 126.99312 37.519772, 126.993465 37.519795, 126.993758 37.519824, 126.994235 37.519899, 126.994407 37.519932, 126.9947 37.520005, 126.994939 37.520078, 126.995187 37.520171, 126.999397 37.521879, 126.999884 37.522087, 127.00021 37.522247, 127.000458 37.522388, 127.000638 37.522505, 127.000811 37.52263, 127.00124 37.522997, 127.00139 37.52314, 127.001489 37.523241, 127.001544 37.5233, 127.001666 37.523445, 127.001788 37.523619, 127.002413 37.524661, 127.002501 37.524796, 127.002828 37.525254, 127.002962 37.525419, 127.003148 37.525621, 127.003337 37.525808, 127.003546 37.525999, 127.003813 37.526216, 127.00669 37.528297, 127.00698 37.528477, 127.007232 37.528624, 127.007461 37.528752, 127.007764 37.528895, 127.008069 37.529022, 127.009912 37.529707, 127.010141 37.529801, 127.01028 37.529863, 127.010427 37.529936, 127.010533 37.529993, 127.010633 37.530052, 127.010812 37.530165, 127.011015 37.530304, 127.011208 37.530455, 127.011376 37.530606, 127.01153 37.530756, 127.01172 37.53096, 127.011915 37.531192, 127.012114 37.531471, 127.013014 37.532958, 127.013787 37.534211, 127.016259 37.538222, 127.016498 37.538594, 127.016696 37.538877, 127.0169 37.539139, 127.017113 37.539357, 127.017325 37.539541)
304232223	신분당선	True	LINESTRING (127.01966 37.515752, 127.019753 37.515455, 127.020007 37.514614, 127.020454 37.512986, 127.021896 37.509947, 127.023165 37.50724, 127.023877 37.505689, 127.024266 37.504958, 127.024916 37.503571, 127.026142 37.501036, 127.026792 37.499641)
566850131	분당선	True	LINESTRING (127.102276 37.486738, 127.102061 37.486909, 127.102006 37.486953, 127.101851 37.487077, 127.101051 37.487715, 127.100283 37.488327, 127.10014 37.488441, 127.099531 37.488927, 127.098246 37.490226, 127.096939 37.492153, 127.096027 37.49357, 127.095034 37.494383, 127.094337 37.494759, 127.090191 37.496159, 127.089355 37.496278, 127.088866 37.496297, 127.088007 37.496232, 127.087166 37.496086, 127.079622 37.493641, 127.07955 37.493617, 127.073186 37.491559, 127.072765 37.491374, 127.072347 37.491168, 127.071877 37.490862, 127.07114 37.49041, 127.070331 37.489986, 127.069792 37.489791, 127.068893 37.489507, 127.067695 37.489327, 127.066052 37.48908, 127.064056 37.488436, 127.062495 37.487489, 127.061313 37.487054, 127.060735 37.486917, 127.060488 37.486861, 127.060258 37.486833, 127.060005 37.486835, 127.059736 37.486861, 127.059455 37.48691, 127.059143 37.486984, 127.058814 37.487079, 127.05846 37.487182, 127.058064 37.487324, 127.057791 37.48745, 127.057561 37.487581, 127.057257 37.487768, 127.056993 37.487982, 127.0567 37.488262, 127.056431 37.488533, 127.056204 37.488798, 127.055871 37.48947, 127.055444 37.490621, 127.05535 37.490868, 127.052841 37.496274, 127.050846 37.500512, 127.049147 37.504166, 127.048468 37.505624, 127.048407 37.50577, 127.048394 37.505797, 127.048318 37.505939, 127.048306 37.505962, 127.0482 37.506139, 127.047986 37.506386, 127.047685 37.506633, 127.047321 37.506845, 127.045464 37.507909, 127.045046 37.50819, 127.044767 37.508437, 127.044612 37.508616, 127.044499 37.508786, 127.044287 37.509152, 127.044183 37.509396, 127.04415 37.509476, 127.043746 37.510535, 127.043695 37.510668, 127.041414 37.516776, 127.041306 37.517092, 127.041237 37.517264, 127.041206 37.517348, 127.039215 37.522711, 127.039099 37.523037, 127.039085 37.523206, 127.039089 37.523305, 127.040681 37.52782, 127.041094 37.529063)
674061232	분당선	True	LINESTRING (127.10234 37.486798, 127.102095 37.486968, 127.1019 37.487103, 127.101756 37.48721, 127.100322 37.488352, 127.100185 37.488463, 127.099568 37.488955, 127.098368 37.490256, 127.096985 37.49217, 127.096069 37.493594, 127.095067 37.494414, 127.094362 37.494794, 127.090206 37.496198, 127.08936 37.496318, 127.088865 37.496337, 127.087998 37.496272, 127.08715 37.496124, 127.07962 37.493684, 127.079533 37.493655, 127.07317 37.491597, 127.07274 37.49141, 127.07232 37.491201, 127.071847 37.490895, 127.071109 37.490442, 127.070304 37.49002, 127.06977 37.489827, 127.068879 37.489546, 127.066037 37.489118, 127.064031 37.488472, 127.062469 37.487524, 127.061295 37.487092, 127.060721 37.486956, 127.060477 37.4869, 127.060254 37.486873, 127.060009 37.486876, 127.059745 37.486901, 127.059468 37.486949, 127.059159 37.487022, 127.058831 37.487117, 127.05848 37.48722, 127.058087 37.48736, 127.057819 37.487484, 127.057591 37.487613, 127.057291 37.487798, 127.057031 37.488009, 127.05674 37.488288, 127.056472 37.488557, 127.056249 37.488817, 127.055919 37.489482, 127.055501 37.490619, 127.055402 37.490867, 127.052889 37.496288, 127.050894 37.500526, 127.049105 37.50439, 127.049013 37.504587, 127.048617 37.505458, 127.048535 37.505644, 127.048459 37.505776, 127.048385 37.50594, 127.048365 37.505985, 127.048244 37.50616, 127.048025 37.506412, 127.047719 37.506663, 127.047351 37.506878, 127.045496 37.507941, 127.045082 37.508219, 127.044807 37.508462, 127.044655 37.508637, 127.044545 37.508804, 127.044334 37.509167, 127.044199 37.509489, 127.044151 37.509598, 127.043742 37.510684, 127.041462 37.516787, 127.041355 37.517104, 127.041286 37.517276, 127.039264 37.522722, 127.03915 37.523044, 127.039136 37.523206, 127.03914 37.523299, 127.04073 37.52781, 127.041117 37.528884, 127.041164 37.529015)
951688069	신분당선	True	LINESTRING (127.026716 37.49964, 127.026634 37.499812, 127.026355 37.5004, 127.02489 37.503563, 127.024164 37.505008, 127.022123 37.509282, 127.021815 37.509927, 127.020314 37.513157, 127.019898 37.5146, 127.019647 37.515516, 127.019588 37.515728)
1063795999		True	LINESTRING (127.027818 37.497494, 127.027719 37.497621, 127.02763 37.497745)
1063796000		True	LINESTRING (127.027752 37.497491, 127.027719 37.497621, 127.0277 37.497757)
1063796001		True	LINESTRING (127.029054 37.494854, 127.029193 37.494395)
1064473668	신분당선	True	LINESTRING (127.019153 37.517456, 127.01966 37.515752)
1064473669	신분당선	True	LINESTRING (127.019588 37.515728, 127.01905 37.517472)
1304859288	신분당선	True	LINESTRING (127.027935 37.497112, 127.027752 37.497491, 127.027716 37.497567, 127.02763 37.497745, 127.026775 37.499519, 127.026716 37.49964)
863767870		True	LINESTRING (127.106269 37.482669, 127.106158 37.482969, 127.106075 37.483134, 127.106001 37.483273)
863767871		True	LINESTRING (127.106001 37.483273, 127.105455 37.483991, 127.105231 37.484333, 127.104789 37.484993, 127.104543 37.485386)
863767872		True	LINESTRING (127.106752 37.481825, 127.106394 37.482451, 127.106269 37.482669, 127.105368 37.483981, 127.105158 37.484325, 127.104723 37.484997, 127.104486 37.48536)
863767874		True	LINESTRING (127.105228 37.483918, 127.104936 37.484368, 127.104571 37.484915, 127.104339 37.485296)
863767875		True	LINESTRING (127.105176 37.483901, 127.104761 37.48455, 127.10459 37.484807, 127.104269 37.485275)
863767878		True	LINESTRING (127.106629 37.481793, 127.106117 37.482227, 127.105657 37.482901, 127.10533 37.483373, 127.10504 37.483836, 127.104826 37.484172, 127.104396 37.484852, 127.104161 37.485237)
863767879		True	LINESTRING (127.106001 37.483273, 127.105904 37.483571, 127.105819 37.483725, 127.105646 37.484029, 127.105431 37.484358, 127.105026 37.485041, 127.104733 37.485472)
863767880		True	LINESTRING (127.10706 37.481162, 127.106993 37.481364, 127.106926 37.481566)
863767881		True	LINESTRING (127.1068 37.481543, 127.106993 37.481364, 127.107179 37.481192)
863767883		True	LINESTRING (127.105904 37.483571, 127.106577 37.482973, 127.106746 37.482814, 127.10727 37.482309, 127.107536 37.482052, 127.10802 37.481399, 127.108639 37.480564)
863767884		True	LINESTRING (127.106746 37.482814, 127.106983 37.482499, 127.108381 37.480423)
863767885		True	LINESTRING (127.106983 37.482499, 127.107468 37.481922, 127.107844 37.481368, 127.108454 37.480465)
863767886		True	LINESTRING (127.106394 37.482451, 127.106721 37.482128, 127.107106 37.481756, 127.10766 37.48124, 127.10825 37.480355)
863767887		True	LINESTRING (127.107106 37.481756, 127.108112 37.480316)
863767888		True	LINESTRING (127.107434 37.480813, 127.108515 37.479618, 127.10896 37.478898, 127.110448 37.476736)
863767889		True	LINESTRING (127.106117 37.482227, 127.106392 37.48178, 127.107597 37.479886)
863767890		True	LINESTRING (127.106392 37.48178, 127.106735 37.48096, 127.107533 37.47978)
863767891		True	LINESTRING (127.107334 37.480764, 127.107912 37.479622, 127.108549 37.478712, 127.110048 37.476571)
1056157664		True	LINESTRING (127.102276 37.486738, 127.102164 37.486879, 127.102095 37.486968)
1056157665		True	LINESTRING (127.102006 37.486953, 127.102164 37.486879, 127.10234 37.486798)
1262631304		True	LINESTRING (127.104332 37.484082, 127.103172 37.485115)
1262631305		True	LINESTRING (127.103172 37.485115, 127.1027 37.485396)
1262631306		True	LINESTRING (127.102946 37.48554, 127.103172 37.485115)
1268118006	수도권광역급행철도에이선	True	LINESTRING (127.100259 37.487949, 127.100702 37.487584, 127.101322 37.48702)
1268118007	수도권광역급행철도에이선	True	LINESTRING (127.100998 37.486908, 127.100467 37.487381, 127.100041 37.487837)
330318558		True	LINESTRING (126.799675 37.562085, 126.799416 37.562091, 126.79916 37.562083, 126.7989 37.562074, 126.798677 37.562059)
484967793	인천국제공항선	True	LINESTRING (126.750549 37.570287, 126.752027 37.569981, 126.75324 37.569881, 126.754511 37.569861, 126.756378 37.569861, 126.758266 37.569997, 126.75994 37.570286, 126.761463 37.570677, 126.762729 37.571136, 126.771692 37.575038, 126.772546 37.575286, 126.773754 37.575485, 126.774542 37.575493, 126.775188 37.57547, 126.775828 37.575418, 126.776685 37.575312, 126.778045 37.574976, 126.779156 37.57457, 126.78005 37.574098, 126.780859 37.573615, 126.785407 37.569213, 126.792412 37.563142, 126.793132 37.562665, 126.793566 37.562482, 126.794312 37.562277, 126.795168 37.562162, 126.797933 37.562012, 126.799869 37.561887, 126.801549 37.561791, 126.809003 37.561365, 126.813626 37.561016, 126.816298 37.560846, 126.817001 37.560829, 126.817516 37.560868, 126.817956 37.560953)
587701808	인천국제공항선	True	LINESTRING (126.818085 37.560928, 126.817812 37.560866, 126.816646 37.560744, 126.816089 37.560782, 126.814702 37.560908, 126.812072 37.561066, 126.810546 37.5612, 126.810254 37.561218, 126.807734 37.561366, 126.805214 37.561508, 126.80249 37.561666, 126.801544 37.561726, 126.801189 37.561749, 126.798113 37.561954, 126.79794 37.561961, 126.796777 37.562005, 126.795747 37.562069, 126.794803 37.56215, 126.79431 37.562218, 126.793521 37.56243, 126.793092 37.562609, 126.79277 37.562826, 126.792352 37.563102, 126.791826 37.563557, 126.790024 37.565139, 126.787931 37.566963, 126.785764 37.568787, 126.784707 37.569808, 126.783538 37.570922, 126.782492 37.571921, 126.781296 37.573129, 126.780647 37.573668, 126.779718 37.57423, 126.778796 37.574642, 126.777911 37.574961, 126.776682 37.575259, 126.775985 37.575344, 126.775199 37.575417, 126.77451 37.575444, 126.773877 37.575437, 126.773265 37.575361, 126.772713 37.575259, 126.771908 37.57505, 126.771087 37.574727, 126.76981 37.574174, 126.767294 37.573073, 126.764848 37.572002, 126.763496 37.571394, 126.761774 37.570722, 126.760568 37.570395, 126.758545 37.569995, 126.757231 37.569863, 126.756212 37.569804, 126.753218 37.569838, 126.751995 37.569944, 126.751594 37.570035, 126.750526 37.570245)
1058238444		True	LINESTRING (126.804787 37.521126, 126.804697 37.522021, 126.804667 37.526014, 126.804809 37.527606)
1058238445		True	LINESTRING (126.804929 37.521114, 126.805017 37.522024, 126.805049 37.526005, 126.804907 37.52761)
1458493360		True	LINESTRING (126.79794 37.561961, 126.799052 37.562008)
1458493361		True	LINESTRING (126.799052 37.562008, 126.799668 37.562034)
1458493362		True	LINESTRING (126.798677 37.562059, 126.798435 37.562038, 126.797933 37.562012)
484898229	인천국제공항선	True	LINESTRING (126.817956 37.560953, 126.818614 37.561138, 126.819115 37.561266, 126.819587 37.561432, 126.820013 37.561606, 126.8276 37.565697, 126.828769 37.566327, 126.828888 37.566391, 126.830079 37.56703, 126.830536 37.567303, 126.830968 37.567588, 126.83129 37.567826, 126.831578 37.568057, 126.83182 37.568283, 126.832078 37.568548, 126.832277 37.56877, 126.832514 37.569054, 126.832745 37.569366, 126.832976 37.569733, 126.833234 37.570229, 126.834348 37.572681)
484967796	인천국제공항선	True	LINESTRING (126.834391 37.57267, 126.833277 37.570226, 126.833046 37.569759, 126.8328 37.569362, 126.832512 37.568976, 126.832279 37.568701, 126.832035 37.568441, 126.831772 37.568176, 126.831539 37.567963, 126.831322 37.567791, 126.830972 37.56754, 126.83057 37.567281, 126.830112 37.566998, 126.828918 37.566361, 126.828796 37.566295, 126.827619 37.565659, 126.820566 37.561846, 126.820004 37.56153, 126.819537 37.561355, 126.819086 37.561202, 126.818646 37.561092, 126.818085 37.560928)
298992061	경부선	False	LINESTRING (126.956246 37.523792, 126.956931 37.524384, 126.957752 37.525005, 126.958745 37.525725, 126.959006 37.525903, 126.959983 37.526571, 126.960986 37.52747, 126.961066 37.527541)
315423452		False	LINESTRING (126.956595 37.523683, 126.956912 37.523924)
315423456	경부선	False	LINESTRING (126.960354 37.526816, 126.96002 37.526532, 126.959488 37.526173, 126.95878 37.525695, 126.957792 37.524979, 126.956969 37.524363, 126.956275 37.523765)
317153964		False	LINESTRING (126.959006 37.525903, 126.959488 37.526173)
317153984	용산삼각선	False	LINESTRING (126.961225 37.523707, 126.961051 37.523932, 126.960928 37.524091, 126.960833 37.524195, 126.960666 37.52432, 126.96049 37.524452, 126.960221 37.524594, 126.960042 37.524664, 126.960022 37.524674, 126.959643 37.524785, 126.959289 37.524852, 126.958894 37.524868, 126.958512 37.524829, 126.958163 37.524757, 126.957826 37.524614, 126.957547 37.524453, 126.957244 37.52421, 126.956996 37.524006)
380135992	경부선	False	LINESTRING (126.956394 37.523698, 126.957062 37.524311, 126.957832 37.524954, 126.958814 37.525665, 126.960949 37.527109, 126.961342 37.527375, 126.96225 37.528003, 126.9625 37.528155, 126.963185 37.528656)
405594534	경의선	False	LINESTRING (126.947278 37.560023, 126.946962 37.559953)
405594535	경의선	True	LINESTRING (126.946962 37.559953, 126.946512 37.55989, 126.94413 37.559773, 126.941263 37.559693)
405594536	경의선	True	LINESTRING (126.947248 37.560106, 126.952541 37.561161)
405594537	경의선	False	LINESTRING (126.946941 37.560036, 126.947248 37.560106)
405594538	경의선	True	LINESTRING (126.941264 37.559826, 126.9429 37.559865, 126.943861 37.559892, 126.946055 37.559963, 126.946505 37.559986, 126.946941 37.560036)
405594539	경의선	False	LINESTRING (126.941263 37.559693, 126.941115 37.559693, 126.940342 37.559676, 126.939005 37.559647, 126.937227 37.559609, 126.937103 37.559606)
405594540		False	LINESTRING (126.940611 37.55981, 126.941194 37.559872, 126.941263 37.559876)
405594541		True	LINESTRING (126.941263 37.559876, 126.94297 37.559916, 126.943861 37.559892)
405594542		True	LINESTRING (126.94413 37.559773, 126.943645 37.559733, 126.94126 37.55966)
405594543		False	LINESTRING (126.94126 37.55966, 126.940562 37.559646, 126.94049 37.559644, 126.939224 37.559611, 126.93764 37.559586, 126.937227 37.559609)
405594544		False	LINESTRING (126.939224 37.559611, 126.939735 37.559581, 126.940174 37.559564, 126.940701 37.559568, 126.941292 37.559589)
405594545		True	LINESTRING (126.941292 37.559589, 126.942809 37.559655, 126.943645 37.559733)
405594546		False	LINESTRING (126.935535 37.559641, 126.936221 37.559616, 126.936576 37.559595)
405594547	경의선	False	LINESTRING (126.936714 37.55969, 126.937103 37.559704)
405594548	경의선	False	LINESTRING (126.937103 37.559704, 126.940222 37.559795)
405594549	경의선	False	LINESTRING (126.936716 37.559598, 126.936576 37.559595, 126.935445 37.559571, 126.934778 37.55956, 126.934367 37.559586, 126.933818 37.559657, 126.933314 37.559776, 126.932886 37.559894, 126.932717 37.559962, 126.932353 37.56012, 126.93194 37.56033, 126.931649 37.560512, 126.93144 37.560676)
405594550	경의선	False	LINESTRING (126.937103 37.559606, 126.936716 37.559598)
405594551	경의선	False	LINESTRING (126.93147 37.560701, 126.931668 37.560555, 126.931981 37.560363, 126.932393 37.56015, 126.932865 37.559956, 126.933481 37.559785, 126.933782 37.559726, 126.934036 37.559686, 126.934266 37.55966, 126.934583 37.559643, 126.934994 37.559642, 126.935535 37.559641, 126.936594 37.559685, 126.936714 37.55969)
405594552	경의선	True	LINESTRING (126.930693 37.561302, 126.93147 37.560701)
405594553	경의선	False	LINESTRING (126.93065 37.561281, 126.929746 37.56204, 126.929344 37.5624, 126.92885 37.562821, 126.928378 37.563216)
405594554	경의선	True	LINESTRING (126.93144 37.560676, 126.93065 37.561281)
405594555	경의선	False	LINESTRING (126.928378 37.563216, 126.92827 37.563301, 126.928091 37.563441)
405594557	경의선	False	LINESTRING (126.928123 37.563476, 126.928406 37.563238)
405594558	경의선	False	LINESTRING (126.928406 37.563238, 126.928872 37.562853, 126.929361 37.562448, 126.929788 37.562067, 126.930693 37.561302)
405596905	경의선	False	LINESTRING (126.952541 37.561161, 126.95327 37.561283, 126.954257 37.561415, 126.955099 37.561517, 126.955795 37.561601)
405596906	경의선	True	LINESTRING (126.95257 37.561066, 126.947278 37.560023)
405596908	경의선	True	LINESTRING (126.957724 37.561798, 126.95813 37.561836, 126.961634 37.562293, 126.962143 37.562351)
405596909	경의선	False	LINESTRING (126.957739 37.561698, 126.956668 37.561598, 126.955938 37.56153)
405596910	경의선	True	LINESTRING (126.962172 37.562252, 126.961294 37.562149, 126.958184 37.561748, 126.957739 37.561698)
405672578	경부선	False	LINESTRING (126.956518 37.52361, 126.956595 37.523683, 126.957185 37.524243, 126.957914 37.524903, 126.958886 37.525622, 126.960132 37.526415, 126.960697 37.526814, 126.961037 37.527054, 126.961419 37.527316, 126.96233 37.527936, 126.962576 37.528086, 126.963285 37.528542, 126.963309 37.52856)
405672584	경부선	False	LINESTRING (126.963346 37.528531, 126.963053 37.528359, 126.962612 37.528057, 126.96237 37.527903, 126.961786 37.527508, 126.961457 37.527286, 126.961082 37.527027, 126.960169 37.526376, 126.958923 37.525596, 126.957954 37.524878, 126.957222 37.524222, 126.956996 37.524006, 126.956912 37.523924, 126.956556 37.523582)
407630097	경의선	False	LINESTRING (126.916233 37.568086, 126.915068 37.568636, 126.914261 37.569005, 126.914128 37.569066, 126.91282 37.569651, 126.911737 37.57017, 126.91064 37.570683, 126.910018 37.570971, 126.909649 37.571128, 126.909244 37.571339, 126.908896 37.571554, 126.908564 37.571787, 126.907908 37.572238, 126.907564 37.572464, 126.906235 37.573424, 126.905736 37.573766, 126.904975 37.5743, 126.903778 37.575155, 126.903646 37.575246, 126.902635 37.575995)
407630098	경의선	False	LINESTRING (126.916287 37.568171, 126.917258 37.567733)
407630099	경의선	False	LINESTRING (126.917258 37.567733, 126.917514 37.567617, 126.917924 37.567425, 126.918179 37.567313, 126.918381 37.567227, 126.918649 37.567117, 126.918973 37.566996, 126.919289 37.566893, 126.919668 37.566779, 126.920101 37.566668, 126.920395 37.5666, 126.920727 37.566527, 126.921171 37.566456, 126.921934 37.566333, 126.922783 37.566167, 126.923323 37.566068, 126.923645 37.566013, 126.92392 37.565951, 126.924151 37.565886, 126.924398 37.565811, 126.924629 37.565739, 126.924958 37.565608, 126.925344 37.565442, 126.925816 37.565205, 126.926097 37.565032, 126.92638 37.564842, 126.926661 37.564646, 126.926944 37.56443, 126.928123 37.563476)
407630100	경의선	False	LINESTRING (126.917167 37.567663, 126.916233 37.568086)
408518378	용산선	True	LINESTRING (126.914996 37.568527, 126.915556 37.568279, 126.916135 37.568022, 126.918154 37.567179, 126.918538 37.567013, 126.918838 37.566841, 126.919118 37.56664, 126.919364 37.566416, 126.919566 37.566198, 126.921231 37.564096, 126.923768 37.560915, 126.924979 37.559385, 126.92556 37.558636, 126.925929 37.55822, 126.926245 37.557918, 126.926462 37.557739, 126.926752 37.557541, 126.927164 37.557306, 126.927547 37.557122, 126.927852 37.55698, 126.929721 37.55611, 126.930104 37.55592, 126.930117 37.555913, 126.930453 37.555728, 126.93077 37.555532, 126.931026 37.555365, 126.931306 37.555168, 126.932081 37.554613, 126.932508 37.554306, 126.933102 37.553881, 126.933614 37.553515, 126.933741 37.553419, 126.935758 37.551983, 126.93698 37.551111, 126.937193 37.550927, 126.937523 37.550654, 126.937765 37.550361, 126.938241 37.549686, 126.939134 37.548574, 126.939358 37.548308, 126.939608 37.548058, 126.939933 37.547771, 126.940286 37.5475, 126.940407 37.547415, 126.940513 37.547346, 126.940653 37.547264, 126.940787 37.547187, 126.940973 37.547091, 126.941285 37.546948, 126.94151 37.546858, 126.942002 37.546673, 126.942277 37.546581, 126.943345 37.54628, 126.944208 37.546037, 126.944479 37.545946, 126.944766 37.54585, 126.945079 37.545735, 126.945375 37.545614, 126.94566 37.545496, 126.945923 37.545374, 126.950024 37.543526, 126.953374 37.541976, 126.954042 37.541667, 126.954561 37.541429, 126.955029 37.541202, 126.955465 37.540953, 126.956311 37.540441, 126.956634 37.540258, 126.956864 37.54014, 126.957204 37.539995, 126.95762 37.539836, 126.9582 37.539663, 126.960069 37.539219, 126.963545 37.53836, 126.963941 37.538262)
413943246	수색객차출발선	False	LINESTRING (126.908905 37.571756, 126.909249 37.571631, 126.909577 37.571523, 126.91 37.571352, 126.91059 37.571094, 126.911726 37.570486, 126.912276 37.5702, 126.913324 37.569611, 126.913867 37.569284)
413943249	수색객차출발선	False	LINESTRING (126.91282 37.569651, 126.912238 37.56987, 126.911683 37.570128, 126.908234 37.57174)
413943271	경의선	False	LINESTRING (126.902659 37.576019, 126.903816 37.575189, 126.904301 37.574842, 126.905785 37.573781, 126.906724 37.573139, 126.907416 37.572631, 126.90771 37.572425, 126.90805 37.572194, 126.90848 37.571904, 126.908907 37.571626, 126.909331 37.571368, 126.909782 37.571136, 126.910112 37.57099, 126.911799 37.570246, 126.913867 37.569284, 126.915684 37.568449, 126.916287 37.568171)
428890005	경부선	False	LINESTRING (126.963208 37.528632, 126.96253 37.528127, 126.96229 37.52797, 126.961381 37.527345, 126.960993 37.527082, 126.960095 37.526454, 126.958858 37.525648, 126.957873 37.524928, 126.9571 37.524288, 126.956432 37.523672)
596351548	경의선	False	LINESTRING (126.928091 37.563441, 126.926913 37.564391, 126.926799 37.564483, 126.926627 37.56462, 126.926408 37.564778, 126.926179 37.564938, 126.925977 37.565064, 126.925697 37.565221, 126.925433 37.56536, 126.925089 37.565512, 126.924728 37.565654, 126.924305 37.565798, 126.924083 37.565864, 126.923876 37.56592, 126.923632 37.565977, 126.923269 37.566043, 126.922918 37.566105, 126.921902 37.566295, 126.920834 37.566472, 126.92015 37.566598, 126.91984 37.566663, 126.919557 37.566723, 126.919158 37.566839, 126.918864 37.566937, 126.918557 37.567046, 126.918139 37.567218, 126.917802 37.567373, 126.917167 37.567663)
634360974	경의선	True	LINESTRING (126.905192 37.573993, 126.906769 37.572819, 126.908231 37.5717, 126.908822 37.571319, 126.909431 37.571015, 126.911488 37.570085, 126.914996 37.568527)
634360975	경의선	True	LINESTRING (126.914964 37.568486, 126.914153 37.568847, 126.913327 37.569215, 126.910989 37.570256, 126.90916 37.571094, 126.908871 37.571236, 126.908696 37.571339, 126.908363 37.571551, 126.907997 37.571816, 126.907422 37.572255, 126.906829 37.57272)
717931776	인천국제공항선	True	LINESTRING (126.899402 37.576542, 126.900161 37.576038, 126.902494 37.574414, 126.903488 37.573805, 126.904829 37.573023, 126.906428 37.572094, 126.907045 37.571736, 126.907486 37.571477, 126.907991 37.571202, 126.908547 37.570896, 126.908959 37.570675, 126.909571 37.570409, 126.910478 37.570018, 126.911112 37.569768, 126.911626 37.56956, 126.912093 37.569383, 126.91256 37.569199, 126.913115 37.568987, 126.913606 37.5688, 126.913926 37.56868, 126.914734 37.568319, 126.91586 37.567815, 126.916142 37.567698, 126.916739 37.567453, 126.917226 37.56726, 126.917674 37.567076, 126.917906 37.566971, 126.917991 37.566932, 126.918416 37.566748, 126.918699 37.566618, 126.919072 37.56642, 126.919358 37.566214, 126.919783 37.565694, 126.920289 37.565064, 126.92077 37.564477, 126.921108 37.564045, 126.921442 37.563631, 126.921744 37.563257, 126.921977 37.562966, 126.922294 37.562556, 126.922523 37.56228, 126.922878 37.56184, 126.923275 37.561345, 126.923531 37.561012, 126.923828 37.560654, 126.92416 37.560236, 126.924608 37.559669, 126.924947 37.55925, 126.925389 37.558708, 126.925538 37.558524, 126.925819 37.558201, 126.926024 37.557996, 126.926054 37.557967, 126.926409 37.557669, 126.926448 37.557642, 126.926769 37.557419, 126.927091 37.557211, 126.927324 37.557072, 126.92753 37.556959, 126.9279 37.55678, 126.928101 37.556694, 126.928535 37.556532, 126.928905 37.556377, 126.929215 37.556243, 126.929529 37.556104, 126.929795 37.555972, 126.930102 37.555808, 126.930452 37.555624, 126.930945 37.555301, 126.931458 37.554956, 126.932026 37.554556, 126.932587 37.554157, 126.933422 37.553566, 126.934212 37.552996, 126.934806 37.552571, 126.935417 37.552128, 126.935964 37.551731, 126.936737 37.55117, 126.937273 37.550752, 126.937478 37.550558, 126.937822 37.55013, 126.938075 37.549772, 126.938423 37.549335, 126.938628 37.54909, 126.93883 37.548839, 126.938982 37.548665, 126.939232 37.548352, 126.939528 37.548059, 126.939828 37.54779, 126.940185 37.547515, 126.940579 37.547238, 126.940734 37.54715, 126.941058 37.546983, 126.941318 37.546875, 126.941706 37.546718, 126.942018 37.546607, 126.942261 37.546522, 126.94271 37.546391, 126.943209 37.546259, 126.943717 37.546121, 126.944128 37.546001, 126.944515 37.545877, 126.944958 37.545721, 126.945332 37.545577, 126.945766 37.545389, 126.946195 37.54519, 126.946589 37.545006, 126.94705 37.544798, 126.948091 37.544326, 126.949689 37.543607, 126.950295 37.543325, 126.950729 37.543123, 126.951998 37.542538, 126.952254 37.542416, 126.95344 37.541853, 126.954458 37.541386, 126.955017 37.541102, 126.955554 37.540769, 126.956613 37.540121, 126.957192 37.539886, 126.958154 37.539549, 126.959102 37.539334, 126.961829 37.53866, 126.962765 37.538417, 126.963354 37.538304, 126.964484 37.538208, 126.965093 37.538175, 126.965517 37.538185, 126.965929 37.538252, 126.966286 37.538353, 126.966882 37.538646, 126.967294 37.538878, 126.967847 37.539246, 126.968984 37.540252, 126.970055 37.54117, 126.970499 37.541584, 126.970641 37.541799, 126.970717 37.541973, 126.970803 37.542316, 126.970892 37.542749, 126.970928 37.543105, 126.970898 37.543632, 126.97084 37.544014, 126.970805 37.544299, 126.970631 37.544967, 126.970421 37.545971, 126.970233 37.547036, 126.970097 37.548023, 126.969959 37.549659, 126.96986 37.551287, 126.969833 37.551807, 126.969822 37.551898)
717933090	인천국제공항선	True	LINESTRING (126.969859 37.552058, 126.969891 37.551621, 126.969908 37.551317, 126.969953 37.550448, 126.970013 37.549762, 126.970199 37.547651, 126.970274 37.547023, 126.970382 37.546373, 126.970463 37.545993, 126.970586 37.545445, 126.970687 37.545058, 126.970824 37.544574, 126.970877 37.544363, 126.970913 37.544171, 126.97097 37.543595, 126.970981 37.543107, 126.970967 37.542757, 126.970921 37.542445, 126.970864 37.542197, 126.97078 37.541938, 126.970736 37.541816, 126.970629 37.541589, 126.970456 37.541424, 126.970079 37.541107, 126.96899 37.540108, 126.967872 37.539177, 126.967359 37.538838, 126.967153 37.538722, 126.966817 37.538529, 126.966318 37.538305, 126.966015 37.538206, 126.965637 37.538142, 126.965399 37.538116, 126.965121 37.53811, 126.964849 37.538126, 126.964258 37.538154, 126.963811 37.538197, 126.963365 37.538263, 126.962754 37.538374, 126.961055 37.538791, 126.960471 37.538941, 126.959906 37.539081, 126.959088 37.539252, 126.958187 37.539493, 126.957676 37.539677, 126.957037 37.539902, 126.956593 37.540079, 126.956146 37.540361, 126.954996 37.541078, 126.954468 37.541349, 126.953428 37.541828, 126.95223 37.542389, 126.951918 37.542535, 126.950905 37.543002, 126.949651 37.543582, 126.948764 37.543988, 126.947499 37.544556, 126.946148 37.545183, 126.945608 37.545431, 126.945099 37.545634, 126.94444 37.545874, 126.943967 37.546025, 126.943303 37.546207, 126.942544 37.546407, 126.942117 37.546549, 126.94171 37.54669, 126.941416 37.546808, 126.941132 37.546926, 126.940811 37.547088, 126.940552 37.547229, 126.94037 37.547352, 126.939979 37.547648, 126.93966 37.547888, 126.939235 37.548305, 126.938946 37.548656, 126.938608 37.549072, 126.938318 37.549426, 126.938037 37.549755, 126.937612 37.55033, 126.937438 37.550535, 126.937127 37.550823, 126.936819 37.551072, 126.93654 37.551268, 126.936049 37.551627, 126.935499 37.55203, 126.934966 37.552415, 126.934422 37.552814, 126.933954 37.553151, 126.933262 37.553654, 126.932814 37.553969, 126.932444 37.554229, 126.932418 37.554248, 126.932106 37.554466, 126.931686 37.554766, 126.930769 37.555372, 126.930405 37.555593, 126.929604 37.55602, 126.928603 37.556467, 126.927944 37.556728, 126.927287 37.557046, 126.926812 37.557344, 126.926527 37.557547, 126.926429 37.557624, 126.926172 37.557829, 126.925956 37.558016, 126.92579 37.558191, 126.925546 37.558474, 126.924728 37.559454, 126.923925 37.560458, 126.922687 37.562, 126.921505 37.563476, 126.920559 37.564648, 126.920211 37.565054, 126.91955 37.565906, 126.919309 37.566198, 126.919091 37.566368, 126.91869 37.566588, 126.91855 37.566647, 126.918225 37.566801, 126.917664 37.567045, 126.917185 37.567237, 126.916161 37.567654, 126.915626 37.567889, 126.913897 37.56866, 126.911843 37.569437, 126.910642 37.569912, 126.91041 37.570011, 126.908936 37.570642, 126.907796 37.571261, 126.907274 37.571552, 126.906994 37.571714, 126.906421 37.572038, 126.90489 37.57293, 126.903485 37.573743, 126.902187 37.574537, 126.900141 37.576021, 126.899384 37.576522)
847193802	용산선	True	LINESTRING (126.963481 37.538324, 126.96216 37.538634, 126.9615 37.538803, 126.961044 37.53892, 126.960252 37.539123, 126.958986 37.539431, 126.958191 37.539616, 126.958037 37.53966, 126.95764 37.539778, 126.957341 37.53989, 126.956971 37.540042, 126.956706 37.540154, 126.956463 37.540286, 126.956287 37.540384, 126.955409 37.540916, 126.955042 37.541136, 126.954901 37.541204, 126.954466 37.54142, 126.953508 37.541867, 126.951654 37.542734, 126.951071 37.543003, 126.949647 37.543659, 126.946977 37.544865, 126.945665 37.545458, 126.94515 37.545676, 126.944744 37.545826, 126.944357 37.545958, 126.944079 37.546045, 126.942262 37.546552, 126.94196 37.546658, 126.941636 37.546779, 126.941296 37.54691, 126.941064 37.547006, 126.94074 37.547173, 126.94054 37.547298, 126.940355 37.547424, 126.940093 37.547608, 126.939848 37.547801, 126.939638 37.54799, 126.939473 37.548146, 126.939297 37.548321, 126.939093 37.54857, 126.93867 37.54909, 126.938161 37.549708, 126.93781 37.550205, 126.93761 37.550454, 126.937499 37.550606, 126.937125 37.550931, 126.93696 37.551056, 126.936821 37.551162, 126.935623 37.552016, 126.93427 37.552991, 126.933449 37.55358, 126.933195 37.553765, 126.932514 37.554249, 126.932076 37.554559, 126.931697 37.554838, 126.931164 37.555209, 126.930764 37.55548, 126.930471 37.555663, 126.930163 37.555837, 126.929904 37.555976, 126.928508 37.556623, 126.927492 37.55709, 126.92724 37.55722, 126.926862 37.557414, 126.926679 37.55753, 126.926459 37.557671, 126.926236 37.557848, 126.926024 37.558052, 126.925812 37.558255, 126.925602 37.558488, 126.924528 37.559846, 126.922893 37.561894, 126.921124 37.564108, 126.919527 37.566141, 126.919299 37.566396, 126.919096 37.566576, 126.91884 37.566773, 126.918608 37.566918, 126.918502 37.566969, 126.918205 37.567104, 126.917766 37.567291, 126.915937 37.568052, 126.915289 37.568341, 126.914964 37.568486)
847197048	경의선	False	LINESTRING (126.955919 37.561616, 126.956676 37.561708, 126.957724 37.561798)
847197049	경의선	False	LINESTRING (126.955795 37.561601, 126.955919 37.561616)
847197050	경의선	False	LINESTRING (126.955787 37.561519, 126.954558 37.561365, 126.95312 37.561143, 126.95257 37.561066)
847197051	경의선	False	LINESTRING (126.955938 37.56153, 126.955787 37.561519)
1471545534	경의선	False	LINESTRING (126.940222 37.559795, 126.940392 37.559798, 126.94049 37.559809, 126.940611 37.55981, 126.941264 37.559826)
27694985	경부선	False	LINESTRING (126.971211 37.541622, 126.971218 37.538636, 126.971213 37.538248, 126.97119 37.537918, 126.971163 37.537559, 126.971091 37.536794, 126.97098 37.53605, 126.970865 37.535544, 126.970782 37.535258, 126.970653 37.534949, 126.970554 37.534758, 126.970421 37.534543, 126.970207 37.534218, 126.970018 37.533983, 126.969861 37.533811, 126.96972 37.533664, 126.969421 37.533401, 126.968781 37.532918, 126.967798 37.532186)
308993307	용산선	False	LINESTRING (126.969001 37.532862, 126.969107 37.533114, 126.969182 37.533374, 126.969194 37.53344, 126.969219 37.533615, 126.969244 37.533854, 126.969236 37.534046, 126.969209 37.534257, 126.969187 37.534373, 126.969152 37.534515, 126.969102 37.534666, 126.969053 37.534788)
308993309	용산선	False	LINESTRING (126.967329 37.531266, 126.968181 37.53189, 126.968493 37.532161, 126.968754 37.532456, 126.968869 37.532619, 126.969001 37.532862)
308993310	용산선	False	LINESTRING (126.969048 37.532851, 126.968973 37.532702, 126.968832 37.532496, 126.968625 37.532247, 126.968439 37.532047, 126.968257 37.53189, 126.968121 37.531784, 126.967933 37.531653, 126.967807 37.531563)
308993311	용산선	False	LINESTRING (126.9691 37.534802, 126.969146 37.534666, 126.969197 37.534522, 126.969234 37.534371, 126.969262 37.534212, 126.969278 37.53405, 126.969288 37.533861, 126.969273 37.533624, 126.969231 37.533395, 126.969223 37.533367, 126.96915 37.533126, 126.969091 37.532958, 126.969048 37.532851)
308993312	용산선	False	LINESTRING (126.969053 37.534788, 126.968959 37.534989, 126.968859 37.535152)
308993740	경부선	False	LINESTRING (126.971372 37.541648, 126.971408 37.539569, 126.971397 37.53899, 126.971381 37.53868, 126.971347 37.538233, 126.971307 37.53782, 126.971264 37.537424, 126.971227 37.537082, 126.971184 37.536691, 126.971129 37.536322, 126.971058 37.535914, 126.97099 37.535577, 126.970931 37.535357, 126.970836 37.535096, 126.97075 37.534874, 126.970626 37.534644, 126.970442 37.534348, 126.97025 37.534087, 126.970096 37.533896, 126.969912 37.533698, 126.969699 37.533496, 126.969505 37.533327, 126.968799 37.53275, 126.968618 37.532614, 126.967937 37.532065, 126.967292 37.531594)
308993741	경부선	False	LINESTRING (126.971358 37.548007, 126.971358 37.547515, 126.971372 37.545545, 126.971373 37.545167, 126.971377 37.544889, 126.971357 37.544243, 126.971347 37.544001, 126.971335 37.543432, 126.971347 37.54307, 126.97136 37.542721, 126.971378 37.542281, 126.971372 37.541872)
309151265	경부본선	False	LINESTRING (126.96875 37.53223, 126.968513 37.532032, 126.968303 37.53187, 126.967807 37.531563)
309151268		False	LINESTRING (126.96771 37.531432, 126.967503 37.53129, 126.967494 37.531284, 126.967378 37.531202, 126.967222 37.531095)
309151271		False	LINESTRING (126.971681 37.553929, 126.971693 37.553183, 126.97169 37.552533, 126.971693 37.552326, 126.971692 37.55199, 126.971681 37.551871, 126.971657 37.551754, 126.971579 37.551512)
309151273		False	LINESTRING (126.971693 37.552326, 126.971709 37.552505, 126.971729 37.552726, 126.971743 37.552958, 126.971747 37.553178, 126.971727 37.553948)
309151503		False	LINESTRING (126.971316 37.54888, 126.971293 37.549171, 126.971271 37.54941, 126.971264 37.549579, 126.971273 37.550003)
309151505		False	LINESTRING (126.971358 37.548007, 126.97135 37.548168, 126.971325 37.548569, 126.97132 37.548721)
315423455	경부선	False	LINESTRING (126.96619 37.53079, 126.963351 37.528731, 126.963208 37.528632)
315423458	용산선	False	LINESTRING (126.967329 37.531266, 126.967272 37.53123, 126.966888 37.530955, 126.966783 37.530875, 126.96641 37.530594)
317153966		False	LINESTRING (126.961037 37.527054, 126.961381 37.527345)
317153970		False	LINESTRING (126.960697 37.526814, 126.960169 37.526376)
317153976		False	LINESTRING (126.966014 37.53093, 126.963015 37.528782)
317153977		False	LINESTRING (126.962726 37.529048, 126.964124 37.53006, 126.965694 37.531196)
317153979		False	LINESTRING (126.965899 37.531038, 126.964208 37.529818)
317153980		False	LINESTRING (126.967753 37.532207, 126.967411 37.531999, 126.967003 37.531776, 126.966676 37.531592, 126.966457 37.531465, 126.966206 37.531309, 126.966016 37.531163, 126.965867 37.531056)
317153983	경부선	False	LINESTRING (126.966164 37.530842, 126.966651 37.531185, 126.966763 37.531264, 126.967287 37.531639, 126.967465 37.531779, 126.967946 37.532122, 126.968123 37.532265, 126.968337 37.532438, 126.968658 37.532696, 126.969459 37.533349, 126.96965 37.533515, 126.969961 37.533816, 126.97014 37.534023, 126.970358 37.534316, 126.970568 37.534651, 126.970722 37.534947, 126.97087 37.535335, 126.970953 37.535638, 126.971024 37.53599, 126.971076 37.536281, 126.971132 37.536681, 126.971184 37.537111, 126.97124 37.537815, 126.97127 37.538331, 126.971283 37.538839, 126.971273 37.539506, 126.971267 37.540488, 126.971256 37.541535, 126.971257 37.54163)
319981395		False	LINESTRING (126.988644 37.524369, 126.988611 37.523943)
319981396		False	LINESTRING (126.988499 37.524703, 126.988512 37.524523, 126.988558 37.523926, 126.988598 37.523739, 126.98866 37.523448)
380059532	경부선	False	LINESTRING (126.971183 37.551904, 126.971179 37.551641, 126.971167 37.550918, 126.971168 37.550737, 126.97117 37.550364)
380059533	경부선	False	LINESTRING (126.97121 37.541911, 126.971211 37.541622)
380059535		False	LINESTRING (126.971231 37.552357, 126.971234 37.552151, 126.971237 37.551774, 126.971237 37.551555, 126.971228 37.551334, 126.971195 37.551065, 126.971167 37.550918)
380059536		False	LINESTRING (126.969301 37.533067, 126.969329 37.533215, 126.969448 37.533755, 126.96948 37.53386, 126.969521 37.533974, 126.969542 37.53403)
380059537	경부본선	False	LINESTRING (126.969542 37.53403, 126.969579 37.534124, 126.969632 37.534225, 126.969843 37.534578, 126.970097 37.534943)
380059540	경부선	False	LINESTRING (126.971257 37.54163, 126.971254 37.541918)
380059541	경부선	False	LINESTRING (126.971372 37.541872, 126.971372 37.541648)
380059542		False	LINESTRING (126.971443 37.552364, 126.971445 37.552098, 126.971447 37.551859, 126.971434 37.551625, 126.971412 37.551494, 126.971373 37.551281, 126.971297 37.550981, 126.971239 37.550791, 126.971207 37.550625, 126.97117 37.550364)
380059544		False	LINESTRING (126.970677 37.55235, 126.970688 37.551666, 126.970689 37.551569, 126.970687 37.551464, 126.970676 37.551095, 126.970664 37.550752, 126.970664 37.550508, 126.970668 37.550344, 126.970696 37.550052, 126.970742 37.549827, 126.970821 37.549424)
380059545		False	LINESTRING (126.970331 37.552337, 126.970338 37.551628, 126.970336 37.551479, 126.970332 37.551182, 126.970337 37.551047, 126.970351 37.550898, 126.970368 37.550753, 126.970403 37.550537, 126.970445 37.5503)
380059546		False	LINESTRING (126.96897 37.533477, 126.968784 37.53331, 126.968578 37.533125, 126.968418 37.532983, 126.968186 37.532792, 126.967943 37.532608, 126.967761 37.532474, 126.967522 37.532308, 126.967211 37.532104, 126.966942 37.531922, 126.966506 37.531655)
380059547		False	LINESTRING (126.970523 37.55236, 126.97053 37.551386, 126.970519 37.550999, 126.970523 37.550655, 126.970532 37.550434, 126.970572 37.550209, 126.970616 37.549997, 126.970732 37.549599, 126.970824 37.549252, 126.970899 37.54902)
380059548		False	LINESTRING (126.967397 37.53265, 126.967672 37.532856, 126.967807 37.53296, 126.967891 37.533034, 126.96803 37.533187, 126.968128 37.533322, 126.968208 37.533451, 126.968285 37.533615, 126.968326 37.533726)
380059549	경부본선	False	LINESTRING (126.970941 37.548366, 126.970905 37.548545, 126.970846 37.548876, 126.970813 37.549026, 126.970755 37.549292)
380059550	용산역 인상선	False	LINESTRING (126.966942 37.531922, 126.967163 37.53204, 126.967349 37.532149, 126.967526 37.532249, 126.967777 37.532401, 126.968183 37.532685, 126.968608 37.533035, 126.96917 37.533504, 126.969632 37.533894, 126.969854 37.534092, 126.970068 37.534328, 126.970216 37.534516, 126.970336 37.534681, 126.970386 37.534757)
380059551		False	LINESTRING (126.971038 37.53679, 126.970981 37.536447, 126.970916 37.536131, 126.970837 37.535837, 126.97078 37.535628, 126.970696 37.535402, 126.970609 37.535221, 126.970482 37.534995, 126.970353 37.534779, 126.970146 37.534498, 126.970038 37.534363, 126.969915 37.534228, 126.969779 37.534092, 126.969577 37.533919, 126.969129 37.533592, 126.96897 37.533477)
380059553		False	LINESTRING (126.970721 37.55235, 126.970735 37.551628, 126.970734 37.551541, 126.970725 37.551144, 126.970717 37.550526, 126.970728 37.550263, 126.970745 37.550052, 126.970778 37.549714, 126.970821 37.549424, 126.970899 37.54902)
380059555		False	LINESTRING (126.971102 37.545078, 126.97109 37.545188, 126.971051 37.545552)
380059556		False	LINESTRING (126.97116 37.541902, 126.971162 37.541614)
380059557		False	LINESTRING (126.971121 37.549428, 126.971152 37.549049, 126.971178 37.548734)
380059558	경부선	False	LINESTRING (126.97111 37.541606, 126.97111 37.541709, 126.971111 37.541886)
380059559		False	LINESTRING (126.971092 37.546769, 126.971139 37.54747)
380059560		False	LINESTRING (126.971096 37.546142, 126.971147 37.545412)
380059561	경부본선	False	LINESTRING (126.971062 37.541599, 126.97106 37.541884)
380059562	용산역 인상선	False	LINESTRING (126.966206 37.531309, 126.966438 37.531478, 126.96668 37.531635, 126.967185 37.531952, 126.967495 37.532132, 126.967582 37.532179, 126.967778 37.5323, 126.967954 37.532426, 126.968139 37.532569, 126.96844 37.532822, 126.968736 37.533075, 126.968981 37.533281, 126.969536 37.533746, 126.96982 37.533996, 126.969986 37.534161, 126.970116 37.534311, 126.970246 37.534474, 126.970389 37.534672, 126.970493 37.534856, 126.970622 37.535162)
380059563		False	LINESTRING (126.970984 37.552362, 126.97099 37.551893, 126.971002 37.551583, 126.97104 37.551103, 126.971095 37.550567, 126.97111 37.550216, 126.971115 37.549833)
380059564	경부본선	False	LINESTRING (126.970097 37.534943, 126.970364 37.53531, 126.970446 37.535432, 126.970524 37.535567, 126.97061 37.53571, 126.97068 37.535891, 126.970773 37.536088, 126.970806 37.536226, 126.970842 37.536389, 126.970874 37.536513, 126.970919 37.53695, 126.970979 37.537429, 126.97101 37.537743, 126.971074 37.538386, 126.971076 37.539271, 126.971066 37.5408, 126.971062 37.541599)
380059565		False	LINESTRING (126.971162 37.541614, 126.971168 37.540892, 126.971173 37.53919, 126.971182 37.538648, 126.971154 37.538035, 126.97111 37.537564, 126.971048 37.53686, 126.971038 37.53679, 126.970996 37.536453, 126.970964 37.536239, 126.97092 37.535991, 126.970857 37.535701, 126.970747 37.535324, 126.970666 37.535111, 126.970562 37.534873, 126.97042 37.534617, 126.970191 37.534274, 126.970014 37.534039, 126.969898 37.533914, 126.969681 37.533703, 126.969475 37.533521, 126.969075 37.533185, 126.968708 37.532907, 126.968334 37.532634, 126.967753 37.532207, 126.967302 37.531876, 126.966039 37.530948)
380059567	경부선	False	LINESTRING (126.971096 37.546142, 126.97109 37.546569, 126.971092 37.546769)
380059568		False	LINESTRING (126.969953 37.551148, 126.969981 37.550753, 126.970086 37.550196)
380059569		False	LINESTRING (126.970432 37.549584, 126.970359 37.550026, 126.97029 37.550438, 126.970218 37.550822)
380059570		False	LINESTRING (126.970557 37.549218, 126.970519 37.549441, 126.970476 37.549708, 126.97041 37.550069)
380059571		False	LINESTRING (126.970979 37.537429, 126.970988 37.536881)
380059572		False	LINESTRING (126.970301 37.551922, 126.970307 37.5511, 126.970309 37.550954, 126.970318 37.550833, 126.970347 37.550696, 126.970381 37.550543, 126.970445 37.5503)
380059573		False	LINESTRING (126.969828 37.551719, 126.969953 37.551148, 126.970046 37.550697, 126.970118 37.550398, 126.97015 37.550202)
380059574		False	LINESTRING (126.968123 37.532265, 126.968296 37.532439, 126.968519 37.532664, 126.968659 37.532808, 126.968781 37.532918)
380059575		False	LINESTRING (126.969242 37.53303, 126.969179 37.532863, 126.969119 37.532738, 126.969059 37.532625, 126.968979 37.532496, 126.96892 37.532424, 126.96875 37.53223)
380059576		False	LINESTRING (126.969866 37.552566, 126.969878 37.55249, 126.96992 37.552314, 126.969953 37.552214, 126.969987 37.552111, 126.97005 37.551919, 126.970097 37.551739)
380059577		False	LINESTRING (126.971239 37.550791, 126.971253 37.551023, 126.971282 37.551375, 126.97129 37.551583, 126.971279 37.55215)
380059578		False	LINESTRING (126.969478 37.533977, 126.969444 37.533893, 126.969389 37.533707, 126.969343 37.533478, 126.969242 37.53303)
380059581		False	LINESTRING (126.970889 37.552365, 126.970913 37.551303, 126.970932 37.551096, 126.970953 37.550911, 126.971017 37.5505)
380059582		False	LINESTRING (126.967684 37.532643, 126.96784 37.532784, 126.967923 37.532884, 126.968019 37.53301, 126.968122 37.533168, 126.968193 37.533297)
380059584		False	LINESTRING (126.968004 37.53308, 126.967905 37.53295, 126.967779 37.53281, 126.967612 37.532674, 126.967508 37.532605, 126.967088 37.532311, 126.966709 37.532057, 126.966362 37.531832)
380059585		False	LINESTRING (126.970411 37.550296, 126.970331 37.550609, 126.970242 37.550942, 126.970169 37.551233, 126.970151 37.551417, 126.970142 37.551814)
380059586		False	LINESTRING (126.970937 37.552357, 126.97094 37.551899, 126.970958 37.551509, 126.97096 37.551264, 126.970975 37.550937, 126.970986 37.550775, 126.971017 37.5505)
380059587		False	LINESTRING (126.97009 37.552332, 126.970095 37.551968, 126.970097 37.551739, 126.970094 37.551511, 126.97011 37.551265, 126.970159 37.551026, 126.970218 37.550822)
380059588		False	LINESTRING (126.970046 37.550697, 126.970213 37.550195, 126.970252 37.550077, 126.970432 37.549584)
380136004	경부선	False	LINESTRING (126.971254 37.541918, 126.971258 37.542398, 126.971261 37.542899, 126.971255 37.543407, 126.971261 37.543669, 126.971289 37.544218, 126.971327 37.544884, 126.971326 37.54517, 126.97133 37.546871, 126.971313 37.547581, 126.971315 37.548009, 126.971315 37.548075, 126.971318 37.548561, 126.97132 37.548721)
380136021	경부선	False	LINESTRING (126.971111 37.541886, 126.971113 37.542821, 126.971107 37.544866, 126.971102 37.545078, 126.9711 37.545187, 126.971096 37.545481, 126.971096 37.546142)
405575388	경원선	False	LINESTRING (126.961807 37.523109, 126.961849 37.523065, 126.962076 37.522887, 126.96235 37.522711)
405575391	경원선	False	LINESTRING (126.962308 37.522665, 126.962028 37.522863, 126.961772 37.523067)
405594533		False	LINESTRING (126.97007 37.553774, 126.970019 37.555874, 126.970072 37.556054)
405596907	경의선	False	LINESTRING (126.962143 37.562351, 126.962663 37.562392, 126.963187 37.562417, 126.964891 37.562471, 126.96574 37.562477, 126.966246 37.562444, 126.966677 37.562405, 126.967277 37.562302, 126.967579 37.562226, 126.96788 37.562128, 126.968454 37.561903, 126.968558 37.56186, 126.968859 37.561719, 126.969074 37.561606, 126.969359 37.561424, 126.969721 37.561199, 126.969995 37.560999, 126.970177 37.560816, 126.970333 37.560625)
405599661	경의선	False	LINESTRING (126.971112 37.558098, 126.971096 37.557903, 126.971038 37.557607, 126.970928 37.557335, 126.970763 37.556984)
405599663	경의선	False	LINESTRING (126.970639 37.556817, 126.970862 37.557322, 126.970915 37.557462, 126.970946 37.557629, 126.971037 37.558074, 126.971055 37.558158)
405599664	경의선	False	LINESTRING (126.97107 37.559207, 126.971022 37.559354, 126.970851 37.559745)
405599665		False	LINESTRING (126.970639 37.556817, 126.970928 37.557335)
405599666	경의선	False	LINESTRING (126.970518 37.556548, 126.97055 37.556624, 126.970639 37.556817)
405599667		False	LINESTRING (126.970763 37.556984, 126.970647 37.556616, 126.97062 37.55648, 126.97062 37.556288, 126.97062 37.556189)
405599668	경의선	False	LINESTRING (126.970763 37.556984, 126.970593 37.556591, 126.970548 37.556469, 126.970506 37.556288, 126.970494 37.556172)
405599669		False	LINESTRING (126.971038 37.557607, 126.970944 37.557296)
405599670		False	LINESTRING (126.970944 37.557296, 126.970843 37.557006, 126.970788 37.556854, 126.970724 37.556632, 126.970698 37.556516, 126.970687 37.556412, 126.970673 37.556285, 126.970677 37.556185)
405599671		False	LINESTRING (126.970944 37.557296, 126.970872 37.556981, 126.970846 37.556853, 126.970835 37.556624, 126.970845 37.556169)
405599672		False	LINESTRING (126.971096 37.557903, 126.971055 37.557484)
405599673		False	LINESTRING (126.970894 37.556169, 126.970928 37.553774)
405599674		False	LINESTRING (126.971055 37.557484, 126.970969 37.557034, 126.970943 37.55687, 126.970938 37.556692, 126.970937 37.556169)
405599675	경의선	False	LINESTRING (126.971145 37.55909, 126.971156 37.559013, 126.971168 37.558848, 126.971158 37.558594, 126.971112 37.558152)
405599676	경의선	False	LINESTRING (126.970564 37.560298, 126.970792 37.559928, 126.970899 37.55974, 126.971062 37.559358, 126.971111 37.559222, 126.971145 37.55909)
405599677		False	LINESTRING (126.971145 37.55909, 126.971168 37.558967, 126.971183 37.55881, 126.971209 37.558577, 126.971203 37.558324)
405599678		False	LINESTRING (126.971112 37.558098, 126.971156 37.557457)
405599679		False	LINESTRING (126.971203 37.558324, 126.971226 37.557923, 126.971239 37.557731, 126.971241 37.557472, 126.97124 37.557343, 126.971239 37.557257)
405599680		False	LINESTRING (126.971182 37.556621, 126.971244 37.556172)
405599681		False	LINESTRING (126.971187 37.557932, 126.971194 37.557674, 126.97121 37.557472, 126.971205 37.557106, 126.971191 37.556757)
405599682		False	LINESTRING (126.971191 37.556757, 126.971151 37.557227)
405599683		False	LINESTRING (126.971156 37.557457, 126.971151 37.557227)
405599684	경의선	False	LINESTRING (126.970427 37.556165, 126.970443 37.556265, 126.970482 37.556411, 126.970518 37.556548)
405599685		False	LINESTRING (126.970518 37.556548, 126.970389 37.556234, 126.970371 37.556173)
405599686		False	LINESTRING (126.970135 37.553774, 126.970072 37.556054)
405664843		False	LINESTRING (126.961113 37.526493, 126.961178 37.526604, 126.961226 37.52668, 126.961255 37.526722, 126.961297 37.526784, 126.961351 37.526864, 126.961526 37.527055, 126.961707 37.527226, 126.961904 37.527377)
405672561		False	LINESTRING (126.970218 37.550822, 126.970298 37.550637, 126.970411 37.550296, 126.970477 37.550109, 126.970554 37.549924)
405672562		False	LINESTRING (126.970432 37.549584, 126.97047 37.549479, 126.970557 37.549218, 126.970575 37.549166, 126.970692 37.5489, 126.970842 37.548578, 126.970941 37.548366)
405672563		False	LINESTRING (126.970213 37.550195, 126.970148 37.55068, 126.970065 37.551261)
405672565		False	LINESTRING (126.970049 37.550198, 126.970188 37.549377)
405672566	경부본선	False	LINESTRING (126.971051 37.545552, 126.971049 37.545845, 126.971042 37.547082, 126.971041 37.547274, 126.971031 37.547743, 126.971003 37.548007, 126.970976 37.548189, 126.970941 37.548366)
405672568		False	LINESTRING (126.967162 37.531094, 126.9671 37.531048, 126.967079 37.531033, 126.96677 37.530802, 126.966428 37.530569)
405672570		False	LINESTRING (126.96771 37.531432, 126.968013 37.5316, 126.968242 37.531744, 126.968342 37.531815, 126.96842 37.531876, 126.96852 37.53194, 126.968627 37.532048, 126.968729 37.532126, 126.968871 37.532304, 126.968979 37.53241, 126.969059 37.532511, 126.969127 37.532625, 126.969188 37.532743, 126.969229 37.53285, 126.969301 37.533067)
405672576	경원선	False	LINESTRING (126.963453 37.528468, 126.963254 37.528354, 126.962974 37.528199, 126.96267 37.528011, 126.962415 37.527848, 126.962345 37.527807, 126.962084 37.527624, 126.961819 37.527437, 126.961626 37.527278, 126.961435 37.527103, 126.961273 37.526902, 126.961222 37.526827, 126.961169 37.526763, 126.961134 37.52672, 126.961008 37.526505, 126.96096 37.526416, 126.960904 37.526317, 126.960886 37.526276, 126.960796 37.526017, 126.960736 37.525759, 126.960716 37.525503, 126.96071 37.525307, 126.960729 37.525078, 126.960739 37.525013, 126.960795 37.52475, 126.960863 37.524504, 126.960902 37.524373, 126.960949 37.524225, 126.960997 37.524111, 126.961085 37.523943, 126.961225 37.523707, 126.961256 37.523663, 126.9614 37.52348, 126.961533 37.523326, 126.961713 37.523127, 126.961772 37.523067)
405672579	용산역 인상선	False	LINESTRING (126.966316 37.530689, 126.966636 37.530908, 126.967063 37.531205, 126.967296 37.531379, 126.968382 37.53218, 126.968444 37.532234, 126.968497 37.532285, 126.968578 37.532364, 126.968642 37.532432, 126.968717 37.532517)
405672581		False	LINESTRING (126.963458 37.528433, 126.964876 37.529455, 126.966358 37.530522)
405672583	경원선	False	LINESTRING (126.962916 37.528112, 126.962701 37.527987, 126.96242 37.527797, 126.962284 37.527704, 126.962112 37.527589, 126.961859 37.52741, 126.961668 37.527254, 126.961476 37.52708, 126.961311 37.526882, 126.961257 37.526807, 126.961205 37.526744, 126.961175 37.526699, 126.961045 37.526489, 126.960997 37.526397, 126.960949 37.526304, 126.960931 37.526264, 126.960838 37.526014, 126.960779 37.525753, 126.960765 37.525506, 126.960762 37.525315, 126.960783 37.525114, 126.9608 37.525035, 126.960854 37.524758, 126.960916 37.524518, 126.960962 37.524387, 126.961012 37.524244, 126.961055 37.524124, 126.961139 37.523949, 126.961295 37.523684, 126.961441 37.523503, 126.961563 37.523342, 126.96175 37.523158, 126.961807 37.523109)
405672585	용산선	False	LINESTRING (126.968312 37.535866, 126.967375 37.536842)
405672586	용산선	False	LINESTRING (126.968356 37.535886, 126.968676 37.53547, 126.968832 37.535258)
405672587	용산선	False	LINESTRING (126.967445 37.536876, 126.968356 37.535886)
405961966		False	LINESTRING (126.969927 37.552558, 126.969935 37.552486, 126.969976 37.552263, 126.97005 37.551919)
405961967		False	LINESTRING (126.970095 37.551968, 126.970047 37.552293, 126.970034 37.552654)
428889978		False	LINESTRING (126.961066 37.527541, 126.961421 37.527934)
428889979		False	LINESTRING (126.963903 37.530094, 126.965652 37.531347, 126.965938 37.531537, 126.966364 37.531794, 126.966663 37.531962, 126.966701 37.531985, 126.96706 37.532205)
428889980		False	LINESTRING (126.961498 37.527901, 126.961842 37.528154, 126.962202 37.528456, 126.962604 37.528808)
428889981	경부선	False	LINESTRING (126.962754 37.529012, 126.96573 37.531174)
428889982		False	LINESTRING (126.967495 37.532132, 126.967223 37.532013, 126.966912 37.531861, 126.966742 37.531779, 126.966506 37.531655)
428889983		False	LINESTRING (126.967243 37.532332, 126.967527 37.53253, 126.967684 37.532643, 126.967805 37.532731, 126.967981 37.532869, 126.968098 37.532976, 126.968249 37.533147, 126.968363 37.533341, 126.968446 37.533527)
428889984		False	LINESTRING (126.96706 37.532205, 126.967243 37.532332, 126.967842 37.532705)
428889985		False	LINESTRING (126.966701 37.531985, 126.966362 37.531832, 126.966254 37.531783, 126.966101 37.531711)
428889986		False	LINESTRING (126.96897 37.533477, 126.968654 37.533248, 126.968387 37.533064, 126.967986 37.532807)
428889989		False	LINESTRING (126.971142 37.546852, 126.971191 37.546)
428889990		False	LINESTRING (126.970982 37.545178, 126.970992 37.545494, 126.970981 37.545865, 126.970987 37.546626, 126.971042 37.547082)
428889991		False	LINESTRING (126.97109 37.546569, 126.971049 37.545845)
428889992	경부선	False	LINESTRING (126.971198 37.544868, 126.971208 37.544416)
428889994	경부선	False	LINESTRING (126.971191 37.54517, 126.971198 37.544868)
428889996		False	LINESTRING (126.971148 37.545245, 126.971153 37.545171, 126.971175 37.544867, 126.971208 37.544416)
428889999	경부선	False	LINESTRING (126.971208 37.544416, 126.971209 37.543403, 126.97121 37.541911)
428890004		False	LINESTRING (126.965758 37.531146, 126.962802 37.528993)
428890006	경부선	False	LINESTRING (126.963185 37.528656, 126.966044 37.530757, 126.966164 37.530842)
428893909	경부본선	False	LINESTRING (126.97106 37.541884, 126.971064 37.543373, 126.971062 37.544868, 126.971054 37.54519, 126.971051 37.545552)
428893911	경부선	False	LINESTRING (126.971181 37.548414, 126.971177 37.547279, 126.971191 37.546, 126.971191 37.54517)
428893912		False	LINESTRING (126.971301 37.55071, 126.971261 37.550532, 126.971235 37.55038, 126.971214 37.550219, 126.97119 37.549999, 126.971175 37.549655)
428893914		False	LINESTRING (126.971383 37.550846, 126.971349 37.550697, 126.971327 37.550557, 126.971312 37.550451, 126.971285 37.55017, 126.97128 37.550098, 126.971273 37.550003)
428893915		False	LINESTRING (126.971334 37.550837, 126.971413 37.551044, 126.971435 37.551102, 126.971549 37.5514)
428893916		False	LINESTRING (126.971172 37.549431, 126.971152 37.549049, 126.971136 37.548734)
428893917		False	LINESTRING (126.971139 37.54747, 126.971142 37.546852, 126.971146 37.546113, 126.971147 37.545412, 126.971148 37.545245, 126.971148 37.545172, 126.971154 37.544866, 126.97116 37.544569, 126.971162 37.542788, 126.97116 37.541902)
429007958	경의선	False	LINESTRING (126.970851 37.559745, 126.97066 37.560068, 126.970494 37.560327, 126.970335 37.560567, 126.970149 37.560803)
458500956	경부선	False	LINESTRING (126.966046 37.530904, 126.963051 37.52876)
458521819	경의선	False	LINESTRING (126.971055 37.558158, 126.971065 37.558635, 126.971092 37.558858, 126.971092 37.559064, 126.97107 37.559207)
458521820		False	LINESTRING (126.971138 37.547637, 126.971139 37.54747)
458521821		False	LINESTRING (126.97107 37.559207, 126.971105 37.559023, 126.971118 37.558857, 126.971117 37.558637, 126.971112 37.558152)
458521822		False	LINESTRING (126.970899 37.54902, 126.970995 37.548703, 126.97103 37.548579, 126.971061 37.548445, 126.971082 37.548325, 126.971099 37.548193, 126.971113 37.548058, 126.971124 37.547908, 126.971138 37.547637)
458523543		False	LINESTRING (126.971244 37.556172, 126.971248 37.555914, 126.971253 37.555672)
458523544		False	LINESTRING (126.971135 37.55618, 126.971157 37.553773)
458523545		False	LINESTRING (126.970937 37.556169, 126.970978 37.553774)
458523547		False	LINESTRING (126.970845 37.556169, 126.970878 37.553774)
458523548		False	LINESTRING (126.970677 37.556185, 126.970696 37.553774)
458523549		False	LINESTRING (126.97062 37.556189, 126.970656 37.553774)
458523550	경의선	False	LINESTRING (126.970494 37.556172, 126.970507 37.553774)
458523551	경의선	False	LINESTRING (126.970458 37.553774, 126.970428 37.556056, 126.970427 37.556165)
458523552		False	LINESTRING (126.970338 37.556058, 126.970317 37.555948, 126.9703 37.555705, 126.970319 37.553774)
458523553		False	LINESTRING (126.970256 37.553774, 126.970234 37.556065)
458523554		False	LINESTRING (126.971497 37.551407, 126.971625 37.551754, 126.971652 37.551963, 126.971658 37.552144, 126.971658 37.552162, 126.971653 37.552541, 126.971649 37.552875, 126.971637 37.553906)
458523555		False	LINESTRING (126.971301 37.55071, 126.971332 37.550828, 126.971334 37.550837, 126.971379 37.551013, 126.971458 37.551265, 126.971497 37.551407, 126.971521 37.55151, 126.971535 37.551624, 126.97155 37.551742, 126.971555 37.551872, 126.971546 37.552345, 126.971532 37.553096)
458523556		False	LINESTRING (126.971434 37.553898, 126.971438 37.553099)
458523557		False	LINESTRING (126.971277 37.552359, 126.971264 37.553773)
458523558	경부선	False	LINESTRING (126.971157 37.553773, 126.971176 37.552356)
458523559		False	LINESTRING (126.970978 37.553774, 126.970984 37.552362)
458523560		False	LINESTRING (126.97088 37.553463, 126.970889 37.552365)
458523561		False	LINESTRING (126.970696 37.553774, 126.970721 37.55235)
458523562		False	LINESTRING (126.970656 37.553774, 126.970677 37.55235)
458523563		False	LINESTRING (126.970507 37.553774, 126.970523 37.55236)
458523564	경부선	False	LINESTRING (126.970473 37.552352, 126.970458 37.553774)
458523565		False	LINESTRING (126.970319 37.553774, 126.970331 37.552337)
458523566		False	LINESTRING (126.970295 37.552336, 126.970256 37.553774)
458523567		False	LINESTRING (126.97014 37.552337, 126.970135 37.553774)
477057733	용산선	True	LINESTRING (126.967375 37.536842, 126.967105 37.53709, 126.966704 37.537337, 126.966501 37.537435, 126.966134 37.537603, 126.965709 37.537748, 126.965395 37.537848, 126.964726 37.538028, 126.963481 37.538324)
484898230		True	LINESTRING (126.96992 37.554095, 126.969919 37.553124, 126.969896 37.5526, 126.969858 37.552247)
496108972		False	LINESTRING (126.971301 37.55071, 126.971282 37.55058, 126.971264 37.550414, 126.971241 37.550145, 126.971228 37.549984, 126.971221 37.549803, 126.971224 37.549544, 126.971221 37.549262, 126.97123 37.548966, 126.971247 37.548765, 126.971267 37.548569, 126.971282 37.548394, 126.971299 37.548229, 126.971315 37.548075)
496108973		False	LINESTRING (126.971549 37.5514, 126.971383 37.550846)
507937912	용산역 인상선	False	LINESTRING (126.966283 37.530712, 126.96668 37.530996, 126.968404 37.532253, 126.968481 37.532327, 126.968551 37.532402, 126.968605 37.532464, 126.968666 37.532536)
507937913		False	LINESTRING (126.966245 37.530685, 126.966451 37.530802, 126.966636 37.530908)
507937914		False	LINESTRING (126.966316 37.530689, 126.966451 37.530802, 126.96668 37.530996)
507937915		False	LINESTRING (126.966651 37.531185, 126.966319 37.530883)
507937916		False	LINESTRING (126.963118 37.528198, 126.963022 37.528144, 126.962715 37.527954, 126.962439 37.527757, 126.962131 37.527549, 126.961904 37.527377)
507937919		False	LINESTRING (126.961786 37.527508, 126.962345 37.527807)
507937920		False	LINESTRING (126.96771 37.531432, 126.967344 37.531207, 126.967162 37.531094)
624113716		False	LINESTRING (126.971203 37.558324, 126.971187 37.557932)
624113717	경의선	False	LINESTRING (126.971112 37.558152, 126.971112 37.558098)
624113718		False	LINESTRING (126.971151 37.557227, 126.97113 37.55654)
624113719		False	LINESTRING (126.971191 37.556757, 126.971182 37.556621)
624113720		False	LINESTRING (126.971188 37.556179, 126.971193 37.55567)
625364779	경부선	False	LINESTRING (126.97132 37.548721, 126.971318 37.548815, 126.971316 37.54888)
634360970	용산선	False	LINESTRING (126.967222 37.531095, 126.966464 37.530544)
634360971	용산선	False	LINESTRING (126.96641 37.530594, 126.966368 37.530562)
634360972		False	LINESTRING (126.967641 37.531447, 126.967469 37.531322, 126.967162 37.531094)
634360973		False	LINESTRING (126.967162 37.531094, 126.966783 37.530875)
634602543	경부본선	False	LINESTRING (126.964924 37.529737, 126.965901 37.530452, 126.966143 37.53061, 126.966245 37.530685, 126.966267 37.530701)
634602548	경부본선	False	LINESTRING (126.963456 37.528604, 126.964784 37.529572, 126.966164 37.530578, 126.966299 37.530677)
645613231		False	LINESTRING (126.968274 37.533736, 126.968242 37.533653, 126.968163 37.533474, 126.968067 37.533312, 126.967947 37.533167, 126.967827 37.533034, 126.967662 37.5329, 126.96751 37.532783, 126.965904 37.531626, 126.965016 37.531015, 126.964924 37.53097)
645613232		False	LINESTRING (126.968449 37.533828, 126.968243 37.533372, 126.968193 37.533297, 126.968112 37.533186, 126.968004 37.53308, 126.96788 37.532963, 126.967739 37.532846, 126.967612 37.532765, 126.967397 37.53265, 126.967228 37.532529, 126.96648 37.531987, 126.966101 37.531711, 126.965582 37.53134, 126.964884 37.530858, 126.9642 37.530386)
716148573		False	LINESTRING (126.971193 37.55567, 126.971196 37.555369, 126.97121 37.553773)
716148574		False	LINESTRING (126.971253 37.555672, 126.971257 37.555038, 126.971264 37.553773)
717933086	인천국제공항선	True	LINESTRING (126.969858 37.552247, 126.969859 37.552058)
717933087	인천국제공항선	True	LINESTRING (126.969853 37.554103, 126.969858 37.552247)
717933088	인천국제공항선	True	LINESTRING (126.969822 37.551898, 126.969814 37.552219, 126.969813 37.554106)
717933089		True	LINESTRING (126.969859 37.552058, 126.969822 37.551898)
770798673	경부선	False	LINESTRING (126.967842 37.532705, 126.967986 37.532807, 126.968448 37.533147, 126.96873 37.533359, 126.969155 37.533658, 126.969622 37.534016, 126.969732 37.534111, 126.969838 37.53421, 126.969925 37.534304, 126.970038 37.534432, 126.970229 37.534675, 126.970346 37.53485, 126.97048 37.535075, 126.970619 37.535353, 126.970728 37.535623, 126.970838 37.536008, 126.970877 37.536166, 126.970943 37.536513, 126.970988 37.536881, 126.971039 37.537302, 126.971078 37.537744, 126.971119 37.538395, 126.971127 37.539943, 126.971115 37.540942, 126.97111 37.541606)
770798674	경부선	False	LINESTRING (126.971092 37.546769, 126.97109 37.547413, 126.971086 37.547704, 126.971068 37.547988, 126.971044 37.548218, 126.970997 37.548484, 126.970943 37.548699, 126.970876 37.548918, 126.970856 37.548981, 126.970755 37.549292)
770798675		False	LINESTRING (126.971136 37.548734, 126.971134 37.54837, 126.971138 37.547637)
770798676	경부선	False	LINESTRING (126.971175 37.549655, 126.971172 37.549431)
770798677	경부선	False	LINESTRING (126.971172 37.549431, 126.971174 37.549183, 126.971178 37.548734)
780902566		False	LINESTRING (126.971532 37.553096, 126.971519 37.553844)
781111135		False	LINESTRING (126.971239 37.557257, 126.971238 37.556982, 126.971246 37.556597)
782994089		False	LINESTRING (126.970333 37.560625, 126.970272 37.560685, 126.970248 37.560709, 126.970149 37.560803)
782994090	경의선	False	LINESTRING (126.970149 37.560803, 126.97003 37.560923, 126.969872 37.561046, 126.969571 37.561254, 126.969244 37.561452, 126.96902 37.561595, 126.968805 37.561705, 126.968492 37.561843, 126.968084 37.562, 126.967622 37.562165, 126.967158 37.562266, 126.966599 37.56236, 126.966034 37.562411, 126.965656 37.562427, 126.96495 37.562415, 126.963309 37.562345, 126.962821 37.562314, 126.962172 37.562252)
782994091	경의선	False	LINESTRING (126.970333 37.560625, 126.970523 37.560356, 126.970564 37.560298)
823086878		False	LINESTRING (126.962887 37.528906, 126.962854 37.528883, 126.962505 37.528628, 126.962223 37.528382, 126.961928 37.52808)
823086879		False	LINESTRING (126.961928 37.52808, 126.961674 37.527828)
823086880	경부선	False	LINESTRING (126.961674 37.527828, 126.960826 37.527224, 126.960638 37.527061, 126.960354 37.526816)
830542011		False	LINESTRING (126.971187 37.557932, 126.971156 37.557457)
847193798	용산선	False	LINESTRING (126.968802 37.535245, 126.96869 37.535411, 126.968312 37.535866)
847193799	용산선	False	LINESTRING (126.968859 37.535152, 126.968802 37.535245)
847193800	용산선	False	LINESTRING (126.9689 37.53516, 126.968997 37.535002, 126.9691 37.534802)
847193801	용산선	False	LINESTRING (126.968832 37.535258, 126.9689 37.53516)
847193803	용산선	True	LINESTRING (126.963941 37.538262, 126.964907 37.538024, 126.965484 37.537872, 126.96622 37.537625, 126.966736 37.537381, 126.967129 37.537139, 126.967396 37.536922, 126.967445 37.536876)
900688132		False	LINESTRING (126.970445 37.5503, 126.970462 37.550228, 126.970491 37.550114, 126.970554 37.549924)
900688133		False	LINESTRING (126.970554 37.549924, 126.970674 37.54961)
900688134	경부선	False	LINESTRING (126.970674 37.54961, 126.970601 37.549855, 126.970538 37.550114, 126.970496 37.550347, 126.970478 37.550513, 126.970468 37.550744, 126.97047 37.550956, 126.970476 37.551222, 126.970487 37.55135, 126.970473 37.552352)
900688135	경부선	False	LINESTRING (126.970755 37.549292, 126.970674 37.54961)
900688136	경부본선	False	LINESTRING (126.969478 37.533977, 126.96955 37.534132, 126.969656 37.534332, 126.969755 37.534494, 126.969864 37.53465, 126.970097 37.534943)
900688137	경원선	False	LINESTRING (126.963478 37.5284, 126.963427 37.528369, 126.963304 37.528302, 126.963118 37.528198)
900688138	경원선	False	LINESTRING (126.963118 37.528198, 126.962916 37.528112)
900691833		False	LINESTRING (126.971497 37.551407, 126.971435 37.551102, 126.971383 37.550846)
900691834		False	LINESTRING (126.971549 37.5514, 126.971579 37.551512)
923712311	수도권광역급행철도에이선	True	LINESTRING (126.728359 37.716138, 126.728351 37.715775, 126.728351 37.715752, 126.728065 37.70252, 126.728307 37.698877, 126.728459 37.698212, 126.728765 37.696868, 126.729236 37.694829, 126.729956 37.69257, 126.732156 37.688351, 126.736168 37.680635, 126.741195 37.671036, 126.742242 37.668922, 126.742967 37.668041, 126.744005 37.6673, 126.7454 37.666637, 126.746186 37.666304, 126.747266 37.665766, 126.748379 37.66529, 126.748426 37.665271, 126.750804 37.664178, 126.752317 37.663533, 126.75434 37.66267, 126.755453 37.662196, 126.756223 37.661877, 126.756794 37.661633, 126.757418 37.661302, 126.757855 37.66104, 126.758473 37.660556, 126.759052 37.660066, 126.759672 37.659454, 126.760124 37.658893, 126.760498 37.658416, 126.762351 37.654797, 126.76336 37.652993, 126.763985 37.652096, 126.764984 37.651174, 126.767329 37.649592, 126.773646 37.645868, 126.77907 37.642318, 126.786416 37.637424, 126.787794 37.636539, 126.790046 37.635491, 126.791406 37.634898, 126.793984 37.633914, 126.796729 37.633274, 126.798421 37.632941, 126.800061 37.632702, 126.801906 37.632474, 126.803855 37.632461, 126.806598 37.632416, 126.809025 37.632459, 126.810733 37.632459, 126.814292 37.632458, 126.817051 37.632448, 126.821277 37.632083, 126.82622 37.63155, 126.827104 37.631376, 126.828262 37.631231, 126.829995 37.631022, 126.831825 37.630802, 126.833458 37.630585, 126.834956 37.630399, 126.836424 37.630224, 126.838421 37.629989, 126.855954 37.627128, 126.859128 37.626664, 126.865688 37.62543, 126.871037 37.624212, 126.872872 37.623848, 126.879624 37.622534, 126.883893 37.621672, 126.885331 37.621492, 126.889548 37.621139, 126.892786 37.620881, 126.899874 37.620306, 126.92025 37.619028, 126.920475 37.619015, 126.923492 37.618751, 126.926876 37.618464, 126.9311 37.617734, 126.935765 37.615816, 126.93922 37.613591, 126.942062 37.611496, 126.947296 37.607932, 126.952919 37.603993, 126.95688 37.599716, 126.960393 37.593569, 126.967973 37.581667, 126.970578 37.578152, 126.971859 37.57657, 126.972922 37.574898, 126.973751 37.573644, 126.975236 37.571503, 126.976019 37.570587, 126.976649 37.569642, 126.977019 37.568992, 126.97731 37.568055, 126.977358 37.567419, 126.97736 37.566637, 126.977281 37.565184, 126.977273 37.564536, 126.977192 37.564251, 126.976833 37.563294, 126.976701 37.562788, 126.976341 37.561886, 126.976165 37.561639, 126.97598 37.561402, 126.974749 37.560124, 126.973259 37.557711, 126.972979 37.556963, 126.972732 37.555935, 126.972627 37.555361)
923712312	수도권광역급행철도에이선	True	LINESTRING (126.972501 37.555386, 126.972593 37.555912, 126.972881 37.556991, 126.973192 37.557729, 126.974566 37.560078, 126.975982 37.561589, 126.976103 37.561756, 126.976256 37.561995, 126.976634 37.56315, 126.97703 37.564155, 126.977133 37.564441, 126.977189 37.564767, 126.977205 37.565869, 126.977221 37.566746, 126.977204 37.567295, 126.977208 37.567658, 126.977167 37.567988, 126.976926 37.56884, 126.976516 37.569577, 126.975915 37.570488, 126.975195 37.571385, 126.973631 37.573517, 126.972795 37.574715, 126.971719 37.576527, 126.970425 37.578136, 126.968556 37.580759, 126.967695 37.581782, 126.960296 37.593477, 126.956758 37.599474, 126.952835 37.603722, 126.947558 37.607577, 126.941851 37.611412, 126.938939 37.613596, 126.935617 37.615693, 126.930997 37.617525, 126.926873 37.618314, 126.923389 37.618547, 126.920355 37.618812, 126.92031 37.618816, 126.920147 37.618837, 126.899908 37.620143, 126.892771 37.620791, 126.889535 37.621032, 126.885298 37.621366, 126.883698 37.621389, 126.879508 37.622192, 126.872828 37.623556, 126.870968 37.624018, 126.865685 37.625221, 126.85907 37.626531, 126.85581 37.626979, 126.838396 37.629898, 126.836393 37.630116, 126.834929 37.630313, 126.833441 37.630519, 126.831816 37.630728, 126.829992 37.630959, 126.828263 37.631172, 126.827091 37.631335, 126.826207 37.631457, 126.825818 37.631496, 126.82254 37.631812, 126.817131 37.632377, 126.814312 37.632388, 126.810733 37.632386, 126.807668 37.632383, 126.803834 37.632288, 126.802071 37.632341, 126.800992 37.632468, 126.79866 37.632848, 126.796608 37.633206, 126.793943 37.633852, 126.791318 37.634847, 126.78997 37.635438, 126.787788 37.636425, 126.786344 37.637298, 126.779149 37.64196, 126.778848 37.642171, 126.773458 37.645596, 126.767381 37.649212, 126.76484 37.650978, 126.763765 37.651962, 126.763158 37.652936, 126.760674 37.65749, 126.760238 37.658326, 126.759921 37.658835, 126.759494 37.659397, 126.758924 37.659982, 126.758328 37.66047, 126.757729 37.660902, 126.757297 37.661179, 126.75672 37.661472, 126.75613 37.661732, 126.75541 37.662064, 126.754253 37.662537, 126.752231 37.663389, 126.750725 37.664083, 126.748302 37.665137, 126.748263 37.665154, 126.747162 37.665648, 126.746091 37.666109, 126.745191 37.666501, 126.743927 37.667168, 126.742804 37.667908, 126.741941 37.66893, 126.741034 37.671, 126.736047 37.680618, 126.731959 37.688333, 126.729772 37.69259, 126.729097 37.694809, 126.728264 37.69817, 126.728198 37.698907, 126.727956 37.702446, 126.728196 37.715925, 126.728199 37.716126)
965348289		False	LINESTRING (126.964162 37.530426, 126.964597 37.530733, 126.964884 37.530858)
985754785	용산선	False	LINESTRING (126.967807 37.531563, 126.967641 37.531447, 126.967344 37.531207, 126.967222 37.531095)
1022757189		False	LINESTRING (126.971435 37.55398, 126.971434 37.553898)
1022757193		False	LINESTRING (126.971478 37.553904, 126.971497 37.552153, 126.971498 37.551876, 126.971476 37.551697, 126.971447 37.551549, 126.971373 37.551281)
1023101701		False	LINESTRING (126.971279 37.55215, 126.971277 37.552359)
1023101702		False	LINESTRING (126.97121 37.553773, 126.971231 37.552357)
1023101703		False	LINESTRING (126.971182 37.556621, 126.971188 37.556179)
1023101704		False	LINESTRING (126.97113 37.55654, 126.971135 37.556211, 126.971135 37.55618)
1023101705	경부선	False	LINESTRING (126.971176 37.552356, 126.971178 37.55224, 126.971183 37.551904)
1023101707		False	LINESTRING (126.971055 37.557484, 126.970962 37.557166, 126.970915 37.556981, 126.970892 37.556855, 126.970885 37.556691, 126.97089 37.556531, 126.970894 37.556206, 126.970894 37.556169)
1023101711		False	LINESTRING (126.970928 37.553774, 126.970937 37.552357)
1023101716		False	LINESTRING (126.970073 37.556178, 126.970073 37.556193, 126.970084 37.556287, 126.970121 37.556414, 126.970173 37.556556, 126.970355 37.556826, 126.970586 37.557148, 126.970769 37.55743, 126.970877 37.557636, 126.970948 37.557801, 126.971055 37.558158)
1023101717		False	LINESTRING (126.970234 37.556171, 126.970234 37.556065)
1023101718		False	LINESTRING (126.970072 37.556054, 126.970073 37.556178)
1023101719		False	LINESTRING (126.970371 37.556173, 126.970338 37.556058)
1023101720		False	LINESTRING (126.97007 37.553774, 126.97009 37.552332)
1023101721		False	LINESTRING (126.970142 37.551814, 126.97014 37.552337)
1023101722		False	LINESTRING (126.970301 37.551922, 126.970295 37.552336)
1025048362		False	LINESTRING (126.961421 37.527934, 126.961751 37.528211, 126.962355 37.528758, 126.962726 37.529048)
1025048363	경부선	False	LINESTRING (126.961066 37.527541, 126.961498 37.527901, 126.961796 37.528183, 126.962388 37.528725, 126.962754 37.529012)
1025048364		False	LINESTRING (126.962802 37.528993, 126.962771 37.52897, 126.962604 37.528808, 126.962223 37.528382)
1025048365		False	LINESTRING (126.964183 37.529845, 126.962887 37.528906)
1025048366		False	LINESTRING (126.962908 37.52888, 126.962883 37.528862, 126.962539 37.52861, 126.961928 37.52808)
1025048367		False	LINESTRING (126.963015 37.528782, 126.962926 37.528718, 126.961674 37.527828)
1025048368	경부선	False	LINESTRING (126.963051 37.52876, 126.960881 37.527199, 126.960354 37.526816)
1025048369	경부선	False	LINESTRING (126.963309 37.52856, 126.964924 37.529737)
1025048370	경부선	False	LINESTRING (126.963456 37.528604, 126.963346 37.528531)
1025048371	경원선	False	LINESTRING (126.966368 37.530562, 126.963453 37.528468)
1025048372		False	LINESTRING (126.962916 37.528112, 126.963006 37.528166, 126.963278 37.528328, 126.963443 37.528422, 126.963458 37.528433)
1025048373	경원선	False	LINESTRING (126.96363 37.528508, 126.96353 37.528432, 126.963478 37.5284)
1025048374		False	LINESTRING (126.965694 37.531196, 126.966062 37.531462, 126.96706 37.532205)
1025048375	경부선	False	LINESTRING (126.96573 37.531174, 126.966095 37.531439, 126.966657 37.531841, 126.967175 37.532241, 126.967553 37.532489, 126.967842 37.532705)
1025048376		False	LINESTRING (126.966506 37.531655, 126.966128 37.531416, 126.965758 37.531146)
1025048377		False	LINESTRING (126.965867 37.531056, 126.964183 37.529845)
1025048378		False	LINESTRING (126.967302 37.531876, 126.966967 37.531678, 126.966593 37.531471, 126.966304 37.531316, 126.966042 37.53114, 126.965899 37.531038)
1025048379	경부선	False	LINESTRING (126.967798 37.532186, 126.966777 37.531425, 126.966069 37.530921, 126.966046 37.530904)
1025048380		False	LINESTRING (126.966039 37.530948, 126.966014 37.53093)
1025048381	경부선	False	LINESTRING (126.967292 37.531594, 126.966663 37.531131, 126.966319 37.530883, 126.966244 37.53083, 126.96619 37.53079)
1025048382	경부본선	False	LINESTRING (126.966267 37.530701, 126.966283 37.530712)
1025048383	경부본선	False	LINESTRING (126.966299 37.530677, 126.966316 37.530689)
1025048384		False	LINESTRING (126.966428 37.530569, 126.966358 37.530522)
1029993771		False	LINESTRING (126.970878 37.553774, 126.97088 37.553463)
1029993772		False	LINESTRING (126.971438 37.553099, 126.971443 37.552364)
1029993773		False	LINESTRING (126.971017 37.5505, 126.971058 37.55028, 126.971073 37.550181, 126.971101 37.549946, 126.971115 37.549833)
1029993774		False	LINESTRING (126.971121 37.549428, 126.971136 37.548734)
1029993775		False	LINESTRING (126.971115 37.549833, 126.971121 37.549428)
1029993776	경부선	False	LINESTRING (126.971178 37.548734, 126.971181 37.548585, 126.971181 37.548414)
1029993778	경부선	False	LINESTRING (126.97117 37.550364, 126.971174 37.549745, 126.971175 37.549655)
1030014288		False	LINESTRING (126.961421 37.527934, 126.961705 37.52824, 126.962013 37.528604, 126.962357 37.528936, 126.962604 37.529141, 126.962803 37.529306, 126.963903 37.530094)
1030014289		False	LINESTRING (126.964208 37.529818, 126.962908 37.52888)
1040705016		False	LINESTRING (126.97015 37.550202, 126.97029 37.549392)
1040705017		False	LINESTRING (126.970086 37.550196, 126.970239 37.549389)
1040705018		False	LINESTRING (126.969981 37.550753, 126.970008 37.550411, 126.970049 37.550198)
1049563727		False	LINESTRING (126.971727 37.553948, 126.971726 37.554015)
1049563728		False	LINESTRING (126.971679 37.554004, 126.971681 37.553929)
1049563729		False	LINESTRING (126.971637 37.553906, 126.971636 37.554002)
1049563730		False	LINESTRING (126.971519 37.553844, 126.971518 37.553931, 126.971518 37.553982)
1049563731		False	LINESTRING (126.971478 37.553983, 126.971478 37.553904)
1058096607	용산선	False	LINESTRING (126.966464 37.530544, 126.964905 37.529428, 126.96363 37.528508)
1180001114		False	LINESTRING (126.970586 37.557148, 126.970326 37.55664, 126.970281 37.556466, 126.970243 37.556287, 126.970234 37.556171)
1212198787		True	LINESTRING (126.969833 37.551807, 126.969891 37.551621)
1212198788		True	LINESTRING (126.969813 37.554106, 126.96972 37.55648, 126.969715 37.556708, 126.969708 37.557025, 126.969658 37.55923)
1212198789		True	LINESTRING (126.969725 37.55924, 126.96979 37.557032, 126.9698 37.556705, 126.969806 37.556474, 126.969853 37.554103)
1212198790		True	LINESTRING (126.969806 37.556474, 126.969908 37.555543, 126.969912 37.554919, 126.96992 37.554095)
1212198791		True	LINESTRING (126.969908 37.555543, 126.969909 37.556137)
1212198792		True	LINESTRING (126.9698 37.556705, 126.969753 37.556871, 126.969708 37.557025)
1212198793		True	LINESTRING (126.96979 37.557032, 126.969753 37.556871, 126.969715 37.556708)
1346616770	수도권광역급행철도에이선	True	LINESTRING (126.973003 37.54888, 126.972623 37.549542, 126.972374 37.550166, 126.972255 37.550768, 126.972164 37.552317, 126.97221 37.553327, 126.97225 37.554018, 126.972428 37.554971, 126.972501 37.555386)
1346616771	수도권광역급행철도에이선	True	LINESTRING (126.972627 37.555361, 126.972548 37.554929, 126.972364 37.553956, 126.972338 37.553276, 126.972318 37.552776, 126.972327 37.551618, 126.972395 37.550704, 126.97249 37.550173, 126.972687 37.549717, 126.972904 37.549302, 126.973077 37.548968)
405430942	경원선	False	LINESTRING (127.041094 37.571326, 127.040869 37.571019, 127.039878 37.569742)
405431930	경원선	False	LINESTRING (127.039878 37.569742, 127.039794 37.56963)
405431931	경원선	False	LINESTRING (127.039835 37.569762, 127.039998 37.569975, 127.04008 37.570082, 127.040333 37.570414, 127.040841 37.571056, 127.041054 37.571344)
405431932	경원선	False	LINESTRING (127.039794 37.56963, 127.039664 37.569463, 127.03926 37.568945)
405431933	경원선	False	LINESTRING (127.039749 37.569651, 127.039801 37.569717, 127.039835 37.569762)
405431935	경원선	False	LINESTRING (127.020482 37.541634, 127.021079 37.54202, 127.021352 37.542208, 127.0216 37.542379, 127.021868 37.542571, 127.023779 37.543994, 127.023986 37.544142, 127.024261 37.544311, 127.024572 37.544477, 127.02495 37.544643, 127.025367 37.544791, 127.025794 37.544916, 127.027726 37.545514, 127.028251 37.545704, 127.028621 37.545854, 127.028843 37.545946, 127.029046 37.546043, 127.029599 37.546308, 127.030085 37.546546, 127.031694 37.547332, 127.032027 37.547503, 127.032401 37.547709, 127.032637 37.547857, 127.032837 37.547998, 127.03303 37.548142, 127.033229 37.548316, 127.033403 37.54849, 127.033636 37.548748, 127.033803 37.548959, 127.033934 37.54915, 127.034113 37.54941, 127.034794 37.550414, 127.034902 37.550554, 127.034992 37.550669, 127.035056 37.550734, 127.035224 37.550913, 127.035541 37.551226, 127.035649 37.551316, 127.035845 37.551462, 127.036139 37.55166, 127.037348 37.552409, 127.037886 37.552755, 127.038149 37.55295, 127.038401 37.553165, 127.038589 37.553361, 127.03869 37.553469, 127.038935 37.553778, 127.039019 37.553893, 127.039104 37.554026, 127.039182 37.554166, 127.039261 37.554314, 127.039331 37.554473, 127.03939 37.554635, 127.039449 37.55484, 127.039474 37.554943, 127.039512 37.555159, 127.03953 37.555356, 127.039537 37.555477, 127.03954 37.555585, 127.039532 37.555787, 127.039532 37.555838, 127.039508 37.556024, 127.039485 37.556197, 127.039411 37.556584, 127.039252 37.557331, 127.039134 37.557915, 127.039018 37.5585, 127.038971 37.55874, 127.038909 37.559049, 127.038856 37.559315, 127.038811 37.559536, 127.038767 37.559756, 127.038723 37.559955, 127.038678 37.560153)
405451620	경원선	False	LINESTRING (127.03926 37.568945, 127.038638 37.568147, 127.038327 37.567726, 127.038152 37.567461, 127.03805 37.567312, 127.037968 37.567178, 127.037876 37.566964, 127.037776 37.566658, 127.037713 37.566365, 127.037694 37.56612)
405451624	경원선	False	LINESTRING (127.039213 37.56896, 127.039749 37.569651)
405451628		False	LINESTRING (127.037838 37.564442, 127.038124 37.563563)
405451629		False	LINESTRING (127.038114 37.562706, 127.038025 37.562938, 127.037866 37.563627, 127.037725 37.564306, 127.037669 37.564687, 127.037678 37.564946, 127.037688 37.565235)
405451630		False	LINESTRING (127.038633 37.560144, 127.038431 37.561136, 127.038125 37.562675, 127.038118 37.562707)
405451632		False	LINESTRING (127.037725 37.564306, 127.037756 37.564063, 127.037854 37.56348, 127.037953 37.563056)
405451633		False	LINESTRING (127.039252 37.557331, 127.039182 37.55792)
405453024		False	LINESTRING (127.038241 37.563442, 127.038257 37.563392, 127.038277 37.563328)
405453025		False	LINESTRING (127.038218 37.563331, 127.038179 37.563634, 127.038145 37.563902)
405453026		False	LINESTRING (127.038094 37.563893, 127.038179 37.563634, 127.038241 37.563442)
405479640	분당선	True	LINESTRING (127.044127 37.550208, 127.044113 37.550282, 127.044087 37.550506, 127.044039 37.550908, 127.043968 37.551186, 127.043796 37.551477, 127.043574 37.551702, 127.043324 37.551907, 127.043065 37.552066, 127.041386 37.553004, 127.041073 37.553196, 127.040744 37.553471, 127.040612 37.553612, 127.040415 37.553837, 127.040264 37.554062, 127.040119 37.554335, 127.039996 37.55466, 127.039873 37.555134, 127.039733 37.555828)
405479642		False	LINESTRING (127.038241 37.563442, 127.038145 37.563902, 127.038002 37.56448, 127.037877 37.565106, 127.037833 37.565372, 127.0378 37.565691)
405479643	분당선	False	LINESTRING (127.039733 37.555828, 127.039637 37.556442, 127.039324 37.55788, 127.039196 37.558511, 127.039082 37.559072, 127.039031 37.559326, 127.039026 37.559348, 127.038983 37.559558, 127.038945 37.559746, 127.038938 37.559779, 127.038899 37.559971, 127.038863 37.560169)
405479644		False	LINESTRING (127.038218 37.563331, 127.038094 37.563893)
405479645	분당선	True	LINESTRING (127.039779 37.55584, 127.039889 37.55531, 127.040046 37.554709, 127.04017 37.554384, 127.040371 37.55401, 127.04059 37.553724, 127.040783 37.553511, 127.041077 37.553274, 127.041446 37.553024, 127.041641 37.552918, 127.0431 37.552123, 127.043394 37.55193, 127.043674 37.551688, 127.04389 37.551436, 127.04402 37.551206, 127.044107 37.550927, 127.044171 37.550296, 127.044184 37.550215)
405486063	경원선	False	LINESTRING (127.020514 37.541605, 127.019778 37.541141, 127.01804 37.540035, 127.017896 37.539934, 127.017729 37.539816, 127.017571 37.539688, 127.017357 37.539515)
405486066	경원선	False	LINESTRING (127.017325 37.539541, 127.017538 37.53972, 127.017748 37.539882, 127.018004 37.540058, 127.018702 37.540502, 127.019613 37.541082, 127.019752 37.54117, 127.020482 37.541634)
482174009	분당선	True	LINESTRING (127.044319 37.542261, 127.044718 37.54362, 127.044803 37.543993, 127.044854 37.544306, 127.04489 37.544807, 127.044828 37.545438, 127.044481 37.548164, 127.044127 37.550208)
627723645		False	LINESTRING (127.038356 37.562741, 127.03834 37.562817, 127.038218 37.563331)
627723647		False	LINESTRING (127.038277 37.563328, 127.038486 37.562767)
672855094		False	LINESTRING (127.039002 37.560346, 127.038964 37.560629, 127.038752 37.561721, 127.038578 37.562597, 127.038522 37.562765)
674061234	분당선	True	LINESTRING (127.044363 37.542227, 127.044564 37.542914, 127.044768 37.543612, 127.044853 37.543987, 127.044905 37.544302, 127.044941 37.544808, 127.044879 37.545442, 127.044856 37.545622, 127.044533 37.548049, 127.044485 37.548431, 127.044532 37.548168, 127.044184 37.550215)
778783883		False	LINESTRING (127.037893 37.564559, 127.038069 37.564002)
778783884		False	LINESTRING (127.038069 37.564002, 127.037994 37.564386, 127.037865 37.564934, 127.037773 37.565495, 127.037757 37.565702)
778783885		False	LINESTRING (127.038552 37.562776, 127.038616 37.562596, 127.039004 37.560632, 127.039002 37.560346, 127.038999 37.560202)
778783886	경원선	False	LINESTRING (127.038818 37.560163, 127.038851 37.559968, 127.038881 37.559772, 127.038916 37.559546, 127.038951 37.559321, 127.038984 37.559073, 127.039067 37.558516, 127.039182 37.55792, 127.039304 37.557338, 127.03946 37.556593, 127.039532 37.556211, 127.039555 37.556026, 127.039571 37.555842, 127.039585 37.55564, 127.039583 37.55545, 127.039569 37.555228, 127.039536 37.555015, 127.039508 37.554874, 127.039454 37.554677, 127.03938 37.554469, 127.039292 37.554278, 127.039178 37.554063, 127.039076 37.553898, 127.038965 37.553737, 127.03884 37.553576, 127.038624 37.553329, 127.038417 37.553124, 127.038187 37.552926, 127.037988 37.552775, 127.037378 37.552375, 127.036163 37.551624, 127.035958 37.551486, 127.03573 37.551317, 127.035551 37.551168, 127.035277 37.550908, 127.035084 37.550707, 127.034937 37.550533, 127.034836 37.550394, 127.034262 37.549548, 127.034153 37.549388, 127.033828 37.548917, 127.033618 37.548651, 127.033459 37.54848, 127.033289 37.548312, 127.03309 37.548128, 127.032872 37.547959, 127.032669 37.547823, 127.032464 37.547694, 127.032244 37.547569, 127.032113 37.547498, 127.0319 37.547386, 127.028995 37.545968, 127.028688 37.545836, 127.028286 37.545673, 127.027926 37.545541, 127.027485 37.545395, 127.026947 37.54523, 127.026475 37.545085, 127.025824 37.544885, 127.025303 37.544724, 127.024999 37.544616, 127.024684 37.544481, 127.024375 37.544322, 127.02408 37.54415, 127.023813 37.543966, 127.021894 37.542538, 127.021189 37.542042, 127.020908 37.541857, 127.020514 37.541605)
778783887		False	LINESTRING (127.038094 37.563893, 127.038069 37.564002)
778783888	경원선	False	LINESTRING (127.037637 37.565575, 127.037632 37.565647, 127.037624 37.565752)
778783889	경원선	False	LINESTRING (127.037816 37.564931, 127.037893 37.564559)
778783890	경원선	False	LINESTRING (127.03768 37.565751, 127.037708 37.565476, 127.037816 37.564931)
778783891	경원선	False	LINESTRING (127.037694 37.56612, 127.03768 37.565751)
778783892	경원선	False	LINESTRING (127.037634 37.566105, 127.037636 37.566164, 127.037665 37.566367, 127.037731 37.56666, 127.037835 37.566972, 127.037929 37.567185, 127.038007 37.567327, 127.038099 37.567478, 127.038235 37.56768, 127.0384 37.567906, 127.038601 37.568171, 127.038685 37.568279, 127.039213 37.56896)
778783893	경원선	False	LINESTRING (127.037624 37.565752, 127.037634 37.566105)
779053922	분당선	False	LINESTRING (127.038662 37.56199, 127.038736 37.561613, 127.038907 37.560753)
779278180	분당선	False	LINESTRING (127.03897 37.560196, 127.038985 37.559974, 127.038986 37.559951, 127.038992 37.559813, 127.038996 37.559778, 127.039 37.559743, 127.039006 37.5597, 127.039032 37.559565, 127.039072 37.559354, 127.039076 37.559332, 127.039185 37.558766, 127.03936 37.557878, 127.039666 37.556436, 127.039779 37.55584)
782655749		False	LINESTRING (127.038515 37.561963, 127.038425 37.562389, 127.038356 37.562741)
829962028	분당선	True	LINESTRING (127.041094 37.529063, 127.041196 37.529374, 127.041637 37.530717, 127.043502 37.537822, 127.043541 37.537971)
829962029	분당선	True	LINESTRING (127.041164 37.529015, 127.04175 37.530752, 127.042601 37.534086, 127.043166 37.536298, 127.043204 37.536448, 127.04325 37.536628, 127.043287 37.536771, 127.043591 37.537964)
829962030	분당선	True	LINESTRING (127.043541 37.537971, 127.043646 37.538372, 127.043712 37.539398, 127.043792 37.540102, 127.043897 37.540662, 127.044246 37.541854, 127.044319 37.542261)
829962031	분당선	True	LINESTRING (127.043591 37.537964, 127.043668 37.538256, 127.043696 37.538366, 127.043762 37.539396, 127.043843 37.540098, 127.043948 37.540655, 127.044363 37.542227)
1025048900		False	LINESTRING (127.038971 37.55874, 127.038882 37.559044, 127.038806 37.55931, 127.038762 37.559529, 127.038718 37.559749, 127.038676 37.55995, 127.038633 37.560144)
1025048901	경원선	False	LINESTRING (127.038162 37.562709, 127.038145 37.562793, 127.038092 37.563131, 127.038047 37.563375, 127.037915 37.564029, 127.037838 37.564442)
1025048902	경원선	False	LINESTRING (127.038302 37.562732, 127.038533 37.561573, 127.038581 37.561333, 127.038701 37.560721, 127.038818 37.560163)
1025048903	분당선	False	LINESTRING (127.038863 37.560169, 127.038515 37.561963)
1025048904	분당선	False	LINESTRING (127.038907 37.560753, 127.038939 37.560523, 127.03897 37.560196)
1025048905		False	LINESTRING (127.038999 37.560202, 127.038985 37.559974)
1025048906		False	LINESTRING (127.038522 37.562765, 127.038371 37.563114)
1025048907		False	LINESTRING (127.038277 37.563328, 127.038371 37.563114, 127.038523 37.562842, 127.038552 37.562776)
1025048908		False	LINESTRING (127.038486 37.562767, 127.038515 37.562656, 127.038535 37.56258, 127.038662 37.56199)
1025048909	경원선	False	LINESTRING (127.037893 37.564559, 127.038003 37.564099, 127.038124 37.563563)
1025048910	경원선	False	LINESTRING (127.038678 37.560153, 127.038433 37.561346, 127.038162 37.562709)
1025048911		False	LINESTRING (127.038125 37.562675, 127.038118 37.562694, 127.038114 37.562706)
1025048912		False	LINESTRING (127.038118 37.562707, 127.038086 37.562855, 127.03783 37.563966, 127.037769 37.564313, 127.037712 37.564633, 127.037678 37.564946)
1465570747		False	LINESTRING (127.039026 37.559348, 127.039014 37.559533, 127.039 37.559743)
1465570748		False	LINESTRING (127.038945 37.559746, 127.039014 37.559533, 127.039072 37.559354)
1465570749		False	LINESTRING (127.039082 37.559072, 127.039099 37.558909, 127.039109 37.558641, 127.039124 37.558484, 127.039546 37.556422)
1465570750		False	LINESTRING (127.038186 37.56325, 127.03834 37.562817)
1465570751	경원선	False	LINESTRING (127.038124 37.563563, 127.038186 37.56325, 127.038288 37.562808, 127.038302 37.562732)
1465570752	경원선	False	LINESTRING (127.037838 37.564442, 127.037688 37.565235, 127.037637 37.565575)
286003780		False	LINESTRING (126.836228 37.609475, 126.837942 37.609673, 126.841059 37.61003, 126.841663 37.610127, 126.841692 37.61013, 126.841975 37.610165, 126.842394 37.610241, 126.84282 37.610352, 126.844219 37.610722, 126.845716 37.611115, 126.847463 37.611408)
362039838		False	LINESTRING (126.831386 37.611344, 126.831137 37.611364, 126.830595 37.611408, 126.830558 37.611411, 126.829943 37.611467)
362039840		False	LINESTRING (126.823046 37.610566, 126.827445 37.610596)
362039841		False	LINESTRING (126.82305 37.609835, 126.827457 37.609865)
362039842		False	LINESTRING (126.823051 37.609592, 126.827461 37.609622)
362039843		False	LINESTRING (126.837996 37.61077, 126.84291 37.610826)
362039844		False	LINESTRING (126.823048 37.610296, 126.827002 37.610323, 126.827449 37.610326)
362039845		False	LINESTRING (126.827452 37.610186, 126.823048 37.610155)
362039846		False	LINESTRING (126.827456 37.609925, 126.823049 37.609894)
362039847		False	LINESTRING (126.827656 37.609711, 126.827971 37.609728, 126.828169 37.609748, 126.828386 37.609789, 126.828639 37.609861, 126.828805 37.60992, 126.829015 37.61002, 126.829281 37.610147, 126.829416 37.610214, 126.829695 37.610348, 126.829948 37.61047, 126.830838 37.610909, 126.831206 37.611091, 126.831597 37.611181, 126.832244 37.611264)
362039848		False	LINESTRING (126.832707 37.611268, 126.831933 37.611179, 126.831506 37.611088, 126.831046 37.610892, 126.830282 37.610509, 126.829732 37.610228, 126.82944 37.610067, 126.829153 37.609887, 126.828998 37.609807, 126.828833 37.609734, 126.828592 37.609657, 126.828386 37.60961, 126.828139 37.60958, 126.82792 37.609573, 126.827714 37.609568, 126.827462 37.609561)
362039849	고양기지선	False	LINESTRING (126.831599 37.611346, 126.832583 37.611362, 126.833051 37.611364, 126.833823 37.611373, 126.833982 37.611374, 126.835169 37.611392, 126.836504 37.611407, 126.836661 37.611406, 126.837852 37.611427, 126.83971 37.611436, 126.843462 37.611491, 126.845765 37.611522, 126.847969 37.611545)
362039851		False	LINESTRING (126.832928 37.611315, 126.833239 37.611272)
362039852	고양기지선	False	LINESTRING (126.833936 37.611319, 126.833096 37.611312, 126.832928 37.611315, 126.832476 37.611323, 126.832256 37.611312, 126.83191 37.611295, 126.831562 37.611257, 126.831311 37.61123, 126.831044 37.611177, 126.830906 37.611149, 126.830502 37.611028, 126.830394 37.610981, 126.830057 37.610833, 126.829306 37.610503, 126.829031 37.610382, 126.828562 37.610218, 126.828351 37.61015, 126.828103 37.610096, 126.827871 37.610069, 126.827651 37.610062, 126.827454 37.610064)
362039853		False	LINESTRING (126.830234 37.611215, 126.829416 37.611207, 126.824592 37.611149)
362039854		False	LINESTRING (126.830681 37.61126, 126.829423 37.611257, 126.824591 37.6112)
362039855		False	LINESTRING (126.82842 37.611808, 126.827466 37.611885, 126.825138 37.611848)
362039857		False	LINESTRING (126.82515 37.611773, 126.827456 37.611814, 126.829463 37.611601)
362039858	고양기지선	False	LINESTRING (126.831599 37.611346, 126.831386 37.611344, 126.824583 37.611233)
362039859		False	LINESTRING (126.824607 37.610991, 126.829391 37.61105, 126.829902 37.611065, 126.830509 37.611121)
362039860		False	LINESTRING (126.824602 37.611048, 126.829409 37.611104, 126.829818 37.611124, 126.831354 37.611297, 126.83191 37.611295)
362039861		False	LINESTRING (126.827442 37.610805, 126.823046 37.610774)
362039862		False	LINESTRING (126.831562 37.611257, 126.832244 37.611264, 126.832707 37.611268, 126.833098 37.611272, 126.833239 37.611272)
362039863		False	LINESTRING (126.830558 37.611411, 126.829809 37.611532, 126.828932 37.611626, 126.828148 37.611674, 126.825082 37.611619)
362039864		False	LINESTRING (126.827444 37.610661, 126.823046 37.61063)
362039865		False	LINESTRING (126.824618 37.610938, 126.829384 37.610998, 126.829753 37.611003, 126.830509 37.611121, 126.830642 37.611141, 126.831044 37.611177)
362039866		False	LINESTRING (126.823046 37.610693, 126.827443 37.610724)
362039867		False	LINESTRING (126.823052 37.6092, 126.827477 37.609236)
362039868		False	LINESTRING (126.825134 37.611877, 126.82746 37.611929, 126.82818 37.611855, 126.82842 37.611808, 126.829463 37.611601, 126.829809 37.611532)
362039869		False	LINESTRING (126.827448 37.610385, 126.823047 37.610355)
362039870		False	LINESTRING (126.823048 37.610096, 126.827453 37.610126)
362039871		False	LINESTRING (126.82305 37.609766, 126.827458 37.609797, 126.827462 37.609797)
362039872		False	LINESTRING (126.827455 37.609995, 126.823049 37.609964)
362039873		False	LINESTRING (126.824598 37.611098, 126.829378 37.611156, 126.829675 37.61116, 126.830234 37.611215, 126.830681 37.61126, 126.83095 37.611286, 126.831354 37.611297)
362039874		False	LINESTRING (126.823047 37.610418, 126.827002 37.610445, 126.827447 37.610448)
362039875		False	LINESTRING (126.82746 37.609705, 126.82305 37.609675)
362039877		False	LINESTRING (126.827446 37.610511, 126.823047 37.610481)
405588809	경의선	False	LINESTRING (126.857224 37.609004, 126.857085 37.609075, 126.856782 37.609234, 126.856511 37.609389, 126.856076 37.609674, 126.854923 37.610468, 126.854491 37.610762, 126.854085 37.611039, 126.853676 37.611299, 126.853222 37.611537, 126.852744 37.611746, 126.852435 37.611862, 126.852125 37.611969, 126.851715 37.612082, 126.851316 37.612182, 126.850685 37.612276, 126.8503 37.612319, 126.849954 37.612339, 126.849236 37.612366, 126.848599 37.612348)
405794204	경의선	False	LINESTRING (126.856075 37.609769, 126.856463 37.609525, 126.856845 37.609308, 126.857272 37.609093)
405794205	경의선	False	LINESTRING (126.853986 37.611346, 126.855212 37.610379, 126.855611 37.610081, 126.856075 37.609769)
405794206	경의선	False	LINESTRING (126.824218 37.616087, 126.824652 37.61576, 126.825536 37.61503, 126.827112 37.613764, 126.827368 37.613581, 126.827584 37.61343, 126.827816 37.613289, 126.82809 37.613134, 126.828395 37.612984, 126.828724 37.612834, 126.82904 37.612709, 126.829382 37.612595, 126.829801 37.612478, 126.830257 37.612376, 126.830592 37.612322, 126.83096 37.612276, 126.831202 37.612258, 126.831558 37.612238, 126.832005 37.612234, 126.834193 37.612261, 126.843676 37.61238, 126.844692 37.61243, 126.84555 37.612484, 126.84667 37.612524, 126.847689 37.612537, 126.849286 37.612581, 126.850202 37.612604, 126.850837 37.612589, 126.851341 37.612533, 126.851803 37.612441, 126.852368 37.612274, 126.852826 37.612086, 126.853335 37.611808, 126.853862 37.611441, 126.853986 37.611346)
405794207	경의선	False	LINESTRING (126.857272 37.609093, 126.857634 37.608926, 126.858894 37.608409)
405794208	경의선	False	LINESTRING (126.858894 37.608409, 126.859262 37.608269, 126.859436 37.608195, 126.860483 37.607778, 126.861266 37.607459, 126.862469 37.606984, 126.86291 37.606793, 126.863317 37.606601, 126.863714 37.606389, 126.864012 37.606209, 126.864307 37.606023, 126.864584 37.605838, 126.865098 37.60546, 126.86572 37.604986, 126.866117 37.604665, 126.866367 37.604451, 126.867692 37.603346, 126.868428 37.602711, 126.86895 37.60226, 126.869137 37.602098, 126.870338 37.601027, 126.872387 37.599261, 126.872642 37.599041, 126.872911 37.598821, 126.874014 37.597929, 126.874238 37.597739, 126.875791 37.596396, 126.880762 37.592112, 126.882066 37.590988)
405794216	경의선	False	LINESTRING (126.88204 37.590955, 126.874018 37.597867, 126.873101 37.59862, 126.872814 37.598843, 126.872579 37.599036, 126.871853 37.599659, 126.870303 37.600998, 126.86911 37.602067, 126.867759 37.603232, 126.867655 37.603321, 126.866842 37.60399, 126.866102 37.604624, 126.865675 37.604963, 126.865097 37.605392, 126.864566 37.605788, 126.864118 37.606077, 126.863756 37.606295, 126.863393 37.606489, 126.86309 37.606637, 126.862673 37.606827, 126.862281 37.606988, 126.861386 37.607341, 126.860768 37.607584, 126.860022 37.607882, 126.859588 37.608047, 126.859093 37.608239, 126.858829 37.60834)
405794217	경의선	False	LINESTRING (126.858829 37.60834, 126.857857 37.60873, 126.857404 37.608917, 126.857224 37.609004)
405845147	고양기지선	False	LINESTRING (126.856855 37.60898, 126.856587 37.609161, 126.854736 37.610427, 126.854232 37.610773, 126.85398 37.610925, 126.85372 37.611061, 126.853563 37.611132, 126.853371 37.611211, 126.853195 37.611274, 126.853002 37.611334, 126.852773 37.611392, 126.852559 37.611436, 126.852308 37.611478, 126.85211 37.611498, 126.851762 37.611517, 126.851463 37.611523, 126.850969 37.61151, 126.849403 37.611497, 126.848588 37.611492, 126.848512 37.611491, 126.848432 37.61149, 126.847297 37.61148, 126.846046 37.611474, 126.845591 37.611467, 126.844666 37.611456, 126.84339 37.611443, 126.841825 37.611421, 126.838833 37.611379, 126.835737 37.611347, 126.834956 37.611331, 126.833936 37.611319)
405845148	고양기지선	False	LINESTRING (126.847969 37.611545, 126.848415 37.611545, 126.848512 37.611546, 126.849515 37.611554, 126.85002 37.611558, 126.850966 37.611588, 126.851568 37.611598, 126.851903 37.61159, 126.852214 37.611561, 126.852509 37.611522, 126.852767 37.611471, 126.853033 37.611402, 126.853269 37.611324, 126.853499 37.611232, 126.853714 37.611134, 126.853942 37.611018, 126.854135 37.610904, 126.854661 37.61054, 126.856611 37.609201, 126.856885 37.60902)
405845149	고양기지선	False	LINESTRING (126.863596 37.606594, 126.863156 37.606823, 126.862767 37.60701, 126.862485 37.607129, 126.86211 37.607272, 126.861745 37.607395, 126.861388 37.607503, 126.861077 37.607578, 126.860117 37.607797, 126.859443 37.607941, 126.858974 37.608049, 126.858582 37.60816, 126.858204 37.60829, 126.857987 37.608372, 126.857788 37.608455, 126.857483 37.608608, 126.857153 37.608791, 126.856855 37.60898)
405845150	경의선	False	LINESTRING (126.882104 37.591016, 126.88081 37.59213, 126.875828 37.596423, 126.873968 37.598049, 126.872096 37.599668, 126.8692 37.6022, 126.867891 37.603329, 126.867705 37.60349, 126.867191 37.603902, 126.866998 37.604071, 126.865503 37.605355, 126.865183 37.605616, 126.864447 37.606171, 126.86386 37.606558, 126.863329 37.60685, 126.862748 37.607107, 126.86075 37.607867, 126.859887 37.608187, 126.858996 37.608583)
405845151	경의선	False	LINESTRING (126.824193 37.616064, 126.824363 37.615932, 126.824748 37.615619, 126.824894 37.615501, 126.825493 37.61501, 126.826072 37.614541, 126.827085 37.613733, 126.827332 37.613543, 126.827552 37.613398, 126.827788 37.613243, 126.828054 37.61309, 126.828357 37.612935, 126.828701 37.61278, 126.829008 37.612653, 126.829365 37.612524, 126.829757 37.612411, 126.830238 37.612298, 126.830589 37.612234, 126.83096 37.612183, 126.83124 37.612154, 126.831541 37.612136, 126.831999 37.612126, 126.834183 37.612147, 126.843526 37.612261, 126.844463 37.612295, 126.844714 37.612313, 126.845628 37.61238, 126.846253 37.612411, 126.847296 37.612435, 126.849394 37.612486, 126.850084 37.61247, 126.85072 37.612409, 126.851337 37.612316, 126.851907 37.612176, 126.852403 37.612027, 126.852842 37.611857, 126.853183 37.611696, 126.853537 37.611524, 126.85388 37.611336, 126.854575 37.610941, 126.855171 37.610582, 126.856327 37.609911, 126.856622 37.609754, 126.857713 37.609231)
405845153	경의선	False	LINESTRING (126.857713 37.609231, 126.859025 37.608621)
407631218		False	LINESTRING (126.850969 37.61151, 126.85002 37.611558)
407631219		False	LINESTRING (126.849515 37.611554, 126.848588 37.611492)
407633696		False	LINESTRING (126.848432 37.61149, 126.847929 37.611461, 126.847528 37.611438, 126.847362 37.611433, 126.846502 37.611435, 126.845711 37.611433, 126.845463 37.611428, 126.844918 37.611416, 126.844351 37.611408, 126.843613 37.611401, 126.842898 37.611392, 126.834776 37.611286)
407633699		False	LINESTRING (126.847297 37.61148, 126.846502 37.611435)
407835488		False	LINESTRING (126.839539 37.610572, 126.838265 37.61056, 126.838109 37.610563, 126.83795 37.610572, 126.837727 37.610602, 126.837462 37.610664, 126.837196 37.610742, 126.83628 37.61102, 126.835766 37.611171, 126.83561 37.611205, 126.835276 37.61126)
407835493		False	LINESTRING (126.842864 37.610717, 126.837977 37.610664)
407835495		False	LINESTRING (126.842869 37.610772, 126.838 37.610719)
407835496		False	LINESTRING (126.847463 37.611408, 126.847543 37.611418, 126.847929 37.611461)
407835497		False	LINESTRING (126.841059 37.61003, 126.839523 37.610048, 126.838949 37.610117, 126.83843 37.6102, 126.838252 37.610227, 126.838081 37.610264, 126.838005 37.610287, 126.837825 37.610351, 126.837365 37.610539, 126.836578 37.610868, 126.836209 37.610995, 126.8359 37.611072, 126.835526 37.611153, 126.835235 37.611201, 126.835133 37.611211, 126.83487 37.61123, 126.833923 37.611281)
407835498		False	LINESTRING (126.833096 37.611312, 126.833823 37.611373)
407835499		False	LINESTRING (126.834326 37.611283, 126.834956 37.611331)
407835500		False	LINESTRING (126.835737 37.611347, 126.83604 37.611367, 126.836268 37.611392, 126.836504 37.611407)
407835501		False	LINESTRING (126.839731 37.611487, 126.840362 37.611536)
407835502		False	LINESTRING (126.840582 37.61154, 126.841763 37.611651)
407835503		False	LINESTRING (126.845765 37.611522, 126.84518 37.611548, 126.84465 37.611546, 126.842823 37.611526, 126.840324 37.611492, 126.839731 37.611487, 126.837376 37.611463, 126.837154 37.611453, 126.836661 37.611406)
407835821		False	LINESTRING (126.831137 37.611364, 126.830754 37.611427, 126.830433 37.611501, 126.829998 37.611618, 126.829743 37.611669, 126.828778 37.611849, 126.827292 37.612138, 126.826683 37.612254, 126.826063 37.612374, 126.825518 37.612481)
407835822		False	LINESTRING (126.825385 37.612442, 126.825755 37.612408, 126.826063 37.612374)
407835823		False	LINESTRING (126.82558 37.612325, 126.825937 37.612325, 126.826304 37.612298, 126.826683 37.612254)
407835824		False	LINESTRING (126.825632 37.612203, 126.826368 37.612213, 126.826726 37.612196, 126.826966 37.612174, 126.827292 37.612138)
407835825		False	LINESTRING (126.825684 37.612567, 126.825983 37.612472, 126.826414 37.612357, 126.827105 37.612223, 126.827804 37.612096, 126.828848 37.611893, 126.82899 37.611864, 126.830133 37.611652, 126.830518 37.6116, 126.830999 37.611554, 126.831446 37.611525, 126.83189 37.611517, 126.834176 37.611542, 126.835741 37.611566, 126.836377 37.611579)
407835826		False	LINESTRING (126.846919 37.611605, 126.846213 37.611612, 126.845335 37.611595, 126.84251 37.611564, 126.840582 37.61154, 126.840362 37.611536, 126.83937 37.611522, 126.837495 37.611499, 126.836366 37.611488)
407835827		False	LINESTRING (126.828848 37.611893, 126.828402 37.612013, 126.828039 37.612126, 126.827697 37.612228, 126.827485 37.612294, 126.827308 37.612338)
407835828		False	LINESTRING (126.82899 37.611864, 126.829743 37.611669)
407835829		False	LINESTRING (126.823481 37.614438, 126.825162 37.61325, 126.825442 37.613055, 126.825695 37.612894, 126.825975 37.61276, 126.826345 37.612601, 126.826687 37.612481, 126.827008 37.612396, 126.827308 37.612338, 126.828151 37.612169, 126.829592 37.611903, 126.830101 37.611827, 126.830757 37.611756, 126.831361 37.611712, 126.83198 37.611693, 126.832701 37.611686, 126.833891 37.611693, 126.835601 37.61172, 126.837132 37.611744, 126.839788 37.611776, 126.8433 37.611817, 126.846008 37.611861, 126.847044 37.611869, 126.848424 37.611871)
407835830		False	LINESTRING (126.8433 37.611817, 126.842912 37.61179, 126.842616 37.611742, 126.842428 37.611695, 126.842259 37.611668, 126.841909 37.611649)
407864117	고양기지선	False	LINESTRING (126.856885 37.60902, 126.857072 37.608899, 126.85729 37.608778, 126.857523 37.608659, 126.857754 37.608551, 126.858003 37.608455, 126.858405 37.608334, 126.858663 37.608266, 126.858944 37.608204, 126.85921 37.60816, 126.859481 37.60813, 126.861251 37.607956, 126.861608 37.607907, 126.862048 37.607831, 126.862372 37.607746, 126.862718 37.607624, 126.863035 37.607495, 126.863308 37.607361, 126.863563 37.60721, 126.86381 37.607036, 126.864078 37.606834, 126.864754 37.606226)
407864122	경의선	False	LINESTRING (126.858996 37.608583, 126.857684 37.60919)
407864124	경의선	False	LINESTRING (126.859025 37.608621, 126.859936 37.608223, 126.860789 37.607906, 126.862033 37.607438, 126.862766 37.607157, 126.863318 37.60692, 126.863859 37.606628, 126.864401 37.606276, 126.864999 37.605821, 126.865489 37.605429, 126.867044 37.604094, 126.867757 37.603506, 126.868561 37.602809, 126.869087 37.602353, 126.869211 37.602246, 126.871629 37.600131, 126.874007 37.598065, 126.875879 37.59644, 126.880824 37.592176, 126.882138 37.591047)
484898231	인천국제공항선	False	LINESTRING (126.855368 37.59472, 126.855578 37.59478, 126.855828 37.594849, 126.85607 37.594905, 126.856296 37.594953, 126.856535 37.594995, 126.856805 37.595039, 126.857083 37.595084, 126.85747 37.595144)
484898232	인천국제공항선	False	LINESTRING (126.851896 37.593261, 126.852339 37.59348, 126.852885 37.593738, 126.853144 37.593859, 126.853405 37.593975, 126.853743 37.594124, 126.854066 37.594261, 126.854497 37.594429, 126.854908 37.594573, 126.855368 37.59472)
484898233	인천국제공항선	False	LINESTRING (126.855385 37.594691, 126.855031 37.594574, 126.854629 37.594434, 126.854228 37.594281, 126.853996 37.594188, 126.853747 37.594082, 126.853342 37.593903, 126.852857 37.593678, 126.852334 37.593433, 126.85192 37.59323)
484898234	인천국제공항선	False	LINESTRING (126.857443 37.595101, 126.856907 37.595023, 126.85665 37.594979, 126.856388 37.594937, 126.856089 37.594876, 126.855789 37.594805, 126.855385 37.594691)
484898235	인천국제공항선	False	LINESTRING (126.85747 37.595144, 126.85773 37.595175, 126.857985 37.595208, 126.858216 37.59523, 126.858444 37.595245, 126.858742 37.595266, 126.858945 37.595274, 126.859048 37.595276)
484898237	인천국제공항선	False	LINESTRING (126.85192 37.59323, 126.851646 37.593092, 126.851336 37.592911, 126.85111 37.592773, 126.850873 37.592622, 126.850623 37.59245, 126.850282 37.592191, 126.849862 37.591854, 126.849516 37.591556, 126.849201 37.591266, 126.848907 37.590975, 126.848696 37.590751, 126.848521 37.590557, 126.84489 37.586594, 126.842955 37.584538, 126.842442 37.583984, 126.837987 37.579096, 126.837731 37.578798, 126.837588 37.578625, 126.837438 37.578423, 126.837248 37.57816, 126.836717 37.577412, 126.836526 37.577138, 126.836362 37.576872, 126.836171 37.576516, 126.835862 37.5759)
484898239	인천국제공항선	False	LINESTRING (126.835862 37.5759, 126.835615 37.575379, 126.834391 37.57267)
484898240	인천국제공항선	False	LINESTRING (126.835807 37.575918, 126.836117 37.57653, 126.836241 37.576759, 126.836341 37.576932, 126.836443 37.577095, 126.836541 37.577244, 126.836657 37.577409, 126.83721 37.578187, 126.837385 37.578435, 126.837548 37.578647, 126.837792 37.57894, 126.838014 37.579192, 126.842334 37.583928, 126.842754 37.584386, 126.844853 37.586616, 126.848524 37.590625, 126.848748 37.590869, 126.849047 37.591175, 126.849318 37.591436, 126.849633 37.591717, 126.849917 37.591952, 126.850194 37.592174, 126.850484 37.592401, 126.850758 37.592592, 126.851088 37.592808, 126.851345 37.592964, 126.851609 37.593114, 126.851896 37.593261)
484898241	인천국제공항선	False	LINESTRING (126.859127 37.595242, 126.858885 37.595234, 126.858691 37.595226, 126.858449 37.59521, 126.858222 37.595192, 126.857974 37.595167, 126.857737 37.595139, 126.857443 37.595101)
484898242	인천국제공항선	False	LINESTRING (126.859048 37.595276, 126.859391 37.59528, 126.859838 37.595275, 126.860271 37.595262, 126.860629 37.595244, 126.860975 37.595227, 126.861243 37.595204)
484938499	인천국제공항선	False	LINESTRING (126.861167 37.595177, 126.860821 37.595204, 126.860376 37.595225, 126.859963 37.595241, 126.859591 37.595245, 126.859127 37.595242)
484967797	인천국제공항선	False	LINESTRING (126.834348 37.572681, 126.835609 37.575502, 126.835807 37.575918)
623896863		False	LINESTRING (126.82213 37.617475, 126.821764 37.617694, 126.821175 37.618058, 126.821005 37.618189, 126.819595 37.619336, 126.8188 37.619984, 126.818422 37.620287, 126.818165 37.620528, 126.818 37.620694, 126.817478 37.621278)
623896870		False	LINESTRING (126.821712 37.618392, 126.822008 37.618152, 126.822323 37.617884, 126.822547 37.617683)
623896874		False	LINESTRING (126.817051 37.62174, 126.817293 37.621516, 126.817853 37.62098, 126.818141 37.620711, 126.818349 37.620538, 126.821369 37.618082, 126.822445 37.617329, 126.822768 37.617092)
623896875	경의선	False	LINESTRING (126.823555 37.616344, 126.822776 37.616984, 126.82226 37.617386, 126.82213 37.617475, 126.821469 37.617938, 126.819746 37.619355, 126.818295 37.620527, 126.818112 37.620684, 126.81781 37.620953, 126.817478 37.621278, 126.817246 37.621498)
623896881	경의선	False	LINESTRING (126.823721 37.616456, 126.824218 37.616087)
624113695	경의선	False	LINESTRING (126.848599 37.612348, 126.847233 37.612308, 126.846455 37.612288, 126.845333 37.612202, 126.844867 37.612169, 126.844285 37.612138, 126.843488 37.612113, 126.834189 37.611993, 126.83203 37.611958, 126.831552 37.611965, 126.831221 37.611975, 126.830915 37.611995, 126.830537 37.612038, 126.829901 37.612138, 126.829222 37.612327, 126.828898 37.612435, 126.828549 37.612575, 126.828196 37.612733, 126.827865 37.612903, 126.827574 37.613072, 126.82734 37.613228, 126.827123 37.613386, 126.826888 37.613568, 126.82658 37.613813, 126.82544 37.614751, 126.824502 37.615511, 126.824287 37.615689, 126.824018 37.615939)
624113699	경의선	False	LINESTRING (126.857684 37.60919, 126.85659 37.609715, 126.856246 37.609896, 126.855291 37.610459, 126.854819 37.61074, 126.854208 37.611094, 126.85378 37.611339, 126.853465 37.611506, 126.853148 37.61166, 126.852695 37.611862, 126.852142 37.612052, 126.851565 37.612212, 126.851012 37.612316, 126.85028 37.612406, 126.849496 37.612432, 126.847329 37.61238, 126.846251 37.61237, 126.845636 37.612339, 126.844473 37.612259, 126.844281 37.612252, 126.843474 37.61222, 126.834184 37.6121, 126.832008 37.612082, 126.831546 37.612084, 126.831234 37.612092, 126.830964 37.612113, 126.830568 37.612158, 126.830199 37.612211, 126.829727 37.612312, 126.829273 37.612432, 126.828938 37.612545, 126.828584 37.612668, 126.828247 37.612812, 126.827919 37.612977, 126.827627 37.613147, 126.827398 37.613285, 126.827168 37.613447, 126.826935 37.613615, 126.826637 37.613853, 126.824799 37.615338, 126.824652 37.615456, 126.824033 37.615952)
634360953		False	LINESTRING (126.832256 37.611312, 126.831599 37.611346)
634360961	경의선	False	LINESTRING (126.819955 37.619634, 126.821337 37.618507, 126.821738 37.618181, 126.822289 37.617654, 126.822422 37.617527, 126.82291 37.617108, 126.823324 37.61678, 126.823702 37.616472)
726832777		False	LINESTRING (126.831078 37.610012, 126.83739 37.610091, 126.838366 37.610057, 126.839278 37.609976, 126.840177 37.60998, 126.841059 37.61003)
786224480	서해선	False	LINESTRING (126.826987 37.613658, 126.826706 37.613894, 126.82411 37.616001)
886099185	서해선	False	LINESTRING (126.824144 37.616025, 126.824969 37.615372, 126.82674 37.613925, 126.827036 37.613687)
896567005	서해선	False	LINESTRING (126.823617 37.616389, 126.823283 37.616671, 126.822768 37.617092, 126.819819 37.619474, 126.817051 37.62174, 126.816558 37.62214)
896567006	서해선	False	LINESTRING (126.817001 37.621832, 126.821196 37.618411, 126.822058 37.617716, 126.822731 37.617173, 126.822872 37.617047, 126.823218 37.616775, 126.823318 37.616694, 126.823677 37.616406)
896567007	경의선	False	LINESTRING (126.819955 37.619634, 126.818785 37.620584)
985768714		False	LINESTRING (126.836377 37.611579, 126.839768 37.611627, 126.841763 37.611651, 126.841909 37.611649, 126.843755 37.611669, 126.845495 37.611688, 126.845736 37.611686, 126.846065 37.611669, 126.846617 37.61162, 126.846919 37.611605, 126.847316 37.611581, 126.847969 37.611545)
985768715		False	LINESTRING (126.836366 37.611488, 126.835334 37.611478, 126.8349 37.611466, 126.834512 37.611427, 126.833982 37.611374)
1022754783		False	LINESTRING (126.827462 37.609561, 126.823051 37.609531)
1022754784		False	LINESTRING (126.828093 37.609518, 126.828424 37.609566, 126.828793 37.609675, 126.829134 37.609798, 126.829641 37.610112, 126.830282 37.610509)
1022754785		False	LINESTRING (126.827461 37.609622, 126.827933 37.609616, 126.828176 37.609635, 126.82843 37.609673, 126.828665 37.609737, 126.828853 37.609799, 126.829128 37.609934, 126.829387 37.610066, 126.829732 37.610228)
1022754786		False	LINESTRING (126.829387 37.610066, 126.828851 37.609855, 126.82866 37.609799, 126.828401 37.609738, 126.828174 37.609717, 126.827656 37.609711, 126.82746 37.609705)
1022754787		False	LINESTRING (126.827462 37.609797, 126.827931 37.609795, 126.82816 37.609811, 126.828408 37.609846, 126.828612 37.609896, 126.829281 37.610147)
1022754788		False	LINESTRING (126.827457 37.609865, 126.827926 37.609869, 126.828146 37.609871, 126.828365 37.609905, 126.828587 37.609948, 126.828796 37.610011, 126.828998 37.61009, 126.829189 37.610157, 126.829695 37.610348)
1022754789		False	LINESTRING (126.829948 37.61047, 126.829659 37.610378, 126.829373 37.610281, 126.829185 37.610204, 126.828976 37.610132, 126.828778 37.610056, 126.828576 37.610002, 126.828365 37.609968, 126.82814 37.609932, 126.827928 37.609932, 126.827456 37.609925)
1022754790		False	LINESTRING (126.829031 37.610382, 126.828578 37.610184, 126.828364 37.610116, 126.828126 37.610048, 126.827894 37.610019, 126.82764 37.609999, 126.827455 37.609995)
1022754791	고양기지선	False	LINESTRING (126.827454 37.610064, 126.823049 37.610033)
1022754792		False	LINESTRING (126.827453 37.610126, 126.827871 37.610132, 126.828087 37.61016, 126.828344 37.610204, 126.82855 37.610266, 126.829306 37.610503)
1022754793		False	LINESTRING (126.830057 37.610833, 126.829538 37.610648, 126.829266 37.610549, 126.829036 37.610477, 126.82853 37.610308, 126.828321 37.610261, 126.828089 37.610209, 126.827864 37.610193, 126.827677 37.610185, 126.827452 37.610186)
1022754794		False	LINESTRING (126.827449 37.610326, 126.827912 37.610331, 126.828153 37.610338, 126.828382 37.610376, 126.828607 37.610432, 126.828896 37.610515, 126.829157 37.610603, 126.82947 37.610689, 126.830032 37.610867, 126.830394 37.610981)
1022754795		False	LINESTRING (126.828896 37.610515, 126.828593 37.610466, 126.828362 37.610418, 126.82813 37.610396, 126.827901 37.610394, 126.827448 37.610385)
1022754796		False	LINESTRING (126.827447 37.610448, 126.827896 37.610455, 126.828148 37.610452, 126.828353 37.610466, 126.828564 37.610508, 126.82888 37.610556, 126.82947 37.610689)
1022754797		False	LINESTRING (126.830032 37.610867, 126.829432 37.610731, 126.829118 37.610657, 126.828868 37.610601, 126.8286 37.61056, 126.828357 37.610529, 126.827905 37.610513, 126.827446 37.610511)
1022754798		False	LINESTRING (126.827445 37.610596, 126.828132 37.610616, 126.828357 37.610617, 126.8286 37.610648, 126.8289 37.610716, 126.829257 37.610796, 126.829651 37.610884, 126.830136 37.610994, 126.830906 37.611149)
1022754799		False	LINESTRING (126.8289 37.610716, 126.828582 37.610688, 126.828364 37.610675, 126.827444 37.610661)
1022754800		False	LINESTRING (126.827443 37.610724, 126.828373 37.610729, 126.82858 37.610733, 126.828818 37.610751, 126.829257 37.610796)
1022754801		False	LINESTRING (126.829651 37.610884, 126.829277 37.610848, 126.829036 37.610828, 126.827442 37.610805)
1022754802		False	LINESTRING (126.84291 37.610826, 126.843334 37.610842, 126.843664 37.610877, 126.843983 37.610934, 126.844879 37.611092, 126.845536 37.6112, 126.84618 37.611308, 126.846772 37.611399, 126.847362 37.611433)
1022754803		False	LINESTRING (126.844879 37.611092, 126.844128 37.61092, 126.843866 37.610857, 126.843616 37.610818, 126.84338 37.610791, 126.843166 37.610778, 126.842869 37.610772)
1022754804		False	LINESTRING (126.845536 37.6112, 126.845193 37.611123, 126.844421 37.610928, 126.844018 37.610831, 126.843827 37.610794, 126.843496 37.610746, 126.84323 37.610728, 126.84298 37.610718, 126.842864 37.610717)
1022754805		False	LINESTRING (126.84618 37.611308, 126.845669 37.6112, 126.844105 37.610793, 126.843623 37.610692, 126.843287 37.610644, 126.843036 37.610619, 126.842818 37.610614, 126.841702 37.610597)
1022754806		False	LINESTRING (126.841702 37.610597, 126.839539 37.610572)
1022754807		False	LINESTRING (126.838 37.610719, 126.837832 37.610722, 126.837681 37.610735, 126.837534 37.610757, 126.837379 37.610791, 126.83706 37.610885, 126.83645 37.611066, 126.836151 37.611142)
1022754808		False	LINESTRING (126.837977 37.610664, 126.837772 37.61067, 126.837599 37.61069, 126.83741 37.610725, 126.837213 37.610778, 126.836103 37.611105, 126.835995 37.611131, 126.835824 37.611168, 126.83561 37.611205)
1022754809		False	LINESTRING (126.833239 37.611272, 126.833923 37.611281, 126.834326 37.611283, 126.834776 37.611286, 126.835276 37.61126, 126.83549 37.611246, 126.835684 37.611228, 126.835932 37.611188, 126.836151 37.611142, 126.836621 37.611052, 126.8369 37.610982, 126.837313 37.610858, 126.837478 37.610817, 126.837629 37.610794, 126.837822 37.610777, 126.837996 37.61077)
1022754810		False	LINESTRING (126.830737 37.609335, 126.836228 37.609475)
1022754811		False	LINESTRING (126.837942 37.609673, 126.837024 37.609471, 126.836549 37.609426, 126.836222 37.609394)
1022754812		False	LINESTRING (126.836222 37.609394, 126.835495 37.609356, 126.830747 37.60926)
1022754813		False	LINESTRING (126.830747 37.60926, 126.830053 37.609239, 126.82988 37.609233, 126.828484 37.60921, 126.827477 37.609236)
1022754814		False	LINESTRING (126.827714 37.609568, 126.828093 37.609518, 126.828636 37.609393, 126.828901 37.609368, 126.829867 37.609314, 126.830008 37.609317, 126.83005 37.609318, 126.830737 37.609335)
1022754815		False	LINESTRING (126.828636 37.609393, 126.829076 37.60932, 126.829504 37.609249, 126.82988 37.609233)
1067472158	경의선	False	LINESTRING (126.824033 37.615952, 126.823645 37.616271)
1067472160	경의선	False	LINESTRING (126.823721 37.616456, 126.824193 37.616064)
1093495075	경의선	False	LINESTRING (126.823702 37.616472, 126.823721 37.616456)
1094479357		False	LINESTRING (126.823283 37.616671, 126.82226 37.617386)
1094479361		False	LINESTRING (126.821712 37.618392, 126.822264 37.617849, 126.822797 37.617278, 126.823067 37.617014, 126.823324 37.61678)
1094479362		False	LINESTRING (126.818342 37.621002, 126.818862 37.620642, 126.819193 37.620391, 126.820023 37.619722, 126.821423 37.618567, 126.821667 37.618337, 126.821747 37.61825, 126.822289 37.617654)
1094479363	교외선	False	LINESTRING (126.818342 37.621002, 126.818907 37.620666, 126.819046 37.620562, 126.820066 37.619737, 126.820783 37.619153)
1094479364		False	LINESTRING (126.820783 37.619153, 126.821712 37.618392)
1184994222		False	LINESTRING (126.82544 37.614751, 126.824799 37.615338)
1184994223		False	LINESTRING (126.824894 37.615501, 126.825536 37.61503)
1184994224	경의선	False	LINESTRING (126.824018 37.615939, 126.823645 37.616271)
1184994225	경의선	False	LINESTRING (126.823645 37.616271, 126.823555 37.616344)
1184994226		False	LINESTRING (126.824652 37.615456, 126.824435 37.615646, 126.824091 37.615977)
1184994227		False	LINESTRING (126.824091 37.615977, 126.823881 37.616177)
1184994228	서해선	False	LINESTRING (126.82411 37.616001, 126.823881 37.616177, 126.823695 37.616326, 126.823617 37.616389)
1184994229	서해선	False	LINESTRING (126.823677 37.616406, 126.823942 37.616192, 126.824144 37.616025)
1184994230		False	LINESTRING (126.824153 37.616036, 126.824748 37.615619)
1184994231		False	LINESTRING (126.822422 37.617527, 126.823218 37.616775)
1184994232		False	LINESTRING (126.817001 37.621832, 126.817301 37.621614, 126.818148 37.621027, 126.818452 37.620796, 126.818745 37.620557, 126.819928 37.619604, 126.821707 37.618127, 126.822731 37.617173)
1185947047		False	LINESTRING (126.823942 37.616192, 126.824153 37.616036)
1382978262		False	LINESTRING (126.823624 37.616395, 126.823695 37.616326)
1382978287		False	LINESTRING (126.823318 37.616694, 126.823624 37.616395)
199009733		False	LINESTRING (126.882424 37.589025, 126.882055 37.589326, 126.881906 37.589473, 126.881821 37.589574, 126.881622 37.58979, 126.88142 37.589998, 126.881315 37.590114, 126.881216 37.590242, 126.881153 37.590328, 126.881106 37.590408, 126.881059 37.590502, 126.881033 37.59058, 126.880948 37.590868, 126.880933 37.590927, 126.880874 37.591154, 126.880805 37.59142, 126.880736 37.591679, 126.88068 37.5918, 126.880614 37.591918, 126.880529 37.592046, 126.88042 37.59218, 126.880293 37.592316, 126.880123 37.592465, 126.879497 37.593078, 126.879246 37.593258, 126.878883 37.593456, 126.87847 37.593558, 126.877925 37.593576, 126.877714 37.593546, 126.877346 37.593493, 126.876832 37.593299, 126.876398 37.593012, 126.876046 37.592592, 126.875886 37.592194, 126.875858 37.591822, 126.87597 37.591414, 126.876155 37.591079, 126.876383 37.59078, 126.876641 37.590499, 126.876822 37.590348, 126.876992 37.59026, 126.877152 37.590207, 126.877336 37.59017, 126.877501 37.590154, 126.877518 37.590152, 126.877767 37.59014, 126.878913 37.59016, 126.879299 37.59016, 126.879559 37.590158, 126.879752 37.590145, 126.88001 37.590117, 126.880214 37.590077, 126.880442 37.590023, 126.880645 37.589957, 126.880837 37.589894, 126.881294 37.589697, 126.881665 37.589516, 126.881983 37.589319, 126.882424 37.589025, 126.882783 37.588773, 126.883125 37.588535, 126.88349 37.58828, 126.884198 37.587827)
330317137	수색직결선	False	LINESTRING (126.868607 37.593055, 126.868261 37.593194, 126.867894 37.593342, 126.867394 37.593515, 126.866886 37.593714, 126.866614 37.593819)
330317151	수색직결선	True	LINESTRING (126.872106 37.592067, 126.872738 37.591921, 126.87312 37.591853, 126.873572 37.591796, 126.87397 37.59176, 126.874695 37.591772, 126.875717 37.591859, 126.876685 37.59196, 126.877118 37.59199, 126.877947 37.592011, 126.878196 37.592004, 126.87856 37.591973, 126.879132 37.591897, 126.87958 37.59182, 126.880009 37.591718, 126.880419 37.591593, 126.880951 37.59139, 126.881374 37.591196, 126.881807 37.59097, 126.882191 37.590758, 126.882687 37.590424, 126.883477 37.589723)
330317180	수색직결선	False	LINESTRING (126.866638 37.593855, 126.866912 37.593764, 126.867439 37.593597, 126.867952 37.593464, 126.868349 37.593344, 126.868705 37.593226)
405845146	고양기지선	False	LINESTRING (126.865467 37.605572, 126.866294 37.604829, 126.867044 37.604094)
405847642		False	LINESTRING (126.876233 37.59263, 126.876556 37.592441, 126.876911 37.592228, 126.880191 37.59028, 126.880689 37.590006)
405847643		False	LINESTRING (126.876556 37.592441, 126.877053 37.592093, 126.879946 37.590367, 126.880247 37.5902, 126.880457 37.590104, 126.880689 37.590006, 126.881046 37.589845, 126.88137 37.589697, 126.881665 37.589516)
405847644		False	LINESTRING (126.876911 37.592228, 126.877422 37.591972, 126.877438 37.591964, 126.88071 37.590034, 126.881046 37.589845)
405847645		False	LINESTRING (126.876304 37.592687, 126.876612 37.592502, 126.877165 37.592169, 126.881004 37.589908, 126.88137 37.589697)
405847646		False	LINESTRING (126.876612 37.592502, 126.876868 37.592326, 126.877172 37.592119, 126.877422 37.591972)
405847647		False	LINESTRING (126.876644 37.592532, 126.877165 37.592169)
405847648		False	LINESTRING (126.876334 37.592713, 126.876644 37.592532, 126.877286 37.592152, 126.881356 37.589753, 126.881686 37.589549, 126.881983 37.589319)
405847649		False	LINESTRING (126.877286 37.592152, 126.877803 37.591898)
405847650		False	LINESTRING (126.876406 37.59277, 126.876698 37.592594, 126.876997 37.592417, 126.877229 37.592259, 126.877379 37.592148, 126.877516 37.592062, 126.877803 37.591898, 126.881046 37.589989, 126.881402 37.58977, 126.881686 37.589549)
405847651		False	LINESTRING (126.881402 37.58977, 126.881103 37.589996, 126.880784 37.590194, 126.88049 37.590363, 126.877302 37.592236, 126.876997 37.592417)
405847652		False	LINESTRING (126.876698 37.592594, 126.877012 37.592439, 126.877292 37.592291, 126.877619 37.592101, 126.880857 37.590202, 126.881128 37.590025, 126.881559 37.58973, 126.881777 37.589562, 126.881788 37.589553, 126.882055 37.589326)
405847653		False	LINESTRING (126.880874 37.591154, 126.880982 37.590901, 126.881046 37.59075, 126.881104 37.590655, 126.881169 37.590536, 126.881456 37.59009, 126.881549 37.589953, 126.881633 37.589829, 126.881821 37.589574)
405847654		False	LINESTRING (126.881777 37.589562, 126.88156 37.589757, 126.881436 37.589866, 126.881238 37.590011, 126.880992 37.590164, 126.880818 37.59027, 126.877543 37.592194, 126.877435 37.59225, 126.877012 37.592439)
405847655		False	LINESTRING (126.879946 37.590367, 126.879676 37.590505, 126.879331 37.590656, 126.879158 37.590749, 126.87816 37.591353)
405847656		False	LINESTRING (126.882783 37.588773, 126.882465 37.588963, 126.882197 37.589133, 126.881703 37.589437, 126.881462 37.589541, 126.880874 37.58979, 126.880646 37.589879, 126.880416 37.589968, 126.880202 37.590028, 126.879954 37.590076, 126.879752 37.590097, 126.879527 37.590114, 126.879224 37.590116, 126.878755 37.590112, 126.877988 37.590106, 126.877618 37.590103, 126.87747 37.590111, 126.877376 37.590116, 126.877156 37.59015, 126.877021 37.59018)
405847657		False	LINESTRING (126.882197 37.589133, 126.881819 37.589332, 126.881497 37.58947, 126.880718 37.589794, 126.880464 37.589902, 126.880223 37.589976, 126.879946 37.590037, 126.879678 37.590061, 126.87945 37.590046, 126.878313 37.590028)
405847658		False	LINESTRING (126.882465 37.588963, 126.882134 37.589132, 126.881768 37.589313, 126.88149 37.589429, 126.880573 37.58982, 126.880373 37.589894, 126.880188 37.589945, 126.879929 37.59, 126.879704 37.590009, 126.879446 37.589997, 126.879175 37.589992, 126.878285 37.589985)
407864114	고양기지선	False	LINESTRING (126.864529 37.606001, 126.864009 37.606354, 126.863596 37.606594)
407864120	고양기지선	False	LINESTRING (126.864754 37.606226, 126.865467 37.605572)
407864128	고양기지선	False	LINESTRING (126.866998 37.604071, 126.865715 37.605059, 126.865166 37.60553, 126.864529 37.606001)
408518379	경의선	False	LINESTRING (126.90516 37.573967, 126.903998 37.574788, 126.90302 37.575532, 126.902751 37.575729, 126.902522 37.575897)
408519209	수색객차출발선	False	LINESTRING (126.90008 37.57636, 126.899871 37.576461, 126.899201 37.57687, 126.898241 37.577473, 126.897554 37.577924, 126.896857 37.578392, 126.896677 37.578513, 126.895395 37.57938, 126.893847 37.580417, 126.893016 37.58097, 126.892254 37.58151, 126.892139 37.581593, 126.891988 37.581725, 126.891792 37.581887)
408521092		False	LINESTRING (126.90149 37.575653, 126.901122 37.575865, 126.900565 37.576207, 126.900147 37.576458, 126.899728 37.576687, 126.899468 37.576829, 126.898918 37.577118, 126.89849 37.577364, 126.898128 37.577597, 126.897405 37.578072, 126.896887 37.578421, 126.895859 37.579112, 126.895275 37.579503, 126.893286 37.580841, 126.892767 37.581198, 126.892396 37.581464, 126.89235 37.581497, 126.892111 37.581666, 126.891792 37.581887)
408521093		False	LINESTRING (126.891619 37.582005, 126.891491 37.582088, 126.891381 37.582159, 126.891177 37.582292)
408521094		False	LINESTRING (126.891147 37.58226, 126.891381 37.582159, 126.891662 37.582038)
408521095	수색객차출발선	False	LINESTRING (126.886895 37.585124, 126.886946 37.585085, 126.890231 37.582852)
413943245	수색객차출발선	False	LINESTRING (126.902373 37.575826, 126.902589 37.575656, 126.902954 37.575357, 126.903289 37.575087, 126.903608 37.574827, 126.903675 37.574775, 126.903929 37.574574, 126.904372 37.574255, 126.904545 37.574153)
413943247	수색객차출발선	False	LINESTRING (126.908092 37.572065, 126.908905 37.571756)
413943250		False	LINESTRING (126.907564 37.572464, 126.907121 37.572717, 126.906349 37.573176, 126.904866 37.574041, 126.904183 37.574456)
413943251		False	LINESTRING (126.905053 37.573867, 126.904545 37.574153)
413943252		False	LINESTRING (126.905687 37.573432, 126.905053 37.573867, 126.904183 37.574456, 126.904131 37.574499, 126.903926 37.574667, 126.903501 37.575045, 126.902751 37.575729)
413943253	수색객차출발선	False	LINESTRING (126.904545 37.574153, 126.905212 37.573699, 126.905866 37.573258, 126.906435 37.572874, 126.906667 37.57271, 126.907062 37.572491, 126.907537 37.572275, 126.907768 37.572184, 126.908092 37.572065)
413943254		False	LINESTRING (126.904372 37.574255, 126.904028 37.57442, 126.902677 37.575093, 126.902358 37.57524, 126.902107 37.575356)
413943255		False	LINESTRING (126.901696 37.575858, 126.901596 37.575917, 126.898823 37.577786, 126.898295 37.578137, 126.89812 37.578266, 126.89786 37.578498)
413943256		False	LINESTRING (126.903778 37.575155, 126.904301 37.574842)
413943257		False	LINESTRING (126.903646 37.575246, 126.902785 37.575757)
413943258	경의선	False	LINESTRING (126.882066 37.590988, 126.886104 37.587519, 126.886954 37.586781, 126.887071 37.586685, 126.887823 37.58605, 126.887904 37.585981, 126.888735 37.585278, 126.889026 37.585058, 126.889307 37.584859, 126.889767 37.58455, 126.890463 37.584076, 126.890855 37.583807, 126.893964 37.581721, 126.895044 37.580998, 126.8955 37.580689)
413943267		False	LINESTRING (126.902648 37.575858, 126.902549 37.57592)
413943268	경의선	False	LINESTRING (126.902213 37.5763, 126.902143 37.576349, 126.901519 37.576773, 126.901394 37.576858)
413943269	경의선	False	LINESTRING (126.902242 37.576323, 126.902659 37.576019)
413943276	경의선	False	LINESTRING (126.902635 37.575995, 126.902213 37.5763)
413943280	경의선	False	LINESTRING (126.90214 37.576228, 126.902553 37.575928)
413943285	경의선	False	LINESTRING (126.895471 37.580668, 126.895023 37.580973, 126.894848 37.58109, 126.893943 37.581693, 126.890812 37.583781, 126.890078 37.584288, 126.889715 37.584523, 126.889414 37.584722, 126.889112 37.584932, 126.8887 37.58524, 126.888378 37.585515, 126.88727 37.586459, 126.88661 37.587005, 126.886446 37.587134, 126.885185 37.588098, 126.883388 37.589696, 126.882731 37.590304, 126.88204 37.590955)
413943289	경의선	False	LINESTRING (126.902522 37.575897, 126.902152 37.576168, 126.902104 37.576203)
413943293		False	LINESTRING (126.902549 37.57592, 126.902152 37.576168)
413943296	경의선	False	LINESTRING (126.902553 37.575928, 126.902648 37.575858, 126.902785 37.575757, 126.903054 37.575559, 126.904032 37.574815, 126.905192 37.573993)
413943300		False	LINESTRING (126.90167 37.576494, 126.901386 37.576728)
413943305		False	LINESTRING (126.894641 37.581586, 126.893962 37.581985)
413944813		False	LINESTRING (126.883125 37.588535, 126.883704 37.588087, 126.884015 37.587801, 126.884405 37.587443, 126.884449 37.587393, 126.884587 37.587236, 126.88482 37.586925, 126.885115 37.5866, 126.885543 37.586228, 126.885638 37.586167)
413944818		False	LINESTRING (126.899306 37.578122, 126.898926 37.578355, 126.898863 37.578394, 126.898548 37.578588)
413944819		False	LINESTRING (126.898574 37.578614, 126.898926 37.578355, 126.899273 37.5781)
413944820		False	LINESTRING (126.890855 37.583807, 126.891705 37.583332, 126.892369 37.582919, 126.892943 37.582533, 126.893897 37.581893, 126.895134 37.581071, 126.896401 37.580216, 126.896505 37.580146, 126.89681 37.579926, 126.898027 37.578983)
413944821		False	LINESTRING (126.897011 37.579495, 126.896679 37.579716, 126.896344 37.579943, 126.894921 37.580893, 126.89475 37.581008, 126.894533 37.581153, 126.892637 37.582428, 126.892334 37.582632, 126.892292 37.582662, 126.892078 37.582806, 126.891969 37.58288, 126.89185 37.582968, 126.891728 37.583063, 126.891648 37.583125, 126.891441 37.583281, 126.891154 37.583529, 126.890987 37.583651, 126.890812 37.583781)
413944822		False	LINESTRING (126.89657 37.579747, 126.896347 37.579902, 126.895957 37.580146, 126.894922 37.580845, 126.893876 37.581547, 126.89263 37.582387)
413973248		False	LINESTRING (126.89028 37.582891, 126.886936 37.585163)
413973249		False	LINESTRING (126.890159 37.582775, 126.890122 37.582794, 126.886805 37.585051)
413973250		False	LINESTRING (126.890094 37.582725, 126.886767 37.584987)
413973251		False	LINESTRING (126.886729 37.584938, 126.889912 37.582787, 126.890061 37.582686)
413973252		False	LINESTRING (126.8905 37.582506, 126.890012 37.582648, 126.889807 37.582747, 126.889654 37.582834, 126.889394 37.583, 126.889043 37.583237, 126.887103 37.584563, 126.886882 37.584721, 126.886744 37.584848, 126.886652 37.584946, 126.886516 37.585109, 126.886355 37.585328)
413973253		False	LINESTRING (126.886516 37.585109, 126.88667 37.584887, 126.886792 37.584746, 126.886926 37.584627, 126.887065 37.584526, 126.889286 37.583012, 126.889472 37.582888, 126.889606 37.582809, 126.889768 37.582728, 126.890012 37.582648)
413973254		False	LINESTRING (126.889768 37.582728, 126.889581 37.582791, 126.889443 37.582862, 126.889309 37.582946, 126.888982 37.58316, 126.88725 37.584341, 126.887046 37.584481, 126.886955 37.584555, 126.886868 37.584635, 126.886786 37.584732, 126.88667 37.584887)
413973255		False	LINESTRING (126.894508 37.580454, 126.894612 37.580386, 126.894688 37.580332, 126.894827 37.580244, 126.894958 37.580135, 126.895166 37.57997, 126.895349 37.579798, 126.895707 37.579463, 126.895861 37.579357)
413973256		False	LINESTRING (126.892891 37.581313, 126.895288 37.579718)
413973257		False	LINESTRING (126.892801 37.581233, 126.89375 37.5806, 126.895192 37.579606)
413979074		False	LINESTRING (126.891687 37.583297, 126.892354 37.582858, 126.893572 37.582044, 126.893964 37.581721)
413979075		False	LINESTRING (126.893943 37.581693, 126.893427 37.581974, 126.891604 37.583214)
413979076		False	LINESTRING (126.885851 37.587871, 126.886414 37.587329)
413979079	수색직결선	False	LINESTRING (126.886446 37.587134, 126.885231 37.588133, 126.883444 37.589697)
413979080		False	LINESTRING (126.887823 37.58605, 126.887299 37.586556)
413979081	수색직결선	False	LINESTRING (126.883477 37.589723, 126.885264 37.58817, 126.886069 37.587502, 126.886954 37.586781)
414021839		False	LINESTRING (126.887904 37.585981, 126.888378 37.585515)
414021840	수색직결선	True	LINESTRING (126.883444 37.589697, 126.882732 37.590339, 126.882338 37.590611, 126.881936 37.590844, 126.881581 37.59103, 126.881205 37.591222, 126.880633 37.59146, 126.880224 37.591597, 126.879851 37.591703, 126.879497 37.59179, 126.879151 37.591854, 126.878686 37.591913, 126.878327 37.591946, 126.877991 37.591965, 126.877146 37.591948, 126.87671 37.591916, 126.875726 37.591808, 126.874486 37.591676, 126.87392 37.59165, 126.873469 37.591667, 126.873023 37.591696, 126.87251 37.591762, 126.872014 37.591864, 126.871492 37.592005)
414197726		False	LINESTRING (126.901766 37.575907, 126.898262 37.578272, 126.897555 37.578759, 126.897218 37.578984, 126.896932 37.579166, 126.896758 37.579284, 126.896016 37.57978, 126.895741 37.579965, 126.895514 37.5801, 126.89529 37.580214, 126.894912 37.580398, 126.894071 37.580836, 126.893944 37.580901, 126.893819 37.580971, 126.893628 37.581085)
414197727		False	LINESTRING (126.901728 37.575881, 126.898273 37.578206, 126.89786 37.578498, 126.897555 37.578759)
414197728		False	LINESTRING (126.897218 37.578984, 126.897549 37.578709, 126.897799 37.578497, 126.89835 37.578016, 126.898796 37.577624, 126.898928 37.577516, 126.89905 37.577427, 126.899228 37.577308, 126.901574 37.57573)
414197729		False	LINESTRING (126.89812 37.578266, 126.898393 37.578033, 126.898646 37.577813, 126.898858 37.577627, 126.898953 37.57755, 126.899025 37.577498, 126.899142 37.57742, 126.901024 37.57615, 126.901505 37.575835, 126.901616 37.575763)
414197730		False	LINESTRING (126.901551 37.575698, 126.901528 37.575712, 126.901264 37.575886, 126.89905 37.577376, 126.898892 37.577489, 126.898749 37.577604, 126.89775 37.578475, 126.897386 37.578797, 126.897208 37.578945, 126.897117 37.579023, 126.896932 37.579166)
414197731		False	LINESTRING (126.901596 37.575917, 126.901326 37.576079, 126.90118 37.576155, 126.901012 37.576256, 126.900795 37.5764, 126.89906 37.577573, 126.898678 37.57783, 126.898546 37.577921, 126.898393 37.578033)
414197732		False	LINESTRING (126.898646 37.577813, 126.898816 37.577687, 126.898928 37.577612, 126.900805 37.576346, 126.900984 37.576225, 126.901117 37.576127, 126.901273 37.576002, 126.901505 37.575835)
414197733		False	LINESTRING (126.897386 37.578797, 126.897566 37.57862, 126.897659 37.578518, 126.897922 37.578266, 126.898122 37.578093, 126.898368 37.577877, 126.898725 37.577573, 126.898955 37.57739, 126.899232 37.577201, 126.901283 37.575826, 126.901513 37.575675)
414197734		False	LINESTRING (126.901283 37.575826, 126.900911 37.576045, 126.90061 37.576224, 126.900321 37.576418, 126.900286 37.576442, 126.89889 37.577381, 126.898768 37.577474, 126.898628 37.577592, 126.898103 37.578043, 126.897914 37.578222, 126.897659 37.578518)
414197735		False	LINESTRING (126.90061 37.576224, 126.900061 37.576546, 126.898868 37.577352, 126.898587 37.577556, 126.898366 37.57774, 126.898061 37.578054, 126.897914 37.578222)
414197736		False	LINESTRING (126.898366 37.57774, 126.898138 37.57794, 126.898126 37.577951, 126.89788 37.578167, 126.897733 37.57832, 126.897622 37.578444, 126.897551 37.578528, 126.897406 37.5787, 126.897323 37.578789, 126.897233 37.578864, 126.897128 37.578939, 126.8968 37.579154, 126.896545 37.579326)
414197737	수색객차출발선	False	LINESTRING (126.895873 37.579968, 126.895552 37.580134, 126.895442 37.580189, 126.894678 37.580585, 126.893871 37.580999, 126.89385 37.58101, 126.893544 37.581168, 126.893269 37.581309)
414197738		False	LINESTRING (126.895552 37.580134, 126.895839 37.579955, 126.896054 37.579812, 126.896345 37.57961, 126.896758 37.579284)
414197739		False	LINESTRING (126.901879 37.575999, 126.897312 37.579062, 126.896677 37.579487, 126.896414 37.579663, 126.896189 37.579808)
414197740		False	LINESTRING (126.903289 37.575087, 126.902812 37.57542, 126.90242 37.575684, 126.902324 37.575751)
414197741		False	LINESTRING (126.901946 37.576049, 126.901838 37.576124, 126.897501 37.579038, 126.896967 37.579393)
414197742		False	LINESTRING (126.901986 37.576075, 126.897605 37.579021, 126.897226 37.579261)
477057732	경의선	True	LINESTRING (126.906829 37.57272, 126.90516 37.573967)
484898220		False	LINESTRING (126.866367 37.604451, 126.866842 37.60399)
484898221		False	LINESTRING (126.867705 37.60349, 126.86734 37.603727, 126.867052 37.60395)
484898222		False	LINESTRING (126.867191 37.603902, 126.867757 37.603506)
484898223		False	LINESTRING (126.870303 37.600998, 126.869286 37.601757, 126.86911 37.601894, 126.868811 37.602124, 126.866065 37.604536)
484898227		False	LINESTRING (126.871629 37.600131, 126.872096 37.599668)
484898228		False	LINESTRING (126.871853 37.599659, 126.872387 37.599261)
484938504	인천국제공항선	False	LINESTRING (126.861243 37.595204, 126.861759 37.595152, 126.862135 37.595106, 126.862365 37.595071, 126.862712 37.595015, 126.863029 37.594958, 126.863402 37.594878)
484938512	인천국제공항선	False	LINESTRING (126.866446 37.593924, 126.866638 37.593855, 126.866908 37.593757, 126.867429 37.593576, 126.867932 37.593424, 126.868467 37.593232, 126.868883 37.593084, 126.869082 37.593012)
484938518	인천국제공항선	False	LINESTRING (126.865435 37.594262, 126.865306 37.594307, 126.865088 37.594383, 126.864643 37.594528, 126.864349 37.594612, 126.863776 37.594764, 126.863399 37.594851)
484938525	인천국제공항선	False	LINESTRING (126.863399 37.594851, 126.863082 37.594916, 126.86277 37.594972, 126.86275 37.594975, 126.862462 37.595024, 126.862192 37.595064, 126.861926 37.595096, 126.861633 37.595129, 126.861167 37.595177)
484938531	인천국제공항선	False	LINESTRING (126.863402 37.594878, 126.863807 37.594786, 126.864107 37.59471, 126.864434 37.59462, 126.864719 37.594534, 126.864956 37.59446, 126.865352 37.594322, 126.865448 37.59429)
484938538	인천국제공항선	False	LINESTRING (126.869064 37.592975, 126.868855 37.59305, 126.868445 37.593198, 126.867913 37.593389, 126.86741 37.593549, 126.866893 37.593722, 126.866614 37.593819, 126.866431 37.593892)
484938542	인천국제공항선	False	LINESTRING (126.869352 37.592915, 126.869756 37.592772, 126.870165 37.592627, 126.870582 37.59248, 126.87099 37.592326, 126.87146 37.592161, 126.873249 37.591519)
484938548	인천국제공항선	False	LINESTRING (126.874845 37.590907, 126.874038 37.591194)
484938554	인천국제공항선	False	LINESTRING (126.874864 37.59094, 126.87804 37.589824)
484938561	인천국제공항선	False	LINESTRING (126.87323 37.591482, 126.871442 37.592124, 126.870972 37.592291, 126.870565 37.59244, 126.870146 37.592588, 126.869732 37.592737, 126.869332 37.592879)
484938566	인천국제공항선	True	LINESTRING (126.873249 37.591519, 126.874056 37.59123)
484938570	인천국제공항선	False	LINESTRING (126.874056 37.59123, 126.874864 37.59094)
484938579	인천국제공항선	True	LINESTRING (126.874038 37.591194, 126.87323 37.591482)
484938587	인천국제공항선	False	LINESTRING (126.878021 37.589788, 126.874845 37.590907)
484938594	인천국제공항선	False	LINESTRING (126.880281 37.588991, 126.880768 37.58881, 126.881383 37.588582, 126.882262 37.588259, 126.882722 37.58806, 126.883099 37.587876, 126.883401 37.587702, 126.883785 37.587447)
485013539	인천국제공항선	False	LINESTRING (126.883754 37.587423, 126.883357 37.58768, 126.883058 37.587852, 126.8828 37.587981, 126.88237 37.588169, 126.882094 37.588278, 126.881348 37.588554, 126.880251 37.588961)
485013540	인천국제공항선	True	LINESTRING (126.883785 37.587447, 126.884607 37.586854, 126.884849 37.586662, 126.885036 37.586525, 126.885218 37.586384, 126.885441 37.586228, 126.885573 37.586134, 126.885784 37.585931, 126.885904 37.585794, 126.886031 37.58563, 126.886162 37.585448, 126.886602 37.584765, 126.886706 37.584634, 126.886837 37.5845, 126.887054 37.584333, 126.88866 37.583238, 126.889002 37.583032, 126.889447 37.582778, 126.891869 37.581522, 126.892122 37.581378, 126.892465 37.581177, 126.8928 37.580962, 126.893302 37.580629, 126.894028 37.580133, 126.896936 37.578186)
627050936		True	LINESTRING (126.899384 37.576522, 126.898763 37.576836, 126.897971 37.577363, 126.897183 37.577886, 126.896904 37.578165)
627050937		True	LINESTRING (126.896936 37.578186, 126.897331 37.578018, 126.898128 37.577486, 126.898913 37.576962, 126.899402 37.576542)
634360954		False	LINESTRING (126.891817 37.581951, 126.892067 37.58181, 126.892237 37.581705, 126.892529 37.581495, 126.892592 37.58145, 126.892844 37.581278)
634360955	수색객차출발선	False	LINESTRING (126.890191 37.582809, 126.886873 37.585079)
634360956	수색객차출발선	False	LINESTRING (126.891817 37.581951, 126.892007 37.581868, 126.893128 37.58138, 126.893269 37.581309)
634360957		False	LINESTRING (126.90183 37.575978, 126.897198 37.579088, 126.896211 37.579751, 126.896044 37.579862, 126.895873 37.579968)
634360958	수색객차출발선	False	LINESTRING (126.896189 37.579808, 126.895873 37.579968)
634360959	수색객차출발선	False	LINESTRING (126.89653 37.579629, 126.896189 37.579808)
634360965	경의선	False	LINESTRING (126.8955 37.580689, 126.896317 37.580135, 126.896406 37.580075, 126.898027 37.578983, 126.898574 37.578614, 126.899306 37.578122, 126.899434 37.578035, 126.900855 37.577083, 126.901123 37.576904, 126.901386 37.576728, 126.90214 37.576228)
634360967	경의선	False	LINESTRING (126.902104 37.576203, 126.90167 37.576494, 126.901096 37.57688, 126.899666 37.577836, 126.899408 37.578009, 126.899273 37.5781, 126.898548 37.578588, 126.898172 37.578842, 126.897998 37.578958, 126.896369 37.580055, 126.895471 37.580668)
717931773	인천국제공항선	True	LINESTRING (126.899384 37.576522, 126.898038 37.577412, 126.897251 37.577932, 126.896904 37.578165)
717931774	인천국제공항선	True	LINESTRING (126.896904 37.578165, 126.893989 37.580114, 126.892775 37.580944, 126.892423 37.58116, 126.892116 37.581347, 126.891849 37.581496, 126.889432 37.582735, 126.888924 37.583036, 126.888645 37.583198, 126.887002 37.58432, 126.886892 37.584403, 126.886782 37.584493, 126.886711 37.584566, 126.886616 37.584671, 126.886481 37.584863, 126.886126 37.585418, 126.88595 37.585654, 126.885795 37.585845, 126.885601 37.586048, 126.88541 37.586196, 126.885128 37.586413, 126.884835 37.586636, 126.88462 37.586793, 126.884384 37.586975, 126.883754 37.587423)
717931775	인천국제공항선	True	LINESTRING (126.896936 37.578186, 126.897274 37.577956, 126.898061 37.577433, 126.899024 37.576793, 126.899402 37.576542)
786503037	수색직결선	False	LINESTRING (126.869726 37.592882, 126.870171 37.592727)
786503038	수색직결선	False	LINESTRING (126.868705 37.593226, 126.868825 37.593184, 126.869294 37.593027, 126.869696 37.592892, 126.869726 37.592882)
786503039	인천국제공항선	False	LINESTRING (126.865448 37.59429, 126.866446 37.593924)
786503040	인천국제공항선	False	LINESTRING (126.866431 37.593892, 126.865435 37.594262)
786503041	수색직결선	False	LINESTRING (126.870171 37.592727, 126.870213 37.592712, 126.870625 37.592563, 126.871038 37.592415, 126.871456 37.592264, 126.871813 37.592148, 126.872106 37.592067)
786503042	수색직결선	False	LINESTRING (126.869614 37.592667, 126.869541 37.592695, 126.86919 37.592831, 126.868736 37.593009, 126.868607 37.593055)
786503043	수색직결선	False	LINESTRING (126.870027 37.592512, 126.869614 37.592667)
786503044	수색직결선	False	LINESTRING (126.871492 37.592005, 126.871318 37.592053, 126.871111 37.592123, 126.870744 37.592247, 126.870412 37.59237, 126.870085 37.592492, 126.870027 37.592512)
838493847		False	LINESTRING (126.902285 37.575737, 126.901879 37.575999)
838493848		False	LINESTRING (126.903608 37.574827, 126.903252 37.575074, 126.902285 37.575737)
838496352		False	LINESTRING (126.902345 37.575783, 126.901946 37.576049)
838496353		False	LINESTRING (126.902954 37.575357, 126.902396 37.575748, 126.902345 37.575783)
838496354		False	LINESTRING (126.901915 37.576025, 126.896913 37.579385, 126.896734 37.579502, 126.89653 37.579629)
838496355		False	LINESTRING (126.902324 37.575751, 126.901915 37.576025)
838497208		False	LINESTRING (126.902239 37.575699, 126.90183 37.575978)
838497209		False	LINESTRING (126.903929 37.574574, 126.903169 37.575084, 126.902239 37.575699)
838498452		False	LINESTRING (126.902364 37.575807, 126.902166 37.575946, 126.901986 37.576075)
838498453		False	LINESTRING (126.902589 37.575656, 126.902364 37.575807)
838501193		False	LINESTRING (126.902141 37.575602, 126.901728 37.575881)
838501194		False	LINESTRING (126.902673 37.575256, 126.902171 37.575581, 126.902141 37.575602)
838502479		False	LINESTRING (126.902116 37.575572, 126.901696 37.575858)
838502480		False	LINESTRING (126.904028 37.57442, 126.903679 37.574672, 126.903081 37.57504, 126.902673 37.575256, 126.902116 37.575572)
838505320		False	LINESTRING (126.902049 37.575505, 126.902349 37.575332, 126.902756 37.5751, 126.902898 37.575035, 126.90308 37.574958, 126.903315 37.574863, 126.903409 37.574819, 126.903679 37.574672)
838505321		False	LINESTRING (126.901616 37.575763, 126.902049 37.575505)
838506869	수색객차출발선	False	LINESTRING (126.901762 37.575357, 126.901445 37.575595)
838506870	수색객차출발선	False	LINESTRING (126.908234 37.57174, 126.906668 37.572472, 126.906238 37.572687, 126.906156 37.572727, 126.905206 37.573192, 126.904621 37.573502, 126.904084 37.573803, 126.903346 37.574242, 126.902911 37.574524, 126.902439 37.574853, 126.902313 37.574941, 126.901762 37.575357)
838507793		False	LINESTRING (126.901981 37.575478, 126.902137 37.575392, 126.902325 37.575293, 126.902756 37.5751)
838507794		False	LINESTRING (126.901574 37.57573, 126.901705 37.575647, 126.901981 37.575478)
838509410		False	LINESTRING (126.901868 37.575473, 126.90194 37.575431)
838509411		False	LINESTRING (126.901513 37.575675, 126.901868 37.575473)
838509819		False	LINESTRING (126.901961 37.575462, 126.901551 37.575698)
838509820		False	LINESTRING (126.902325 37.575293, 126.901961 37.575462)
838510090		False	LINESTRING (126.902167 37.575639, 126.901766 37.575907)
838510091		False	LINESTRING (126.903081 37.57504, 126.902226 37.575598, 126.902167 37.575639)
838510537		False	LINESTRING (126.901848 37.575468, 126.90149 37.575653)
838510538		False	LINESTRING (126.905362 37.573351, 126.903554 37.574476, 126.903327 37.574635, 126.903006 37.574827, 126.902855 37.57492, 126.90277 37.574972, 126.902634 37.575053, 126.902535 37.575112, 126.902342 37.575225, 126.902107 37.575356, 126.90194 37.575431, 126.901848 37.575468)
847197052	경의선	False	LINESTRING (126.90141 37.57689, 126.901658 37.576721, 126.902171 37.576375, 126.902242 37.576323)
847197053	경의선	False	LINESTRING (126.901394 37.576858, 126.901033 37.577103, 126.899788 37.577941, 126.899179 37.57835, 126.898642 37.578732, 126.897835 37.579325, 126.897078 37.57988, 126.896583 37.580236, 126.894897 37.581367, 126.894615 37.581555, 126.893962 37.581985, 126.893314 37.582408, 126.892766 37.582753, 126.891064 37.583762, 126.89047 37.584136, 126.890012 37.584434, 126.889617 37.584705, 126.889316 37.584913, 126.889028 37.585114, 126.888765 37.585319, 126.887299 37.586556, 126.887105 37.586719, 126.886748 37.587029, 126.886414 37.587329, 126.885076 37.588472, 126.883544 37.589771, 126.882475 37.590696, 126.882104 37.591016)
847197055	경의선	False	LINESTRING (126.882138 37.591047, 126.883577 37.589803, 126.884013 37.589446, 126.884574 37.588959, 126.885851 37.587871, 126.886813 37.587029, 126.887162 37.586736, 126.888811 37.585346, 126.889122 37.585105, 126.88955 37.584804, 126.890209 37.584351, 126.891106 37.583789, 126.892283 37.583084, 126.892827 37.582758, 126.893285 37.582476, 126.893737 37.582186, 126.894641 37.581586, 126.895198 37.58121, 126.896482 37.580351, 126.896618 37.58026, 126.897159 37.579882, 126.898317 37.579021, 126.899223 37.578368, 126.900891 37.577244, 126.90141 37.57689)
858109056	수색객차출발선	False	LINESTRING (126.902018 37.576102, 126.902373 37.575826)
858109057	수색객차출발선	False	LINESTRING (126.89653 37.579629, 126.896967 37.579393, 126.897226 37.579261, 126.897676 37.579028, 126.897943 37.578851, 126.899075 37.578089, 126.901401 37.576522, 126.902018 37.576102)
1011917964	인천국제공항선	False	LINESTRING (126.869332 37.592879, 126.869064 37.592975)
1011917965	인천국제공항선	False	LINESTRING (126.869082 37.593012, 126.869352 37.592915)
1052390218		False	LINESTRING (126.895861 37.579357, 126.896841 37.578726)
1078389323		False	LINESTRING (126.885268 37.586861, 126.884969 37.587208, 126.884781 37.587387, 126.884532 37.587613)
1078389324		False	LINESTRING (126.886217 37.585857, 126.886161 37.585898, 126.88577 37.586216, 126.885445 37.58663, 126.885402 37.586682)
1078389325		False	LINESTRING (126.885874 37.585971, 126.885788 37.586042, 126.885638 37.586167)
1078389326		False	LINESTRING (126.896581 37.579668, 126.896369 37.579761, 126.896325 37.579784, 126.895682 37.580127, 126.895528 37.580211, 126.895172 37.580396, 126.894668 37.580662, 126.894481 37.580762, 126.894269 37.580885, 126.894125 37.580955, 126.893764 37.581132, 126.893385 37.581322, 126.893295 37.58137, 126.893113 37.581454, 126.892749 37.5816, 126.892465 37.581724, 126.89244 37.581734, 126.892107 37.58188, 126.891985 37.581946, 126.891443 37.58224, 126.890796 37.582655, 126.890762 37.582677, 126.889936 37.583265, 126.888717 37.58409, 126.888018 37.584544, 126.88778 37.584704, 126.886966 37.58525, 126.886648 37.585461, 126.88624 37.585762, 126.886188 37.585804)
1078389327		False	LINESTRING (126.886188 37.585804, 126.885897 37.585974)
1078389328		False	LINESTRING (126.886291 37.585925, 126.88617 37.586057, 126.885745 37.58651, 126.885333 37.58697, 126.885324 37.58698, 126.885124 37.587177)
1078389329		False	LINESTRING (126.886384 37.585974, 126.886034 37.586354, 126.885768 37.586653, 126.885382 37.587, 126.885317 37.587043, 126.885124 37.587177, 126.884806 37.587437)
1078389330		False	LINESTRING (126.885382 37.587, 126.885674 37.58682, 126.886035 37.586576, 126.886514 37.586233, 126.886611 37.586164, 126.8869 37.585971)
1078389331		False	LINESTRING (126.885768 37.586653, 126.885994 37.586486, 126.886157 37.586338, 126.886286 37.586221, 126.886697 37.585918, 126.887232 37.58553)
1078389332		False	LINESTRING (126.886331 37.58595, 126.885953 37.586366, 126.885618 37.586713, 126.885333 37.58697)
1078389333		False	LINESTRING (126.887232 37.58553, 126.887824 37.585116)
1078389335		False	LINESTRING (126.888039 37.585294, 126.888492 37.584985, 126.888772 37.584767, 126.888858 37.584713, 126.8895 37.58432, 126.889975 37.584083, 126.890534 37.583782)
1078389336		False	LINESTRING (126.886604 37.586284, 126.887302 37.585766, 126.887607 37.58554, 126.888039 37.585294)
1078389337		False	LINESTRING (126.887194 37.585495, 126.886909 37.585697, 126.886384 37.586055, 126.886034 37.586354)
1078389338		False	LINESTRING (126.887824 37.585116, 126.887924 37.585045, 126.889119 37.584349, 126.88945 37.584179, 126.890037 37.583854, 126.890176 37.583772, 126.890359 37.583676, 126.890572 37.58356, 126.890853 37.583358, 126.890923 37.583307, 126.891408 37.582991, 126.891831 37.582701, 126.894616 37.580871, 126.895313 37.58046, 126.895404 37.580407, 126.895441 37.580384, 126.89586 37.580117, 126.895894 37.580098, 126.896384 37.579838, 126.896446 37.579806, 126.89657 37.579747, 126.897011 37.579495, 126.897202 37.579391, 126.897467 37.579231, 126.897681 37.579093, 126.897817 37.579002, 126.897898 37.578947, 126.898292 37.578681, 126.899075 37.578089)
1078389339		False	LINESTRING (126.891207 37.583282, 126.890901 37.583433, 126.89056 37.583622, 126.890208 37.58381, 126.890057 37.58391, 126.889978 37.583963, 126.889861 37.584042, 126.889644 37.584166, 126.889266 37.584415, 126.888858 37.584713)
1078389341		False	LINESTRING (126.887892 37.585175, 126.887298 37.585602)
1078389342		False	LINESTRING (126.889644 37.584166, 126.888937 37.584532, 126.888036 37.585071, 126.887892 37.585175)
1078389343		False	LINESTRING (126.887298 37.585602, 126.886858 37.585924, 126.886478 37.586172, 126.886157 37.586338)
1078389344		False	LINESTRING (126.887745 37.584998, 126.88709 37.58542)
1078389345		False	LINESTRING (126.888705 37.584441, 126.888096 37.584766, 126.887745 37.584998)
1078389346		False	LINESTRING (126.886201 37.585544, 126.886355 37.585328, 126.886583 37.585069, 126.886681 37.584977, 126.886729 37.584938)
1078389347		False	LINESTRING (126.886767 37.584987, 126.886711 37.585025, 126.886581 37.585124, 126.886473 37.585228, 126.886201 37.585544, 126.886052 37.585756)
1078389348		False	LINESTRING (126.886805 37.585051, 126.886707 37.585127, 126.886607 37.585217, 126.886461 37.585375, 126.886242 37.58562)
1078389349	수색객차출발선	False	LINESTRING (126.886873 37.585079, 126.886794 37.585133, 126.886605 37.585283, 126.886435 37.585428, 126.886242 37.58562, 126.88609 37.585778)
1078389350	수색객차출발선	False	LINESTRING (126.886144 37.585794, 126.886482 37.585494, 126.886797 37.585206, 126.886871 37.585143, 126.886895 37.585124)
1078389351		False	LINESTRING (126.886936 37.585163, 126.88691 37.58518, 126.886738 37.585305, 126.886482 37.585494)
1078389352		False	LINESTRING (126.891058 37.582357, 126.890766 37.582551, 126.89028 37.582891)
1078389353	수색객차출발선	False	LINESTRING (126.890231 37.582852, 126.89032 37.582791, 126.890678 37.582565, 126.891058 37.582357, 126.891177 37.582292, 126.891662 37.582038, 126.891817 37.581951)
1078389354	수색객차출발선	False	LINESTRING (126.891792 37.581887, 126.891619 37.582005, 126.891147 37.58226, 126.891045 37.582316, 126.890647 37.582527, 126.890455 37.582635, 126.890191 37.582809)
1078389355		False	LINESTRING (126.890647 37.582527, 126.890254 37.582725, 126.890159 37.582775)
1078389356		False	LINESTRING (126.891045 37.582316, 126.890787 37.582419, 126.890329 37.582594, 126.890209 37.582654, 126.890094 37.582725)
1078389357		False	LINESTRING (126.890061 37.582686, 126.890163 37.58263, 126.890291 37.582577, 126.8905 37.582506, 126.890787 37.582419)
1078389358		False	LINESTRING (126.890037 37.583854, 126.889542 37.584088, 126.88894 37.584345, 126.888882 37.584369, 126.888705 37.584441, 126.888228 37.584636, 126.887861 37.584832, 126.887476 37.585072, 126.887021 37.585356, 126.886953 37.585392, 126.88661 37.585666)
1078389359		False	LINESTRING (126.888228 37.584636, 126.887812 37.584798, 126.887423 37.585016)
1078389360		False	LINESTRING (126.88778 37.584704, 126.888011 37.584618, 126.888178 37.584556, 126.888254 37.58453, 126.888565 37.584426, 126.888735 37.584356, 126.889148 37.584188, 126.889615 37.583973, 126.889748 37.583901, 126.890068 37.58373, 126.89335 37.58161, 126.894058 37.581122, 126.894494 37.58087, 126.894529 37.58085, 126.8948 37.580697, 126.895441 37.580384)
1078389361		False	LINESTRING (126.888254 37.58453, 126.888882 37.584369)
1078954883		False	LINESTRING (126.892007 37.581868, 126.89234 37.581679, 126.892578 37.581522, 126.892608 37.581501, 126.892891 37.581313)
1078954884		False	LINESTRING (126.892844 37.581278, 126.89523 37.579644)
1078954885		False	LINESTRING (126.892237 37.581705, 126.892386 37.581583, 126.892482 37.581492, 126.892537 37.581439, 126.892667 37.581327, 126.892801 37.581233)
1078954886		False	LINESTRING (126.896841 37.578726, 126.896878 37.578703)
1078954887		False	LINESTRING (126.896112 37.579619, 126.895868 37.579762, 126.895442 37.580067, 126.895209 37.580218, 126.894912 37.580398)
1078954888		False	LINESTRING (126.896545 37.579326, 126.896112 37.579619)
1078962621		False	LINESTRING (126.894529 37.58085, 126.891549 37.582848, 126.891069 37.583164, 126.890853 37.583358)
1078962622		False	LINESTRING (126.891553 37.583104, 126.891454 37.583176, 126.891354 37.583283, 126.89122 37.583433, 126.890987 37.583651)
1078962623		False	LINESTRING (126.891354 37.583283, 126.891018 37.583529)
1078962624		False	LINESTRING (126.889978 37.583963, 126.8895 37.58432)
1078962625		False	LINESTRING (126.890572 37.58356, 126.890843 37.583414, 126.891005 37.583299, 126.89158 37.582926, 126.892148 37.582545, 126.892598 37.582244, 126.894619 37.580905, 126.895313 37.58046)
1078962626		False	LINESTRING (126.890843 37.583414, 126.891098 37.583291, 126.891609 37.582945, 126.892198 37.582554, 126.892537 37.582328, 126.892617 37.582273, 126.892999 37.582009, 126.894628 37.580939, 126.895168 37.580606, 126.895419 37.580447, 126.896384 37.579838)
1078962627		False	LINESTRING (126.888011 37.584618, 126.88835 37.584433, 126.88837 37.584422, 126.889595 37.583586, 126.89152 37.582263, 126.891985 37.581946)
1078962628		False	LINESTRING (126.88835 37.584433, 126.888626 37.584294, 126.889555 37.583681, 126.889657 37.583614, 126.891623 37.582278, 126.89207 37.581971, 126.892336 37.581849, 126.8928 37.581618)
1078962629		False	LINESTRING (126.888626 37.584294, 126.888865 37.584194, 126.891656 37.582312, 126.892336 37.581849)
1078962630		False	LINESTRING (126.888735 37.584356, 126.889123 37.584125, 126.889257 37.584029, 126.889363 37.583961, 126.892568 37.581827, 126.892959 37.581545)
1078962631		False	LINESTRING (126.889363 37.583961, 126.889694 37.583694, 126.891703 37.582344, 126.8928 37.581618, 126.892959 37.581545, 126.893113 37.581454)
1078962632		False	LINESTRING (126.889123 37.584125, 126.889476 37.583947, 126.88951 37.583935, 126.889672 37.583862, 126.890075 37.583612, 126.893205 37.581503, 126.893764 37.581132)
1078962633		False	LINESTRING (126.88951 37.583935, 126.892593 37.581866, 126.892896 37.581652, 126.893099 37.581507, 126.893295 37.58137)
1078962634		False	LINESTRING (126.889748 37.583901, 126.889951 37.583768, 126.89015 37.583639, 126.890421 37.583461, 126.893567 37.581389, 126.894481 37.580762)
1078962635		False	LINESTRING (126.89207 37.581971, 126.89244 37.581734)
1078962636		False	LINESTRING (126.89015 37.583639, 126.890896 37.583098, 126.891629 37.582609, 126.892888 37.58178, 126.893287 37.581518, 126.894125 37.580955)
1078962637		False	LINESTRING (126.894668 37.580662, 126.89385 37.58101)
1078962638		False	LINESTRING (126.895894 37.580098, 126.896325 37.579784)
1078962639		False	LINESTRING (126.896862 37.579503, 126.896581 37.579668)
1078962640		False	LINESTRING (126.897676 37.579028, 126.897168 37.579314, 126.897156 37.579321, 126.896862 37.579503)
1078962643		False	LINESTRING (126.894612 37.580386, 126.895641 37.57983, 126.896089 37.579565)
1078962644		False	LINESTRING (126.894039 37.580764, 126.895048 37.580236, 126.895868 37.579762)
1078962645		False	LINESTRING (126.892023 37.582764, 126.89242 37.582547, 126.892637 37.582428)
1078962646		False	LINESTRING (126.892078 37.582806, 126.89242 37.582547, 126.89263 37.582387)
1078962647		False	LINESTRING (126.895972 37.579438, 126.89693 37.578806)
1078962648		False	LINESTRING (126.895913 37.579396, 126.896885 37.578758)
1078962649		False	LINESTRING (126.894827 37.580244, 126.895113 37.58008, 126.895482 37.579875, 126.895988 37.579547, 126.896085 37.579482)
1078962650		False	LINESTRING (126.89693 37.578806, 126.896972 37.578778, 126.89788 37.578167)
1078962651		False	LINESTRING (126.896885 37.578758, 126.896956 37.57871, 126.898138 37.57794)
1078962652		False	LINESTRING (126.895349 37.579798, 126.895913 37.579396)
1078962653		False	LINESTRING (126.895166 37.57997, 126.895972 37.579438)
1078962654		False	LINESTRING (126.896085 37.579482, 126.896328 37.579324)
1078962655		False	LINESTRING (126.896503 37.57928, 126.897131 37.578887, 126.897551 37.578528)
1078962656		False	LINESTRING (126.896089 37.579565, 126.896503 37.57928)
1078962657		False	LINESTRING (126.893269 37.581309, 126.893502 37.581169, 126.893628 37.581085, 126.893938 37.580836, 126.893979 37.580803, 126.894039 37.580764, 126.894508 37.580454)
1078962658		False	LINESTRING (126.897156 37.579321, 126.897681 37.579093)
1078962659		False	LINESTRING (126.897467 37.579231, 126.897998 37.578958)
1078962660		False	LINESTRING (126.897898 37.578947, 126.898172 37.578842)
1078962662		False	LINESTRING (126.885323 37.587112, 126.885715 37.586854, 126.886092 37.586593, 126.886514 37.586233)
1078962663		False	LINESTRING (126.8869 37.585971, 126.887966 37.585263, 126.888096 37.585177, 126.888446 37.584928, 126.888772 37.584767)
1078962664		False	LINESTRING (126.881852 37.588462, 126.881868 37.588456, 126.882248 37.588292, 126.883563 37.587729, 126.883984 37.587487, 126.884006 37.587465, 126.884119 37.587354, 126.884121 37.587352, 126.884848 37.586704, 126.885075 37.586526, 126.885267 37.586376, 126.885543 37.586228)
1078962665		False	LINESTRING (126.884402 37.587241, 126.885075 37.586526)
1078962666		False	LINESTRING (126.884198 37.587827, 126.884532 37.587613, 126.884806 37.587437, 126.885323 37.587112, 126.885768 37.586888, 126.886546 37.586322, 126.886583 37.586299, 126.886604 37.586284)
1078962667		False	LINESTRING (126.881549 37.589953, 126.882162 37.589305, 126.882817 37.588844, 126.883544 37.588344, 126.884357 37.587842, 126.884459 37.587774)
1078962668		False	LINESTRING (126.889119 37.584349, 126.88866 37.584562, 126.888097 37.584859, 126.887789 37.585076)
1078962669		False	LINESTRING (126.887789 37.585076, 126.887194 37.585495)
1078962670		False	LINESTRING (126.886052 37.585756, 126.886016 37.585809, 126.885961 37.585877, 126.885874 37.585971)
1078962671	수색객차출발선	False	LINESTRING (126.88609 37.585778, 126.88605 37.585819, 126.885874 37.585971)
1078962672	수색객차출발선	False	LINESTRING (126.885788 37.586042, 126.885897 37.585974, 126.886021 37.585896, 126.886144 37.585794)
1078962673		False	LINESTRING (126.886695 37.58551, 126.886482 37.585663, 126.886217 37.585857)
1078962674		False	LINESTRING (126.887423 37.585016, 126.886789 37.585426, 126.886695 37.58551, 126.886351 37.58586, 126.886291 37.585925)
1078962675		False	LINESTRING (126.88661 37.585666, 126.886331 37.58595)
1078962676		False	LINESTRING (126.88709 37.58542, 126.886698 37.585719, 126.886414 37.58594, 126.886384 37.585974)
1078962677		False	LINESTRING (126.886188 37.585804, 126.885956 37.585989, 126.885511 37.586396, 126.885094 37.586761)
1078962679		False	LINESTRING (126.881607 37.588556, 126.881852 37.588462)
1078962680		False	LINESTRING (126.880768 37.58881, 126.88123 37.588687, 126.881558 37.588575, 126.881607 37.588556)
1078962681		False	LINESTRING (126.882296 37.588867, 126.88368 37.587851, 126.884041 37.587687)
1078962682		False	LINESTRING (126.882328 37.588896, 126.88239 37.588854, 126.883798 37.587859, 126.884041 37.587687, 126.884079 37.58766, 126.884449 37.587393)
1078962683		False	LINESTRING (126.88237 37.588929, 126.882432 37.588888, 126.882472 37.588862, 126.88332 37.588252, 126.884015 37.587801)
1078962696	인천국제공항선	False	LINESTRING (126.878718 37.589572, 126.879863 37.589147)
1078962697	인천국제공항선	False	LINESTRING (126.879824 37.589119, 126.879664 37.589177, 126.878692 37.589527)
1078962698	인천국제공항선	False	LINESTRING (126.879863 37.589147, 126.880281 37.588991)
1078962699	인천국제공항선	False	LINESTRING (126.880251 37.588961, 126.879824 37.589119)
1078962702	인천국제공항선	False	LINESTRING (126.87845 37.589634, 126.878021 37.589788)
1078962703	인천국제공항선	False	LINESTRING (126.878692 37.589527, 126.87845 37.589634)
1078962704	인천국제공항선	False	LINESTRING (126.87804 37.589824, 126.878486 37.589662)
1078962705	인천국제공항선	False	LINESTRING (126.878486 37.589662, 126.878718 37.589572)
1078962708		False	LINESTRING (126.891016 37.583444, 126.891207 37.583282, 126.891553 37.583104, 126.891908 37.582836, 126.892023 37.582764, 126.89263 37.582387)
1078962709		False	LINESTRING (126.890534 37.583782, 126.891016 37.583444)
1078962714	수색객차출발선	False	LINESTRING (126.901445 37.575595, 126.901241 37.575737, 126.900982 37.575908, 126.900777 37.576024, 126.900496 37.576157)
1078962715	수색객차출발선	False	LINESTRING (126.900496 37.576157, 126.90008 37.57636)
1078962719		False	LINESTRING (126.904131 37.574499, 126.903675 37.574775)
1078962720		False	LINESTRING (126.904665 37.573851, 126.903883 37.574377, 126.903705 37.574497, 126.903327 37.574635)
1078962721		False	LINESTRING (126.902884 37.574816, 126.903088 37.574677, 126.903303 37.574548, 126.903577 37.574401, 126.905212 37.573401)
1078962722		False	LINESTRING (126.902634 37.575053, 126.902884 37.574816, 126.902952 37.574752, 126.903198 37.574489, 126.903316 37.574362, 126.903756 37.574088)
1078962723		False	LINESTRING (126.903198 37.574489, 126.903847 37.574119, 126.904513 37.573724, 126.905142 37.573302, 126.905408 37.573148)
1078962724		False	LINESTRING (126.903088 37.574677, 126.903305 37.574489, 126.905154 37.573383)
1078962725		False	LINESTRING (126.904229 37.573793, 126.904393 37.57369, 126.905142 37.573302)
1078962726		False	LINESTRING (126.903756 37.574088, 126.904229 37.573793)
1078962728		False	LINESTRING (126.903305 37.574489, 126.903807 37.574172, 126.904764 37.573586, 126.905145 37.573352)
45769142		False	LINESTRING (127.049832 37.581645, 127.049831 37.581705, 127.049844 37.58186, 127.049855 37.581948, 127.049879 37.582069, 127.049944 37.582272, 127.04996 37.582321)
405047363	중앙선	False	LINESTRING (127.060757 37.591104, 127.060657 37.591053, 127.0602 37.590809, 127.05978 37.590582, 127.05943 37.590371, 127.05904 37.590128, 127.058903 37.590041, 127.058844 37.590006, 127.05861 37.589866, 127.057523 37.589292, 127.057296 37.589168, 127.057096 37.589065, 127.056647 37.588854, 127.056514 37.5888, 127.056123 37.588622, 127.05573 37.58845, 127.055343 37.588251, 127.05495 37.588019, 127.054475 37.587721, 127.054151 37.587498, 127.053828 37.587276, 127.053519 37.587024, 127.053215 37.586767, 127.052928 37.586499, 127.052648 37.586224, 127.052434 37.58598, 127.052278 37.585796, 127.052127 37.585611, 127.051829 37.585216, 127.05169 37.58504, 127.051581 37.5849, 127.051419 37.584703, 127.051311 37.58457)
405047366		False	LINESTRING (127.051311 37.58457, 127.051431 37.5847, 127.0516 37.584889, 127.051725 37.585025, 127.051806 37.585114)
405047367		False	LINESTRING (127.047763 37.579385, 127.049565 37.581774)
405047368	중앙선	False	LINESTRING (127.050847 37.583982, 127.050903 37.584066, 127.051023 37.584248, 127.051052 37.584291, 127.051168 37.584466)
405047369		False	LINESTRING (127.050802 37.584001, 127.050874 37.584082, 127.051023 37.584248, 127.051061 37.584288, 127.051209 37.584446)
405047370	경원선	False	LINESTRING (127.051268 37.58459, 127.051363 37.584736, 127.051425 37.584832, 127.051499 37.584946, 127.051558 37.585035)
405047371		False	LINESTRING (127.051224 37.584611, 127.051347 37.584746, 127.051425 37.584832, 127.051518 37.584935, 127.051623 37.585052)
405047372		False	LINESTRING (127.050314 37.583082, 127.050448 37.583303, 127.050579 37.583507, 127.050815 37.583831, 127.051134 37.584244, 127.05128 37.58442, 127.051467 37.584674, 127.051623 37.584876, 127.051736 37.585023, 127.051806 37.585114)
405047373		False	LINESTRING (127.050094 37.582615, 127.050046 37.582477, 127.05 37.582346, 127.04999 37.582312, 127.04998 37.582261, 127.049932 37.582034, 127.049922 37.581941, 127.049918 37.581863, 127.049919 37.58177, 127.049926 37.581689, 127.049931 37.581598)
405047374		False	LINESTRING (127.049739 37.581687, 127.049749 37.581735, 127.049778 37.581893, 127.049802 37.58196, 127.049848 37.582079, 127.049938 37.582273, 127.04996 37.582321, 127.050029 37.582483, 127.050094 37.582615)
405047375	중앙선	False	LINESTRING (127.049516 37.581796, 127.049542 37.581836, 127.04963 37.581972, 127.049724 37.582146, 127.049806 37.582302, 127.04992 37.582526, 127.050018 37.582719, 127.050057 37.582797, 127.050114 37.582905, 127.050202 37.583066, 127.05026 37.583175, 127.050371 37.583344, 127.050481 37.583513)
405047377		False	LINESTRING (127.049639 37.581732, 127.04956 37.581587, 127.049468 37.581465, 127.047857 37.579335)
405047378	경원선	False	LINESTRING (127.045616 37.577467, 127.045829 37.577763, 127.046664 37.578887, 127.047221 37.579625, 127.047237 37.579646)
405047380	경원선	False	LINESTRING (127.052022 37.58562, 127.052046 37.585655, 127.052178 37.585844, 127.052267 37.585973, 127.052433 37.586185)
405047384	경원선	False	LINESTRING (127.051762 37.585291, 127.052022 37.58562)
405047385	경원선	False	LINESTRING (127.052433 37.586185, 127.052546 37.586303, 127.05282 37.586581, 127.053049 37.586792, 127.053116 37.586855, 127.053413 37.587104, 127.053735 37.587359, 127.05405 37.587585, 127.054385 37.587812, 127.054846 37.588101, 127.055257 37.588354, 127.055623 37.588571, 127.055997 37.588785, 127.056354 37.588995, 127.056604 37.589131, 127.05826 37.59001, 127.058634 37.590215, 127.058714 37.590259, 127.058874 37.590348, 127.059154 37.590508, 127.059422 37.59068, 127.059621 37.590822, 127.059895 37.591036, 127.060143 37.591263, 127.060218 37.591325, 127.060234 37.59134, 127.060321 37.591432, 127.0604 37.591525, 127.060554 37.591717, 127.060752 37.59197, 127.06098 37.592293, 127.061265 37.592721, 127.062249 37.59414, 127.06283 37.595003, 127.063004 37.595258, 127.064203 37.59699, 127.064423 37.597308, 127.064874 37.597927, 127.065243 37.598427, 127.065568 37.598871, 127.065923 37.599392, 127.066294 37.599922, 127.066503 37.600225, 127.066691 37.600522, 127.066791 37.60069, 127.066957 37.60098, 127.067051 37.601165)
405047386		False	LINESTRING (127.050718 37.584044, 127.0505 37.583762, 127.050389 37.583618, 127.050272 37.583469)
405047387		False	LINESTRING (127.050676 37.583834, 127.050446 37.583587, 127.050318 37.58345)
405047390		False	LINESTRING (127.049912 37.579507, 127.049945 37.580686, 127.049945 37.580823)
405403186		False	LINESTRING (127.049204 37.581947, 127.048219 37.580642, 127.047401 37.579563)
405403187		False	LINESTRING (127.049333 37.581908, 127.047518 37.579503)
405403188		False	LINESTRING (127.04561 37.577545, 127.045849 37.577928, 127.046936 37.579397)
405403189		False	LINESTRING (127.050272 37.583469, 127.050222 37.583417, 127.049959 37.583142)
405403190		False	LINESTRING (127.049959 37.583142, 127.049847 37.583041, 127.04973 37.582936, 127.049477 37.58274, 127.049027 37.582392, 127.048794 37.582212)
405403191	경원선	False	LINESTRING (127.051076 37.584419, 127.051137 37.584498, 127.051224 37.584611)
405403192		False	LINESTRING (127.045896 37.577507, 127.046049 37.577676, 127.046191 37.577819, 127.046403 37.578049, 127.046966 37.578652, 127.047213 37.578954, 127.047592 37.579444, 127.047607 37.579464)
405403193	중앙선	False	LINESTRING (127.051168 37.584466, 127.051176 37.584475, 127.051268 37.58459)
405403195		False	LINESTRING (127.049722 37.582782, 127.04977 37.582841, 127.049903 37.583002, 127.050037 37.583169, 127.050229 37.583414, 127.050272 37.583469)
405403196		False	LINESTRING (127.043122 37.574127, 127.044681 37.576148, 127.04469 37.576159, 127.044813 37.576319)
405403197	경원선	False	LINESTRING (127.050318 37.58345, 127.050432 37.583594, 127.050829 37.584104, 127.051 37.584322, 127.051076 37.584419)
405403198	경원선	False	LINESTRING (127.050423 37.58351, 127.050311 37.58337, 127.050148 37.583164, 127.050113 37.583118, 127.04999 37.582956, 127.049859 37.582794)
405403199	경원선	False	LINESTRING (127.050676 37.583834, 127.050802 37.584001)
405403200	경원선	False	LINESTRING (127.049158 37.581958, 127.04817 37.58067, 127.048129 37.580616, 127.0481 37.580579, 127.047643 37.579969, 127.04735 37.579583)
405403201	중앙선	False	LINESTRING (127.050847 37.583982, 127.050912 37.584064, 127.05108 37.584277, 127.051209 37.584446)
405403202	중앙선	False	LINESTRING (127.050481 37.583513, 127.050506 37.58355, 127.050718 37.583816)
405403203	중앙선	False	LINESTRING (127.050718 37.583816, 127.050847 37.583982)
405403204	중앙선	False	LINESTRING (127.051311 37.58457, 127.051217 37.584456, 127.051209 37.584446)
405403205	중앙선	False	LINESTRING (127.051268 37.58459, 127.051375 37.584729, 127.051531 37.584927, 127.051623 37.585052)
405403206	중앙선	False	LINESTRING (127.051623 37.585052, 127.051635 37.585067, 127.051773 37.585245, 127.052084 37.585634, 127.052392 37.586003, 127.052617 37.58625, 127.052891 37.586525, 127.053189 37.586794, 127.053481 37.587051, 127.053799 37.587298, 127.054116 37.587526, 127.054449 37.587745, 127.054868 37.588003, 127.054895 37.588018, 127.054924 37.588037, 127.055321 37.588275, 127.055706 37.588477, 127.056081 37.588674, 127.05646 37.588875, 127.05702 37.58916, 127.057337 37.589323, 127.058398 37.589888, 127.058745 37.59009, 127.058828 37.590131, 127.058985 37.590211, 127.059368 37.590416, 127.059747 37.590619, 127.060174 37.590844, 127.060629 37.591085, 127.060719 37.591134)
405403207	경원선	False	LINESTRING (127.051224 37.584611, 127.051333 37.584755, 127.051489 37.58495, 127.051558 37.585035, 127.051599 37.585086, 127.051742 37.585265, 127.051762 37.585291)
405403208	경원선	False	LINESTRING (127.050802 37.584001, 127.050867 37.584085, 127.051036 37.584301, 127.051168 37.584466)
405404107		False	LINESTRING (127.045668 37.577446, 127.047021 37.579256)
405404108		False	LINESTRING (127.047261 37.579622, 127.047526 37.580026)
405404109		False	LINESTRING (127.045616 37.577467, 127.045873 37.577888, 127.04704 37.579461, 127.04719 37.579662)
405404110		False	LINESTRING (127.047325 37.580094, 127.047411 37.580207, 127.047698 37.580577, 127.047735 37.580626, 127.04792 37.58086)
405404111		False	LINESTRING (127.047132 37.579652, 127.047177 37.579709, 127.047248 37.579789, 127.047473 37.580042)
405404112		False	LINESTRING (127.044473 37.575813, 127.044527 37.575893, 127.044675 37.576114, 127.044813 37.576319)
405404113		False	LINESTRING (127.044991 37.576485, 127.046112 37.577946)
405404115		False	LINESTRING (127.047798 37.579352, 127.04959 37.581698, 127.049613 37.581742)
405430402	경원선	False	LINESTRING (127.045672 37.577301, 127.045554 37.577145, 127.045254 37.576752, 127.044928 37.576326)
405430404		False	LINESTRING (127.045896 37.577507, 127.045655 37.577193)
405430405		False	LINESTRING (127.044348 37.575649, 127.044039 37.575158)
405430406		False	LINESTRING (127.044937 37.576254, 127.044516 37.575718, 127.044257 37.575377, 127.043618 37.574532, 127.042794 37.57346)
405430407		False	LINESTRING (127.043618 37.574532, 127.04394 37.57503)
405430408		False	LINESTRING (127.043699 37.574719, 127.043259 37.574225)
405430409		False	LINESTRING (127.045413 37.576888, 127.045583 37.57707, 127.045729 37.577211, 127.045981 37.577457, 127.046174 37.577618, 127.046428 37.577797, 127.046773 37.578057, 127.046887 37.578154, 127.047094 37.578348, 127.047282 37.578533, 127.047457 37.57869, 127.047583 37.578786, 127.047731 37.578876, 127.047915 37.578977, 127.048062 37.579068, 127.048156 37.579137, 127.048191 37.57917)
405430410		False	LINESTRING (127.047905 37.579315, 127.047956 37.579374, 127.049377 37.581264, 127.049468 37.581465)
405430411		False	LINESTRING (127.047993 37.579266, 127.048232 37.579494, 127.048454 37.579755, 127.048931 37.580394, 127.049373 37.580993, 127.049725 37.581639)
405430412		False	LINESTRING (127.048063 37.579227, 127.048178 37.579324, 127.048334 37.579502, 127.049152 37.580609, 127.049475 37.581052, 127.049695 37.581479)
405430413		False	LINESTRING (127.048094 37.579207, 127.048223 37.579303, 127.048365 37.579463, 127.049208 37.580596, 127.049542 37.581046, 127.04967 37.581322)
405430414		False	LINESTRING (127.04824 37.579144, 127.048328 37.579247, 127.04921 37.580417, 127.049324 37.580568, 127.049584 37.580943)
405430415		False	LINESTRING (127.047282 37.578533, 127.047087 37.578314, 127.04702 37.578218, 127.046878 37.577984, 127.046778 37.577814)
405430417		False	LINESTRING (127.046578 37.577654, 127.046278 37.577548, 127.04607 37.577458, 127.045994 37.577419, 127.045906 37.577362, 127.045729 37.577211)
405430418		False	LINESTRING (127.046878 37.577984, 127.047043 37.578209, 127.04715 37.578331, 127.047281 37.578472, 127.047382 37.578553, 127.047508 37.578638, 127.047704 37.578748, 127.048086 37.578943, 127.048306 37.579056, 127.048411 37.579117, 127.048523 37.579189, 127.048656 37.579302, 127.048676 37.579325)
405430419		False	LINESTRING (127.049533 37.580614, 127.049565 37.580868, 127.049584 37.580943, 127.04921 37.580417, 127.049654 37.58122, 127.04967 37.581322, 127.049695 37.581479, 127.049725 37.581639, 127.049739 37.581687)
405430420		False	LINESTRING (127.044979 37.576309, 127.044937 37.576254, 127.044506 37.575776)
405430421	경원선	False	LINESTRING (127.044928 37.576326, 127.044506 37.575776, 127.044039 37.575158, 127.04394 37.57503, 127.043819 37.574874, 127.043699 37.574719, 127.043289 37.574172, 127.042378 37.572991)
405430422	경원선	False	LINESTRING (127.044991 37.576485, 127.045179 37.576761, 127.045399 37.577103, 127.045523 37.577303, 127.045616 37.577467)
405430423		False	LINESTRING (127.044847 37.576363, 127.044898 37.576429, 127.04493 37.576474, 127.044938 37.576486, 127.044974 37.576537, 127.04505 37.576645, 127.045516 37.577476, 127.045566 37.577566, 127.045614 37.577651, 127.045638 37.577694, 127.046519 37.578914, 127.046756 37.579287, 127.046939 37.579568, 127.046975 37.579623, 127.046987 37.579638)
405430939	경원선	False	LINESTRING (127.042339 37.573012, 127.043259 37.574225, 127.044348 37.575649, 127.044473 37.575813)
405430940	경원선	False	LINESTRING (127.042378 37.572991, 127.04198 37.572478)
405430941	경원선	False	LINESTRING (127.041054 37.571344, 127.04155 37.571995, 127.041726 37.572223, 127.041795 37.572313)
405430943	경원선	False	LINESTRING (127.041938 37.572499, 127.042263 37.572914, 127.04227 37.572924, 127.042339 37.573012)
405430944	경원선	False	LINESTRING (127.04198 37.572478, 127.041836 37.572292)
405430948	경원선	False	LINESTRING (127.041836 37.572292, 127.041254 37.571539, 127.041094 37.571326)
405430953	경원선	False	LINESTRING (127.041795 37.572313, 127.041938 37.572499)
405479625		False	LINESTRING (127.049338 37.579954, 127.049375 37.580004, 127.049464 37.580137, 127.049528 37.580276, 127.049571 37.58042, 127.049595 37.58056, 127.04961 37.58072)
405479626		False	LINESTRING (127.0494 37.57992, 127.049452 37.579988, 127.049519 37.580105, 127.049584 37.580252, 127.049618 37.580379, 127.049643 37.580518, 127.049648 37.580686, 127.049647 37.580743)
545574703	경원선	False	LINESTRING (127.049859 37.582794, 127.049714 37.582608, 127.049434 37.582271)
634734083	중앙선	False	LINESTRING (127.049375 37.581886, 127.049612 37.5822, 127.049714 37.582335, 127.049858 37.582546, 127.049981 37.582737, 127.050094 37.582916, 127.050191 37.583072, 127.05026 37.583175)
634734086		False	LINESTRING (127.045655 37.577193, 127.045808 37.577358, 127.04605 37.577583, 127.04632 37.577823, 127.046467 37.577962, 127.046642 37.578157, 127.047086 37.57864, 127.047688 37.57935, 127.047724 37.579398)
672855092		False	LINESTRING (127.045268 37.576704, 127.045554 37.577145)
712248060	경원선	False	LINESTRING (127.067087 37.601144, 127.06698 37.600931, 127.066786 37.600596, 127.066638 37.600352, 127.06636 37.599939, 127.066058 37.599506, 127.065828 37.59916, 127.065592 37.598831, 127.065368 37.598531, 127.06525 37.598368, 127.065179 37.598261, 127.064903 37.597837, 127.064623 37.597438, 127.063374 37.595633, 127.063104 37.595242, 127.06296 37.595048, 127.062567 37.59449, 127.062166 37.593915, 127.06133 37.592749, 127.061071 37.592363, 127.060808 37.591982, 127.060567 37.59166, 127.06045 37.591516, 127.060335 37.591381, 127.060275 37.591314, 127.060194 37.591238, 127.059949 37.590997, 127.059686 37.590767, 127.059487 37.590616, 127.059218 37.590427, 127.058955 37.590254, 127.058799 37.590166, 127.058718 37.590121, 127.057311 37.589357, 127.05699 37.58919, 127.056798 37.58909, 127.056429 37.588906, 127.056056 37.588706, 127.055684 37.588506, 127.055299 37.5883, 127.054886 37.588068, 127.054491 37.58782, 127.054413 37.58778, 127.054084 37.587556, 127.05377 37.587325, 127.053452 37.587076, 127.053157 37.586827, 127.052856 37.586552, 127.052582 37.586277, 127.052353 37.58603, 127.052192 37.585836, 127.052049 37.585655, 127.052022 37.58562)
778783894		False	LINESTRING (127.04792 37.58086, 127.048284 37.581343, 127.048323 37.581394, 127.048481 37.581606, 127.048539 37.581683, 127.048858 37.582029)
778783895		False	LINESTRING (127.044813 37.576319, 127.044847 37.576363)
778783896	경원선	False	LINESTRING (127.044473 37.575813, 127.044494 37.57584, 127.044886 37.576348)
829963335		False	LINESTRING (127.047083 37.579651, 127.047096 37.579671, 127.047165 37.579784, 127.047325 37.580094)
829963336		False	LINESTRING (127.047321 37.579599, 127.047643 37.579969)
829963342		False	LINESTRING (127.045655 37.577193, 127.045565 37.577079, 127.045413 37.576888)
829963343		False	LINESTRING (127.045268 37.576704, 127.044979 37.576309)
829963344		False	LINESTRING (127.045413 37.576888, 127.045268 37.576704)
829963345		False	LINESTRING (127.049959 37.583142, 127.049852 37.583035, 127.049296 37.582475)
829963346		False	LINESTRING (127.050314 37.583082, 127.050421 37.583314, 127.050541 37.583529, 127.050718 37.583816)
829963347		False	LINESTRING (127.050226 37.582902, 127.050282 37.583019, 127.050314 37.583082)
829963348		False	LINESTRING (127.050094 37.582615, 127.050125 37.582678, 127.050211 37.58286, 127.050226 37.582902)
829963349		False	LINESTRING (127.050035 37.580819, 127.050023 37.580109, 127.050016 37.579794)
829963350		False	LINESTRING (127.051806 37.585114, 127.051873 37.585196, 127.052184 37.585584, 127.052333 37.585764, 127.052489 37.585951, 127.052705 37.586182, 127.052982 37.586464, 127.053222 37.586679, 127.053624 37.587032)
888338169		False	LINESTRING (127.051076 37.584419, 127.050985 37.584331, 127.050873 37.584215, 127.05079 37.584129, 127.050718 37.584044)
901582787	경원선	False	LINESTRING (127.049044 37.582013, 127.049097 37.582076, 127.049325 37.582311, 127.049648 37.582642, 127.049779 37.582782)
903353258		False	LINESTRING (127.048001 37.580749, 127.048743 37.581743, 127.048939 37.581973, 127.048992 37.582035)
903353259	경원선	False	LINESTRING (127.046112 37.577946, 127.045935 37.577673, 127.045672 37.577301)
1010188323	경원선	False	LINESTRING (127.049779 37.582782, 127.04981 37.582819, 127.049945 37.582981, 127.050074 37.583146, 127.050138 37.583225)
1010188324		False	LINESTRING (127.050138 37.583225, 127.050066 37.583148, 127.049921 37.582992, 127.049775 37.582838, 127.049722 37.582782)
1010188325	경원선	False	LINESTRING (127.050138 37.583225, 127.05027 37.58339, 127.050318 37.58345)
1010188326		False	LINESTRING (127.049573 37.582632, 127.049606 37.582666, 127.049722 37.582782)
1010188327		False	LINESTRING (127.049779 37.582782, 127.049814 37.582817, 127.049962 37.582971, 127.050109 37.583123, 127.050148 37.583164)
1025050653		False	LINESTRING (127.047704 37.578748, 127.048188 37.578954, 127.048366 37.579045, 127.048549 37.579153, 127.048668 37.579246, 127.048723 37.579295)
1025050654		False	LINESTRING (127.049211 37.580007, 127.049273 37.580088, 127.049364 37.58024, 127.049443 37.580441, 127.049469 37.580541)
1025050655		False	LINESTRING (127.048676 37.579325, 127.048756 37.579419)
1025050656		False	LINESTRING (127.048723 37.579295, 127.048749 37.579323, 127.048809 37.579385)
1025050657		False	LINESTRING (127.048756 37.579419, 127.048813 37.579486, 127.048825 37.579501)
1025050658		False	LINESTRING (127.048809 37.579385, 127.04887 37.579452, 127.048883 37.579469)
1025050659		False	LINESTRING (127.048713 37.579141, 127.048929 37.579411)
1025050660		False	LINESTRING (127.048786 37.579112, 127.049006 37.579405)
1025050661		False	LINESTRING (127.048929 37.579411, 127.048948 37.57944)
1025050662		False	LINESTRING (127.049006 37.579405, 127.049281 37.579764, 127.0494 37.57992)
1025050663		False	LINESTRING (127.048948 37.57944, 127.048962 37.579457, 127.049338 37.579954)
1025050664		False	LINESTRING (127.048883 37.579469, 127.049271 37.579978)
1025050665		False	LINESTRING (127.048825 37.579501, 127.049211 37.580007)
1025050666		False	LINESTRING (127.049785 37.579497, 127.049794 37.57999, 127.04981 37.580824)
1025050667		False	LINESTRING (127.049954 37.581156, 127.049928 37.581348, 127.049923 37.581491)
1025050668		False	LINESTRING (127.049923 37.581491, 127.049988 37.581204)
1025050669		False	LINESTRING (127.047795 37.578843, 127.048017 37.578968, 127.048149 37.579066, 127.048224 37.579124, 127.04824 37.579144)
1025050670		False	LINESTRING (127.048191 37.57917, 127.048206 37.579184, 127.048409 37.579438, 127.049274 37.580588, 127.04921 37.580417)
1025050671		False	LINESTRING (127.047755 37.578998, 127.047937 37.579115, 127.048076 37.579194, 127.048094 37.579207)
1025050672		False	LINESTRING (127.047486 37.578786, 127.047755 37.578998, 127.04805 37.579215, 127.048063 37.579227)
1025050673		False	LINESTRING (127.047202 37.57852, 127.047486 37.578786, 127.047784 37.579072, 127.04798 37.579253, 127.047993 37.579266)
1025050674		False	LINESTRING (127.046928 37.578255, 127.047202 37.57852, 127.047409 37.578734, 127.047537 37.578888, 127.047905 37.579315)
1025050675		False	LINESTRING (127.047857 37.579335, 127.047841 37.579313, 127.047446 37.578859, 127.047245 37.578627, 127.047065 37.578404, 127.046928 37.578255, 127.046772 37.57811, 127.046612 37.577983, 127.046372 37.57782)
1025050676		False	LINESTRING (127.04605 37.577583, 127.046372 37.57782, 127.046615 37.578034, 127.046853 37.578256, 127.047061 37.578486, 127.047696 37.57922, 127.047798 37.579352)
1025050677		False	LINESTRING (127.04632 37.577823, 127.046645 37.578106, 127.046804 37.578264, 127.04735 37.578891, 127.047733 37.579344, 127.047763 37.579385)
1025050678		False	LINESTRING (127.047724 37.579398, 127.048615 37.580584)
1025050679		False	LINESTRING (127.049469 37.580541, 127.049504 37.580678, 127.049565 37.580868)
1025050680		False	LINESTRING (127.049271 37.579978, 127.049327 37.58005, 127.049421 37.58022, 127.049474 37.580384, 127.049512 37.580565, 127.049533 37.580614)
1025050681		False	LINESTRING (127.04961 37.58072, 127.049626 37.580887, 127.049641 37.581009, 127.049654 37.58122)
1025050682		False	LINESTRING (127.049647 37.580743, 127.049641 37.581009)
1025050683		False	LINESTRING (127.04981 37.580824, 127.049814 37.580886, 127.049815 37.581)
1025050684		False	LINESTRING (127.049945 37.580823, 127.049952 37.581041, 127.049954 37.581156)
1025050685		False	LINESTRING (127.049988 37.581204, 127.050022 37.580967, 127.050035 37.580819)
1025050686		False	LINESTRING (127.048858 37.582029, 127.048975 37.582139, 127.049234 37.582352, 127.049573 37.582632)
1025050687		False	LINESTRING (127.048992 37.582035, 127.049054 37.582096, 127.049282 37.582333, 127.049573 37.582632)
1025050688	경원선	False	LINESTRING (127.04806 37.580732, 127.049044 37.582013)
1025050689	경원선	False	LINESTRING (127.049434 37.582271, 127.049177 37.581987, 127.049158 37.581958)
1025050690		False	LINESTRING (127.05023 37.583193, 127.050155 37.583094, 127.050033 37.582935, 127.049949 37.582826, 127.049906 37.582771, 127.049762 37.582585, 127.049463 37.582258, 127.049222 37.581968, 127.049204 37.581947)
1025050691		False	LINESTRING (127.049949 37.582826, 127.049912 37.582768, 127.049786 37.582572, 127.049649 37.582356, 127.04956 37.582221, 127.049333 37.581908)
1025050693	중앙선	False	LINESTRING (127.048452 37.580661, 127.049375 37.581886)
1025050694	중앙선	False	LINESTRING (127.048615 37.580584, 127.049387 37.581612, 127.049516 37.581796)
1025050695		False	LINESTRING (127.049565 37.581774, 127.049591 37.581811, 127.049682 37.581943, 127.04979 37.582106, 127.049855 37.582218, 127.049892 37.58229, 127.049991 37.582495, 127.050095 37.582687, 127.050201 37.582864, 127.050226 37.582902)
1025050696		False	LINESTRING (127.049613 37.581742, 127.04964 37.581792, 127.0497 37.581903, 127.049709 37.581924, 127.0498 37.582098, 127.049855 37.582218)
1025050697		False	LINESTRING (127.0497 37.581903, 127.049659 37.581785, 127.049639 37.581732)
1025050698		False	LINESTRING (127.049815 37.581, 127.049825 37.581375, 127.049832 37.581645)
1025050699		False	LINESTRING (127.049931 37.581598, 127.049923 37.581491)
1025050700		False	LINESTRING (127.04756 37.579489, 127.047917 37.579956, 127.048452 37.580661)
1025050701		False	LINESTRING (127.046362 37.578104, 127.046601 37.578401, 127.047271 37.579139, 127.047519 37.579434, 127.04756 37.579489)
1025050702		False	LINESTRING (127.047518 37.579503, 127.047483 37.579456, 127.047215 37.579133, 127.046903 37.578794, 127.046778 37.578657, 127.046617 37.578451, 127.046362 37.578104, 127.046114 37.577784, 127.045896 37.577507)
1025050703		False	LINESTRING (127.047401 37.579563, 127.046504 37.578381, 127.046252 37.578054, 127.045672 37.577301)
1025050704	경원선	False	LINESTRING (127.04735 37.579583, 127.047312 37.579533, 127.047051 37.579177, 127.046112 37.577946)
1025050705		False	LINESTRING (127.047021 37.579256, 127.047321 37.579599)
1025050706		False	LINESTRING (127.047021 37.579256, 127.047261 37.579622)
1025050707	경원선	False	LINESTRING (127.047237 37.579646, 127.047526 37.580026, 127.04806 37.580732)
1025050708		False	LINESTRING (127.04719 37.579662, 127.047473 37.580042, 127.048001 37.580749)
1025050709		False	LINESTRING (127.046936 37.579397, 127.047132 37.579652)
1025050710		False	LINESTRING (127.046936 37.579397, 127.047043 37.579586, 127.047083 37.579651)
1025050711		False	LINESTRING (127.046987 37.579638, 127.047325 37.580094)
1028759348	경원본선	False	LINESTRING (127.044886 37.576348, 127.044991 37.576485)
1050458632		False	LINESTRING (127.054895 37.588018, 127.054491 37.58782)
1225872570		False	LINESTRING (127.050057 37.582797, 127.050014 37.582721, 127.049905 37.58253, 127.049759 37.582318, 127.049651 37.582176, 127.049412 37.581865)
1225872571		False	LINESTRING (127.049412 37.581865, 127.049073 37.581406, 127.047607 37.579464)
1225872572		False	LINESTRING (127.050481 37.583513, 127.050354 37.583351, 127.05023 37.583193)
1225872573	경원선	False	LINESTRING (127.050676 37.583834, 127.05047 37.583572, 127.050423 37.58351)
1225872574		False	LINESTRING (127.050423 37.58351, 127.050332 37.583361, 127.05023 37.583193)
1458136283		False	LINESTRING (127.049842 37.579505, 127.049875 37.580684, 127.049875 37.580822)
1458136284		False	LINESTRING (127.049875 37.580822, 127.04988 37.581084, 127.049825 37.581375)
45769178		False	LINESTRING (127.0685 37.607187, 127.068497 37.607873, 127.06851 37.608098, 127.068527 37.608245, 127.068567 37.608637, 127.068597 37.608962, 127.068607 37.609156, 127.068545 37.6101, 127.068523 37.610224, 127.068489 37.610356, 127.068425 37.610495, 127.068322 37.610676, 127.068201 37.610876, 127.068094 37.611055, 127.068 37.611199, 127.067813 37.611453)
132571637	경춘선	False	LINESTRING (127.103071 37.605087, 127.102936 37.604847, 127.102758 37.604579, 127.10258 37.604345, 127.102384 37.60412, 127.102119 37.603841, 127.101838 37.603582, 127.101479 37.603297, 127.101181 37.603088, 127.100876 37.6029, 127.100628 37.602763, 127.100356 37.602618, 127.100146 37.60252, 127.09993 37.602426, 127.099471 37.602248, 127.099016 37.602075, 127.098818 37.602, 127.098542 37.601894, 127.098516 37.601882, 127.098264 37.601788, 127.098238 37.601778, 127.097935 37.601661, 127.097688 37.60157, 127.097472 37.601491, 127.09725 37.601414, 127.096986 37.601321, 127.096719 37.60123, 127.096691 37.601219, 127.096399 37.601118, 127.096054 37.601026, 127.095703 37.600954, 127.095552 37.600927, 127.095375 37.600892, 127.094986 37.600815, 127.094631 37.600745, 127.094524 37.600724, 127.094239 37.600668, 127.093964 37.600612, 127.09357 37.600536, 127.093132 37.60045, 127.092909 37.6004, 127.092695 37.600337, 127.09223 37.600176, 127.091203 37.599784)
167584761	경춘선	False	LINESTRING (127.103245 37.611463, 127.103408 37.609939)
167584769	경춘선	False	LINESTRING (127.106154 37.619945, 127.105963 37.619618, 127.105818 37.61936, 127.105612 37.618971, 127.105331 37.618357)
167584779	경춘선	True	LINESTRING (127.103408 37.609939, 127.103454 37.6066, 127.103412 37.606187, 127.10333 37.605828, 127.103175 37.605346, 127.103071 37.605087)
167584781	경춘선	True	LINESTRING (127.108188 37.622948, 127.106444 37.6204, 127.106154 37.619945)
309623054	경춘선	True	LINESTRING (127.102999 37.605044, 127.103056 37.605149, 127.10315 37.605399, 127.10322 37.605657, 127.103309 37.605971, 127.103362 37.606257, 127.103386 37.606534, 127.103357 37.609923)
309623058	경춘선	False	LINESTRING (127.105331 37.618357, 127.104178 37.61572, 127.103974 37.615279, 127.103732 37.614663, 127.103502 37.613942, 127.103425 37.613624, 127.103341 37.613194, 127.103316 37.613007, 127.103266 37.612639, 127.103242 37.612076, 127.103236 37.611903)
309623059	경춘선	False	LINESTRING (127.103357 37.609923, 127.103211 37.611463)
360893016	경춘선	False	LINESTRING (127.103211 37.611463, 127.103206 37.611542)
360893017	경춘선	False	LINESTRING (127.105276 37.618367, 127.105564 37.618966, 127.105732 37.619301, 127.105935 37.619665, 127.106108 37.619956)
396291318		False	LINESTRING (127.098542 37.601894, 127.099107 37.602154)
400422666	경춘선	True	LINESTRING (127.106108 37.619956, 127.106468 37.62051, 127.108138 37.62297)
404240160		False	LINESTRING (127.088862 37.598786, 127.08893 37.598835, 127.089011 37.598894, 127.089208 37.599033, 127.089388 37.599165, 127.089594 37.599284, 127.089841 37.599403, 127.09009 37.59951, 127.090614 37.59972, 127.09206 37.60026, 127.092349 37.600369, 127.092612 37.600452, 127.092836 37.600512, 127.093058 37.600556, 127.093517 37.600622, 127.093917 37.60068, 127.094211 37.60072, 127.09451 37.600766, 127.09462 37.600782)
404240161		False	LINESTRING (127.088631 37.598642, 127.088407 37.598483, 127.088195 37.598326, 127.088156 37.598297)
404240162		False	LINESTRING (127.088654 37.598609, 127.088407 37.598483, 127.088174 37.598353, 127.08812 37.598325)
404240163		False	LINESTRING (127.094631 37.600745, 127.094527 37.600717, 127.094241 37.600655, 127.093977 37.600586, 127.093601 37.600496, 127.093159 37.600381, 127.092946 37.600318, 127.092735 37.600242, 127.092254 37.600063, 127.091746 37.59987, 127.091233 37.599674, 127.090845 37.599524, 127.090761 37.59949, 127.090221 37.599293, 127.089966 37.599208, 127.089692 37.599128, 127.089473 37.599048, 127.089263 37.598952, 127.08905 37.59884, 127.088959 37.59879, 127.08889 37.598758)
404546069	중앙선	False	LINESTRING (127.113756 37.607477, 127.113497 37.607467, 127.113023 37.60744, 127.112504 37.607398, 127.111949 37.607346, 127.111389 37.607286, 127.110807 37.607208, 127.110267 37.607108, 127.109763 37.607017, 127.109267 37.606918, 127.108715 37.606787, 127.108336 37.606697, 127.107426 37.606466, 127.107231 37.606416, 127.1069 37.606329, 127.106364 37.606168, 127.105882 37.606035, 127.105477 37.605909, 127.105055 37.605749, 127.104717 37.605605, 127.104386 37.605447, 127.104085 37.60528, 127.103782 37.60509, 127.103452 37.60485, 127.103128 37.604587, 127.102867 37.604347, 127.102505 37.604018, 127.102233 37.603762, 127.101951 37.603504, 127.101588 37.60321, 127.101288 37.602996, 127.100973 37.602797, 127.100716 37.602652, 127.100426 37.602505, 127.100246 37.602416, 127.100006 37.602314, 127.099551 37.602128, 127.099085 37.601956, 127.098872 37.601876, 127.098586 37.601766, 127.098326 37.601665, 127.098003 37.601544, 127.097762 37.601453, 127.097547 37.601367, 127.097326 37.601288, 127.097067 37.601186, 127.096774 37.601076, 127.096495 37.600972, 127.095746 37.600684, 127.095431 37.600568, 127.095029 37.600406, 127.094653 37.600243, 127.094357 37.600115)
404546074		False	LINESTRING (127.103604 37.605073, 127.103491 37.60499, 127.103372 37.604895, 127.103055 37.604642, 127.102786 37.604406, 127.102437 37.604079, 127.102162 37.603823, 127.101874 37.603558, 127.101518 37.60327, 127.101212 37.603059, 127.100903 37.602866, 127.100654 37.602732, 127.100369 37.602579, 127.100167 37.602483, 127.099956 37.60239, 127.099496 37.602211, 127.09904 37.602037, 127.09884 37.601965, 127.098539 37.601846, 127.098264 37.601744, 127.097959 37.601629, 127.097727 37.601541, 127.097708 37.601533, 127.097497 37.601452, 127.097297 37.601371, 127.097264 37.60136, 127.097029 37.601275, 127.097001 37.601265, 127.096726 37.60116, 127.096444 37.601052, 127.096387 37.601033, 127.095697 37.60077, 127.09538 37.600655, 127.095075 37.600537, 127.094974 37.600501, 127.094592 37.600352, 127.094207 37.600207, 127.093833 37.600065, 127.093439 37.599916, 127.09303 37.599762, 127.092549 37.59958, 127.091995 37.599369, 127.091527 37.599189, 127.091306 37.599103, 127.091048 37.599006, 127.090634 37.598854, 127.090512 37.598814, 127.090004 37.59862, 127.089572 37.598462, 127.089098 37.598279, 127.088747 37.598143, 127.088387 37.59801, 127.088031 37.597875, 127.087936 37.597836, 127.087672 37.597737, 127.087363 37.597619, 127.08709 37.597512, 127.086853 37.597424, 127.086844 37.597419, 127.086503 37.597293, 127.086054 37.597143, 127.085985 37.597122, 127.08568 37.597032, 127.08524 37.59692, 127.084828 37.59683, 127.084395 37.596734)
404546075		False	LINESTRING (127.098343 37.601722, 127.098872 37.601876)
404546076		False	LINESTRING (127.097727 37.601541, 127.098238 37.601778)
404546077		False	LINESTRING (127.097297 37.601371, 127.097938 37.601573)
404546078		False	LINESTRING (127.097001 37.601265, 127.096709 37.601174, 127.09642 37.601085, 127.096201 37.601005, 127.095678 37.600812, 127.095356 37.600705, 127.094938 37.600563, 127.094557 37.600422, 127.094165 37.600275, 127.093797 37.600133, 127.093399 37.599981, 127.092993 37.599828, 127.092504 37.599644, 127.092084 37.599477, 127.091966 37.599419, 127.091518 37.599205, 127.091306 37.599103)
404546079		False	LINESTRING (127.094256 37.600522, 127.094034 37.600482, 127.093808 37.600447, 127.093627 37.600422, 127.093188 37.600338, 127.092966 37.60028, 127.092759 37.600213, 127.092279 37.600028, 127.091766 37.599833, 127.091248 37.599639, 127.090781 37.599458, 127.090243 37.599255, 127.089726 37.599063, 127.089297 37.598898, 127.089076 37.598798, 127.088879 37.598678, 127.088235 37.598255, 127.087922 37.598048, 127.087706 37.597906, 127.087608 37.597842, 127.087389 37.597701, 127.08733 37.597671, 127.087134 37.59757, 127.087072 37.597537, 127.086853 37.597424)
404546080		False	LINESTRING (127.093808 37.600447, 127.093635 37.600404, 127.093211 37.600294, 127.092995 37.60024, 127.09278 37.600177, 127.092295 37.59999, 127.091787 37.599799, 127.091269 37.599606, 127.090802 37.599423, 127.090264 37.599224, 127.089748 37.599025, 127.089318 37.598864, 127.089095 37.598762, 127.088946 37.598675, 127.088786 37.598571, 127.088255 37.598218, 127.088012 37.598064, 127.087936 37.598026, 127.087706 37.597906)
404546081		False	LINESTRING (127.088012 37.598064, 127.08827 37.598195, 127.088327 37.598222, 127.088644 37.598422, 127.088836 37.598548, 127.088965 37.598635, 127.08912 37.598725, 127.089338 37.59883, 127.089774 37.598992, 127.090287 37.599187, 127.090824 37.599387, 127.091292 37.599571, 127.091808 37.599763, 127.092315 37.599958, 127.092714 37.600109, 127.092804 37.60014, 127.093016 37.600201, 127.093214 37.600251, 127.093236 37.600255, 127.093626 37.600358, 127.093663 37.600368, 127.094046 37.60047, 127.094256 37.600522, 127.094478 37.600582, 127.094879 37.600688, 127.095307 37.6008, 127.095531 37.600847, 127.095645 37.600866, 127.095877 37.600914, 127.096201 37.601005)
404546082		False	LINESTRING (127.095877 37.600914, 127.095441 37.600796, 127.095328 37.600766, 127.094903 37.600637, 127.094722 37.600567, 127.094507 37.60051, 127.094366 37.600472, 127.093975 37.600372, 127.0937 37.600297, 127.093537 37.60025, 127.093295 37.600162, 127.092885 37.600005, 127.0924 37.59982, 127.091844 37.59961, 127.091376 37.599435, 127.090903 37.599256, 127.090366 37.599053, 127.089853 37.59886, 127.089429 37.598695, 127.089136 37.598585, 127.08895 37.598495, 127.088679 37.598357, 127.088407 37.598221, 127.088289 37.59816, 127.088068 37.598047, 127.087957 37.59799, 127.087725 37.597869, 127.087626 37.59782, 127.087389 37.597701)
404546083		False	LINESTRING (127.093626 37.600358, 127.093251 37.600226, 127.09305 37.600152, 127.092847 37.600073, 127.09236 37.59989, 127.091849 37.599693, 127.091339 37.599502, 127.090866 37.599319, 127.090325 37.599115, 127.089813 37.598922, 127.089391 37.598754, 127.089167 37.598649, 127.088951 37.598542, 127.088633 37.598377, 127.088327 37.598222)
404546084		False	LINESTRING (127.088633 37.598377, 127.088923 37.598556, 127.08905 37.598638, 127.089139 37.598689, 127.089365 37.598794, 127.089793 37.598959, 127.090307 37.599153, 127.090846 37.599353, 127.091316 37.599533, 127.091828 37.599727, 127.092336 37.599923, 127.092821 37.600103, 127.093028 37.600183, 127.093214 37.600251)
404546085		False	LINESTRING (127.093975 37.600372, 127.09371 37.600277, 127.093316 37.600126, 127.092905 37.599971, 127.092418 37.599788, 127.09186 37.599578, 127.091396 37.599401, 127.090925 37.599221, 127.090384 37.599015, 127.089878 37.598823, 127.089452 37.598661, 127.088969 37.598478, 127.088679 37.598357)
404546086		False	LINESTRING (127.088407 37.598221, 127.088697 37.59833, 127.088993 37.598439, 127.089473 37.598626, 127.089898 37.598782, 127.09041 37.598978, 127.090944 37.599183, 127.091421 37.599364, 127.091886 37.59954, 127.092441 37.599751, 127.092927 37.599932, 127.093334 37.600088, 127.093734 37.600239, 127.094106 37.60038, 127.094366 37.600472)
404546087		False	LINESTRING (127.094722 37.600567, 127.094514 37.600491, 127.094325 37.60042, 127.094123 37.600343, 127.093751 37.600202, 127.093357 37.600052, 127.092948 37.599899, 127.092465 37.599715, 127.091908 37.599505, 127.091448 37.599328, 127.090967 37.599148, 127.090433 37.598944, 127.08992 37.598748, 127.089495 37.598588, 127.088305 37.598138, 127.088068 37.598047)
404546088		False	LINESTRING (127.087725 37.597869, 127.087971 37.59797, 127.088092 37.598016, 127.088324 37.598103, 127.089517 37.598553, 127.089943 37.598714, 127.090455 37.598909, 127.090988 37.599113, 127.091465 37.599294, 127.091928 37.599468, 127.092485 37.599678, 127.092969 37.599862, 127.093375 37.600017, 127.093775 37.600168, 127.094146 37.600308, 127.094534 37.600455, 127.09492 37.600602, 127.095331 37.600757, 127.095441 37.600796)
404546089		False	LINESTRING (127.089382 37.59822, 127.08918 37.598131, 127.088842 37.597984, 127.088687 37.597914)
404546090		False	LINESTRING (127.094357 37.600115, 127.094285 37.600077, 127.093935 37.599895, 127.09356 37.599718, 127.09315 37.599571, 127.091644 37.599, 127.091571 37.598973, 127.09064 37.598607, 127.090298 37.598484, 127.09012 37.598419, 127.08979 37.598332)
404546091	중앙선	False	LINESTRING (127.08979 37.598332, 127.089677 37.59829, 127.089192 37.598105, 127.088848 37.597972, 127.088687 37.597914)
404546092	중앙선	False	LINESTRING (127.094357 37.600115, 127.094279 37.600081, 127.093916 37.599925, 127.093531 37.599758, 127.093134 37.599599, 127.091629 37.599024, 127.090618 37.598646, 127.090103 37.598447, 127.08979 37.598332)
404546093		False	LINESTRING (127.096387 37.601033, 127.09574 37.600733)
404546096	중앙선	False	LINESTRING (127.088687 37.597914, 127.088492 37.597841, 127.088136 37.597706, 127.08777 37.597567, 127.087468 37.597456, 127.087188 37.597351, 127.086933 37.597264, 127.086586 37.597145, 127.086123 37.597009, 127.085731 37.596895, 127.085291 37.596788, 127.084883 37.59669, 127.08466 37.596636, 127.084367 37.596568, 127.084314 37.596556, 127.083993 37.596484, 127.083643 37.596417, 127.083302 37.596349, 127.082998 37.596292, 127.082546 37.596205, 127.082172 37.596137, 127.081838 37.596075, 127.081548 37.596025)
404546097		False	LINESTRING (127.090634 37.598854, 127.091064 37.59897, 127.091324 37.599073, 127.091549 37.59916, 127.092014 37.599336, 127.092568 37.599543, 127.093054 37.599724, 127.093109 37.599746, 127.093465 37.599865, 127.093867 37.600009, 127.09401 37.600058, 127.094241 37.600141, 127.094568 37.600256)
404546098		False	LINESTRING (127.08268 37.596359, 127.082946 37.596431, 127.083243 37.596513, 127.083362 37.59655)
404546099	망우선	False	LINESTRING (127.084928 37.596881, 127.084819 37.596856, 127.084596 37.596808, 127.08429 37.59675, 127.083912 37.596689, 127.083687 37.596642)
404546100		False	LINESTRING (127.083892 37.596618, 127.083605 37.596535, 127.083265 37.596437, 127.082972 37.596357, 127.082531 37.596251, 127.082434 37.596227)
404546101		False	LINESTRING (127.081324 37.59602, 127.0815 37.596059, 127.081819 37.596135, 127.082142 37.596226, 127.082435 37.596306)
404546102		False	LINESTRING (127.081548 37.596025, 127.081833 37.596094, 127.08216 37.596171, 127.08223 37.596191)
404546103	중앙선	False	LINESTRING (127.098343 37.601722, 127.098561 37.601804, 127.098858 37.601914, 127.099069 37.601994, 127.099521 37.602171, 127.099984 37.60235, 127.100203 37.602442, 127.1004 37.602541, 127.100688 37.602687, 127.10094 37.602832, 127.101253 37.603028, 127.101552 37.603241, 127.101908 37.603531, 127.102203 37.603789, 127.102469 37.604041, 127.102827 37.604374, 127.103094 37.604614, 127.103415 37.604869, 127.103744 37.605115, 127.104051 37.605306, 127.104356 37.605476, 127.104685 37.605633, 127.105033 37.605785, 127.105452 37.605938, 127.105868 37.60607, 127.106341 37.606205, 127.106887 37.606363, 127.107413 37.606501, 127.108304 37.606735, 127.108702 37.606828, 127.108984 37.606893, 127.109254 37.606959, 127.109756 37.607058, 127.110252 37.607153, 127.1108 37.607238, 127.111382 37.607322, 127.111936 37.60738, 127.112494 37.607436, 127.113014 37.607476, 127.11349 37.607506, 127.113748 37.607522)
404546104	중앙선	False	LINESTRING (127.080617 37.595846, 127.080072 37.595735, 127.07963 37.595642, 127.079394 37.595601, 127.078896 37.595502, 127.078854 37.59549)
404546106	경춘선	False	LINESTRING (127.092094 37.600158, 127.092217 37.6002, 127.092671 37.600372, 127.092887 37.600438, 127.093109 37.600484, 127.09355 37.600574, 127.093935 37.600649, 127.094219 37.600702, 127.094513 37.600761, 127.09462 37.600782, 127.094965 37.60085, 127.09501 37.600859, 127.095374 37.600927, 127.095691 37.600996, 127.096041 37.601064, 127.096378 37.601149, 127.096673 37.601254, 127.096964 37.601358, 127.097196 37.601433, 127.097232 37.601445, 127.097452 37.601526, 127.097667 37.601604, 127.097917 37.601699, 127.098217 37.601812, 127.098493 37.601917, 127.09879 37.60203, 127.098996 37.60211, 127.099107 37.602154, 127.099454 37.60228, 127.099906 37.602463, 127.100156 37.60257, 127.100334 37.602656, 127.100601 37.602795, 127.100852 37.60293, 127.10115 37.603117, 127.101442 37.603325, 127.101794 37.603608, 127.102078 37.603873, 127.102342 37.604144, 127.102542 37.604364, 127.102713 37.604596, 127.102901 37.60486, 127.102999 37.605044)
404546110	중앙선	False	LINESTRING (127.090772 37.599623, 127.090688 37.599589, 127.090161 37.599383, 127.08991 37.599286, 127.089652 37.599186, 127.089445 37.599088, 127.089247 37.598975, 127.089043 37.598852, 127.088955 37.598798, 127.08889 37.598758, 127.08867 37.598618, 127.088654 37.598609, 127.088399 37.598439, 127.088197 37.59832, 127.088156 37.598297, 127.087875 37.598121, 127.087559 37.597924, 127.087279 37.597753, 127.087023 37.597613, 127.086796 37.597498, 127.086475 37.597352, 127.086034 37.597181, 127.085664 37.597064, 127.085228 37.596952, 127.085123 37.596925)
404546111	망우선	False	LINESTRING (127.080592 37.59597, 127.080337 37.595955, 127.080046 37.595942, 127.079662 37.59594, 127.079309 37.595949, 127.078965 37.595973, 127.078633 37.596012, 127.078283 37.596069, 127.077948 37.596138, 127.077593 37.596222, 127.077257 37.596326, 127.076945 37.596429, 127.07662 37.596566, 127.076319 37.596696, 127.076007 37.596845, 127.075629 37.59706, 127.075362 37.597204, 127.075077 37.597361, 127.0748 37.59752, 127.074542 37.597665, 127.074274 37.597816, 127.073983 37.597977, 127.073702 37.598139, 127.073413 37.598305, 127.073166 37.598456, 127.072868 37.598626, 127.072671 37.598735, 127.070494 37.599999)
404546112		False	LINESTRING (127.080704 37.596023, 127.081001 37.596065, 127.081463 37.596156, 127.081787 37.596223, 127.082119 37.596295, 127.082484 37.596374, 127.082936 37.596462, 127.083241 37.596522, 127.083362 37.59655)
404546113	중앙선	False	LINESTRING (127.086578 37.597531, 127.086728 37.597598, 127.086962 37.597694, 127.087214 37.597818, 127.087518 37.597972, 127.087856 37.598162, 127.08812 37.598325, 127.088171 37.598362, 127.088366 37.598481, 127.088631 37.598642, 127.088651 37.598654, 127.088862 37.598786, 127.088935 37.598829, 127.089023 37.598881, 127.089224 37.599011, 127.089425 37.59912, 127.089633 37.599219, 127.089891 37.599321, 127.090142 37.599417, 127.090669 37.599616, 127.091185 37.59981)
404546114	망우선	False	LINESTRING (127.083892 37.596618, 127.0836 37.596558, 127.083253 37.596482, 127.082954 37.596416, 127.08268 37.596359)
404546115	망우선	False	LINESTRING (127.082435 37.596306, 127.082135 37.596242, 127.081806 37.596172, 127.081479 37.596116, 127.08102 37.596023, 127.080592 37.59597)
405047349		False	LINESTRING (127.078854 37.59549, 127.07839 37.595362, 127.0779 37.595257, 127.077423 37.595154, 127.075353 37.5947, 127.074938 37.594622, 127.074517 37.594549, 127.074225 37.594504)
405047350		False	LINESTRING (127.074211 37.594544, 127.074489 37.594621, 127.074893 37.594731, 127.077118 37.595224, 127.077379 37.595274, 127.077849 37.595368, 127.078352 37.595463, 127.078843 37.595531)
405047351	중앙선	False	LINESTRING (127.073965 37.594451, 127.073521 37.594355, 127.073082 37.594256, 127.072659 37.594166)
405047352	중앙선	False	LINESTRING (127.073953 37.594486, 127.0742 37.594541, 127.074211 37.594544)
405047353	중앙선	False	LINESTRING (127.068431 37.59325, 127.06793 37.593148, 127.067435 37.593039, 127.06692 37.592922, 127.066414 37.592809, 127.065892 37.592694, 127.06542 37.592596, 127.064905 37.592487, 127.064409 37.592374, 127.063928 37.59227, 127.063434 37.592155, 127.063039 37.592056)
405047354	중앙선	False	LINESTRING (127.072653 37.594206, 127.073069 37.594294, 127.07351 37.594392, 127.073953 37.594486)
405047358	중앙선	False	LINESTRING (127.074225 37.594504, 127.074214 37.594501, 127.073965 37.594451)
405047359	중앙선	False	LINESTRING (127.074211 37.594544, 127.074498 37.5946, 127.074907 37.594692, 127.077392 37.595233, 127.077865 37.595332, 127.078362 37.59543, 127.078843 37.595531)
405047360	중앙선	False	LINESTRING (127.078843 37.595531, 127.078884 37.595538, 127.079384 37.595635, 127.079618 37.595683, 127.08006 37.595772, 127.080609 37.595884)
405047361	중앙선	False	LINESTRING (127.078854 37.59549, 127.078375 37.595394, 127.077883 37.595295, 127.077407 37.59519, 127.074922 37.594655, 127.07451 37.594569, 127.074225 37.594504)
405047362	중앙선	False	LINESTRING (127.063028 37.59209, 127.06342 37.59219, 127.063916 37.592302, 127.064397 37.592406, 127.064895 37.592518, 127.065406 37.592628, 127.065878 37.592728, 127.066402 37.592845, 127.066906 37.592958, 127.067423 37.593072, 127.067922 37.59318, 127.06841 37.593288)
425322311	망우선	False	LINESTRING (127.070494 37.599999, 127.070283 37.600113)
425322312	망우선	False	LINESTRING (127.070283 37.600113, 127.069992 37.600278)
425322313	망우선	False	LINESTRING (127.069992 37.600278, 127.06972 37.600434, 127.069448 37.600598, 127.069223 37.600772, 127.069038 37.600941, 127.068816 37.601157, 127.068642 37.601358, 127.068452 37.601623, 127.0683 37.601862, 127.068182 37.60211, 127.068083 37.602357, 127.068008 37.602629, 127.067957 37.602903, 127.067929 37.603165, 127.067913 37.603512, 127.06791 37.603787, 127.067874 37.605224, 127.067849 37.605935, 127.067831 37.606893, 127.067796 37.608558, 127.067748 37.609487, 127.067708 37.609821, 127.067661 37.610136, 127.067626 37.610311)
425322314		False	LINESTRING (127.068009 37.603316, 127.068003 37.603569, 127.067984 37.60448, 127.067974 37.60496, 127.067936 37.606635, 127.067915 37.6077, 127.067891 37.608641, 127.067854 37.609512, 127.067825 37.610115, 127.0678 37.610482, 127.067776 37.610716, 127.067673 37.6112, 127.067592 37.611465, 127.067515 37.611663, 127.067475 37.611744, 127.067227 37.612236, 127.067188 37.612321, 127.066894 37.612817, 127.066861 37.612887)
425322320		False	LINESTRING (127.067475 37.611744, 127.067237 37.61212, 127.067132 37.612329)
425322321		False	LINESTRING (127.067227 37.612236, 127.067394 37.611975, 127.067584 37.611701, 127.067653 37.611564, 127.067708 37.611413, 127.067754 37.61127, 127.067795 37.611104, 127.067834 37.610888, 127.067907 37.610318, 127.067935 37.610046, 127.068031 37.608295, 127.068034 37.608042)
425322323		False	LINESTRING (127.067394 37.611975, 127.067612 37.611708, 127.067742 37.61155, 127.067813 37.611453, 127.067966 37.611202, 127.068039 37.611072, 127.068291 37.610642, 127.068382 37.610453, 127.068431 37.610316, 127.068468 37.610179, 127.06849 37.610026, 127.068506 37.609851, 127.068555 37.609067, 127.068565 37.608854, 127.068567 37.608637)
425322324		False	LINESTRING (127.06793 37.604516, 127.067898 37.605957, 127.06788 37.607109, 127.067799 37.609711, 127.067782 37.610083, 127.067756 37.61036, 127.067722 37.61059, 127.067687 37.61075, 127.067636 37.610946, 127.067583 37.611135, 127.067534 37.611283, 127.067447 37.611495, 127.067343 37.611769, 127.067263 37.611945, 127.066866 37.612801, 127.06684 37.612862)
425322326		False	LINESTRING (127.068343 37.608159, 127.068309 37.608532, 127.068242 37.609627, 127.068226 37.609842, 127.068205 37.609969, 127.068165 37.610138, 127.068051 37.610518, 127.067994 37.610701, 127.067827 37.611109, 127.067708 37.611413)
425322327		False	LINESTRING (127.067795 37.611104, 127.067878 37.610787, 127.068081 37.610096, 127.068128 37.60989, 127.068142 37.609742, 127.068187 37.608951, 127.068201 37.608656, 127.068226 37.608334, 127.068236 37.607811, 127.068237 37.60718)
425322328		False	LINESTRING (127.067827 37.611109, 127.067947 37.610716, 127.068051 37.610347, 127.068152 37.609991, 127.068175 37.609877, 127.068191 37.609753, 127.068246 37.60879, 127.06826 37.608656, 127.068281 37.608482)
425322329		False	LINESTRING (127.068187 37.608951, 127.06824 37.608653, 127.068281 37.608482, 127.068303 37.608383, 127.068343 37.608159, 127.06836 37.60806, 127.068394 37.60784, 127.068416 37.607712, 127.068431 37.607542)
425322330		False	LINESTRING (127.068201 37.608656, 127.068237 37.608442, 127.068272 37.608282, 127.06829 37.608151, 127.068299 37.607975, 127.068311 37.607316, 127.068312 37.60718)
425322331		False	LINESTRING (127.068226 37.608334, 127.068214 37.608187, 127.068198 37.608071, 127.068088 37.607322, 127.068063 37.607124, 127.068047 37.606956)
425322332		False	LINESTRING (127.06812 37.60849, 127.068099 37.609251, 127.068078 37.609456, 127.06801 37.609927, 127.067943 37.610405, 127.06792 37.610558, 127.067878 37.610787)
425322333		False	LINESTRING (127.067803 37.611307, 127.0679 37.611104, 127.067969 37.610931, 127.068059 37.610653, 127.06812 37.610446, 127.068238 37.610072, 127.068267 37.609919, 127.068283 37.609772, 127.068372 37.608483, 127.068394 37.60784)
425322334		False	LINESTRING (127.067969 37.610931, 127.068139 37.610538, 127.068203 37.61039, 127.068261 37.610228, 127.068285 37.610131, 127.068304 37.610009, 127.06832 37.609863, 127.068425 37.608316, 127.068431 37.607542, 127.068434 37.607345, 127.068432 37.607177)
425322335		False	LINESTRING (127.067188 37.612321, 127.067066 37.612597, 127.067035 37.612666, 127.066915 37.612938)
425322336		False	LINESTRING (127.066868 37.612888, 127.066894 37.612839, 127.067035 37.612666, 127.067309 37.612332)
425322337		False	LINESTRING (127.068896 37.606771, 127.068892 37.608278, 127.068841 37.609052, 127.068816 37.609478, 127.068797 37.609909, 127.06879 37.610073, 127.068776 37.610216, 127.068744 37.610338, 127.068696 37.610481, 127.068643 37.610603, 127.06856 37.610741, 127.068438 37.610928, 127.068186 37.611272, 127.067981 37.61155, 127.067788 37.611788, 127.06756 37.612047, 127.067309 37.612332, 127.067135 37.612587, 127.066999 37.61281, 127.066921 37.61294)
425371567		False	LINESTRING (127.06902 37.60296, 127.068968 37.603968)
425371568		False	LINESTRING (127.069098 37.602942, 127.069059 37.603985, 127.069042 37.604742, 127.069036 37.604815, 127.06902 37.604906, 127.068997 37.604994, 127.068958 37.605088, 127.068898 37.605216, 127.068811 37.605378, 127.068725 37.605545, 127.068611 37.605776)
425371569		False	LINESTRING (127.068711 37.604711, 127.068708 37.604776, 127.068705 37.604958, 127.068692 37.605161, 127.068673 37.605288, 127.068583 37.605756, 127.068562 37.605873, 127.068533 37.606048, 127.068504 37.606243)
425371570		False	LINESTRING (127.068504 37.606243, 127.0685 37.605894, 127.068528 37.605086, 127.068539 37.604772, 127.06854 37.604714)
425371571		False	LINESTRING (127.06848 37.604712, 127.068475 37.604775, 127.068459 37.605102, 127.068433 37.605839, 127.068425 37.606236)
425371572		False	LINESTRING (127.068379 37.604704, 127.068424 37.60277)
425371573		False	LINESTRING (127.06867 37.602802, 127.068642 37.604713)
425371574		False	LINESTRING (127.068402 37.60597, 127.068309 37.605257, 127.068292 37.605116, 127.068292 37.605033, 127.068306 37.60471)
425371575		False	LINESTRING (127.068224 37.604704, 127.068281 37.602762)
425371576		False	LINESTRING (127.068841 37.609052, 127.068837 37.608842, 127.068827 37.608757, 127.06882 37.608631, 127.068818 37.608376, 127.068828 37.60677)
425371577		False	LINESTRING (127.068748 37.608614, 127.06875 37.608363, 127.068759 37.608146, 127.068774 37.60677)
425371578		False	LINESTRING (127.068791 37.609065, 127.068762 37.608772, 127.068748 37.608614, 127.068724 37.608356, 127.068701 37.608134, 127.068699 37.6079, 127.068708 37.607016, 127.068706 37.60677)
425371579		False	LINESTRING (127.068698 37.608654, 127.068638 37.608213, 127.068624 37.608041, 127.068624 37.607871, 127.068628 37.606767)
425371580		False	LINESTRING (127.068816 37.609478, 127.068813 37.609271, 127.068798 37.609128, 127.068791 37.609065, 127.068768 37.608933, 127.06875 37.608853, 127.068698 37.608654, 127.06864 37.608435, 127.0686 37.608266, 127.068582 37.608151, 127.068568 37.608016, 127.068566 37.607864, 127.068572 37.60694, 127.06857 37.606764)
425371586		False	LINESTRING (127.069111 37.609002, 127.069212 37.607035)
425371587		False	LINESTRING (127.069224 37.60899, 127.069311 37.607051)
425371590		False	LINESTRING (127.068755 37.60936, 127.06878 37.609599, 127.068789 37.609698, 127.068797 37.609909)
425371591		False	LINESTRING (127.067964 37.611519, 127.068104 37.611305, 127.068234 37.611133, 127.068427 37.610871, 127.068551 37.610668, 127.068596 37.610569, 127.068669 37.610394, 127.068712 37.610234, 127.06873 37.610098, 127.068746 37.609887, 127.068755 37.60936, 127.068744 37.609249, 127.068698 37.608959, 127.068616 37.60865, 127.06857 37.608476, 127.068552 37.608396, 127.068527 37.608245)
425371592		False	LINESTRING (127.068616 37.60865, 127.068657 37.608868, 127.068668 37.60899, 127.068697 37.609317, 127.068706 37.609478, 127.068704 37.609559, 127.068669 37.610108, 127.068646 37.610232, 127.068604 37.610374, 127.068548 37.610509, 127.06848 37.610633, 127.068349 37.610835, 127.068188 37.611112, 127.067964 37.611519, 127.067915 37.611602, 127.067859 37.611692, 127.067788 37.611788)
425371593		False	LINESTRING (127.068668 37.60899, 127.068666 37.609216, 127.068655 37.609386, 127.068615 37.610035, 127.068595 37.610194, 127.06856 37.610338, 127.06851 37.610464, 127.068431 37.610617, 127.068303 37.610818, 127.068149 37.611094, 127.067833 37.611666, 127.067734 37.611818, 127.06756 37.612047)
425371594		False	LINESTRING (127.068497 37.607873, 127.068491 37.608252, 127.068464 37.608716, 127.06844 37.609096, 127.068387 37.609954, 127.068356 37.610178, 127.068306 37.61036, 127.068245 37.610518, 127.068163 37.610679, 127.068052 37.610868, 127.067803 37.611307, 127.067684 37.611529, 127.067584 37.611701)
425371595		False	LINESTRING (127.067612 37.611708, 127.067747 37.611502, 127.068052 37.610969, 127.068206 37.6107, 127.068291 37.610526, 127.06835 37.61037, 127.068401 37.610214, 127.068426 37.610096, 127.068437 37.61, 127.068499 37.609054, 127.068519 37.6087, 127.068517 37.608608, 127.068505 37.608478, 127.068497 37.608397, 127.068491 37.608252)
425371596		False	LINESTRING (127.0658 37.615145, 127.065718 37.615343, 127.065701 37.615393, 127.065681 37.615482, 127.06567 37.615525, 127.065586 37.615738)
425371598	경원선	False	LINESTRING (127.065703 37.614835, 127.065558 37.615159, 127.065335 37.615731, 127.065312 37.615791, 127.065255 37.615938, 127.065104 37.616336, 127.064927 37.616745)
425371599	경원선	False	LINESTRING (127.065859 37.614879, 127.066062 37.614397, 127.066148 37.614182, 127.066195 37.614064)
425371600	망우선	False	LINESTRING (127.065907 37.614894, 127.0658 37.615145, 127.065574 37.61564, 127.065454 37.615924, 127.065338 37.616155, 127.06523 37.616359, 127.065156 37.61651, 127.065037 37.616774)
425371601		False	LINESTRING (127.065955 37.614908, 127.065872 37.615096, 127.065795 37.615278, 127.065586 37.615738, 127.065463 37.616008, 127.06537 37.616204, 127.065239 37.616456, 127.065088 37.616789)
425371602		False	LINESTRING (127.066292 37.614092, 127.066167 37.614392, 127.066064 37.614659, 127.065955 37.614908)
425371603	망우선	False	LINESTRING (127.066248 37.61408, 127.066113 37.614408, 127.065907 37.614894)
425371604	경원선	False	LINESTRING (127.067579 37.610304, 127.067665 37.609801, 127.06771 37.609361, 127.067745 37.608555, 127.067792 37.606625, 127.0678 37.606124, 127.067839 37.605014, 127.067839 37.604579, 127.067837 37.604119, 127.067819 37.603746, 127.067788 37.603442, 127.06776 37.603156, 127.067746 37.603039)
425371605	경원선	False	LINESTRING (127.066067 37.614026, 127.065703 37.614835)
425371607	경원선	False	LINESTRING (127.064853 37.617038, 127.064976 37.616758)
425371609	경원선	False	LINESTRING (127.064976 37.616758, 127.065077 37.616545, 127.065163 37.616372, 127.065292 37.616123, 127.065391 37.61593, 127.06576 37.615115, 127.065859 37.614879)
425371610	경원선	False	LINESTRING (127.064927 37.616745, 127.064807 37.617025)
425371611		False	LINESTRING (127.064965 37.61707, 127.064806 37.617436, 127.064552 37.618015)
425371612	망우선	False	LINESTRING (127.064915 37.617056, 127.064665 37.617594, 127.064485 37.617982, 127.064389 37.618188, 127.06424 37.618527, 127.064186 37.618647, 127.06408 37.618857)
425371613		False	LINESTRING (127.065088 37.616789, 127.064965 37.61707)
425371614	망우선	False	LINESTRING (127.065037 37.616774, 127.064915 37.617056)
425371616		False	LINESTRING (127.064615 37.617445, 127.064438 37.61794)
425371617		False	LINESTRING (127.064013 37.618838, 127.064182 37.618564, 127.064226 37.618483, 127.064389 37.618188)
425371618		False	LINESTRING (127.064332 37.618173, 127.064226 37.618483, 127.064176 37.618632, 127.06408 37.618857)
425371619		False	LINESTRING (127.063582 37.619959, 127.063682 37.619673, 127.063731 37.619483, 127.063754 37.619409, 127.063766 37.61937, 127.06385 37.61915)
425371620		False	LINESTRING (127.063345 37.620244, 127.063475 37.619987, 127.063528 37.619879, 127.06365 37.61962)
425374187		False	LINESTRING (127.061155 37.62553, 127.061398 37.625171, 127.061484 37.625061, 127.061645 37.624854, 127.061737 37.624676, 127.061811 37.62454, 127.061888 37.624371, 127.062555 37.62291, 127.062902 37.622093, 127.062996 37.621867, 127.063052 37.62169, 127.063148 37.62138, 127.063294 37.620933, 127.063336 37.620792, 127.063381 37.620626, 127.063447 37.620458, 127.063516 37.620297, 127.06359 37.62013, 127.06369 37.619907)
425374189		False	LINESTRING (127.063909 37.619462, 127.063942 37.619396, 127.064099 37.619018, 127.064172 37.618866, 127.064393 37.618441, 127.064486 37.618249, 127.06463 37.617934, 127.064672 37.617836)
425383751		False	LINESTRING (127.063837 37.619376, 127.06369 37.619907, 127.063544 37.62041, 127.063185 37.621584, 127.06309 37.621852, 127.062998 37.62209, 127.062586 37.622987, 127.062312 37.623598, 127.062171 37.623917, 127.0619 37.624538, 127.0618 37.624721, 127.06164 37.624968, 127.061606 37.625015, 127.061413 37.625294, 127.061262 37.62553, 127.061192 37.625639, 127.061044 37.625958, 127.060971 37.626101, 127.060656 37.626712)
425545541		False	LINESTRING (127.061606 37.625015, 127.061769 37.624847, 127.061859 37.624723, 127.061947 37.624576, 127.062018 37.624432, 127.062859 37.622565, 127.063092 37.622006, 127.063131 37.62191, 127.063181 37.621765, 127.063438 37.620912, 127.063547 37.620576, 127.063606 37.620418, 127.063653 37.620234, 127.063685 37.620104, 127.063827 37.619693)
554387878	경원선	False	LINESTRING (127.063001 37.621108, 127.063243 37.620586, 127.063426 37.620188, 127.063505 37.620022, 127.06365 37.61962, 127.063741 37.619393, 127.06385 37.61915)
623450827	중앙선	False	LINESTRING (127.081324 37.59602, 127.081503 37.59605, 127.081824 37.596112, 127.08216 37.596178, 127.08223 37.596191)
623450828	망우선	False	LINESTRING (127.08268 37.596359, 127.0825 37.596319, 127.082435 37.596306)
623450829	중앙선	False	LINESTRING (127.081548 37.596025, 127.081515 37.596017, 127.081053 37.595929, 127.080653 37.595852, 127.080617 37.595846)
623450830	중앙선	False	LINESTRING (127.08223 37.596191, 127.082434 37.596227)
623450832	중앙선	False	LINESTRING (127.080609 37.595884, 127.080641 37.59589, 127.08104 37.595965, 127.081324 37.59602)
623450833	중앙선	False	LINESTRING (127.083687 37.596642, 127.083905 37.596702, 127.084164 37.596776, 127.084461 37.596863, 127.08474 37.596944, 127.085182 37.597069, 127.085597 37.597196, 127.085965 37.597304, 127.086414 37.597468, 127.086578 37.597531)
623450834	중앙선	False	LINESTRING (127.085123 37.596925, 127.084928 37.596881)
623450836	경춘선	False	LINESTRING (127.091185 37.59981, 127.092094 37.600158)
623450837	경춘선	False	LINESTRING (127.091203 37.599784, 127.090772 37.599623)
625354990	경원선	False	LINESTRING (127.064438 37.61794, 127.0646 37.617584, 127.064853 37.617038)
625354991	경원선	False	LINESTRING (127.064807 37.617025, 127.064646 37.617376, 127.064615 37.617445)
625373253	망우선	False	LINESTRING (127.063582 37.619959, 127.06354 37.620069, 127.063448 37.62027)
625373257	경원선	False	LINESTRING (127.06385 37.61915, 127.064013 37.618838, 127.064155 37.618563, 127.064332 37.618173)
625376943	경원선	False	LINESTRING (127.064615 37.617445, 127.064512 37.617666, 127.064346 37.618023, 127.063918 37.61891, 127.063759 37.619219, 127.063674 37.619402, 127.063599 37.619597, 127.063493 37.619884, 127.063345 37.620244, 127.063192 37.620555, 127.063064 37.620776, 127.062981 37.620909)
634883972		False	LINESTRING (127.087134 37.59757, 127.087066 37.597545, 127.086825 37.597456, 127.086512 37.597335)
634883977		False	LINESTRING (127.09401 37.600058, 127.094234 37.600157, 127.094608 37.600323, 127.094976 37.600488, 127.095075 37.600537)
634883979	중앙선	False	LINESTRING (127.091094 37.598861, 127.091612 37.599052, 127.093114 37.599636, 127.093165 37.599656, 127.093515 37.599793, 127.093899 37.59996, 127.094253 37.600119, 127.094568 37.600256, 127.094631 37.600284, 127.095004 37.600443, 127.09541 37.600609, 127.09572 37.600728, 127.09574 37.600733, 127.096468 37.601011, 127.096753 37.601117, 127.097041 37.601224, 127.097305 37.601322, 127.097521 37.601408, 127.097734 37.601492, 127.097938 37.601573, 127.097975 37.601586, 127.098293 37.601699, 127.098343 37.601722)
634883982	중앙선	False	LINESTRING (127.087797 37.597622, 127.088108 37.59774, 127.088466 37.597875, 127.088824 37.59801, 127.089173 37.598142, 127.089382 37.59822, 127.089652 37.598325, 127.090081 37.598483, 127.090594 37.598679, 127.091094 37.598861)
634883986	중앙선	False	LINESTRING (127.082434 37.596227, 127.082531 37.596244, 127.082984 37.596328, 127.083287 37.596383, 127.083631 37.596452, 127.08398 37.596524, 127.084356 37.596604, 127.08528 37.596814, 127.085718 37.596926, 127.086024 37.597018, 127.086106 37.597044, 127.086567 37.597182, 127.086911 37.597301, 127.087168 37.597384, 127.087441 37.597487, 127.087752 37.597601, 127.087797 37.597622)
634883989		False	LINESTRING (127.087091 37.597396, 127.087146 37.597417, 127.087423 37.597521, 127.087726 37.597637, 127.088086 37.597774, 127.088337 37.59787)
634883991	망우선	False	LINESTRING (127.083362 37.59655, 127.083581 37.596613, 127.083687 37.596642)
634883997		False	LINESTRING (127.084395 37.596734, 127.084928 37.596881)
634883998	망우선	False	LINESTRING (127.084395 37.596734, 127.084306 37.596712, 127.083935 37.596629, 127.083892 37.596618)
634884003		False	LINESTRING (127.091094 37.598861, 127.09057 37.598716, 127.09006 37.598518, 127.089631 37.598361, 127.089152 37.598176, 127.088801 37.598044, 127.088446 37.597911, 127.088337 37.59787, 127.088095 37.597759, 127.087797 37.597622)
712248057	경원선	False	LINESTRING (127.067746 37.603039, 127.06773 37.602944, 127.067692 37.602754, 127.067649 37.602581, 127.0676 37.602406, 127.067506 37.602145, 127.067416 37.601898, 127.067337 37.601701)
712248058	경원선	False	LINESTRING (127.067694 37.603047, 127.067706 37.603149, 127.067736 37.603418, 127.067768 37.603795, 127.067785 37.604092, 127.067788 37.604147, 127.067791 37.604472, 127.067793 37.604956, 127.067758 37.605921, 127.067715 37.607704, 127.067681 37.609025, 127.067666 37.609319, 127.067637 37.609617, 127.067605 37.609845, 127.067561 37.610088, 127.067515 37.610296)
712248059	경원선	False	LINESTRING (127.067293 37.601713, 127.067438 37.602089, 127.067524 37.602332, 127.067578 37.602506, 127.06762 37.602666, 127.067653 37.602817, 127.067684 37.602978, 127.067694 37.603047)
772651751	경원선	False	LINESTRING (127.064332 37.618173, 127.064438 37.61794)
772651752	망우선	False	LINESTRING (127.06408 37.618857, 127.064039 37.618956, 127.063903 37.619218, 127.063837 37.619376, 127.063582 37.619959)
1005092776		False	LINESTRING (127.068144 37.604703, 127.068214 37.602771)
1005092777		False	LINESTRING (127.068323 37.605664, 127.068281 37.605455, 127.068232 37.605035, 127.068225 37.604859, 127.068224 37.604704)
1005092778		False	LINESTRING (127.068306 37.60471, 127.068356 37.60276)
1005092779		False	LINESTRING (127.068433 37.605839, 127.068423 37.605608, 127.068398 37.605465, 127.068366 37.605236, 127.068358 37.6051, 127.068364 37.604945, 127.068374 37.604776, 127.068379 37.604704)
1005092780		False	LINESTRING (127.068499 37.602762, 127.06848 37.604712)
1005092781		False	LINESTRING (127.06854 37.604714, 127.068579 37.602791)
1005092782		False	LINESTRING (127.068642 37.604713, 127.068638 37.604782, 127.068636 37.604988, 127.068626 37.60513, 127.068608 37.605253, 127.068549 37.60556, 127.068528 37.605668, 127.068515 37.60575, 127.0685 37.605894)
1005092783		False	LINESTRING (127.068755 37.602811, 127.068711 37.604711)
1005092784		False	LINESTRING (127.068946 37.604716, 127.068946 37.604763, 127.06893 37.604858, 127.068903 37.604952, 127.068864 37.605057, 127.068695 37.605549, 127.068611 37.605776, 127.068578 37.605875, 127.068533 37.606048)
1005092785		False	LINESTRING (127.068968 37.603968, 127.068946 37.604716)
1005092786		False	LINESTRING (127.068238 37.60625, 127.068229 37.606124, 127.068201 37.605968)
1005092787		False	LINESTRING (127.068315 37.606246, 127.068301 37.606122, 127.068268 37.605955)
1005092788		False	LINESTRING (127.068237 37.606768, 127.068238 37.60625)
1005092789		False	LINESTRING (127.068312 37.606768, 127.068315 37.606246)
1005092790		False	LINESTRING (127.068427 37.60627, 127.068425 37.606236, 127.068413 37.60604, 127.068402 37.60597, 127.068323 37.605664, 127.068204 37.605236, 127.068163 37.605069, 127.068152 37.604988, 127.068144 37.604866, 127.068143 37.604746, 127.068144 37.604703)
1005092791		False	LINESTRING (127.068504 37.606278, 127.068501 37.606766)
1005092792		False	LINESTRING (127.06857 37.606764, 127.068564 37.606251)
1005092793		False	LINESTRING (127.068628 37.606767, 127.068626 37.606255)
1005092794		False	LINESTRING (127.068706 37.60677, 127.068706 37.606253)
1005092795		False	LINESTRING (127.068774 37.60677, 127.068774 37.606254)
1005092796		False	LINESTRING (127.068828 37.60677, 127.068832 37.606288)
1005092797		False	LINESTRING (127.068897 37.606293, 127.068896 37.606771)
1005092798		False	LINESTRING (127.068432 37.606768, 127.068427 37.60627)
1005092799		False	LINESTRING (127.068504 37.606243, 127.068504 37.606278)
1005092801		False	LINESTRING (127.06843 37.60702, 127.068432 37.606768)
1005092802		False	LINESTRING (127.068501 37.606766, 127.068501 37.60696, 127.068499 37.607023)
1005092803		False	LINESTRING (127.068237 37.607024, 127.068237 37.606768)
1005092804		False	LINESTRING (127.068312 37.60702, 127.068312 37.606768)
1005092805		False	LINESTRING (127.068237 37.60718, 127.068237 37.607024)
1005092806		False	LINESTRING (127.068312 37.60718, 127.068312 37.60702)
1005092807		False	LINESTRING (127.068432 37.607177, 127.06843 37.60702)
1005092808		False	LINESTRING (127.068499 37.607023, 127.0685 37.607187)
1005092809		False	LINESTRING (127.06857 37.610935, 127.068804 37.610691, 127.068918 37.610534, 127.068995 37.610414, 127.069049 37.610293, 127.069084 37.610164, 127.069098 37.610044, 127.069109 37.609079, 127.069111 37.609002)
1005092810		False	LINESTRING (127.067981 37.61155, 127.068159 37.611345, 127.068329 37.611168, 127.06857 37.610935, 127.068869 37.610672, 127.068983 37.610541, 127.06909 37.610382, 127.069153 37.610224, 127.069188 37.610075, 127.069202 37.609904, 127.069219 37.6092, 127.069221 37.609026, 127.069224 37.60899)
1005092811	경원선	False	LINESTRING (127.066265 37.613589, 127.066165 37.613811, 127.066067 37.614026)
1005092812	경원선	False	LINESTRING (127.066195 37.614064, 127.066282 37.61385, 127.066349 37.613686, 127.066378 37.613621)
1005092813	망우선	False	LINESTRING (127.066438 37.613641, 127.066432 37.61366, 127.066248 37.61408)
1005092814		False	LINESTRING (127.066488 37.613651, 127.066452 37.613736, 127.066368 37.61391, 127.066292 37.614092)
1005092815	경원선	False	LINESTRING (127.067515 37.610296, 127.067488 37.610396, 127.067364 37.610886, 127.06726 37.611288, 127.067159 37.611578, 127.06704 37.611859, 127.066733 37.612534, 127.066265 37.613589)
1005092816	경원선	False	LINESTRING (127.066378 37.613621, 127.066415 37.613536, 127.067161 37.61185, 127.067276 37.611539, 127.067466 37.610762, 127.067579 37.610304)
1005092817	망우선	False	LINESTRING (127.067626 37.610311, 127.06746 37.610998, 127.067342 37.611494, 127.067289 37.611665, 127.067226 37.611829, 127.066585 37.613317, 127.066438 37.613641)
1005092818		False	LINESTRING (127.06684 37.612862, 127.06668 37.613245, 127.066529 37.61358, 127.066488 37.613651)
1005092819		False	LINESTRING (127.06668 37.613245, 127.066824 37.612968, 127.066868 37.612888)
1005092820		False	LINESTRING (127.066861 37.612887, 127.066846 37.61292, 127.066824 37.612968)
1005092821		False	LINESTRING (127.066921 37.61294, 127.066897 37.61298, 127.066529 37.61358)
1005092822		False	LINESTRING (127.066915 37.612938, 127.066897 37.61298)
1023099434		False	LINESTRING (127.068774 37.606254, 127.068774 37.606229)
1023099435		False	LINESTRING (127.068706 37.606253, 127.068706 37.606234)
1023099436		False	LINESTRING (127.068626 37.606255, 127.068626 37.606236)
1023099437		False	LINESTRING (127.068564 37.606251, 127.068564 37.606236)
1023099438		False	LINESTRING (127.068039 37.60774, 127.068043 37.607469, 127.068045 37.60726, 127.068047 37.606956, 127.068071 37.605629, 127.068059 37.605261, 127.068037 37.604986)
1023099439		False	LINESTRING (127.068034 37.608042, 127.068039 37.60774)
1116747278		False	LINESTRING (127.064806 37.617436, 127.064485 37.617982)
1382527572	경원선	False	LINESTRING (127.067076 37.601216, 127.067188 37.601468, 127.067293 37.601713)
1382527573	경원선	False	LINESTRING (127.067051 37.601165, 127.067076 37.601216)
1382527574	경원선	False	LINESTRING (127.067337 37.601701, 127.067315 37.601648, 127.067208 37.601395, 127.067106 37.601181)
1382527575	경원선	False	LINESTRING (127.067106 37.601181, 127.067087 37.601144)
1382987337		False	LINESTRING (127.063827 37.619693, 127.063759 37.620071)
1382987338		False	LINESTRING (127.064039 37.618956, 127.063909 37.619462)
1382987339		False	LINESTRING (127.063909 37.619462, 127.063827 37.619693)
1411448927		False	LINESTRING (127.066415 37.613536, 127.066454 37.613367, 127.066801 37.612549)
1435892102	경춘선	False	LINESTRING (127.103218 37.612495, 127.103223 37.612645, 127.103288 37.613178, 127.103349 37.613486, 127.103454 37.613953, 127.103651 37.614592, 127.103916 37.615278, 127.104122 37.615755, 127.105276 37.618367)
1435892104	경춘선	False	LINESTRING (127.103206 37.611542, 127.103193 37.611902)
1435892105	경춘선	False	LINESTRING (127.103244 37.611535, 127.103245 37.611463)
1435892111	경춘선	False	LINESTRING (127.103193 37.611902, 127.103193 37.611933, 127.103218 37.612495)
1435892113	경춘선	False	LINESTRING (127.103236 37.611903, 127.103244 37.611535)
1458136281		False	LINESTRING (127.097196 37.601433, 127.096719 37.60123)
1458136282		False	LINESTRING (127.09501 37.600859, 127.095552 37.600927)
1458136285		False	LINESTRING (127.091419 37.599229, 127.091009 37.599077, 127.090474 37.598876, 127.08996 37.598678, 127.089537 37.598517, 127.088489 37.598127, 127.088344 37.598078, 127.088092 37.598016)
1540099748	중앙선	False	LINESTRING (127.060719 37.591134, 127.061033 37.591312, 127.061439 37.5915, 127.0618 37.591662, 127.062233 37.591842, 127.062597 37.591964, 127.062975 37.592076, 127.063028 37.59209)
1540099749	중앙선	False	LINESTRING (127.063039 37.592056, 127.062984 37.59204, 127.062617 37.591933, 127.062254 37.591806, 127.061822 37.591631, 127.061465 37.591468, 127.061065 37.591269, 127.060757 37.591104)
1540099750	중앙선	False	LINESTRING (127.068466 37.5933, 127.068894 37.593393, 127.069414 37.593511, 127.069817 37.593593, 127.070211 37.593674, 127.070615 37.593764, 127.071116 37.59387, 127.071616 37.593982, 127.072129 37.594093, 127.072653 37.594206)
1540099751	중앙선	False	LINESTRING (127.072659 37.594166, 127.072139 37.594055, 127.071626 37.593941, 127.071126 37.593835, 127.070617 37.593729, 127.07022 37.593646, 127.069825 37.593559, 127.069426 37.593474, 127.068902 37.593358, 127.068486 37.593264)
1540099752	중앙선	False	LINESTRING (127.068486 37.593264, 127.068442 37.593253, 127.068431 37.59325)
1540099753	중앙선	False	LINESTRING (127.06841 37.593288, 127.068422 37.59329, 127.068466 37.5933)
404227981		False	LINESTRING (127.163946 37.60998, 127.16358 37.60979, 127.163408 37.609699, 127.163056 37.60951, 127.162718 37.609334, 127.16237 37.609174, 127.161993 37.609007, 127.161676 37.608868, 127.16128 37.608692, 127.160959 37.608549, 127.160567 37.608379, 127.160192 37.608215, 127.159692 37.60799, 127.159184 37.607774, 127.158804 37.607608, 127.158405 37.607436, 127.158034 37.607295, 127.15771 37.607178, 127.157455 37.607089, 127.157408 37.607073, 127.157166 37.606985, 127.156927 37.606898)
404227984		False	LINESTRING (127.157416 37.607201, 127.157649 37.607317, 127.157943 37.607469, 127.158277 37.607645, 127.158683 37.60783, 127.159059 37.607995, 127.159562 37.608216, 127.160043 37.608428, 127.160422 37.608595, 127.160811 37.608766, 127.161125 37.608903, 127.161531 37.609081, 127.16184 37.609222, 127.162226 37.60939, 127.162583 37.609533, 127.162941 37.609665, 127.163326 37.609802, 127.1635 37.609865)
404227986		False	LINESTRING (127.157416 37.607201, 127.157635 37.607348, 127.157902 37.607513, 127.158052 37.607592, 127.158251 37.607688, 127.158661 37.607866, 127.159039 37.608035, 127.159537 37.608252, 127.160021 37.608463, 127.1604 37.608631, 127.160782 37.608799, 127.161506 37.609114, 127.16182 37.609255, 127.1622 37.609423, 127.16255 37.609575, 127.162912 37.609706, 127.163316 37.609816, 127.1635 37.609865)
404227989		False	LINESTRING (127.16358 37.60979, 127.163411 37.609684, 127.163082 37.609469, 127.162747 37.609292, 127.162396 37.609132, 127.162019 37.608972, 127.161701 37.60883, 127.160983 37.608516, 127.160748 37.608414, 127.160587 37.60835, 127.160214 37.608181, 127.159714 37.607955, 127.159201 37.607735, 127.158827 37.607566, 127.158432 37.607398, 127.158221 37.607316, 127.158051 37.607252, 127.157856 37.607192, 127.157719 37.607155, 127.157457 37.607086, 127.157408 37.607073)
404227991		False	LINESTRING (127.160748 37.608414, 127.160597 37.608336, 127.16024 37.608145, 127.159731 37.607919, 127.159227 37.607703, 127.158848 37.607532, 127.158455 37.607361, 127.158238 37.607286, 127.158058 37.607239, 127.157856 37.607192)
404228908		False	LINESTRING (127.156149 37.606558, 127.156249 37.606612, 127.156493 37.606738, 127.156592 37.60679)
404228911	중앙선	False	LINESTRING (127.156905 37.606931, 127.157133 37.607031, 127.157419 37.607156, 127.157676 37.607262, 127.157976 37.6074, 127.158336 37.607554, 127.158715 37.607725, 127.159112 37.607905, 127.159616 37.608121, 127.160105 37.60834, 127.16049 37.608503, 127.160666 37.60858, 127.16119 37.608809, 127.161594 37.608988, 127.161911 37.609124, 127.162285 37.609295, 127.162638 37.60945, 127.162984 37.609604, 127.16335 37.609767, 127.163917 37.610019)
404228917	중앙선	False	LINESTRING (127.152996 37.605493, 127.153367 37.605579)
404228922	중앙선	False	LINESTRING (127.153395 37.605541, 127.153019 37.605447)
404228925	중앙선	False	LINESTRING (127.153019 37.605447, 127.152613 37.605362, 127.152038 37.605231, 127.151512 37.605106, 127.150966 37.604991, 127.15047 37.60488, 127.150371 37.604858)
404228927	중앙선	False	LINESTRING (127.147485 37.604192, 127.147301 37.604152, 127.1468 37.604039, 127.146297 37.603922, 127.146121 37.603882, 127.146012 37.603856, 127.145903 37.60383, 127.145813 37.603809, 127.145374 37.603707, 127.145282 37.60369)
404228928	중앙선	False	LINESTRING (127.150371 37.604858, 127.149353 37.604623, 127.149039 37.60455, 127.14872 37.604476, 127.148404 37.604405, 127.148091 37.604333, 127.147764 37.604257, 127.147485 37.604192)
404228929	중앙선	False	LINESTRING (127.147472 37.604233, 127.147752 37.604296, 127.148082 37.604369, 127.148396 37.604439, 127.148711 37.604506, 127.149028 37.60458, 127.149338 37.604652, 127.150358 37.604888)
404228930	중앙선	False	LINESTRING (127.150358 37.604888, 127.150462 37.604913, 127.150955 37.605031, 127.151496 37.605151, 127.152024 37.605275, 127.152598 37.605405, 127.152996 37.605493)
404546063	중앙선	False	LINESTRING (127.14088 37.602714, 127.141126 37.602777, 127.141235 37.602805)
404546064	중앙선	False	LINESTRING (127.140891 37.602682, 127.140419 37.602577, 127.139913 37.602481, 127.139406 37.602392, 127.139137 37.602354, 127.138879 37.602331, 127.138638 37.602319, 127.138357 37.602306, 127.138095 37.602304, 127.137831 37.60231, 127.137545 37.602332, 127.137311 37.602349, 127.137068 37.602381, 127.136813 37.602428, 127.136309 37.602524, 127.135819 37.602648, 127.135314 37.602778, 127.134972 37.602876, 127.134736 37.602937, 127.134235 37.603083, 127.133748 37.603225, 127.133258 37.603368, 127.132881 37.603478, 127.132404 37.60362, 127.132132 37.603701)
404546065		False	LINESTRING (127.142892 37.603225, 127.144358 37.603558, 127.144493 37.60359, 127.144696 37.603629, 127.144896 37.603666, 127.145267 37.603728)
404546066		False	LINESTRING (127.145282 37.60369, 127.144929 37.603587, 127.144734 37.603527, 127.144536 37.603482, 127.14294 37.603097)
404546067	중앙선	False	LINESTRING (127.132153 37.60374, 127.132422 37.603652, 127.132894 37.603506, 127.13328 37.603397, 127.133762 37.603255, 127.134251 37.603115, 127.134751 37.602969, 127.134986 37.602907, 127.135323 37.602806, 127.135831 37.60268, 127.136318 37.602555, 127.136821 37.602456, 127.137083 37.602414, 127.137318 37.602385, 127.137554 37.602373, 127.137833 37.60235, 127.138089 37.602341, 127.138362 37.602341, 127.138636 37.602352, 127.138875 37.602371, 127.139129 37.602394, 127.139403 37.602427, 127.1399 37.602511, 127.140407 37.602613, 127.14088 37.602714)
404546068	중앙선	False	LINESTRING (127.132132 37.603701, 127.131993 37.603745, 127.131567 37.603867, 127.131325 37.603935)
404546070	중앙선	True	LINESTRING (127.113748 37.607522, 127.114719 37.607511, 127.115961 37.607476, 127.117326 37.607414, 127.118664 37.607303, 127.119993 37.607117, 127.121533 37.606816, 127.122957 37.606464, 127.131345 37.60398)
404546071	중앙선	False	LINESTRING (127.131345 37.60398, 127.131586 37.603911, 127.132007 37.60378, 127.132153 37.60374)
404546072	중앙선	True	LINESTRING (127.131325 37.603935, 127.122984 37.60641, 127.121535 37.606759, 127.120001 37.607056, 127.118671 37.607252, 127.117254 37.607362, 127.115996 37.607429, 127.11474 37.60747, 127.113756 37.607477)
608634687	중앙선	False	LINESTRING (127.17098 37.612597, 127.170854 37.612558, 127.170335 37.612398, 127.169843 37.612246, 127.169372 37.612095, 127.16884 37.611925, 127.168324 37.611754, 127.167805 37.611575, 127.167289 37.611394, 127.166779 37.6112, 127.166294 37.611001, 127.165826 37.610802, 127.165737 37.610764, 127.165373 37.610606, 127.165013 37.61045, 127.164545 37.610243, 127.164161 37.610075, 127.163946 37.60998, 127.163378 37.609729, 127.163013 37.609571, 127.162666 37.609416, 127.162313 37.609263, 127.161934 37.609091, 127.161617 37.608956, 127.161219 37.608777, 127.160684 37.608548, 127.160512 37.608474, 127.160132 37.608306, 127.159638 37.608087, 127.159133 37.607868, 127.158739 37.607693, 127.158355 37.607522, 127.157994 37.607365, 127.157688 37.607225, 127.157437 37.607119, 127.157159 37.606996, 127.156927 37.606898, 127.15674 37.606818, 127.156506 37.606715, 127.156254 37.606604, 127.156149 37.606558, 127.15596 37.606473, 127.155482 37.60627, 127.155112 37.606112, 127.154766 37.605975, 127.154356 37.605827, 127.153774 37.605651, 127.153395 37.605541)
624113688	중앙선	False	LINESTRING (127.145267 37.603728, 127.145359 37.603748, 127.145802 37.603847, 127.145891 37.603868, 127.145998 37.603893, 127.14611 37.603919, 127.14628 37.603958, 127.146789 37.604076, 127.14729 37.60419, 127.147472 37.604233)
624113689	중앙선	False	LINESTRING (127.142913 37.603166, 127.144508 37.603555, 127.144906 37.603644, 127.145267 37.603728)
624113704	중앙선	False	LINESTRING (127.141249 37.602766, 127.141131 37.602738, 127.140891 37.602682)
624113705	중앙선	False	LINESTRING (127.145282 37.60369, 127.144922 37.603607, 127.144523 37.603518, 127.142927 37.60313)
901582788	중앙선	False	LINESTRING (127.153367 37.605579, 127.153749 37.605688, 127.154334 37.605862, 127.154745 37.606008, 127.155091 37.606136, 127.155461 37.606299, 127.155931 37.606505, 127.156233 37.606636, 127.156485 37.606746, 127.156592 37.60679, 127.156723 37.606852, 127.156905 37.606931)
901582789		False	LINESTRING (127.156905 37.606931, 127.157124 37.607046, 127.157395 37.607188, 127.157416 37.607201)
1414146921		False	LINESTRING (127.141235 37.602805, 127.141383 37.602848, 127.14162 37.602916, 127.141864 37.602985, 127.142892 37.603225)
1414146922	중앙선	False	LINESTRING (127.141235 37.602805, 127.141386 37.602838, 127.141625 37.602891, 127.14188 37.602947, 127.142913 37.603166)
1414146923	중앙선	False	LINESTRING (127.142927 37.60313, 127.141895 37.602912, 127.141644 37.602854, 127.141394 37.602798, 127.141249 37.602766)
1414146924		False	LINESTRING (127.14294 37.603097, 127.142432 37.60298, 127.141915 37.602871, 127.141659 37.602824, 127.141397 37.602787, 127.141249 37.602766)
404089664	중앙선	False	LINESTRING (127.192573 37.606649, 127.192551 37.606678, 127.192288 37.60699, 127.192025 37.607325, 127.191982 37.607377, 127.191909 37.607468, 127.191675 37.607753, 127.191357 37.608145, 127.19111 37.60845, 127.190802 37.608824, 127.190429 37.609277, 127.190121 37.60965, 127.189789 37.610033, 127.18948 37.610389, 127.189387 37.610496)
404223588	중앙선	False	LINESTRING (127.189387 37.610496, 127.189132 37.610769, 127.188796 37.611115, 127.188426 37.611479, 127.188037 37.611803, 127.18786 37.611937)
404223589	중앙선	False	LINESTRING (127.18943 37.610515, 127.18952 37.610411, 127.189834 37.61005, 127.19016 37.609669, 127.190469 37.609296, 127.19084 37.608848, 127.191148 37.608478, 127.191404 37.608161, 127.191715 37.607774, 127.191953 37.607479, 127.192023 37.607393, 127.192336 37.607014, 127.192457 37.606868, 127.192608 37.606681, 127.192616 37.606671)
404223590	중앙선	False	LINESTRING (127.187902 37.611961, 127.188072 37.611834, 127.18846 37.611507, 127.188828 37.611143, 127.189169 37.610794, 127.18943 37.610515)
404227932	중앙선	False	LINESTRING (127.18786 37.611937, 127.187614 37.612133, 127.1872 37.612428, 127.187016 37.612554, 127.186743 37.612731, 127.186393 37.61294)
404227936	중앙선	False	LINESTRING (127.186393 37.61294, 127.186348 37.612964, 127.185953 37.613178, 127.185519 37.613389, 127.185065 37.613582, 127.184599 37.613767, 127.184135 37.613924, 127.183649 37.614068, 127.183505 37.614108)
404227939	중앙선	False	LINESTRING (127.186416 37.612966, 127.186775 37.612757, 127.187052 37.612577, 127.187239 37.612454, 127.187649 37.612161, 127.187902 37.611961)
404227942	중앙선	False	LINESTRING (127.18268 37.614346, 127.182998 37.614268, 127.183274 37.614201, 127.183518 37.61414)
404227944	중앙선	False	LINESTRING (127.182669 37.614309, 127.182554 37.614333, 127.18211 37.614412, 127.181607 37.614479, 127.181114 37.614534, 127.180589 37.614572, 127.18008 37.614592, 127.179521 37.614589, 127.178988 37.61457, 127.178498 37.614529, 127.178151 37.614496, 127.177804 37.614452, 127.17732 37.61437, 127.17674 37.614255, 127.176217 37.614127)
404227948	중앙선	False	LINESTRING (127.183518 37.61414, 127.183663 37.614099, 127.184147 37.613961, 127.184612 37.613802, 127.185075 37.613622, 127.18552 37.613429, 127.185967 37.613214, 127.186372 37.61299, 127.186416 37.612966)
404227951	중앙선	False	LINESTRING (127.183505 37.614108, 127.183255 37.614167, 127.182978 37.614234, 127.182669 37.614309)
404227955	중앙선	False	LINESTRING (127.176217 37.614127, 127.175691 37.613989, 127.174612 37.613667, 127.174108 37.613517, 127.173564 37.613361)
404227956	중앙선	False	LINESTRING (127.17619 37.61416, 127.176694 37.614285, 127.177313 37.614408, 127.177794 37.614488, 127.178136 37.614532, 127.178491 37.614571, 127.17898 37.614611, 127.179513 37.61463, 127.180076 37.614632, 127.180595 37.614614, 127.181109 37.614576, 127.181609 37.614524, 127.182109 37.61445, 127.18256 37.614369, 127.18268 37.614346)
404227979		False	LINESTRING (127.165153 37.61056, 127.165737 37.610764)
608634686	중앙선	True	LINESTRING (127.170968 37.612637, 127.173551 37.6134)
608634718	중앙선	True	LINESTRING (127.173564 37.613361, 127.17098 37.612597)
825234573	중앙선	False	LINESTRING (127.173551 37.6134, 127.174082 37.613558, 127.174595 37.61371, 127.175677 37.614032, 127.17619 37.61416)
901582790		False	LINESTRING (127.1635 37.609865, 127.163917 37.610019)
901582791	중앙선	False	LINESTRING (127.163917 37.610019, 127.164138 37.610108, 127.164525 37.610281, 127.16499 37.610487, 127.165153 37.61056, 127.165346 37.610644, 127.1658 37.610842, 127.166263 37.611039, 127.166745 37.611249, 127.167258 37.611446, 127.167772 37.611625, 127.168303 37.611817, 127.168812 37.611979, 127.169352 37.612144, 127.169824 37.612288, 127.170312 37.612437, 127.170839 37.612598, 127.170968 37.612637)
351653764	일산선	False	LINESTRING (126.808884 37.63195, 126.809678 37.631836, 126.813079 37.631389)
351653767	일산선	False	LINESTRING (126.800953 37.633794, 126.802082 37.633343, 126.802829 37.633088, 126.803558 37.632852, 126.80447 37.632627, 126.805387 37.632433, 126.806361 37.632283, 126.808884 37.63195)
405576589	경의선	False	LINESTRING (126.784562 37.675111, 126.784664 37.674998, 126.784848 37.674775, 126.785053 37.674495, 126.785304 37.674134, 126.785861 37.673044, 126.786704 37.671611, 126.786793 37.671456, 126.787486 37.670353, 126.787992 37.66951, 126.788609 37.668443, 126.789793 37.666382)
405576591	경의선	False	LINESTRING (126.789747 37.666367, 126.788579 37.668398, 126.787427 37.670356, 126.786762 37.671447, 126.785922 37.672869, 126.785828 37.673029, 126.785333 37.673996, 126.785149 37.674282, 126.784904 37.674624, 126.784664 37.674926, 126.784533 37.675076)
405576599		False	LINESTRING (126.792515 37.661599, 126.79268 37.661368, 126.7928 37.661205)
405576600		False	LINESTRING (126.793107 37.660587, 126.793251 37.660258, 126.793479 37.659842, 126.793621 37.659534, 126.793943 37.658942, 126.794899 37.657295, 126.795491 37.656243, 126.795661 37.655994, 126.796001 37.6555, 126.796367 37.654949)
405576601		False	LINESTRING (126.796409 37.654968, 126.79616 37.655447, 126.795675 37.656445, 126.795583 37.65661, 126.795184 37.65739, 126.794248 37.658984, 126.79398 37.659429, 126.793864 37.659613, 126.793682 37.659858, 126.79345 37.660147, 126.793269 37.660419, 126.793146 37.660609)
405581082		False	LINESTRING (126.796841 37.654138, 126.796513 37.654791)
407974483	경의선	False	LINESTRING (126.808737 37.634125, 126.810375 37.631333, 126.810801 37.630601)
452806694	일산선	True	LINESTRING (126.747458 37.676148, 126.748349 37.675755, 126.748598 37.675645, 126.748673 37.675612, 126.749348 37.675322, 126.756054 37.672399, 126.758185 37.67147, 126.758493 37.671333, 126.759161 37.671036, 126.759738 37.670787, 126.759787 37.670766, 126.760397 37.6705, 126.761234 37.670111, 126.761956 37.669817, 126.762791 37.669444, 126.763201 37.669261, 126.763211 37.669256, 126.763575 37.669072, 126.763678 37.66902, 126.76411 37.668766, 126.764737 37.668382, 126.76548 37.667899, 126.765783 37.667677, 126.765844 37.667631, 126.766214 37.667333, 126.767464 37.666169, 126.767993 37.665612, 126.768862 37.664747, 126.770668 37.662938, 126.771001 37.662589, 126.771384 37.662188, 126.77177 37.661779, 126.771976 37.661547, 126.772322 37.661151, 126.772771 37.660468, 126.772922 37.660238, 126.773218 37.659711, 126.773798 37.658719, 126.775936 37.655065, 126.777718 37.652, 126.777945 37.651636, 126.778095 37.651391, 126.778246 37.651142, 126.778502 37.65072, 126.778765 37.650334, 126.778998 37.650047, 126.779136 37.649878, 126.779579 37.649427, 126.779837 37.649213, 126.780091 37.649002, 126.782011 37.647554, 126.783404 37.646503, 126.785421 37.644958, 126.786351 37.644246, 126.787037 37.643721, 126.787408 37.64346, 126.787953 37.643056)
635106194	일산선	True	LINESTRING (126.787972 37.643116, 126.787466 37.64351, 126.78713 37.643778, 126.786425 37.644302, 126.783449 37.646536, 126.782051 37.647594, 126.780132 37.649045, 126.779886 37.649249, 126.779628 37.649463, 126.77931 37.649793, 126.779194 37.649914, 126.779056 37.650077, 126.778809 37.650395, 126.77858 37.650746, 126.778314 37.65116, 126.77816 37.65141, 126.778002 37.651658, 126.777795 37.652019, 126.775983 37.655082, 126.774156 37.658249, 126.773292 37.659747, 126.772985 37.660263, 126.77283 37.660494, 126.772378 37.661178, 126.77186 37.661769, 126.771824 37.661806, 126.771431 37.662219, 126.771045 37.662618, 126.770713 37.662962, 126.768915 37.664775, 126.768044 37.665643, 126.767512 37.666204, 126.766255 37.667368, 126.765903 37.66767, 126.765835 37.667718, 126.765526 37.667942, 126.764782 37.668426, 126.764147 37.668809, 126.763706 37.669068, 126.763614 37.669114, 126.763246 37.6693, 126.762823 37.669489, 126.761994 37.669848, 126.761246 37.670176, 126.760423 37.670543, 126.759821 37.670804, 126.759185 37.671083, 126.758524 37.671378, 126.758213 37.671516, 126.756084 37.672437, 126.752193 37.674132, 126.7516 37.67439, 126.74937 37.675361, 126.748716 37.675652, 126.748626 37.675691, 126.748348 37.675815, 126.747478 37.6762)
635106201	일산선	False	LINESTRING (126.813086 37.631431, 126.81232 37.631547, 126.80889 37.631992)
635106206	일산선	False	LINESTRING (126.80889 37.631992, 126.806732 37.632275, 126.80638 37.632321, 126.805396 37.63248, 126.804476 37.632665, 126.803574 37.632896, 126.802847 37.633122, 126.802102 37.633377, 126.800975 37.633823)
838994932	경의본선	False	LINESTRING (126.808415 37.634097, 126.807853 37.635072, 126.807775 37.635227, 126.807689 37.635385, 126.807238 37.636346, 126.807099 37.636601, 126.806605 37.637453, 126.80515 37.639956, 126.802283 37.644885)
838994934	경의선	False	LINESTRING (126.802067 37.645258, 126.801415 37.646377, 126.801325 37.646531, 126.797325 37.653323, 126.796841 37.654138, 126.796367 37.654949)
838994935	경의선	False	LINESTRING (126.802283 37.644885, 126.802067 37.645258)
839198385	경의선	False	LINESTRING (126.802327 37.644904, 126.805195 37.639971, 126.807024 37.636825, 126.807142 37.636622, 126.807301 37.63637, 126.807936 37.635476, 126.808042 37.635312, 126.808138 37.635155, 126.808398 37.634699, 126.808737 37.634125)
839198386	경의선	False	LINESTRING (126.802108 37.645275, 126.80218 37.645153, 126.802327 37.644904)
839198387	경의선	False	LINESTRING (126.796409 37.654968, 126.796513 37.654791, 126.797365 37.653331, 126.801368 37.646546, 126.802108 37.645275)
1006893934		False	LINESTRING (126.809347 37.632766, 126.809055 37.633258, 126.808779 37.633734, 126.808753 37.633777, 126.807585 37.635778)
1006893935		False	LINESTRING (126.807626 37.635798, 126.808804 37.633789, 126.808824 37.633752, 126.809103 37.633276, 126.80939 37.632785)
1093495077		False	LINESTRING (126.809103 37.633276, 126.808937 37.633511, 126.808779 37.633734)
1093495078		False	LINESTRING (126.809055 37.633258, 126.808937 37.633511, 126.808824 37.633752)
1093495079	서해선	False	LINESTRING (126.810651 37.630534, 126.810403 37.630954, 126.809459 37.632565)
1093495081		False	LINESTRING (126.806605 37.637453, 126.807024 37.636825)
1094479379		False	LINESTRING (126.80939 37.632785, 126.810266 37.631282)
1094479381		False	LINESTRING (126.809347 37.632766, 126.809199 37.63299, 126.808415 37.634097)
1094479382		False	LINESTRING (126.809459 37.632565, 126.809347 37.632766)
1094479383		False	LINESTRING (126.808737 37.634125, 126.809263 37.633024, 126.80939 37.632785)
1094479384		False	LINESTRING (126.808753 37.633777, 126.808535 37.634075, 126.808476 37.634157, 126.807781 37.635355)
1094479385		False	LINESTRING (126.808804 37.633789, 126.808669 37.634078, 126.808606 37.634207, 126.807913 37.635395)
1202254918	경의선	False	LINESTRING (126.810527 37.630478, 126.809325 37.63254, 126.808415 37.634097)
1202254919	경의선	False	LINESTRING (126.789793 37.666382, 126.790509 37.665129, 126.792554 37.661619, 126.7928 37.661205, 126.792994 37.660868, 126.793012 37.660838, 126.793033 37.6608, 126.793146 37.660609)
1202254920	경의선	False	LINESTRING (126.793107 37.660587, 126.792994 37.660779, 126.79297 37.660821, 126.792954 37.660848, 126.792515 37.661599, 126.790462 37.665116, 126.789747 37.666367)
1202254921	경의선	False	LINESTRING (126.796367 37.654949, 126.795661 37.65616, 126.795408 37.656607, 126.795028 37.65733, 126.794183 37.658769, 126.794064 37.658972, 126.793734 37.659536, 126.793107 37.660587)
1202254922	경의선	False	LINESTRING (126.793146 37.660609, 126.793778 37.659551, 126.794094 37.65901, 126.794922 37.657598, 126.795065 37.657352, 126.796409 37.654968)
1458437474	일산선	True	LINESTRING (126.800975 37.633823, 126.799945 37.634311, 126.79947 37.634547, 126.799039 37.634791, 126.798403 37.635258, 126.797904 37.635632, 126.794044 37.638578, 126.789332 37.642109, 126.788969 37.64238, 126.788792 37.64251, 126.787972 37.643116)
1458437475	일산선	True	LINESTRING (126.787953 37.643056, 126.788911 37.642334, 126.78913 37.642163, 126.789274 37.642065, 126.792469 37.639693, 126.794012 37.638546, 126.794552 37.638137, 126.797875 37.635612, 126.798377 37.635238, 126.799009 37.63476, 126.799449 37.634509, 126.799918 37.634278, 126.800953 37.633794)
45770405	교외선	False	LINESTRING (126.813383 37.62618, 126.813064 37.626798, 126.812454 37.627908, 126.8123 37.628256, 126.812189 37.628531, 126.81207 37.628994, 126.812013 37.629334, 126.811982 37.629708, 126.811972 37.630273, 126.811996 37.63047, 126.812039 37.630774, 126.812077 37.630964, 126.812094 37.631045)
351653759	일산선	False	LINESTRING (126.840671 37.64618, 126.84084 37.648989, 126.840924 37.649544, 126.841103 37.650085, 126.841449 37.65075, 126.842162 37.651869)
351653760	일산선	True	LINESTRING (126.840618 37.645445, 126.840652 37.645915, 126.840671 37.64618)
351653761	일산선	False	LINESTRING (126.840449 37.64261, 126.840497 37.643047, 126.840618 37.645445)
351653762	일산선	True	LINESTRING (126.824232 37.635223, 126.824693 37.635346, 126.82516 37.635427, 126.825552 37.635447, 126.825643 37.635452, 126.832623 37.634596, 126.835328 37.634268, 126.836039 37.634292, 126.83671 37.634424, 126.837348 37.634798, 126.837809 37.635248, 126.838295 37.636036, 126.838353 37.636176, 126.838385 37.636253, 126.83868 37.636965, 126.839856 37.639803, 126.840398 37.641983, 126.840449 37.64261)
351653763	일산선	False	LINESTRING (126.813079 37.631389, 126.814898 37.631138, 126.815378 37.631089, 126.815781 37.631082, 126.816199 37.631092, 126.81706 37.631183, 126.817838 37.63136, 126.818462 37.631578, 126.819039 37.631841, 126.819533 37.632149, 126.820397 37.632814, 126.820843 37.633208)
351653765	일산선	False	LINESTRING (126.842162 37.651869, 126.843397 37.653826, 126.843917 37.654642, 126.844339 37.655249, 126.84454 37.655471, 126.84477 37.655668, 126.844985 37.65583, 126.845191 37.655962)
351653766	일산선	False	LINESTRING (126.845191 37.655962, 126.845457 37.656097, 126.845684 37.656176, 126.84628 37.65634, 126.846789 37.656418, 126.84754 37.656408, 126.84816 37.656306, 126.849042 37.65611, 126.849211 37.656072)
402146047	경의선	False	LINESTRING (126.817246 37.621498, 126.815332 37.623085, 126.815046 37.623338, 126.814832 37.623556, 126.814654 37.62375, 126.814469 37.623976, 126.814295 37.624218, 126.81418 37.62439, 126.814045 37.624607, 126.813906 37.624832, 126.811748 37.628543)
405576590	경의선	False	LINESTRING (126.811561 37.629167, 126.814063 37.624879, 126.814196 37.624658, 126.814323 37.624456, 126.814437 37.624278, 126.814612 37.624047, 126.814793 37.623822, 126.81496 37.623646, 126.815175 37.623424, 126.815452 37.623172, 126.816822 37.622031)
407836662	경의선	False	LINESTRING (126.811748 37.628543, 126.811383 37.629166, 126.811172 37.6295, 126.811042 37.629693, 126.810871 37.629941)
407974485		False	LINESTRING (126.812241 37.627584, 126.810871 37.629941)
550241083	일산선	True	LINESTRING (126.849211 37.656072, 126.850679 37.655811, 126.857952 37.654099, 126.861825 37.65337, 126.86535 37.652447, 126.871562 37.650999, 126.872859 37.650697, 126.873738 37.650495, 126.877359 37.64961, 126.877768 37.649555, 126.878054 37.649548, 126.878362 37.649567, 126.878687 37.649605, 126.878958 37.649675, 126.881511 37.650322, 126.883587 37.650915, 126.886978 37.651851, 126.888339 37.652178, 126.894049 37.65343, 126.894244 37.653437, 126.8946 37.653343, 126.895379 37.653136, 126.895469 37.653103, 126.896654 37.652725, 126.89709 37.652571, 126.898173 37.652188, 126.900734 37.651294)
552101759	교외선	False	LINESTRING (126.831453 37.65573, 126.831826 37.655878, 126.832061 37.655984, 126.832264 37.656083, 126.832485 37.656193, 126.832647 37.656281, 126.832783 37.656359, 126.832942 37.656459, 126.833076 37.656548, 126.833205 37.656633, 126.833337 37.656724, 126.833463 37.656816, 126.833627 37.656946, 126.83373 37.657031, 126.833857 37.657145, 126.833996 37.657275, 126.834128 37.657404, 126.834259 37.657541, 126.834462 37.657756, 126.834695 37.658007)
552101760	교외선	False	LINESTRING (126.834695 37.658007, 126.835301 37.658665, 126.835627 37.658999, 126.835933 37.65931, 126.83637 37.659747, 126.836624 37.66, 126.83677 37.660146, 126.83719 37.660508, 126.837522 37.660773, 126.837952 37.661106, 126.838258 37.661341, 126.838622 37.661628, 126.839032 37.66195, 126.839352 37.662186, 126.84002 37.662701, 126.840712 37.663243, 126.841083 37.663533, 126.841732 37.664038, 126.841891 37.664159, 126.84216 37.664358, 126.842701 37.664783, 126.842925 37.664954, 126.844475 37.666228, 126.844802 37.666617, 126.845617 37.667684, 126.845986 37.668077, 126.846366 37.668392, 126.847282 37.668939, 126.848276 37.669562, 126.848777 37.669966, 126.848999 37.670194, 126.849343 37.670609, 126.849612 37.671054, 126.849826 37.671639, 126.849905 37.672189, 126.849908 37.672989, 126.849997 37.674933, 126.850064 37.675791, 126.850142 37.677126, 126.85031 37.678919, 126.850417 37.679386, 126.850558 37.679815, 126.85078 37.680274, 126.851071 37.680699, 126.851404 37.68107, 126.851592 37.681215)
623896866	교외선	False	LINESTRING (126.818185 37.621115, 126.818342 37.621002)
623896873	경의선	False	LINESTRING (126.817335 37.621641, 126.817387 37.621602, 126.818192 37.621054, 126.818487 37.620826, 126.818785 37.620584)
623896877	교외선	False	LINESTRING (126.818185 37.621115, 126.817455 37.621614, 126.817242 37.621757, 126.816169 37.622616)
635106211	일산선	True	LINESTRING (126.84039 37.64261, 126.840339 37.641996, 126.839798 37.639819, 126.838234 37.636057, 126.837754 37.635278, 126.837311 37.634846, 126.836683 37.634473, 126.836029 37.634343, 126.835337 37.63432, 126.832634 37.634654, 126.825638 37.635501, 126.825147 37.635475, 126.824675 37.635382, 126.824214 37.635261)
635106214	일산선	True	LINESTRING (126.840605 37.64619, 126.840598 37.646047, 126.840596 37.645992, 126.84057 37.645447)
635106215	일산선	False	LINESTRING (126.84057 37.645447, 126.840441 37.643051, 126.84039 37.64261)
635106220	일산선	False	LINESTRING (126.842123 37.651888, 126.841402 37.650773, 126.841056 37.650104, 126.840876 37.649556, 126.840798 37.648991, 126.840605 37.64619)
635106224	일산선	False	LINESTRING (126.849207 37.656127, 126.848174 37.656352, 126.847544 37.656454, 126.846793 37.656469, 126.846262 37.656388, 126.845664 37.65622, 126.84543 37.656133, 126.84517 37.655997)
635106229	일산선	False	LINESTRING (126.84517 37.655997, 126.844955 37.655864, 126.844738 37.655702, 126.844513 37.655498, 126.844304 37.655271, 126.843874 37.654657, 126.842433 37.652388, 126.842123 37.651888)
635106234	일산선	False	LINESTRING (126.820796 37.633228, 126.820376 37.632852, 126.819504 37.632185, 126.81901 37.631875, 126.818428 37.631609, 126.817817 37.631395, 126.81705 37.631223, 126.816194 37.631129, 126.815776 37.631119, 126.815387 37.631133, 126.814896 37.631182, 126.813086 37.631431)
635106251	일산선	True	LINESTRING (126.900764 37.651321, 126.898189 37.652222, 126.897088 37.652615, 126.89666 37.652768, 126.89548 37.653151, 126.895387 37.653177, 126.894351 37.653462, 126.894241 37.653492, 126.894037 37.653483, 126.893943 37.653472, 126.888276 37.652243, 126.886945 37.651909, 126.881474 37.650385, 126.878671 37.649658, 126.878349 37.649618, 126.878038 37.64961, 126.877767 37.649616, 126.877367 37.649669, 126.873764 37.650523, 126.871588 37.651038, 126.865367 37.652493, 126.861834 37.653426, 126.857972 37.654148, 126.850698 37.655855, 126.849207 37.656127)
704261611	교외선	False	LINESTRING (126.812359 37.631755, 126.812534 37.632106)
704261612	교외선	False	LINESTRING (126.812534 37.632106, 126.8126 37.632218, 126.812703 37.632385, 126.812852 37.632604, 126.812931 37.632714, 126.813106 37.632927, 126.813244 37.633084, 126.81331 37.633157, 126.813442 37.633292, 126.81361 37.633454, 126.813812 37.633634, 126.813966 37.633763, 126.81454 37.634226, 126.815213 37.634788, 126.815413 37.634968, 126.815623 37.635146, 126.815779 37.635273, 126.815921 37.635387, 126.816274 37.635672, 126.817051 37.636296, 126.817933 37.637003, 126.818249 37.637256, 126.818359 37.637344, 126.818594 37.637535, 126.818868 37.637754, 126.819026 37.637884, 126.81919 37.638023, 126.819312 37.638131, 126.819415 37.638228, 126.819521 37.638331, 126.819618 37.638431, 126.819749 37.63858, 126.819829 37.638671, 126.819921 37.63878, 126.819985 37.63886, 126.820075 37.638983, 126.82017 37.639117, 126.820259 37.639257, 126.820331 37.639374, 126.820437 37.639564, 126.820509 37.639708, 126.820619 37.639938, 126.820744 37.640233, 126.820827 37.640437, 126.82118 37.641255, 126.821434 37.641855, 126.821478 37.641965, 126.821496 37.642011, 126.822082 37.643382, 126.822175 37.643602, 126.822412 37.644158, 126.822596 37.644588, 126.822765 37.644995, 126.822868 37.645222, 126.82347 37.646661, 126.824155 37.648276, 126.824471 37.649029, 126.824657 37.649459, 126.824784 37.649767, 126.824894 37.650007, 126.825043 37.650312, 126.825131 37.650476, 126.82521 37.650599, 126.825386 37.65086, 126.82548 37.650997, 126.825643 37.651208, 126.825947 37.651569, 126.826596 37.652302, 126.827375 37.653216, 126.82762 37.653492, 126.827817 37.653695, 126.827992 37.65387, 126.828184 37.654033, 126.828374 37.654192, 126.828582 37.654346, 126.828728 37.654444)
704261613	교외선	False	LINESTRING (126.812094 37.631045, 126.812146 37.631184, 126.812213 37.631404)
837725084	경의선	False	LINESTRING (126.810978 37.630293, 126.811054 37.630146, 126.811348 37.629549, 126.811561 37.629167)
837725085	경의선	False	LINESTRING (126.810801 37.630601, 126.810978 37.630293)
837726270	경의선	False	LINESTRING (126.810705 37.630182, 126.810527 37.630478)
838994933	서해선	False	LINESTRING (126.810823 37.630235, 126.810651 37.630534)
839198384	서해선	False	LINESTRING (126.810694 37.630551, 126.810864 37.630254)
852273130	교외선	False	LINESTRING (126.830057 37.655145, 126.830982 37.655539, 126.831453 37.65573)
852273131	교외선	False	LINESTRING (126.828728 37.654444, 126.828908 37.654558)
1006893936	경의선	False	LINESTRING (126.810871 37.629941, 126.810705 37.630182)
1030304045	교외선	False	LINESTRING (126.816169 37.622616, 126.815482 37.6232, 126.815217 37.623446, 126.815011 37.623661, 126.814844 37.62384, 126.81466 37.624057, 126.81449 37.624294, 126.814364 37.624476, 126.814241 37.62467, 126.81411 37.624886, 126.813899 37.625254, 126.813635 37.625713, 126.813383 37.62618)
1093495080	서해선	False	LINESTRING (126.810266 37.631282, 126.810694 37.630551)
1094479365		False	LINESTRING (126.817387 37.621602, 126.818185 37.621115)
1094479366		False	LINESTRING (126.817246 37.621498, 126.816558 37.62214)
1094479367	서해선	False	LINESTRING (126.816558 37.62214, 126.816453 37.622221, 126.815921 37.62266, 126.81537 37.623117, 126.815089 37.623371, 126.814867 37.623597, 126.814702 37.623779, 126.814513 37.62401, 126.814342 37.624245, 126.814236 37.624411, 126.814099 37.624625, 126.813954 37.62485, 126.812204 37.627873, 126.81176 37.628632)
1094479368		False	LINESTRING (126.816595 37.622164, 126.817335 37.621641)
1094479369	서해선	False	LINESTRING (126.811794 37.628658, 126.811844 37.628578, 126.814007 37.624867, 126.814143 37.624641, 126.814273 37.624438, 126.814388 37.624257, 126.814556 37.624025, 126.814743 37.623801, 126.814915 37.623614, 126.815126 37.623398, 126.815413 37.623142, 126.815952 37.62269, 126.816496 37.622247, 126.816595 37.622164, 126.817001 37.621832)
1094479370		False	LINESTRING (126.815952 37.62269, 126.816194 37.622463, 126.816453 37.622221)
1094479371		False	LINESTRING (126.816496 37.622247, 126.816194 37.622463, 126.815921 37.62266)
1094479372		False	LINESTRING (126.811348 37.629549, 126.811794 37.628658)
1094479373		False	LINESTRING (126.81176 37.628632, 126.81152 37.629007, 126.811172 37.6295)
1094479374	서해선	False	LINESTRING (126.81176 37.628632, 126.810823 37.630235)
1094479375	서해선	False	LINESTRING (126.810864 37.630254, 126.811794 37.628658)
1094479377	경의선	False	LINESTRING (126.816822 37.622031, 126.817335 37.621641)
1225419196	일산선	False	LINESTRING (126.824214 37.635261, 126.823246 37.634946, 126.822881 37.634793, 126.822495 37.634587, 126.822004 37.634267, 126.821553 37.633903, 126.821137 37.633534, 126.820914 37.633334)
1225419197	일산선	False	LINESTRING (126.820914 37.633334, 126.820796 37.633228)
1225419198	일산선	False	LINESTRING (126.820972 37.633322, 126.82118 37.633506, 126.821588 37.633879, 126.822033 37.634239, 126.822516 37.634549, 126.822908 37.634759, 126.823272 37.634908, 126.824232 37.635223)
1225419199	일산선	False	LINESTRING (126.820843 37.633208, 126.820972 37.633322)
1225624561	교외선	False	LINESTRING (126.828908 37.654558, 126.829278 37.654767, 126.829651 37.654959, 126.829898 37.655071)
1225624562	교외선	False	LINESTRING (126.829898 37.655071, 126.830057 37.655145)
1352932563	교외선	False	LINESTRING (126.812213 37.631404, 126.812359 37.631755)
1382978288		False	LINESTRING (126.812204 37.627873, 126.811844 37.628578)
351653758	일산선	False	LINESTRING (126.903697 37.650366, 126.904779 37.650061, 126.906461 37.649588, 126.90862 37.648979, 126.909707 37.648698, 126.910733 37.648512, 126.913422 37.648134)
635106238	일산선	False	LINESTRING (126.903712 37.650395, 126.90148 37.651056, 126.900764 37.651321)
635106260	일산선	False	LINESTRING (126.900734 37.651294, 126.901475 37.651024, 126.903322 37.65048, 126.903697 37.650366)
635106275	일산선	False	LINESTRING (126.91344 37.648238, 126.912578 37.648353, 126.911324 37.648514, 126.910474 37.648618, 126.91012 37.648662, 126.90972 37.648741, 126.90932 37.648824, 126.908293 37.649117, 126.906469 37.649622, 126.904043 37.650302, 126.903712 37.650395)
1128206644		False	LINESTRING (126.904779 37.650061, 126.904043 37.650302)
425371608	경원선	False	LINESTRING (127.060756 37.625832, 127.06071 37.625926, 127.060585 37.626254, 127.060449 37.626611, 127.060324 37.626885, 127.060231 37.627103, 127.060066 37.627502, 127.05987 37.627938, 127.059672 37.62838)
425371633		False	LINESTRING (127.059672 37.62838, 127.059788 37.628152, 127.060041 37.627695)
425371634		False	LINESTRING (127.06071 37.625926, 127.060402 37.626589, 127.060204 37.627004, 127.060085 37.627283, 127.059987 37.627532, 127.059829 37.627939)
455286126	경원선	False	LINESTRING (127.046425 37.656153, 127.046589 37.655751, 127.046713 37.655456, 127.046875 37.655093, 127.047266 37.654124, 127.047621 37.653305)
455286127		False	LINESTRING (127.049866 37.648175, 127.049652 37.648738)
455286129	경원선	False	LINESTRING (127.046476 37.656167, 127.046658 37.655722, 127.046923 37.6551, 127.047208 37.654433, 127.047304 37.654197, 127.047687 37.653321)
455286132		False	LINESTRING (127.049261 37.649804, 127.04918 37.650202, 127.049156 37.65037, 127.049088 37.650648, 127.049028 37.650815, 127.048804 37.651326, 127.048732 37.651514)
455286135		False	LINESTRING (127.047236 37.654813, 127.047391 37.654505, 127.047501 37.654283, 127.047581 37.654098, 127.04789 37.653366)
455286140		False	LINESTRING (127.046321 37.656535, 127.046191 37.65683, 127.046028 37.65714)
455506459	경원선	False	LINESTRING (127.044219 37.67114, 127.044173 37.67045, 127.044163 37.67007, 127.044171 37.669736, 127.044173 37.669702)
554387879	경원선	True	LINESTRING (127.058001 37.636769, 127.057606 37.637258, 127.057126 37.637742, 127.056641 37.638156)
554387880	경원선	True	LINESTRING (127.056682 37.638187, 127.057154 37.637789, 127.057646 37.637293, 127.058061 37.636792)
554387881	경원선	False	LINESTRING (127.046425 37.656153, 127.046274 37.656524, 127.046028 37.65714, 127.045947 37.657312, 127.045853 37.657524, 127.045726 37.657812, 127.045606 37.658092, 127.045393 37.658597, 127.045308 37.658846, 127.045168 37.659266, 127.045123 37.659428, 127.045034 37.659767, 127.044876 37.660457, 127.044828 37.660767, 127.044799 37.66106, 127.044764 37.661564, 127.044732 37.661897, 127.044721 37.66207)
624711399	경원선	False	LINESTRING (127.056641 37.638156, 127.056246 37.638473, 127.056041 37.638642, 127.05561 37.638974, 127.054904 37.639555, 127.054803 37.639636, 127.054543 37.639854, 127.054125 37.640252)
624711400	경원선	False	LINESTRING (127.054155 37.640277, 127.054384 37.640062, 127.054582 37.639882, 127.054844 37.639668, 127.05495 37.639588, 127.055655 37.63901, 127.056083 37.638671, 127.056682 37.638187)
624711401	경원선	False	LINESTRING (127.054125 37.640252, 127.053866 37.640504, 127.053642 37.640729, 127.0535 37.640877, 127.053345 37.641052, 127.053158 37.641283, 127.052948 37.641543, 127.052757 37.641778, 127.052543 37.642105)
624711402	경원선	False	LINESTRING (127.052588 37.642124, 127.052802 37.641795, 127.052994 37.641557, 127.053196 37.641297, 127.053392 37.641068, 127.053543 37.640902, 127.053686 37.640749, 127.053905 37.640523, 127.054155 37.640277)
625354994	경원선	False	LINESTRING (127.058061 37.636792, 127.058158 37.636622, 127.058259 37.636454, 127.058326 37.636334, 127.058394 37.636204, 127.058458 37.636073, 127.058509 37.635954, 127.058575 37.635788, 127.058668 37.635546, 127.058761 37.635225, 127.058828 37.634938, 127.058882 37.634645, 127.058921 37.634373)
625354996	경원선	False	LINESTRING (127.049461 37.649179, 127.049652 37.648738, 127.049933 37.648133, 127.050734 37.646236, 127.050958 37.645712)
625364773	경원선	False	LINESTRING (127.052543 37.642105, 127.05244 37.642267, 127.05234 37.642434, 127.052272 37.64256, 127.052165 37.642781, 127.051886 37.643406, 127.051836 37.643523)
701287762	경원선	False	LINESTRING (127.044721 37.66207, 127.044702 37.662241)
701287763	경원선	False	LINESTRING (127.044702 37.662241, 127.044547 37.664064, 127.044432 37.665872, 127.044419 37.666027)
701287768	경원선	False	LINESTRING (127.044786 37.662082, 127.044799 37.661883, 127.044826 37.661542, 127.044841 37.66128, 127.044864 37.661028, 127.044875 37.660908, 127.044894 37.660757, 127.044914 37.660613, 127.044942 37.660442, 127.045142 37.659562, 127.045201 37.659355, 127.045261 37.659132, 127.045354 37.658849, 127.045447 37.658599, 127.045664 37.658086, 127.045769 37.657831, 127.045895 37.657525, 127.045973 37.657336, 127.046057 37.657144, 127.046321 37.656535, 127.046476 37.656167)
701287769	경원선	False	LINESTRING (127.044774 37.662244, 127.044786 37.662082)
701287772	경원선	False	LINESTRING (127.044419 37.666027, 127.044413 37.666085)
701287773	경원선	False	LINESTRING (127.044413 37.666085, 127.044214 37.668439, 127.044197 37.668641, 127.044172 37.668895)
701287774	경원선	False	LINESTRING (127.04447 37.666028, 127.044484 37.665867, 127.044503 37.665611, 127.04462 37.664067, 127.044774 37.662244)
701287775	경원선	False	LINESTRING (127.044466 37.666094, 127.04447 37.666028)
707591170	경원선	False	LINESTRING (127.044103 37.669703, 127.044104 37.669781, 127.044104 37.670144, 127.04412 37.670539, 127.044166 37.671144)
707591171	경원선	False	LINESTRING (127.044117 37.66946, 127.044103 37.669703)
707591172	경원선	False	LINESTRING (127.044173 37.669702, 127.044179 37.669458)
707591173	경원선	False	LINESTRING (127.044179 37.669458, 127.044182 37.66938, 127.044202 37.669143, 127.044228 37.668891)
707591174	경원선	False	LINESTRING (127.044228 37.668891, 127.044253 37.668639, 127.044407 37.66676, 127.044426 37.666534, 127.044466 37.666094)
707591175	경원선	False	LINESTRING (127.044172 37.668895, 127.044117 37.66946)
712234705	경원선	False	LINESTRING (127.048454 37.651416, 127.048594 37.651064, 127.048676 37.650886, 127.048865 37.650432, 127.049033 37.650057)
712234707	경원선	False	LINESTRING (127.047621 37.653305, 127.048048 37.652331, 127.048124 37.652162, 127.048221 37.651936, 127.048454 37.651416)
712234712	경원선	False	LINESTRING (127.047687 37.653321, 127.04819 37.652219, 127.048315 37.651941, 127.048509 37.651434)
712234714		False	LINESTRING (127.04789 37.653366, 127.048319 37.652445, 127.048676 37.6515)
712234715		False	LINESTRING (127.047947 37.653383, 127.047798 37.653696, 127.047664 37.653992, 127.047554 37.654242, 127.047432 37.654478, 127.047236 37.654813)
712234716		False	LINESTRING (127.048732 37.651514, 127.048364 37.652446, 127.047947 37.653383)
712234717		False	LINESTRING (127.048676 37.6515, 127.048986 37.650787, 127.049083 37.650512, 127.049144 37.650318, 127.04918 37.650202)
712234719	경원선	False	LINESTRING (127.048509 37.651434, 127.048607 37.651174, 127.04881 37.650682, 127.048916 37.650443, 127.049082 37.650045, 127.049248 37.649674, 127.049461 37.649179)
712245621	경원선	False	LINESTRING (127.050967 37.645566, 127.050908 37.645699)
712245622	경원선	False	LINESTRING (127.051012 37.645579, 127.051686 37.643984, 127.051813 37.643683)
712245623	경원선	False	LINESTRING (127.050958 37.645712, 127.051012 37.645579)
712245624	경원선	False	LINESTRING (127.050908 37.645699, 127.050688 37.64622, 127.049866 37.648175, 127.049484 37.649066, 127.049033 37.650057)
712245625	경원선	False	LINESTRING (127.051836 37.643523, 127.051775 37.643673)
712245626	경원선	False	LINESTRING (127.051877 37.643534, 127.051927 37.643416, 127.052208 37.642796, 127.052314 37.642576, 127.052388 37.642449, 127.052486 37.642282, 127.052588 37.642124)
712245627	경원선	False	LINESTRING (127.051775 37.643673, 127.05111 37.645229, 127.050967 37.645566)
712245628	경원선	False	LINESTRING (127.051813 37.643683, 127.051831 37.643642, 127.051853 37.64359, 127.051877 37.643534)
712245629	경원선	False	LINESTRING (127.058934 37.633917, 127.058863 37.632315, 127.058853 37.632113, 127.058848 37.632028)
712245630	경원선	False	LINESTRING (127.058882 37.633919, 127.05889 37.634112, 127.05888 37.634218, 127.058875 37.634269, 127.058858 37.634375)
712245631	경원선	False	LINESTRING (127.058858 37.634375, 127.058817 37.634638, 127.058776 37.634931, 127.058716 37.635211, 127.058622 37.63553, 127.058529 37.635779, 127.058464 37.635946, 127.058411 37.636052, 127.05834 37.636194, 127.058274 37.636316, 127.058212 37.636432, 127.058115 37.636611, 127.058001 37.636769)
712245632	경원선	False	LINESTRING (127.058921 37.634373, 127.058939 37.63427, 127.058944 37.634113, 127.058934 37.633917)
712245636	경원선	False	LINESTRING (127.058789 37.631905, 127.058792 37.632029)
712245637	경원선	False	LINESTRING (127.058839 37.631904, 127.058847 37.631548, 127.058855 37.631163, 127.058881 37.630935, 127.05894 37.630573, 127.059015 37.630222, 127.059079 37.629971, 127.059135 37.629807, 127.059277 37.629425, 127.059481 37.62892, 127.059571 37.628714, 127.059914 37.627963, 127.060041 37.627695)
712245638	경원선	False	LINESTRING (127.058848 37.632028, 127.058839 37.631904)
712245639	경원선	False	LINESTRING (127.058792 37.632029, 127.058796 37.632126, 127.058869 37.633669, 127.058882 37.633919)
800689389	경원선	False	LINESTRING (127.059672 37.62838, 127.059587 37.628561, 127.059485 37.628789, 127.059405 37.628991, 127.059235 37.629402, 127.059144 37.629638, 127.059044 37.629923, 127.058996 37.630096, 127.05893 37.630387, 127.058877 37.630659, 127.058822 37.631021, 127.058797 37.63128, 127.058796 37.631555, 127.058789 37.631905)
1173033267		False	LINESTRING (127.047236 37.654813, 127.047072 37.65506)
1272431716		False	LINESTRING (127.048328 37.651389, 127.048037 37.651901, 127.047454 37.653267)
1272431717		False	LINESTRING (127.048632 37.651485, 127.048966 37.65068, 127.049111 37.650264, 127.049261 37.649804, 127.049318 37.649628, 127.049461 37.649179)
1272431718		False	LINESTRING (127.047454 37.653267, 127.047312 37.653581, 127.047076 37.654143, 127.046839 37.654902, 127.046627 37.655444, 127.046425 37.656153)
1272431719		False	LINESTRING (127.046476 37.656167, 127.046652 37.655853, 127.047072 37.65506, 127.04716 37.654849, 127.047402 37.654387, 127.047487 37.65417, 127.047828 37.653364)
1272431720		False	LINESTRING (127.047828 37.653364, 127.048508 37.651846, 127.048585 37.651621, 127.048632 37.651485)
1272431721		False	LINESTRING (127.049033 37.650057, 127.048875 37.650343, 127.048487 37.65105, 127.048328 37.651389)
45769198		False	LINESTRING (127.06359 37.62103, 127.063515 37.621407, 127.063469 37.621577, 127.063365 37.62187, 127.063233 37.622172, 127.0624 37.62408, 127.062236 37.624416)
45769213		False	LINESTRING (127.060579 37.626774, 127.060468 37.627031, 127.060372 37.627339, 127.060339 37.627546, 127.060315 37.62777, 127.060331 37.628025, 127.06039 37.628385, 127.060457 37.628609, 127.060529 37.62878, 127.060662 37.629063, 127.06079 37.629254, 127.06106 37.629538, 127.061271 37.629716, 127.06165 37.62999, 127.061825 37.6301, 127.062047 37.630215)
167584777	경춘선	False	LINESTRING (127.111539 37.6279, 127.109944 37.625538, 127.108188 37.622948)
239580582	진접선	False	LINESTRING (127.080722 37.671961, 127.080393 37.671637, 127.080063 37.671312, 127.079797 37.67105, 127.078909 37.670112, 127.07844 37.669575)
400422667	경춘선	False	LINESTRING (127.108138 37.62297, 127.111498 37.627917)
425371621		False	LINESTRING (127.06243 37.622123, 127.062589 37.62178, 127.062684 37.621549, 127.062808 37.621254, 127.062865 37.621141, 127.062981 37.620909)
425371622		False	LINESTRING (127.061122 37.625477, 127.061387 37.624878, 127.062569 37.622218, 127.063079 37.621039, 127.063448 37.62027)
425371623		False	LINESTRING (127.061137 37.625572, 127.061155 37.62553, 127.061319 37.625139, 127.061458 37.624839, 127.061477 37.624798, 127.06205 37.623502)
425371625		False	LINESTRING (127.061122 37.625477, 127.061269 37.62502)
425371626		False	LINESTRING (127.061084 37.625556, 127.060925 37.626045)
425371628		False	LINESTRING (127.060638 37.626666, 127.060971 37.626101)
425371630		False	LINESTRING (127.060759 37.625937, 127.060585 37.626254, 127.060402 37.626589)
425371632	경원선	False	LINESTRING (127.06072 37.626249, 127.060894 37.625868, 127.060988 37.625664, 127.061092 37.625422, 127.061269 37.62502)
425371635		False	LINESTRING (127.060449 37.626611, 127.060759 37.625937, 127.060848 37.62574, 127.061078 37.625198)
425374190	경원선	False	LINESTRING (127.062069 37.623203, 127.062112 37.62311, 127.062518 37.622207, 127.063001 37.621108)
425383756		False	LINESTRING (127.061014 37.626133, 127.061268 37.625725, 127.061409 37.62555, 127.061501 37.625442, 127.061632 37.625304, 127.061769 37.625147, 127.061916 37.624983, 127.062022 37.624901, 127.062156 37.624776, 127.062231 37.624706, 127.062484 37.624394, 127.062631 37.624161, 127.062787 37.62391, 127.063092 37.62325, 127.063213 37.622938, 127.063379 37.622576, 127.0635 37.622313, 127.063548 37.622126, 127.063566 37.621999, 127.063587 37.621907, 127.063625 37.621668, 127.063732 37.621021)
425383757		False	LINESTRING (127.061044 37.625958, 127.061292 37.625584, 127.061676 37.625179, 127.061802 37.625067, 127.061901 37.624945, 127.061948 37.624888, 127.062108 37.624674, 127.062195 37.624502, 127.062236 37.624416, 127.06229 37.624332, 127.062369 37.624207, 127.062408 37.624144, 127.062532 37.623873, 127.063424 37.621846, 127.063505 37.621639, 127.063553 37.621484, 127.0636 37.621357, 127.063646 37.621214)
425383758		False	LINESTRING (127.062408 37.624144, 127.062525 37.623963, 127.062559 37.623886, 127.063153 37.622542, 127.063539 37.62167, 127.063583 37.621533, 127.063646 37.621214)
425383760		False	LINESTRING (127.063478 37.622624, 127.063595 37.622339, 127.06366 37.622092, 127.063684 37.621933, 127.063721 37.621653, 127.06372 37.621383, 127.063725 37.62132, 127.063732 37.621021, 127.063735 37.620895, 127.063732 37.620704)
425383761		False	LINESTRING (127.061901 37.624945, 127.062072 37.624661, 127.063208 37.622149, 127.063338 37.621814, 127.063456 37.621426, 127.063524 37.621207, 127.06359 37.62103, 127.063612 37.620868, 127.063642 37.62073, 127.063663 37.620553)
425545544		False	LINESTRING (127.063663 37.620553, 127.063536 37.620932, 127.063484 37.621106, 127.063331 37.621594, 127.063178 37.622008, 127.063175 37.622016, 127.063118 37.622164, 127.062842 37.622811, 127.062149 37.624346, 127.062022 37.624611, 127.06195 37.624718, 127.061865 37.62483, 127.06172 37.624979, 127.061697 37.625003, 127.061413 37.625294)
425545547		False	LINESTRING (127.06172 37.624979, 127.061924 37.624693, 127.061996 37.624587, 127.06205 37.624482, 127.062108 37.624361, 127.06299 37.622376, 127.063114 37.622083, 127.063179 37.621916, 127.063242 37.621738, 127.06341 37.621188, 127.063515 37.620828, 127.063607 37.620524, 127.063635 37.620344, 127.063653 37.620234)
591213746	진접선	True	LINESTRING (127.161091 37.691853, 127.160613 37.691561, 127.154402 37.687625, 127.152742 37.686623, 127.145595 37.681974, 127.143407 37.680617, 127.141552 37.679651, 127.118086 37.66867, 127.117644 37.668475, 127.11741 37.668369, 127.117151 37.668249, 127.115423 37.667498, 127.11482 37.667233, 127.113086 37.666522, 127.112363 37.666277, 127.112121 37.666215, 127.111883 37.666192, 127.11166 37.666189, 127.111378 37.666214, 127.110972 37.666258, 127.110154 37.66638, 127.109534 37.66656, 127.108928 37.666765, 127.098766 37.672045, 127.098451 37.672209, 127.098012 37.672436, 127.097294 37.67281, 127.091298 37.675925, 127.087787 37.678106, 127.086913 37.67862, 127.086482 37.678833, 127.086124 37.678966, 127.085853 37.679062, 127.085599 37.679128, 127.085255 37.679196, 127.084948 37.679231, 127.084593 37.679249, 127.084195 37.679228, 127.083594 37.679128, 127.083241 37.679045, 127.08295 37.678943, 127.082673 37.678827, 127.082398 37.678674, 127.082104 37.678472, 127.081711 37.678111, 127.081472 37.677776, 127.081285 37.677384, 127.08114 37.676875, 127.081102 37.676587, 127.081114 37.676227, 127.08119 37.675897, 127.081405 37.67545)
625354987		False	LINESTRING (127.06243 37.622123, 127.06254 37.62192, 127.062639 37.621745, 127.062689 37.62166, 127.062757 37.621545, 127.062852 37.621385, 127.063001 37.621108)
625354988		False	LINESTRING (127.06243 37.622123, 127.062263 37.622502, 127.062121 37.62282, 127.062082 37.622908, 127.061717 37.623744)
625354989		False	LINESTRING (127.061078 37.625198, 127.060931 37.625638, 127.060836 37.625933, 127.060794 37.626054, 127.06072 37.626249)
625354992		False	LINESTRING (127.060318 37.627211, 127.060398 37.627049, 127.060509 37.626816, 127.060638 37.626554, 127.060772 37.626268, 127.060914 37.625952, 127.061084 37.625556, 127.061122 37.625477)
625354993		False	LINESTRING (127.060089 37.627586, 127.060209 37.62738, 127.060318 37.627211)
625373256	망우선	False	LINESTRING (127.063448 37.62027, 127.063306 37.620649)
625373258	망우선	False	LINESTRING (127.063306 37.620649, 127.063097 37.621217, 127.062912 37.621813, 127.062812 37.622069, 127.062635 37.622479, 127.062305 37.623253, 127.062185 37.623517)
712246812	경원선	False	LINESTRING (127.062981 37.620909, 127.062788 37.621232, 127.062643 37.621523, 127.062635 37.62154, 127.061948 37.623073, 127.061597 37.623886, 127.06122 37.624762, 127.061042 37.625176, 127.060937 37.625428, 127.060756 37.625832)
772651750	경원선	False	LINESTRING (127.06072 37.626249, 127.060528 37.626646, 127.060351 37.627008, 127.060226 37.627288, 127.060089 37.627586)
780908614		False	LINESTRING (127.06205 37.623502, 127.062774 37.621859, 127.062835 37.621717, 127.062979 37.621381, 127.063031 37.621265, 127.063306 37.620649)
780908615		False	LINESTRING (127.061717 37.623744, 127.061305 37.624694, 127.061078 37.625198)
800689387		False	LINESTRING (127.061137 37.625572, 127.061087 37.625682, 127.061006 37.625858, 127.060925 37.626045, 127.060905 37.626088, 127.060638 37.626666, 127.060603 37.626734, 127.060579 37.626774, 127.060318 37.627211)
800689388	경원선	False	LINESTRING (127.060041 37.627695, 127.060089 37.627586)
850710256	진접선	True	LINESTRING (127.081525 37.675469, 127.081481 37.675976, 127.081458 37.676339, 127.081462 37.676604, 127.081509 37.67687, 127.081597 37.677122, 127.081688 37.677382, 127.081808 37.677644, 127.081957 37.677868, 127.082239 37.678134, 127.082641 37.678449, 127.083144 37.678714, 127.083761 37.6789, 127.084413 37.678981, 127.084947 37.679006, 127.085492 37.678983, 127.085956 37.678893, 127.086447 37.678749, 127.086874 37.67856, 127.087756 37.678054, 127.091277 37.675874, 127.097798 37.672474, 127.09836 37.672181, 127.098878 37.671911, 127.099373 37.671653, 127.09971 37.671478, 127.100321 37.671159, 127.108502 37.666894, 127.10888 37.66672, 127.109463 37.666506, 127.109963 37.666362, 127.110557 37.666247, 127.110865 37.666202, 127.111233 37.666156, 127.111468 37.666133, 127.111658 37.666124, 127.111885 37.666117, 127.11215 37.666147, 127.112354 37.666202, 127.112661 37.666302, 127.113699 37.666699, 127.114861 37.667188, 127.116952 37.668094, 127.117169 37.668201, 127.11744 37.668309, 127.118169 37.668622, 127.141578 37.679582, 127.143441 37.680552, 127.145675 37.681923, 127.152796 37.686574, 127.15442 37.687574, 127.161114 37.691832)
1013478679	유치선	True	LINESTRING (127.100372 37.670971, 127.100693 37.670814, 127.100929 37.67067, 127.101226 37.670376, 127.101487 37.6701, 127.101555 37.670045, 127.101781 37.669861, 127.104611 37.668329)
1019031494	유치선	True	LINESTRING (127.104626 37.66839, 127.101931 37.669839, 127.101537 37.670138, 127.10118 37.670495, 127.100938 37.670736, 127.100605 37.670937, 127.10025 37.671139, 127.09971 37.671478)
1160850752		False	LINESTRING (127.062185 37.623517, 127.061782 37.624419, 127.061718 37.624564, 127.061667 37.624666, 127.061514 37.624974, 127.061398 37.625171)
1382987332		False	LINESTRING (127.063759 37.620071, 127.063732 37.620704, 127.063699 37.6209, 127.063646 37.621214)
1382987333		False	LINESTRING (127.06372 37.621383, 127.063676 37.62167, 127.0636 37.622115, 127.063545 37.622322, 127.063214 37.623073, 127.062968 37.623607, 127.062808 37.623955, 127.062674 37.624179, 127.062484 37.624394)
1382987334		False	LINESTRING (127.061916 37.624983, 127.061676 37.625179)
1382987335		False	LINESTRING (127.063663 37.620553, 127.0637 37.620372, 127.063759 37.620071)
1419920374	경원선	False	LINESTRING (127.061269 37.62502, 127.061424 37.624677, 127.062069 37.623203)
1425300863		False	LINESTRING (127.062231 37.624706, 127.062575 37.624386, 127.062672 37.62427, 127.06283 37.624047, 127.062926 37.623877, 127.063048 37.6236, 127.063279 37.623108, 127.063292 37.623077)
1425300864		False	LINESTRING (127.063292 37.623077, 127.063478 37.622624)
45769333	(구)경춘선	False	LINESTRING (127.128232 37.642237, 127.129206 37.642533)
45769336	(구)경춘선	False	LINESTRING (127.129206 37.642533, 127.129547 37.642631, 127.129677 37.642668, 127.130402 37.642878, 127.130804 37.643015, 127.131454 37.643366, 127.131979 37.643713, 127.132414 37.644027)
167584765	경춘선	False	LINESTRING (127.137203 37.646286, 127.136713 37.646124, 127.136124 37.645907, 127.135481 37.645655, 127.134882 37.645408, 127.133646 37.644882, 127.129963 37.643322)
167584770	경춘선	False	LINESTRING (127.126771 37.641962, 127.126344 37.64178, 127.123009 37.640349, 127.119879 37.639014, 127.119331 37.638765, 127.118715 37.638462, 127.118331 37.638245, 127.117882 37.637974, 127.117565 37.637749, 127.117275 37.637523, 127.116859 37.63718, 127.116578 37.636913, 127.116271 37.636601, 127.115979 37.63626, 127.115726 37.635908, 127.115493 37.635549, 127.115348 37.635309, 127.115169 37.634977)
456603892	경춘선	False	LINESTRING (127.115125 37.634989, 127.115244 37.635226, 127.115444 37.635571, 127.115688 37.635933, 127.115946 37.63629, 127.11613 37.636502, 127.116405 37.636804, 127.11667 37.63707, 127.116991 37.63735, 127.117285 37.637591, 127.117639 37.637863, 127.118021 37.638112, 127.118379 37.638325, 127.118711 37.63851, 127.11909 37.638698, 127.119472 37.638883, 127.120148 37.639177, 127.12299 37.640385, 127.126239 37.641787, 127.126751 37.641994)
456603895	(구)경춘선	False	LINESTRING (127.120425 37.639042, 127.121456 37.639479, 127.123742 37.640498, 127.124339 37.640769, 127.124592 37.640896, 127.124829 37.641033, 127.12502 37.641139, 127.125145 37.641184, 127.125333 37.641262, 127.125474 37.641313, 127.125685 37.641377, 127.125788 37.641414)
456603896		False	LINESTRING (127.124592 37.640896, 127.124302 37.640725, 127.123973 37.640523, 127.12384 37.640457, 127.123662 37.640376, 127.122284 37.639759, 127.12214 37.63971, 127.12181 37.639606, 127.121456 37.639479)
456603897		False	LINESTRING (127.12181 37.639606, 127.122072 37.639708, 127.122343 37.639825, 127.123834 37.640491, 127.124022 37.640577, 127.124302 37.640725)
456603899		False	LINESTRING (127.132414 37.644027, 127.132917 37.644345, 127.132932 37.644355, 127.133522 37.644706, 127.134287 37.645068, 127.135354 37.645487, 127.136481 37.645946, 127.137202 37.646225, 127.137314 37.646264)
456603900	경춘선	False	LINESTRING (127.12994 37.643363, 127.133639 37.644922, 127.134326 37.645213, 127.134765 37.645398, 127.135302 37.645627, 127.13571 37.645788, 127.13623 37.645986, 127.136646 37.646141, 127.137021 37.646273, 127.137182 37.646324)
456603901	경춘선	False	LINESTRING (127.138474 37.646685, 127.138263 37.646626, 127.137693 37.646443, 127.137203 37.646286)
456603902		False	LINESTRING (127.137314 37.646264, 127.137571 37.646353, 127.138006 37.646498, 127.138467 37.646644)
456603903		False	LINESTRING (127.138467 37.646644, 127.139175 37.646848, 127.13991 37.647069, 127.140192 37.647148)
456603905	경춘선	False	LINESTRING (127.138467 37.646723, 127.138714 37.646798, 127.13881 37.646827, 127.139572 37.647056, 127.140214 37.647261)
456603906	경춘선	False	LINESTRING (127.137182 37.646324, 127.137608 37.646458, 127.138099 37.646612, 127.138467 37.646723)
456603907		False	LINESTRING (127.139391 37.646962, 127.138714 37.646798)
456603908		False	LINESTRING (127.146849 37.649249, 127.147538 37.649512)
456603909		False	LINESTRING (127.146609 37.649177, 127.145777 37.648881, 127.144974 37.648588, 127.144694 37.648499, 127.143579 37.648155, 127.141634 37.647555, 127.141324 37.647469, 127.141029 37.647396, 127.140321 37.647215, 127.140199 37.647185)
456603910		False	LINESTRING (127.139572 37.647056, 127.140221 37.647299)
456603911		False	LINESTRING (127.141046 37.647354, 127.140667 37.647281, 127.140321 37.647215)
456603912		False	LINESTRING (127.140336 37.647176, 127.140667 37.647281, 127.141029 37.647396)
456603913	경춘선	False	LINESTRING (127.153995 37.65146, 127.153422 37.651283, 127.150443 37.650368, 127.149198 37.649983, 127.146849 37.649249, 127.146609 37.649177)
456603914	경춘선	False	LINESTRING (127.153978 37.651491, 127.156225 37.652218)
456603915		False	LINESTRING (127.140192 37.647148, 127.140336 37.647176, 127.140459 37.647209, 127.141046 37.647354, 127.141577 37.647494, 127.141806 37.647563, 127.145005 37.648549, 127.145132 37.648593, 127.145428 37.64872, 127.145512 37.648763, 127.145644 37.648825, 127.145777 37.648881)
456603916		False	LINESTRING (127.140199 37.647185, 127.139593 37.647023)
456603917	경춘선	False	LINESTRING (127.140205 37.647217, 127.139593 37.647023, 127.139391 37.646962, 127.138474 37.646685)
456603918	경춘선	False	LINESTRING (127.146589 37.649209, 127.147538 37.649512, 127.148589 37.649838, 127.149935 37.650252, 127.150407 37.650396, 127.153414 37.651323, 127.153978 37.651491)
456603919		False	LINESTRING (127.140221 37.647299, 127.141177 37.647642, 127.141397 37.647722, 127.141641 37.647801, 127.143477 37.648363, 127.144672 37.648728, 127.144842 37.648775, 127.144984 37.64881, 127.145511 37.648936, 127.145822 37.649012, 127.146589 37.649209)
456603920	경춘선	False	LINESTRING (127.156244 37.652182, 127.153995 37.65146)
456603921	경춘선	False	LINESTRING (127.156767 37.652366, 127.156244 37.652182)
456603922	경춘선	False	LINESTRING (127.156747 37.652398, 127.156932 37.652469, 127.158212 37.652974, 127.158764 37.653213, 127.15954 37.653557, 127.1602 37.653841, 127.160702 37.654057, 127.161324 37.654329, 127.162115 37.654663, 127.162554 37.654833, 127.16304 37.654998, 127.163427 37.655116, 127.163848 37.655221, 127.164398 37.65534, 127.164875 37.655417, 127.165307 37.65547)
456603923	경춘선	False	LINESTRING (127.156225 37.652218, 127.156747 37.652398)
456603926	경춘선	False	LINESTRING (127.165307 37.65543, 127.164856 37.655378, 127.164339 37.655288, 127.163747 37.65516, 127.1633 37.655036, 127.162763 37.654862, 127.162216 37.65466, 127.161248 37.654253, 127.160712 37.654019, 127.160226 37.653806, 127.15975 37.653601, 127.158997 37.653272, 127.157937 37.65281, 127.156767 37.652366)
634647736	경춘선	False	LINESTRING (127.113985 37.63212, 127.113681 37.631428, 127.113523 37.631101, 127.113271 37.63064)
634647741	경춘선	False	LINESTRING (127.113242 37.630676, 127.113464 37.631089, 127.113684 37.631556, 127.113938 37.632131)
634647750	경춘선	False	LINESTRING (127.111498 37.627917, 127.112651 37.62966, 127.112948 37.630142, 127.113242 37.630676)
634647766	경춘선	False	LINESTRING (127.113271 37.63064, 127.113002 37.630146, 127.112689 37.629634, 127.111539 37.6279)
1041611458		True	LINESTRING (127.117169 37.668201, 127.117295 37.668286, 127.11741 37.668369)
1041611459		True	LINESTRING (127.11744 37.668309, 127.117295 37.668286, 127.117151 37.668249)
1056159998	(구)경춘선	False	LINESTRING (127.126627 37.641711, 127.126724 37.641742, 127.128232 37.642237)
1056159999	(구)경춘선	False	LINESTRING (127.125788 37.641414, 127.126627 37.641711)
1414067492	경춘선	False	LINESTRING (127.11434 37.633119, 127.114416 37.63331, 127.1147 37.633955, 127.11482 37.634259, 127.115038 37.634812, 127.115125 37.634989)
1414067493	경춘선	False	LINESTRING (127.115169 37.634977, 127.11504 37.634685, 127.114733 37.63393, 127.114695 37.633834, 127.114447 37.63327, 127.114382 37.633109)
1414067494	경춘선	False	LINESTRING (127.114382 37.633109, 127.114154 37.632533, 127.113985 37.63212)
1414067495	경춘선	False	LINESTRING (127.113938 37.632131, 127.114103 37.632546, 127.11434 37.633119)
1414067497	경춘선	False	LINESTRING (127.128179 37.642601, 127.128372 37.642685, 127.128481 37.642731, 127.12994 37.643363)
1414067498	경춘선	False	LINESTRING (127.129963 37.643322, 127.128501 37.642699, 127.128203 37.642568)
1414067499	경춘선	False	LINESTRING (127.126751 37.641994, 127.128179 37.642601)
1414067500	경춘선	False	LINESTRING (127.128203 37.642568, 127.126842 37.641991, 127.126771 37.641962)
1540099761	경춘선	False	LINESTRING (127.140214 37.647261, 127.143524 37.64827, 127.146589 37.649209)
1540099762	경춘선	False	LINESTRING (127.146609 37.649177, 127.145665 37.648892, 127.143851 37.648332, 127.14354 37.648237, 127.141782 37.647702, 127.140725 37.647373, 127.140205 37.647217)
174582237	경춘선	False	LINESTRING (127.188474 37.638364, 127.188553 37.638282, 127.188717 37.638133, 127.18883 37.638035, 127.189141 37.637754, 127.189584 37.637406, 127.190019 37.63711, 127.190583 37.636776, 127.191187 37.636451, 127.191717 37.636225, 127.192454 37.635968, 127.193108 37.635817)
174582242	경춘선	False	LINESTRING (127.186777 37.641061, 127.186994 37.640587, 127.187262 37.64008, 127.187435 37.639774, 127.187584 37.63952, 127.187616 37.639466, 127.187979 37.638942, 127.188096 37.638792, 127.188266 37.638592, 127.188474 37.638364)
174582243	경춘선	False	LINESTRING (127.185263 37.644175, 127.185469 37.643682, 127.185676 37.643305, 127.186222 37.642182, 127.186661 37.641274, 127.186777 37.641061)
456603924	경춘선	False	LINESTRING (127.16559 37.655495, 127.165913 37.655519, 127.166223 37.655533, 127.16654 37.655535, 127.166971 37.655524, 127.167557 37.655482, 127.168043 37.655423, 127.168583 37.655338, 127.169177 37.655209, 127.169695 37.655062, 127.169997 37.654971, 127.170412 37.654817, 127.170717 37.654694, 127.171007 37.654569, 127.171296 37.65443, 127.17198 37.654047)
456603925	경춘선	False	LINESTRING (127.165307 37.65547, 127.16559 37.655495)
456603927	경춘선	False	LINESTRING (127.165589 37.655457, 127.165307 37.65543)
456603928	경춘선	False	LINESTRING (127.172782 37.653526, 127.171951 37.654012)
456603929	경춘선	False	LINESTRING (127.172813 37.653559, 127.173814 37.652975, 127.174174 37.652762, 127.176116 37.651579, 127.17691 37.651114, 127.177698 37.650652, 127.179065 37.649875, 127.180502 37.649026, 127.180922 37.648778, 127.181034 37.648704, 127.181608 37.648347)
456603930	경춘선	False	LINESTRING (127.171951 37.654012, 127.171092 37.654488, 127.1707 37.654658, 127.170344 37.6548, 127.169998 37.65493, 127.169686 37.655026, 127.169199 37.655162, 127.168749 37.655267, 127.168281 37.65535, 127.167811 37.655411, 127.167536 37.655438, 127.167156 37.655472, 127.166762 37.65549, 127.166405 37.65549, 127.166075 37.655487, 127.16583 37.655478, 127.165589 37.655457)
456603931	경춘선	False	LINESTRING (127.17198 37.654047, 127.172813 37.653559)
456603936		False	LINESTRING (127.180502 37.649026, 127.179892 37.64934)
545389646	경춘선	False	LINESTRING (127.181608 37.648347, 127.182107 37.648032, 127.182652 37.64764, 127.182878 37.647463, 127.183324 37.647068, 127.183521 37.646874, 127.18392 37.646453, 127.184263 37.646019, 127.184479 37.645712, 127.184762 37.645214, 127.184997 37.644774, 127.185263 37.644175)
588349735	경춘선	False	LINESTRING (127.186727 37.641041, 127.186549 37.6414, 127.186238 37.642034, 127.185937 37.642672, 127.18568 37.643186, 127.185505 37.643512, 127.185314 37.643932, 127.185088 37.644427, 127.184922 37.644814, 127.184717 37.645188, 127.184447 37.645671, 127.184206 37.646012, 127.183984 37.6463, 127.183801 37.646525, 127.183307 37.647017, 127.183003 37.647297, 127.182638 37.647593, 127.182083 37.648004, 127.181557 37.648336, 127.179892 37.64934, 127.179021 37.649854, 127.177674 37.650626, 127.176882 37.651086, 127.176092 37.651551, 127.17409 37.652764, 127.173785 37.652944, 127.172782 37.653526)
588349736	경춘선	False	LINESTRING (127.188428 37.638333, 127.188221 37.638571, 127.18807 37.638762, 127.187942 37.638917, 127.187631 37.639364, 127.187459 37.63964, 127.187252 37.64, 127.187054 37.640382, 127.186916 37.640646, 127.186727 37.641041)
588349737	경춘선	False	LINESTRING (127.194318 37.635566, 127.193789 37.635637, 127.193179 37.635748, 127.192621 37.63588, 127.19216 37.63602, 127.191634 37.636222, 127.191266 37.636365, 127.190559 37.63674, 127.190081 37.637015, 127.189621 37.637318, 127.189278 37.637586, 127.188968 37.637845, 127.188669 37.638105, 127.188428 37.638333)
589240725		False	LINESTRING (127.179021 37.649854, 127.178224 37.65019, 127.177599 37.650541, 127.176807 37.65101, 127.176027 37.651472, 127.174996 37.652094, 127.17409 37.652764)
589240726		False	LINESTRING (127.174174 37.652762, 127.17525 37.652181, 127.176983 37.651188, 127.177828 37.650694, 127.178406 37.650361, 127.179065 37.649875)
402146071	경의선	False	LINESTRING (126.765088 37.720911, 126.764836 37.720336, 126.764221 37.718962, 126.763943 37.718329, 126.763551 37.717512, 126.763179 37.716613, 126.762737 37.715664, 126.762584 37.715338, 126.761947 37.713979, 126.761735 37.713473, 126.761564 37.712999, 126.761431 37.712549, 126.761335 37.712108, 126.76126 37.711679, 126.76121 37.711227, 126.76118 37.710774, 126.761169 37.708888, 126.761159 37.706201, 126.761132 37.703221, 126.761197 37.70077, 126.76119 37.699962, 126.761167 37.699031, 126.761134 37.698079, 126.76112 37.697279, 126.761102 37.696238, 126.761056 37.694868, 126.761048 37.693117, 126.76105 37.692969)
402156754	경의선	False	LINESTRING (126.769918 37.682109, 126.771551 37.68141, 126.772636 37.680944, 126.773857 37.680384, 126.77438 37.680159, 126.775184 37.679813)
402156755	경의선	False	LINESTRING (126.76134 37.687605, 126.761465 37.68732, 126.761629 37.687006)
402156757	경의선	False	LINESTRING (126.76105 37.692969, 126.761043 37.692166, 126.76101 37.690691, 126.76101 37.690212, 126.761024 37.689722, 126.761054 37.689216, 126.761094 37.688588, 126.761152 37.688229, 126.761211 37.687987, 126.761292 37.687742, 126.76134 37.687605)
402156758	경의선	False	LINESTRING (126.761003 37.692971, 126.761013 37.694686, 126.761009 37.694894, 126.761052 37.696233, 126.761071 37.697276, 126.761083 37.698076, 126.761118 37.699025, 126.761134 37.699958, 126.76114 37.700772, 126.761081 37.703215, 126.761108 37.706201, 126.76112 37.708886, 126.761131 37.710775, 126.76116 37.711242, 126.761206 37.711673, 126.761286 37.712124, 126.761382 37.712555, 126.761508 37.712992, 126.761606 37.713265, 126.761684 37.713483, 126.761896 37.713992, 126.762526 37.715335, 126.762684 37.715675, 126.763133 37.716628, 126.763493 37.717505, 126.763889 37.718333, 126.764249 37.719159, 126.764792 37.720352, 126.765045 37.720921)
402156759	경의선	False	LINESTRING (126.76154 37.686975, 126.76145 37.687146, 126.761367 37.687316, 126.761255 37.687586)
402156760	경의선	False	LINESTRING (126.761255 37.687586, 126.761192 37.687764, 126.761136 37.687966, 126.761072 37.688269, 126.761037 37.688526, 126.761022 37.688723, 126.760999 37.689295, 126.760971 37.689858, 126.760952 37.690503, 126.760952 37.690899, 126.760992 37.692162, 126.761003 37.692971)
402156762		False	LINESTRING (126.764191 37.684565, 126.764628 37.684342, 126.765036 37.684154, 126.765752 37.683831, 126.766503 37.683504)
402156763		False	LINESTRING (126.766503 37.683504, 126.766868 37.683362, 126.767115 37.683281, 126.767316 37.683217, 126.767574 37.683124)
402156764		False	LINESTRING (126.766503 37.683504, 126.766857 37.683343, 126.767037 37.683258, 126.767198 37.683177, 126.767509 37.683024)
402156765		False	LINESTRING (126.765542 37.683763, 126.76599 37.683548, 126.766463 37.683332, 126.76678 37.683197, 126.767274 37.68299, 126.767742 37.682796, 126.768049 37.682658)
402156766		False	LINESTRING (126.765656 37.683812, 126.76638 37.683448, 126.766947 37.683208, 126.767502 37.682982, 126.768856 37.682394, 126.769121 37.682277, 126.771468 37.681278, 126.772108 37.681, 126.772577 37.680802, 126.772918 37.680656, 126.773661 37.680341, 126.773784 37.680295, 126.774278 37.680112, 126.774736 37.679944, 126.77516 37.679777)
402156767		False	LINESTRING (126.766947 37.683208, 126.767402 37.682994, 126.767717 37.68283, 126.768049 37.682658, 126.768406 37.682476, 126.768642 37.682361, 126.768786 37.682296, 126.771204 37.681266, 126.77165 37.681106, 126.772383 37.680849, 126.772918 37.680656)
402156768		False	LINESTRING (126.765733 37.683906, 126.766469 37.683627, 126.767059 37.683384, 126.768878 37.6826, 126.769549 37.682314, 126.77007 37.682091)
402156769		False	LINESTRING (126.767059 37.683384, 126.767662 37.683165, 126.768284 37.682953, 126.768746 37.682792, 126.769401 37.68251, 126.76966 37.6824, 126.770138 37.682195)
405576586		False	LINESTRING (126.77615 37.679356, 126.775388 37.679726)
405576587		False	LINESTRING (126.77637 37.679259, 126.777132 37.678987)
405576588	경의선	False	LINESTRING (126.769854 37.682014, 126.768767 37.682476, 126.767509 37.683024, 126.765656 37.683812, 126.765152 37.684035, 126.764586 37.684298, 126.764022 37.684597, 126.763451 37.684939, 126.76299 37.685274, 126.762577 37.685614, 126.762222 37.68597, 126.76196 37.686306, 126.761734 37.686652, 126.76154 37.686975)
1070104517		False	LINESTRING (126.77302 37.680821, 126.773656 37.680543, 126.774093 37.680344, 126.774575 37.680104, 126.775184 37.679813)
1070104518	경의선	False	LINESTRING (126.775388 37.679726, 126.777132 37.678987, 126.778518 37.67838, 126.782199 37.676807, 126.782604 37.676611, 126.782956 37.676421, 126.783232 37.676251, 126.783558 37.676036, 126.783866 37.675796, 126.784094 37.675611, 126.784301 37.675405, 126.784467 37.675225, 126.784562 37.675111)
1070104519	경의선	False	LINESTRING (126.775184 37.679813, 126.775388 37.679726)
1070104520	경의선	False	LINESTRING (126.784533 37.675076, 126.784356 37.675279, 126.784094 37.675545, 126.783843 37.675755, 126.783482 37.676027, 126.783089 37.67629, 126.782618 37.676554, 126.78218 37.676773, 126.778494 37.678344, 126.777089 37.67896, 126.77637 37.679259)
1070104521	경의선	False	LINESTRING (126.77637 37.679259, 126.77615 37.679356)
1070104522		False	LINESTRING (126.770138 37.682195, 126.771234 37.681724, 126.771684 37.681509, 126.772175 37.681261, 126.772695 37.680985, 126.77302 37.680821)
1070104523		False	LINESTRING (126.77007 37.682091, 126.771563 37.681453, 126.77302 37.680821)
1070104524	경의선	False	LINESTRING (126.761629 37.687006, 126.761791 37.686741, 126.761978 37.686469, 126.762231 37.686123, 126.762542 37.68579, 126.762955 37.685448, 126.76337 37.685128, 126.763824 37.684841, 126.764468 37.684489, 126.764916 37.684268, 126.765536 37.683993, 126.765733 37.683906)
1202254923	경의선	False	LINESTRING (126.77615 37.679356, 126.77516 37.679777, 126.774433 37.680093, 126.773647 37.680426, 126.773218 37.680586, 126.77244 37.680908, 126.7715 37.681315, 126.769854 37.682014)
1202254924	경의선	False	LINESTRING (126.765733 37.683906, 126.767574 37.683124, 126.768833 37.682574, 126.769918 37.682109)
1056169503	교외선	False	LINESTRING (126.851922 37.681474, 126.852257 37.681622, 126.852505 37.681748, 126.852729 37.681862, 126.853283 37.682056, 126.854038 37.682202, 126.85472 37.682269, 126.855268 37.682269, 126.855965 37.682167, 126.856144 37.682128, 126.860471 37.681199, 126.861276 37.681089, 126.861909 37.681029, 126.862606 37.681038, 126.863336 37.681131, 126.865867 37.681625, 126.867627 37.681878, 126.86855 37.682048, 126.869344 37.682252, 126.87002 37.682473, 126.871661 37.683186, 126.872187 37.683398, 126.872766 37.683534, 126.873324 37.683627, 126.873914 37.683644, 126.874633 37.683619, 126.875632 37.683542, 126.876629 37.683466, 126.879257 37.683245, 126.87989 37.683152, 126.88048 37.68299, 126.880995 37.682795, 126.881457 37.68254, 126.881972 37.682201, 126.882301 37.681805, 126.883155 37.680724, 126.88374 37.680118)
1056169504	교외선	False	LINESTRING (126.851592 37.681215, 126.851922 37.681474)
45770841	교외선	True	LINESTRING (126.897382 37.680272, 126.898719 37.679917)
45770848	교외선	False	LINESTRING (126.90249 37.679383, 126.9027 37.679365, 126.906112 37.679059, 126.908568 37.67883, 126.908821 37.67883, 126.909126 37.67883, 126.909577 37.678889, 126.909998 37.678979, 126.910336 37.6791, 126.910396 37.679122, 126.910994 37.679401, 126.911588 37.679698, 126.912113 37.680133, 126.912408 37.680406, 126.913197 37.680991, 126.914109 37.681768)
45770892	교외선	False	LINESTRING (126.887531 37.678986, 126.888312 37.679102)
45770895	교외선	False	LINESTRING (126.888312 37.679102, 126.889077 37.679288, 126.890642 37.679669, 126.890938 37.679737, 126.893296 37.680224, 126.893625 37.680305, 126.893818 37.680342, 126.894125 37.680387, 126.894514 37.680437, 126.894851 37.680462, 126.894983 37.680474, 126.895232 37.680479, 126.895994 37.680452, 126.896842 37.680358, 126.896961 37.680335, 126.897382 37.680272)
45770899	교외선	False	LINESTRING (126.88374 37.680118, 126.883796 37.680068, 126.884361 37.679662, 126.885119 37.679339)
45770900	교외선	False	LINESTRING (126.885119 37.679339, 126.885577 37.679195, 126.886296 37.679017, 126.886394 37.679007, 126.886628 37.678983, 126.887358 37.678983, 126.887531 37.678986)
982440126	교외선	False	LINESTRING (126.898719 37.679917, 126.899599 37.679704, 126.900447 37.679577, 126.902231 37.679406, 126.90228 37.679402)
982440127	교외선	False	LINESTRING (126.90228 37.679402, 126.90249 37.679383)
45770796	교외선	False	LINESTRING (126.920175 37.68701, 126.921123 37.687441)
45770800	교외선	False	LINESTRING (126.921123 37.687441, 126.923658 37.688638)
45770810	교외선	False	LINESTRING (126.914109 37.681768, 126.915112 37.682605)
45770813	교외선	False	LINESTRING (126.915452 37.682938, 126.915727 37.683288, 126.916407 37.68438, 126.916904 37.684999, 126.917396 37.685456, 126.917921 37.685851, 126.918434 37.686146, 126.920175 37.68701)
476329977	교외선	True	LINESTRING (126.923658 37.688638, 126.924312 37.689003, 126.924676 37.689314, 126.925056 37.689712)
476329980	교외선	False	LINESTRING (126.925056 37.689712, 126.925341 37.690194, 126.925595 37.690681, 126.925745 37.691156, 126.925773 37.691402, 126.92578 37.691776, 126.925771 37.692032, 126.925626 37.693894, 126.925618 37.694388, 126.925708 37.694821, 126.925848 37.695341, 126.926067 37.695752, 126.926746 37.696838, 126.9268 37.696923, 126.927367 37.697897, 126.927496 37.698115, 126.92762 37.698324, 126.928036 37.699037, 126.92904 37.700645, 126.929301 37.701084, 126.930103 37.702392, 126.930121 37.702421, 126.930246 37.702633, 126.931349 37.704504, 126.931608 37.705024, 126.931668 37.705172, 126.931865 37.70566, 126.932193 37.707237, 126.932854 37.710921, 126.932968 37.71156, 126.933108 37.712094, 126.933355 37.71262, 126.933566 37.712882, 126.933846 37.713202, 126.934329 37.713603, 126.935503 37.714442, 126.937593 37.715936, 126.941513 37.718673, 126.941568 37.718711, 126.941787 37.718865, 126.942411 37.719265, 126.942699 37.719388, 126.943145 37.719579, 126.943756 37.719716, 126.94426 37.719818)
476329985	교외선	False	LINESTRING (126.915112 37.682605, 126.915255 37.682745, 126.915322 37.682811, 126.915452 37.682938)
1056169496		False	LINESTRING (126.927496 37.698115, 126.927626 37.698371, 126.927774 37.698662, 126.928054 37.699142, 126.929001 37.70067, 126.929053 37.700766, 126.929868 37.702122, 126.929896 37.702168, 126.930246 37.702633)
1056169497		False	LINESTRING (126.927626 37.698371, 126.927685 37.698601, 126.928079 37.699297, 126.928449 37.699922, 126.928723 37.700385, 126.92921 37.70115, 126.929577 37.701741, 126.929868 37.702122)
455506460	경원선	False	LINESTRING (127.044166 37.671144, 127.044256 37.671832, 127.044366 37.672512, 127.045265 37.67777, 127.045306 37.677997)
455506461	경원선	False	LINESTRING (127.045734 37.680451, 127.046228 37.683302, 127.04628 37.683643, 127.046317 37.68404, 127.046346 37.684323, 127.046354 37.68509, 127.046332 37.685676)
455506462	경원선	False	LINESTRING (127.045781 37.680446, 127.045546 37.679101, 127.045385 37.678177, 127.045351 37.677991)
455506463	경원선	False	LINESTRING (127.04619 37.687308, 127.046173 37.688323, 127.046154 37.688564)
455506464	경원선	False	LINESTRING (127.046387 37.685677, 127.046394 37.685498, 127.046404 37.684935, 127.046384 37.684318, 127.046358 37.683971, 127.046321 37.683614, 127.046273 37.683295, 127.045781 37.680446)
455506465		False	LINESTRING (127.046209 37.687016, 127.04629 37.686517)
455506466		False	LINESTRING (127.046236 37.687298, 127.046244 37.687678, 127.046268 37.687968, 127.046295 37.688346, 127.046309 37.688551)
455506468		False	LINESTRING (127.04619 37.687308, 127.046139 37.68777, 127.046078 37.688337, 127.046041 37.688564)
455506470		False	LINESTRING (127.045697 37.694028, 127.045774 37.693507)
455506471	경원선 - 7호선 연결선로	False	LINESTRING (127.046117 37.690976, 127.046116 37.691288, 127.046135 37.691449, 127.046142 37.69151, 127.046153 37.691797)
455510202	경원선	False	LINESTRING (127.04579 37.693364, 127.045873 37.692377, 127.046001 37.690985, 127.046118 37.689658, 127.046161 37.68908)
455510203	경원선	False	LINESTRING (127.045662 37.696673, 127.04564 37.696433)
455510204	경원선	False	LINESTRING (127.045611 37.696673, 127.045648 37.696985, 127.04574 37.697485, 127.046002 37.698826, 127.046196 37.699735)
455510205	경원선	False	LINESTRING (127.045586 37.696434, 127.045611 37.696673)
455510206	경원선	False	LINESTRING (127.046254 37.699728, 127.046062 37.698819, 127.045786 37.697462, 127.045702 37.696982, 127.045662 37.696673)
455510207	경원선	False	LINESTRING (127.046196 37.699735, 127.046762 37.70261)
455510209	경원선	False	LINESTRING (127.046838 37.702615, 127.046254 37.699728)
625354998	경원선	False	LINESTRING (127.046236 37.687298, 127.04629 37.686517, 127.046356 37.685942, 127.046387 37.685677)
625355000	경원선	False	LINESTRING (127.04564 37.696433, 127.045634 37.696341, 127.045625 37.696192, 127.045612 37.695821, 127.045631 37.695421, 127.045717 37.694481, 127.045774 37.693507, 127.04579 37.693364)
625364777	경원선	False	LINESTRING (127.045737 37.693359, 127.045697 37.694028, 127.045672 37.694443, 127.045589 37.695288, 127.045568 37.695652, 127.045562 37.696022, 127.045586 37.696434)
625364778	경원선	False	LINESTRING (127.046332 37.685676, 127.04632 37.685816, 127.046312 37.68592, 127.046274 37.686265, 127.046209 37.687016, 127.04619 37.687308)
704261082		False	LINESTRING (127.046282 37.689136, 127.046277 37.689184, 127.046239 37.689598, 127.046153 37.690662, 127.046117 37.690976, 127.046017 37.692055, 127.045996 37.692189, 127.045856 37.692908, 127.045856 37.692913, 127.04579 37.693364)
704261084	경원선	False	LINESTRING (127.046114 37.689076, 127.046069 37.689652, 127.045997 37.690471, 127.045951 37.690985, 127.045823 37.692367, 127.045737 37.693359)
704261085		False	LINESTRING (127.045987 37.689069, 127.045885 37.690368, 127.045877 37.690457, 127.045834 37.690971, 127.04576 37.691971, 127.045729 37.692332, 127.045738 37.692792, 127.045737 37.693359)
704261086	경원선	False	LINESTRING (127.046154 37.688564, 127.046141 37.688766, 127.046114 37.689076)
704261087	경원선	False	LINESTRING (127.046202 37.688572, 127.046221 37.688324, 127.046236 37.687298)
704261088		False	LINESTRING (127.046041 37.688564, 127.045987 37.689069)
704261089		False	LINESTRING (127.046309 37.688551, 127.046303 37.68876, 127.046282 37.689136)
712234702	경원선	False	LINESTRING (127.045306 37.677997, 127.045516 37.679107, 127.045637 37.679855, 127.045734 37.680451)
712234703	경원선	False	LINESTRING (127.045351 37.677991, 127.045339 37.677919, 127.045314 37.677768, 127.044578 37.673459, 127.044275 37.671581, 127.044219 37.67114)
1262130241	경원선	False	LINESTRING (127.046161 37.68908, 127.046186 37.688786, 127.046202 37.688572)
640794376	진접선	False	LINESTRING (127.08076 37.671931, 127.080698 37.671871, 127.080674 37.671847, 127.080615 37.67179, 127.080525 37.671701, 127.080426 37.671606, 127.0801 37.671288, 127.07988 37.671081, 127.079787 37.670989, 127.079716 37.670916)
712243720	진접선	True	LINESTRING (127.080722 37.671961, 127.080902 37.672143, 127.080938 37.672181, 127.080975 37.672218, 127.081135 37.672386, 127.081156 37.672412, 127.081348 37.672679, 127.081496 37.672918, 127.081578 37.673116, 127.081648 37.67338, 127.08169 37.673597, 127.081706 37.673794, 127.081712 37.674004, 127.081685 37.674241, 127.081521 37.67501, 127.081405 37.67545)
712243721	진접선	True	LINESTRING (127.08076 37.671931, 127.08104 37.672227, 127.081141 37.672342, 127.081186 37.672394, 127.081394 37.672647, 127.081518 37.67285, 127.081594 37.67299, 127.081663 37.67313, 127.08173 37.673364, 127.081765 37.673592, 127.081775 37.673831, 127.081773 37.674009, 127.081763 37.674245, 127.08162 37.674962, 127.081525 37.675469)
1042862972		True	LINESTRING (127.10118 37.670495, 127.101555 37.670045)
1042862973		True	LINESTRING (127.099373 37.671653, 127.098766 37.672045)
850710257	진접선	False	LINESTRING (127.179042 37.700265, 127.178313 37.699983, 127.174702 37.698486, 127.173135 37.697847, 127.171887 37.697335, 127.171415 37.697134, 127.169654 37.696403, 127.169072 37.696159, 127.168542 37.695923, 127.167102 37.695253, 127.166538 37.694975, 127.165754 37.694575, 127.16356 37.693402, 127.162308 37.692633, 127.161091 37.691853)
850710259	진접선	False	LINESTRING (127.161114 37.691832, 127.162353 37.692617, 127.163001 37.693006, 127.163623 37.693369, 127.165732 37.694505, 127.166423 37.694866, 127.166806 37.695058, 127.167145 37.695219, 127.168363 37.695792, 127.168975 37.696066, 127.169506 37.696293, 127.171376 37.697072, 127.17316 37.697802, 127.174726 37.69845, 127.178374 37.699955, 127.179019 37.700206, 127.17907 37.700227)
