apt_seq	station_ridership_daily	station_congestion_peak	road_arterial_dist_m	road_secondary_dist_m	road_centerline_m	rail_centerline_m
11110-100	6392.664279313875	103.2	484.74494709447754	474.754269922872	474.754269922872	2720.3402997719177
11110-101	34330.43598950333	128.9	86.86505257687237	1867.5364534127002	86.86505257687237	5159.682543638855
11110-102	104120.1841781874	96.7	247.083541239747	62.39305117882233	62.39305117882233	2364.495274842451
11110-105	39380.619066820276	92.3	54.74405228885229	272.5063056309583	54.74405228885229	1793.9911626095272
11110-107	53819.57532642089	120.7	226.4376065979833	872.9308760270897	226.4376065979833	1322.9331986077689
11110-111	61648.0184203789	131.5	333.98821713211873	546.7939054907591	333.98821713211873	2706.394372027478
11110-112	53819.57532642089	120.7	196.89114187165208	1553.1392922846587	196.89114187165208	2336.419002241654
11110-115	53819.57532642089	120.7	220.04597129040067	824.6637627018407	220.04597129040067	1341.608043857302
11110-116	53819.57532642089	120.7	247.6310769135028	713.2206114870413	247.6310769135028	1331.234300222193
11110-117	53819.57532642089	120.7	270.96802161327497	663.3151255620671	270.96802161327497	1231.6458576901005
11110-118	53819.57532642089	120.7	279.55674129730596	852.7261208508992	279.55674129730596	1252.149499606778
11110-12	67094.44282514081	73.6	132.0574327954944	513.3638407894911	132.0574327954944	1148.5414352172095
11110-121	61648.0184203789	131.5	244.98153236762283	731.032123789261	244.98153236762283	2924.5995503399204
11110-122	73443.64756784434	126.6	98.2863868411065	981.8628328634004	98.2863868411065	3395.276234181713
11110-123	73443.64756784434	126.6	387.2613345413683	557.1824232963199	387.2613345413683	3332.5079721425136
11110-124	73443.64756784434	126.6	395.15054473506086	570.6321258074431	395.15054473506086	3316.6896168765006
11110-127	28153.992204301074	131.4	584.3488200545521	247.89282298016374	247.89282298016374	4096.2642893820885
11110-128	28153.992204301074	131.4	418.00433491823236	481.5155276095376	418.00433491823236	3920.8300306547544
11110-129	28153.992204301074	131.4	240.49447418366927	513.6696485389341	240.49447418366927	3928.897711228253
11110-13	67094.44282514081	73.6	182.54940157155562	562.457726309156	182.54940157155562	1178.4439992023858
11110-130	6392.664279313875	103.2	443.0863738513402	505.930247667753	443.0863738513402	2735.094578546423
11110-131	34914.11942524322	74.6	136.65164233958149	266.5311696461425	136.65164233958149	1901.4836377290994
11110-132	34914.11942524322	74.6	123.99445980768644	261.8361781443942	123.99445980768644	1858.6265024511479
11110-133	34914.11942524322	74.6	210.50046953340416	338.7558917587613	210.50046953340416	1959.6617008444753
11110-134	6392.664279313875	103.2	350.6728763951264	313.9995049744836	313.9995049744836	2018.5702745341093
11110-135	6392.664279313875	103.2	352.0273305426456	326.2183078156012	326.2183078156012	2019.4340202092137
11110-136	6392.664279313875	103.2	339.06318932504547	338.7013374190323	338.7013374190323	2013.0867929399737
11110-137	6392.664279313875	103.2	343.2557787401316	327.65131674213734	327.65131674213734	2005.2577111452172
11110-138	6392.664279313875	103.2	330.19338572115714	331.4377442172452	330.19338572115714	1994.9323548244374
11110-14	53819.57532642089	120.7	282.1418818151152	601.1742003460039	282.1418818151152	1270.0307995511891
11110-146	34330.43598950333	128.9	44.74409567681226	1927.072002976674	44.74409567681226	5120.863741236641
11110-1465	34914.11942524322	74.6	186.01025068602732	246.35556637007417	186.01025068602732	1829.6807314324353
11110-15	67094.44282514081	73.6	125.04004521065279	576.6193450493915	125.04004521065279	1113.4748076785886
11110-150	8196.880344342038	129.8	27.023214491259488	1796.1634464610295	27.023214491259488	3569.754747133855
11110-151	8196.880344342038	129.8	28.145182431641054	1673.152664291215	28.145182431641054	3304.139126350802
11110-152	39380.619066820276	92.3	90.34787085446794	28.872735514184797	28.872735514184797	2081.170501287572
11110-153	6392.664279313875	103.2	493.5999267580232	494.579095307288	493.5999267580232	2757.3582121296913
11110-16	55143.98214285714	113.4	184.9654323271395	140.88050415629448	140.88050415629448	2312.4351506050434
11110-17	104120.1841781874	96.7	2.8019357794130357	308.34366334126764	2.8019357794130357	2050.5350189872615
11110-204	53819.57532642089	120.7	32.19329595150433	1233.7578609710108	32.19329595150433	2081.469739631835
11110-205	55143.98214285714	113.4	79.28040131140824	145.55580717231973	79.28040131140824	1835.2994829502495
11110-206	28153.992204301074	131.4	178.59886503801937	355.9088466503999	178.59886503801937	3985.499103669958
11110-2071	27869.233096518175	115.2	78.14188633482932	1699.8572795805978	78.14188633482932	4976.96185517865
11110-2073	34330.43598950333	128.9	73.2690716332412	1872.5523966016424	73.2690716332412	5049.864294953979
11110-208	34914.11942524322	74.6	222.44703408333763	350.9662037607373	222.44703408333763	1962.361529308701
11110-2082	53819.57532642089	120.7	259.5340099351757	1404.964226583115	259.5340099351757	2184.320864299204
11110-210	53819.57532642089	120.7	407.4431156290811	1209.5923508569713	407.4431156290811	2022.0429460020987
11110-2109	53819.57532642089	120.7	154.90762711182143	996.3058226993512	154.90762711182143	1617.3914149550226
11110-211	53819.57532642089	120.7	31.209022615006003	1040.1368639313348	31.209022615006003	1562.3697177227493
11110-212	28153.992204301074	131.4	612.4547850579085	266.8973074418207	266.8973074418207	4050.371233485081
11110-2128	28153.992204301074	131.4	367.627838221242	551.3439679060747	367.627838221242	3867.855276293164
11110-213	28153.992204301074	131.4	622.8618804761749	259.9332853285691	259.9332853285691	4052.209131028927
11110-2132	8196.880344342038	129.8	41.50713009072043	1755.9975710992521	41.50713009072043	3425.960065230501
11110-215	28153.992204301074	131.4	652.0368307143879	417.160022006489	417.160022006489	3860.5542035225426
11110-2150	6392.664279313875	103.2	466.4000343348772	34.08350228536609	34.08350228536609	2312.724495674909
11110-2155	45826.38938172043	77.4	50.21036046174913	552.7083719121983	50.21036046174913	2745.708565325425
11110-2164	53819.57532642089	120.7	20.95900813582351	1027.8973903867118	20.95900813582351	1512.967486633232
11110-217	61648.0184203789	131.5	288.37684319691743	585.4038587710713	288.37684319691743	2729.5297638756456
11110-2175	53819.57532642089	120.7	171.50704594341985	1202.2270441287842	171.50704594341985	1777.3902000642345
11110-219	27869.233096518175	115.2	57.66010545500015	1757.2682070873084	57.66010545500015	4951.151450902009
11110-2203	53819.57532642089	120.7	45.65686527238362	856.8650205385695	45.65686527238362	1369.7220801511633
11110-2204	53819.57532642089	120.7	110.97921307201385	735.5344791228022	110.97921307201385	1236.5932634736964
11110-2211	27869.233096518175	115.2	52.04922878280089	1932.8859846531725	52.04922878280089	5345.952144990895
11110-2212	16052.429973118278	129.9	29.554885472124724	769.2054872552346	29.554885472124724	1773.3131606115076
11110-2223	73831.08189324116	47.4	224.50145030263712	42.05093024316874	42.05093024316874	1675.4871989326496
11110-2224	6392.664279313875	103.2	460.2494443117694	20.39686401102522	20.39686401102522	2498.0041642106175
11110-2234	34914.11942524322	74.6	103.73940972809227	198.7717412500449	103.73940972809227	1770.8089767304036
11110-2246	28153.992204301074	131.4	137.9805050214741	1668.3166679279682	137.9805050214741	5332.607469204062
11110-2261	28153.992204301074	131.4	35.40552937500491	1829.3510764116718	35.40552937500491	5310.183518979053
11110-2291	45826.38938172043	77.4	90.4062076801476	945.7650881866246	90.4062076801476	3118.138100629333
11110-2292	34330.43598950333	128.9	100.33164559838109	2241.106653054039	100.33164559838109	4926.526456360364
11110-2301	16052.429973118278	129.9	119.87410046922142	535.5169259343344	119.87410046922142	1576.1665582333949
11110-2322	39380.619066820276	92.3	89.01535555425009	93.05382722597628	89.01535555425009	1957.9246722976986
11110-2334	39380.619066820276	92.3	89.81178754570296	172.08341774824575	89.81178754570296	1643.4650422909967
11110-2336	34914.11942524322	74.6	140.19514714276102	77.65524564733263	77.65524564733263	1553.8102581301073
11110-2339	34914.11942524322	74.6	135.91194371694905	136.18631430438094	135.91194371694905	1595.4844663366341
11110-2340	39380.619066820276	92.3	130.3805083375833	53.736630778145184	53.736630778145184	1976.2742443741608
11110-2343	34914.11942524322	74.6	143.37423306723278	76.75757931175507	76.75757931175507	1537.4388995129768
11110-2344	34914.11942524322	74.6	160.32239661341404	45.27080051126715	45.27080051126715	1515.2744854053267
11110-2348	34914.11942524322	74.6	157.01805993615562	45.96176288117302	45.96176288117302	1524.2345316320457
11110-2359	45826.38938172043	77.4	26.74663867090628	958.4009540109056	26.74663867090628	3233.1519269248665
11110-2364	6392.664279313875	103.2	387.2393804745505	243.4409261837605	243.4409261837605	2159.368089109624
11110-2366	34914.11942524322	74.6	153.25557574288575	76.88814694191477	76.88814694191477	1546.539564354709
11110-2368	39380.619066820276	92.3	116.01814247474016	81.51879107481689	81.51879107481689	1928.7330651829611
11110-24	73443.64756784434	126.6	226.55584425984367	592.3725655920418	226.55584425984367	3846.3466859322675
11110-2411	45826.38938172043	77.4	98.85721899249764	629.4697110045923	98.85721899249764	2868.2265137339573
11110-2417	16052.429973118278	129.9	187.89949553700646	496.3747831619567	187.89949553700646	1524.927631274865
11110-2440	45826.38938172043	77.4	17.862872957965724	921.9367301464033	17.862872957965724	3157.37133748452
11110-2445	16052.429973118278	129.9	36.498982135757394	174.95558898142826	36.498982135757394	939.5791177818215
11110-2446	36376.03830645161	69.9	88.49516252438876	186.80855081857396	88.49516252438876	707.9391423334258
11110-2450	39380.619066820276	92.3	88.79514994276664	162.52277856529003	88.79514994276664	1900.692932813138
11110-2464	16052.429973118278	129.9	50.040330069588876	206.43179516648328	50.040330069588876	1039.7036196603215
11110-25	73443.64756784434	126.6	116.33026626036933	612.5509545620328	116.33026626036933	3801.745181459542
11110-2502	27869.233096518175	115.2	56.89371443005639	1573.1684295971843	56.89371443005639	5205.489214097983
11110-2519	16052.429973118278	129.9	32.59026245097755	329.76511995954417	32.59026245097755	1369.15409400508
11110-2539	67094.44282514081	73.6	118.97137933308409	501.1539980015688	118.97137933308409	814.5498302029521
11110-2561	45826.38938172043	77.4	158.75126814327925	865.8109850960791	158.75126814327925	3092.3933287933314
11110-2584	45826.38938172043	77.4	27.292124158934406	902.7809453816915	27.292124158934406	3051.852744311841
11110-26	73443.64756784434	126.6	68.10714465014806	565.1733249039489	68.10714465014806	3847.1832220007477
11110-2663	16052.429973118278	129.9	126.77651451151733	420.16804996202166	126.77651451151733	1451.6534557011175
11110-27	28153.992204301074	131.4	662.1984250939348	434.1404236010216	434.1404236010216	3840.4873133804554
11110-2703	39380.619066820276	92.3	117.80290791117062	215.14009626139298	117.80290791117062	1647.8203195003325
11110-2704	39380.619066820276	92.3	49.32573712334887	229.39045340578738	49.32573712334887	1791.8421615149866
11110-2708	34914.11942524322	74.6	120.97120777983972	100.96121101569419	100.96121101569419	1549.6819977167347
11110-29	61648.0184203789	131.5	380.8339014828721	497.16344310067313	380.8339014828721	2665.571882731232
11110-30	39380.619066820276	92.3	57.751094240342525	43.06479213768286	43.06479213768286	2083.3339419657304
11110-31	61648.0184203789	131.5	62.161488508475664	327.23953444116927	62.161488508475664	2443.5702731552237
11110-32	61648.0184203789	131.5	13.348374888984612	120.60176393585297	13.348374888984612	2185.4243384899887
11110-33	61648.0184203789	131.5	61.68084255318594	138.15598876322312	61.68084255318594	2387.8756124430734
11110-34	39380.619066820276	92.3	158.30836745792803	162.29667221184215	158.30836745792803	2261.0034043737555
11110-3414	34914.11942524322	74.6	120.8192744660569	77.53165897471017	77.53165897471017	1527.7699485742557
11110-3467	34330.43598950333	128.9	19.38459533992409	2129.837086872026	19.38459533992409	4883.679300981253
11110-35	61648.0184203789	131.5	312.3806280634697	553.6850762600233	312.3806280634697	2697.3930904909457
11110-36	61648.0184203789	131.5	279.12024167654283	546.1916274418334	279.12024167654283	2659.581322711994
11110-37	6392.664279313875	103.2	652.8349772758244	90.4116244069034	90.4116244069034	2525.1235385698874
11110-38	61648.0184203789	131.5	288.69454237583733	556.676997528252	288.69454237583733	2682.509630906741
11110-4	53819.57532642089	120.7	261.48486034763476	1772.4071659746928	261.48486034763476	2628.4023586430358
11110-40	6392.664279313875	103.2	409.8256681940767	540.6141153646554	409.8256681940767	2761.9287616344322
11110-41	6392.664279313875	103.2	651.3342521625199	405.1449673597955	405.1449673597955	2754.0311073977273
11110-42	6392.664279313875	103.2	548.794543842301	73.27547494999683	73.27547494999683	2385.3267011626954
11110-43	6392.664279313875	103.2	455.0593427035743	489.62332715182833	455.0593427035743	2719.5832653528564
11110-44	39380.619066820276	92.3	214.65529238950128	297.7149712975533	214.65529238950128	1880.373979315273
11110-45	34914.11942524322	74.6	148.1788457924638	285.6753996141521	148.1788457924638	1871.7547437240203
11110-46	39380.619066820276	92.3	245.94669192914014	336.0153450950659	245.94669192914014	1919.1583020097205
11110-47	39380.619066820276	92.3	16.058842157072153	295.44870987666025	16.058842157072153	1729.9163344390895
11110-48	39380.619066820276	92.3	20.438137028447784	230.4586651791319	20.438137028447784	1620.7382604405789
11110-49	34914.11942524322	74.6	271.32200255327206	342.09707635092315	271.32200255327206	1926.749545308269
11110-51	16052.429973118278	129.9	60.27618897221947	208.81862675791572	60.27618897221947	1005.4322995315621
11110-52	16052.429973118278	129.9	25.591032555514477	325.01931884812456	25.591032555514477	1143.5437461954778
11110-68	34330.43598950333	128.9	29.974534204132247	2322.6318408767356	29.974534204132247	4676.676300246031
11110-7	53819.57532642089	120.7	214.8834150691117	1554.392174434017	214.8834150691117	2346.8767788156397
11110-71	28153.992204301074	131.4	96.90950116357246	1808.1164437776824	96.90950116357246	5214.017575868399
11110-73	28153.992204301074	131.4	32.29655561852656	1741.202365605943	32.29655561852656	5468.233430975465
11110-77	34330.43598950333	128.9	25.90038307094658	1994.9662079183315	25.90038307094658	5198.01143094228
11110-80	34330.43598950333	128.9	69.0819654848444	2077.3289805974478	69.0819654848444	4992.982162722799
11110-86	27869.233096518175	115.2	21.43651155072629	1983.6202436504582	21.43651155072629	4824.536375719567
11110-89	34330.43598950333	128.9	105.64006589151306	2185.881996331668	105.64006589151306	4382.793760024502
11110-90	16052.429973118278	129.9	433.2021359494406	656.1822778929143	433.2021359494406	1614.588619104144
11110-91	6392.664279313875	103.2	752.090807896682	367.74208950216166	367.74208950216166	2787.329228211327
11110-92	73443.64756784434	126.6	201.97728608309987	657.167973635342	201.97728608309987	3769.367750387927
11110-94	6392.664279313875	103.2	522.0738179113952	474.8724497991465	474.8724497991465	2749.679539468504
11110-95	6392.664279313875	103.2	449.75962758865813	517.67413547444	449.75962758865813	2758.001190653079
11110-96	6392.664279313875	103.2	507.09202754052063	475.6537366591067	475.6537366591067	2739.389770557377
11110-97	6392.664279313875	103.2	494.9058642501586	475.53742336702817	475.53742336702817	2729.5773611782956
11110-973	73443.64756784434	126.6	323.2980706019855	604.0034710315508	323.2980706019855	3837.7009682703824
11110-98	6392.664279313875	103.2	477.8103695715218	498.24761209217155	477.8103695715218	2750.5858656138257
11110-99	6392.664279313875	103.2	464.72693913444397	501.4212914671546	464.72693913444397	2745.0504617537927
11140-1	55210.56566820276	51.4	109.04564578831564	74.21849295265551	74.21849295265551	569.4526526611796
11140-10	55210.56566820276	51.4	112.98064779581937	242.2996869618917	112.98064779581937	759.9714446886537
11140-1000	28869.416551459293	112.9	31.607384465944055	180.2792331657257	31.607384465944055	110.36625005876321
11140-1003	31691.722209421405	88.7	342.0652366306932	134.11289241621756	134.11289241621756	1718.9161188538549
11140-1004	55210.56566820276	51.4	242.76592177138517	128.58605247965602	128.58605247965602	803.2836995354074
11140-1007	46423.25155529954	89.9	370.2089439758086	317.0932376693051	317.0932376693051	1531.9700846459962
11140-1010	36376.03830645161	69.9	44.397899449939445	402.3835277351254	44.397899449939445	164.4476417839872
11140-1012	27485.95585637481	86.3	146.06719820884948	124.41946124095433	124.41946124095433	1061.8573159483665
11140-1013	13907.637852022528	90.6	436.7051508766688	142.13203808799224	142.13203808799224	1925.049259444594
11140-1016	100402.79599974398	98.5	70.94167946533429	69.78246602542023	69.78246602542023	115.54210985359792
11140-1018	13907.637852022528	90.6	418.20182449967433	118.94725109806498	118.94725109806498	1940.9590002976565
11140-1019	13907.637852022528	90.6	444.6028046329573	119.96181742778572	119.96181742778572	1956.3496303888103
11140-1026	28869.416551459293	112.9	260.5624779130742	347.02680954812195	260.5624779130742	472.87621882683914
11140-1039	39380.619066820276	92.3	98.9305959639178	167.048213895047	98.9305959639178	1507.1640999280198
11140-1053	23123.83937532002	73.8	144.7802637495247	490.61615619916773	144.7802637495247	2284.029205636058
11140-1058	13907.637852022528	90.6	565.8695782456289	199.97123823833982	199.97123823833982	1633.7841402149334
11140-1062	4432.893183563748	49.2	250.05236937788393	165.37261603350922	165.37261603350922	1535.5685481756916
11140-1097	60192.12137096774	76.8	37.46507528781956	201.92680062863897	37.46507528781956	2386.770923375463
11140-1099	55210.56566820276	51.4	48.38942551088286	255.53694088276396	48.38942551088286	832.0083550573374
11140-1106	46423.25155529954	89.9	56.869205581052576	162.2347891663271	56.869205581052576	1404.755540286243
11140-1119	174373.6301267281	92.2	228.2496115067805	81.50626755855934	81.50626755855934	343.25694849318324
11140-1123	75254.61632744495	58.1	51.41023812693215	320.9098198772084	51.41023812693215	1064.7265864977996
11140-1124	46423.25155529954	89.9	147.7906589150918	93.59317266165205	93.59317266165205	1340.21626968224
11140-1125	31691.722209421405	88.7	52.86302294884793	227.8195399333118	52.86302294884793	1381.0773714061572
11140-1131	60192.12137096774	76.8	24.375404614486147	35.21830030489836	24.375404614486147	1997.196014692269
11140-1133	39380.619066820276	92.3	110.82137869020892	158.92891027516376	110.82137869020892	1662.5596360239804
11140-1139	31691.722209421405	88.7	205.85997505660524	94.1585734533107	94.1585734533107	1661.612022331132
11140-1141	46423.25155529954	89.9	497.4317094841009	244.61849723888383	244.61849723888383	1514.2072848982655
11140-1142	55210.56566820276	51.4	101.03211707377895	321.66292570354125	101.03211707377895	929.4873086158204
11140-1144	13907.637852022528	90.6	582.2388230897625	35.39709763882684	35.39709763882684	1895.2283194095921
11140-1147	174373.6301267281	92.2	167.75409331318502	368.4798212022381	167.75409331318502	280.509558608561
11140-1152	13907.637852022528	90.6	582.2388230897625	35.39709763882684	35.39709763882684	1895.2283194095921
11140-1164	46423.25155529954	89.9	497.4317094841009	244.61849723888383	244.61849723888383	1514.2072848982655
11140-1170	31691.722209421405	88.7	264.21019188830974	77.20108300646747	77.20108300646747	1716.552589757136
11140-1182	39380.619066820276	92.3	200.54363507668012	100.26401172729632	100.26401172729632	1411.7159989538593
11140-1197	27485.95585637481	86.3	203.14328564504916	20.351145801557646	20.351145801557646	1270.748809261608
11140-1206	27485.95585637481	86.3	144.94010746368048	24.827232358834877	24.827232358834877	1270.293409589559
11140-1217	27485.95585637481	86.3	28.13575341644256	30.96655183865343	28.13575341644256	1266.2192159415058
11140-1220	46423.25155529954	89.9	54.190682022596405	67.18651891776742	54.190682022596405	1958.83781430568
11140-1226	46423.25155529954	89.9	153.50099816351704	84.47468116869885	84.47468116869885	1813.2636487690147
11140-1248	39380.619066820276	92.3	279.7603710500571	101.50478336567444	101.50478336567444	1452.106094842648
11140-1255	46423.25155529954	89.9	23.943596278725142	207.69127218146676	23.943596278725142	1448.6860046156487
11140-1261	40267.40028161802	88.9	78.14804333110489	118.49425769229043	78.14804333110489	2592.337654586103
11140-1273	46423.25155529954	89.9	105.62297559334336	84.12165663081922	84.12165663081922	1328.1916829949098
11140-1274	46423.25155529954	89.9	213.42053692472484	23.924111170658417	23.924111170658417	1887.8743082105982
11140-1276	4432.893183563748	49.2	221.21809319788744	59.803809937007934	59.803809937007934	1327.80732374205
11140-1277	36376.03830645161	69.9	113.89389692269177	464.9149471334121	113.89389692269177	243.26700045988042
11140-1286	39380.619066820276	92.3	34.923744055383224	210.82815912156917	34.923744055383224	1735.485201869976
11140-1297	39380.619066820276	92.3	153.24782889230562	182.37160801683174	153.24782889230562	1505.2448522995765
11140-13	60192.12137096774	76.8	75.67446481566881	203.20437556453876	75.67446481566881	2220.1364352002647
11140-1300	174373.6301267281	92.2	125.41048896621508	555.8263350906614	125.41048896621508	493.7426916909242
11140-1301	46423.25155529954	89.9	113.51045586310799	173.66776009930345	113.51045586310799	2068.1655059902587
11140-1303	60192.12137096774	76.8	90.94383017061797	336.4032061642109	90.94383017061797	2436.775614239615
11140-1306	34914.11942524322	74.6	224.09455017602437	74.0288397280995	74.0288397280995	1373.0642062760835
11140-1307	174373.6301267281	92.2	36.5852164922425	577.91352313876	36.5852164922425	371.21994282456086
11140-1315	46423.25155529954	89.9	225.6596865243614	61.381124824195226	61.381124824195226	1447.6780087421703
11140-1319	39380.619066820276	92.3	166.71321147403057	176.58924383761953	166.71321147403057	1546.8218861338262
11140-1321	40267.40028161802	88.9	38.54957253208473	22.443184156333995	22.443184156333995	2783.9396849528484
11140-1330	39380.619066820276	92.3	181.90946752770606	161.1233508393282	161.1233508393282	1540.0280499521973
11140-1333	27485.95585637481	86.3	190.70530657594642	26.65252462477559	26.65252462477559	1176.7294941681391
11140-1350	40267.40028161802	88.9	81.21012616498135	124.35279021156366	81.21012616498135	2543.9419400094766
11140-1355	40267.40028161802	88.9	83.96455211809491	73.92794203603698	73.92794203603698	2757.7773616823993
11140-1361	100402.79599974398	98.5	68.11633715611849	398.7516067106085	68.11633715611849	305.73795046042346
11140-1364	40267.40028161802	88.9	33.096862202373806	25.986450506884744	25.986450506884744	2798.726100201986
11140-1370	31691.722209421405	88.7	89.09754038266121	79.06196562327915	79.06196562327915	1534.455968038644
11140-1380	39380.619066820276	92.3	185.93170614655926	183.2961122156165	183.2961122156165	1503.9891515194001
11140-14	60192.12137096774	76.8	197.9854847538839	78.29982329458375	78.29982329458375	2233.976289855219
11140-1402	71655.76242319508	77.8	26.67640816006077	173.0565205242222	26.67640816006077	2274.4510972093553
11140-1403	71655.76242319508	77.8	15.900916442356603	59.73886816355721	15.900916442356603	2170.6765028095015
11140-15	60192.12137096774	76.8	193.76264456511672	416.07186602645845	193.76264456511672	2559.1458293127575
11140-1506	12453.387621607782	92.3	447.1007702223367	322.2957136158134	322.2957136158134	1392.6170375219972
11140-1520	40267.40028161802	88.9	144.4708709246758	30.552333317902605	30.552333317902605	2331.8071055967625
11140-1534	60192.12137096774	76.8	77.46210809102118	306.94303808509267	77.46210809102118	2511.4413735561197
11140-16	23123.83937532002	73.8	170.54045106280614	419.3915324933985	170.54045106280614	2629.2849916855553
11140-17	60192.12137096774	76.8	256.05590024675286	357.42521093305135	256.05590024675286	2157.544038476491
11140-18	60192.12137096774	76.8	37.809132812838506	28.214707718637335	28.214707718637335	1805.4036390355793
11140-19	23123.83937532002	73.8	98.53596921867157	494.14990108706803	98.53596921867157	2300.0215314266743
11140-2	36376.03830645161	69.9	138.71735444362108	522.7394397450186	138.71735444362108	610.8442620594329
11140-20	23123.83937532002	73.8	84.79462196256944	487.27912440693353	84.79462196256944	2257.29253265935
11140-21	23123.83937532002	73.8	107.70555785416612	440.7032696666967	107.70555785416612	2564.4045202441534
11140-23	40267.40028161802	88.9	63.99956506434945	255.36311720002197	63.99956506434945	2318.84290842115
11140-24	40267.40028161802	88.9	49.77172652426335	255.55833607804243	49.77172652426335	2346.205157008926
11140-26	46423.25155529954	89.9	224.58718243144585	37.23481764214511	37.23481764214511	1869.61664921394
11140-28	4432.893183563748	49.2	221.21809319788744	59.803809937007934	59.803809937007934	1327.80732374205
11140-30	61648.0184203789	131.5	26.36960180344794	142.50232683951236	26.36960180344794	2134.2464777873165
11140-307	46423.25155529954	89.9	165.47784781716535	125.99245720327892	125.99245720327892	1790.8957483479205
11140-308	31691.722209421405	88.7	402.7150332952841	292.53375276470666	292.53375276470666	1542.4170625504787
11140-309	13907.637852022528	90.6	198.15271708390722	173.27318119698177	173.27318119698177	1983.7655911965883
11140-313	174373.6301267281	92.2	37.084269222411486	485.92408295847724	37.084269222411486	250.86549925250196
11140-32	13907.637852022528	90.6	778.1839826119673	38.532706010154364	38.532706010154364	1642.8703004469598
11140-33	46423.25155529954	89.9	335.6235029820303	180.51316020745415	180.51316020745415	1815.8641872795017
11140-34	31691.722209421405	88.7	39.12330272099787	88.07065897279274	39.12330272099787	1546.9723797577433
11140-35	31691.722209421405	88.7	47.41411925506779	60.66607329710182	47.41411925506779	1574.8682344876725
11140-36	31691.722209421405	88.7	187.11291163088734	107.58159292115344	107.58159292115344	1899.2554020303078
11140-37	12453.387621607782	92.3	447.1007702223367	322.2957136158134	322.2957136158134	1392.6170375219972
11140-39	46423.25155529954	89.9	151.21021032251238	145.34822148559155	145.34822148559155	1768.3357700502404
11140-40	14575.237698412699	87.6	513.8361519652942	73.33156229168517	73.33156229168517	1353.1962137988164
11140-42	13907.637852022528	90.6	470.0216346022287	119.10495864186917	119.10495864186917	1973.3828933629509
11140-43	13907.637852022528	90.6	539.5108213225969	34.47831342980271	34.47831342980271	1955.1317442991046
11140-44	13907.637852022528	90.6	678.3534387553158	14.46249703067641	14.46249703067641	1767.7252917495762
11140-45	31691.722209421405	88.7	325.0028351720627	194.6084433052907	194.6084433052907	1610.7179364956892
11140-46	4432.893183563748	49.2	387.0738255175478	139.81283081601674	139.81283081601674	1657.3500302515804
11140-47	4432.893183563748	49.2	432.55517940668494	105.45349508817658	105.45349508817658	1555.4012394245783
11140-48	4432.893183563748	49.2	428.51896931824797	103.97246217354085	103.97246217354085	1564.4932480776831
11140-5	46423.25155529954	89.9	188.9159068168592	98.26517694968345	98.26517694968345	1424.2254568533258
11140-50	4432.893183563748	49.2	316.25673781094883	191.55606121445555	191.55606121445555	1540.1482256751606
11140-51	28869.416551459293	112.9	59.81385168948972	182.71490321967215	59.81385168948972	383.4930224533635
11140-52	28869.416551459293	112.9	69.5408652618565	121.93154099131095	69.5408652618565	250.18571475743335
11140-54	46423.25155529954	89.9	191.90913444449475	96.15427539900375	96.15427539900375	1347.046681096539
11140-56	46423.25155529954	89.9	134.95797934167197	193.09770901860313	134.95797934167197	1716.2980926285254
11140-57	13907.637852022528	90.6	385.8666295071838	170.0188931738913	170.0188931738913	2080.0180094908947
11140-58	4432.893183563748	49.2	306.2200156194867	119.76117051774052	119.76117051774052	1438.3481039140336
11140-59	4432.893183563748	49.2	250.12288433307833	118.87558359444034	118.87558359444034	1471.7419028906218
11140-6	39380.619066820276	92.3	172.6280035555649	173.28284167380525	172.6280035555649	1491.3897214789974
11140-60	4432.893183563748	49.2	327.6665433501582	90.2079797465063	90.2079797465063	1413.9323652528963
11140-61	75254.61632744495	58.1	198.80925539555068	426.9850302875208	198.80925539555068	1247.7227737108271
11140-63	13907.637852022528	90.6	346.61539524524983	73.34160269926168	73.34160269926168	1950.454441847738
11140-64	23123.83937532002	73.8	111.21022522502633	300.8894909064416	111.21022522502633	2081.6648471905974
11140-65	23123.83937532002	73.8	100.50435094022325	332.5819183426161	100.50435094022325	2109.924076617466
11140-67	4432.893183563748	49.2	385.0492126642568	163.5181011311098	163.5181011311098	1589.925950749194
11140-68	4432.893183563748	49.2	381.6238179569393	139.3575542599589	139.3575542599589	1639.5371754487892
11140-69	4432.893183563748	49.2	388.43470706953957	136.5790881426533	136.5790881426533	1608.986006905494
11140-70	4432.893183563748	49.2	366.894535964848	159.71294701040728	159.71294701040728	1624.6713973341195
11140-71	4432.893183563748	49.2	301.09832897693246	220.3059596467136	220.3059596467136	1696.2764519957198
11140-73	4432.893183563748	49.2	358.9593697459594	162.8508551879587	162.8508551879587	1644.3229649929735
11140-74	4432.893183563748	49.2	365.584957995638	166.31404348651577	166.31404348651577	1619.461302324426
11140-75	4432.893183563748	49.2	382.095964972551	149.2213728614041	149.2213728614041	1605.7509935808835
11140-76	4432.893183563748	49.2	414.20736537961517	127.31366306137595	127.31366306137595	1568.468841062778
11140-78	4432.893183563748	49.2	298.04237047783295	225.50492282393628	225.50492282393628	1691.8832506497386
11140-79	4432.893183563748	49.2	323.2093204560203	206.082624625232	206.082624625232	1659.2018627816465
11140-8	55210.56566820276	51.4	101.66281267500415	93.64961776571296	93.64961776571296	911.5268800532849
11140-80	4432.893183563748	49.2	319.3437369071683	215.5910328543677	215.5910328543677	1657.673884002815
11140-81	4432.893183563748	49.2	340.2438187823661	186.60361106453635	186.60361106453635	1647.494047588854
11140-82	4432.893183563748	49.2	343.6184598279848	194.2696348771225	194.2696348771225	1633.8783592733387
11140-83	4432.893183563748	49.2	355.30895059121536	194.92001788461815	194.92001788461815	1616.4367602107222
11140-84	4432.893183563748	49.2	361.87894506067244	182.57102493673054	182.57102493673054	1613.2873613289214
11140-85	4432.893183563748	49.2	396.1745499097418	161.2974793289773	161.2974793289773	1575.5182188741205
11140-86	4432.893183563748	49.2	372.90767997041496	180.69581197700853	180.69581197700853	1598.6997255547026
11140-87	4432.893183563748	49.2	375.5953418710444	187.85290118791016	187.85290118791016	1592.8681599870552
11140-88	4432.893183563748	49.2	277.7302293391424	35.901751307805334	35.901751307805334	1363.5062246161572
11140-9	55210.56566820276	51.4	42.165643534866085	174.06403726631743	42.165643534866085	984.896905745463
11140-90	46423.25155529954	89.9	292.0294838861665	130.87341010994922	130.87341010994922	1848.6259604378683
11140-983	28869.416551459293	112.9	284.37771924293185	371.9051019052291	284.37771924293185	389.85112107211296
11140-989	4432.893183563748	49.2	414.277492942606	25.37279192077361	25.37279192077361	1309.7856939575256
11140-990	13907.637852022528	90.6	638.4636633207085	28.937024538232944	28.937024538232944	1707.9929983498773
11140-991	4432.893183563748	49.2	400.6721537634169	119.57319575949043	119.57319575949043	1616.784798699365
11140-994	4432.893183563748	49.2	402.9491235026262	140.86832303823093	140.86832303823093	1576.7326838060576
11140-998	40267.40028161802	88.9	39.69591777595158	291.7683012946509	39.69591777595158	2934.4521778124526
11170-1	174373.6301267281	92.2	506.2295101672903	35.19294990631256	35.19294990631256	576.947687729637
11170-10	14135.91972606247	52.9	524.0062590418706	422.8508900274233	422.8508900274233	642.5150353081056
11170-11	14135.91972606247	52.9	27.280363630844807	28.89928013023336	27.280363630844807	539.8648641891542
11170-112	22876.002144137223	45.6	89.57838844997882	350.0965895558871	89.57838844997882	841.6653789319047
11170-114	22876.002144137223	45.6	183.2180143477172	47.50515936994561	47.50515936994561	382.4326843253034
11170-116	25517.839119303637	43.2	641.2702752352245	38.62602354389063	38.62602354389063	1086.7599744136046
11170-119	17998.38991295443	100.0	57.290184132269005	242.18807850872835	57.290184132269005	65.63251781360307
11170-12	14135.91972606247	52.9	29.42721480222794	347.7057535851139	29.42721480222794	692.6323304435485
11170-120	25517.839119303637	43.2	40.418076300310524	242.21640000953207	40.418076300310524	64.4809432156925
11170-128	25517.839119303637	43.2	416.8180453569854	266.52746219248115	266.52746219248115	597.2920486091099
11170-129	25517.839119303637	43.2	349.1553017356925	220.71177727128858	220.71177727128858	711.7446214867098
11170-13	27850.130024321556	93.9	90.23588565877454	19.46182728447257	19.46182728447257	1233.6486046587745
11170-130	25517.839119303637	43.2	173.57759421005997	58.90064917335604	58.90064917335604	253.2252218622651
11170-131	21913.505587557604	63.1	116.77801737617051	140.12939227072383	116.77801737617051	28.984165685048705
11170-132	25517.839119303637	43.2	117.09884794275042	116.76820877821258	116.76820877821258	310.86127982432197
11170-133	25517.839119303637	43.2	36.24088509732888	119.9499140387227	36.24088509732888	61.82569417770865
11170-134	25517.839119303637	43.2	51.58103740387467	69.22117197471806	51.58103740387467	81.05158428811127
11170-135	25517.839119303637	43.2	378.6037008900664	26.734186484790975	26.734186484790975	412.18447887913544
11170-136	25517.839119303637	43.2	28.578688480496634	215.43635152818294	28.578688480496634	61.051312566105956
11170-137	25517.839119303637	43.2	375.2950402519627	240.71297420444677	240.71297420444677	401.03141267396944
11170-138	27850.130024321556	93.9	186.24695983217458	76.53840312601335	76.53840312601335	1225.852687951968
11170-139	27850.130024321556	93.9	257.3346550080351	149.2526786538712	149.2526786538712	1340.4404675628234
11170-14	27850.130024321556	93.9	74.58871812913212	45.92737325588593	45.92737325588593	1077.6879903516617
11170-140	21913.505587557604	63.1	193.36112094883558	338.79081455511994	193.36112094883558	212.48457113543643
11170-141	21913.505587557604	63.1	170.18012159913786	951.892357754384	170.18012159913786	135.92354902882866
11170-142	29613.143381976446	53.1	554.2768509504543	18.243392186528016	18.243392186528016	597.2124341571272
11170-143	174373.6301267281	92.2	487.937727491592	81.54336368351251	81.54336368351251	575.7778551203535
11170-144	14135.91972606247	52.9	539.2756753406235	287.732836549111	287.732836549111	847.2848634016457
11170-145	25517.839119303637	43.2	203.55920966036604	248.06025653486384	203.55920966036604	224.42302784076736
11170-147	25517.839119303637	43.2	451.37231326399996	197.15413656752563	197.15413656752563	853.4196471786257
11170-148	17998.38991295443	100.0	215.81995720487498	113.623249465768	113.623249465768	223.35046081751725
11170-149	42935.44276753712	59.9	97.18748876745833	140.2899787626807	97.18748876745833	114.42440180648114
11170-15	14135.91972606247	52.9	66.3608250680693	19.37885584866913	19.37885584866913	861.8989276127288
11170-150	14135.91972606247	52.9	610.3065037373996	421.20150174223676	421.20150174223676	728.2999463805139
11170-151	14135.91972606247	52.9	616.19780655164	412.36865958632546	412.36865958632546	743.7498627166448
11170-152	10859.20976702509	42.0	117.83892724939146	196.67058754822006	117.83892724939146	1277.132926029475
11170-153	10859.20976702509	42.0	210.19325453986065	98.20240302206727	98.20240302206727	1652.8947032690924
11170-155	174373.6301267281	92.2	542.733017473739	142.9491713421682	142.9491713421682	691.7524969122722
11170-156	21913.505587557604	63.1	226.0401716917067	496.84707524110723	226.0401716917067	272.2148302734235
11170-159	14135.91972606247	52.9	536.6922846848532	408.2484997395565	408.2484997395565	667.2179684449399
11170-16	27850.130024321556	93.9	144.58428931317616	82.86634531823597	82.86634531823597	1429.8951444664815
11170-160	14135.91972606247	52.9	452.863675213387	309.20007028403904	309.20007028403904	626.2322705555472
11170-161	14135.91972606247	52.9	416.16343880827554	108.4775834378117	108.4775834378117	982.4828308901047
11170-163	25517.839119303637	43.2	420.7241703217793	275.5214698177112	275.5214698177112	514.9465146119232
11170-164	27850.130024321556	93.9	109.21812464961678	63.04430747706191	63.04430747706191	1427.1665007197514
11170-166	174373.6301267281	92.2	249.03738325332313	594.0144519804699	249.03738325332313	279.05025073823174
11170-167	29613.143381976446	53.1	199.02659787967121	410.0313715545589	199.02659787967121	268.2474559153004
11170-169	14135.91972606247	52.9	19.777402377401074	190.55639697124496	19.777402377401074	468.9578643097021
11170-17	27850.130024321556	93.9	149.73374808926778	107.14348750152296	107.14348750152296	1463.499296415646
11170-170	14135.91972606247	52.9	386.60523172163136	280.48831734490045	280.48831734490045	951.2615427292528
11170-171	14135.91972606247	52.9	421.41844071200774	109.5051195274393	109.5051195274393	806.4726166305924
11170-172	14135.91972606247	52.9	425.41168112796123	299.992070997185	299.992070997185	1019.2952983949558
11170-174	42935.44276753712	59.9	41.12721393167464	103.9128378819376	41.12721393167464	68.53781658632754
11170-176	10859.20976702509	42.0	310.02160131236025	211.22700468004456	211.22700468004456	1363.1359925356057
11170-178	25517.839119303637	43.2	288.50843689691663	130.87303695107434	130.87303695107434	958.9971190670811
11170-179	22876.002144137223	45.6	103.21875378167617	191.57145566921312	103.21875378167617	228.47518676927518
11170-183	17998.38991295443	100.0	252.97984335302712	26.793936537487664	26.793936537487664	260.82657369166486
11170-184	22876.002144137223	45.6	98.92362601046253	75.81436605862636	75.81436605862636	457.2788715902191
11170-185	25517.839119303637	43.2	501.372247293429	254.09795000345133	254.09795000345133	791.6565457279723
11170-186	25517.839119303637	43.2	466.5199431409087	186.09247231092135	186.09247231092135	862.7164935523098
11170-188	25517.839119303637	43.2	677.770755166857	71.36069929175522	71.36069929175522	991.6120577714784
11170-19	12441.179819508448	92.1	219.34344033154167	820.2181576710886	219.34344033154167	678.2096890056889
11170-191			104.06670446278241	32.66496068093576	32.66496068093576	60.21351861709145
11170-196	17998.38991295443	100.0	268.3512235076085	31.969212495941594	31.969212495941594	276.4321174663543
11170-198	14135.91972606247	52.9	493.9904459584236	384.33906692667557	384.33906692667557	640.5050791403171
11170-2	174373.6301267281	92.2	251.677639064222	158.01182267876806	158.01182267876806	317.40593905925937
11170-200	22876.002144137223	45.6	285.34503849439307	227.16950845786013	227.16950845786013	541.3663822308936
11170-202	42935.44276753712	59.9	61.26251448365459	223.65418988432353	61.26251448365459	69.35323202785935
11170-203			145.7633903607828	125.72788275986692	125.72788275986692	167.13831397313947
11170-204	174373.6301267281	92.2	383.384887075083	41.67569557080466	41.67569557080466	474.9476992937499
11170-205	174373.6301267281	92.2	314.84126815121925	86.87441718188379	86.87441718188379	381.45527375155444
11170-206	25517.839119303637	43.2	416.8317689248233	274.0974322625734	274.0974322625734	548.5021373591217
11170-207	25517.839119303637	43.2	357.5353358456359	294.59636911986286	294.59636911986286	665.9587880697507
11170-208	174373.6301267281	92.2	538.2050491619751	37.58195734455945	37.58195734455945	593.2830685230143
11170-2099	25517.839119303637	43.2	109.04223594052898	398.72165716323724	109.04223594052898	127.68187828087738
11170-22	14135.91972606247	52.9	582.10475478561	264.70890120319626	264.70890120319626	756.4726794375398
11170-228	42935.44276753712	59.9	184.29966900955836	174.84088921310396	174.84088921310396	211.17661837261613
11170-23	14135.91972606247	52.9	374.1999579641205	148.89435447984852	148.89435447984852	1017.7795020643326
11170-2304			85.91864862444652	109.02772403034798	85.91864862444652	103.76036040544818
11170-2305			85.91864862444652	109.02772403034798	85.91864862444652	103.76036040544818
11170-2306			85.91864862444652	109.02772403034798	85.91864862444652	103.76036040544818
11170-2307	29409.058640552994	56.5	108.87574945007994	54.232162566652214	54.232162566652214	143.06189742406517
11170-2310	42935.44276753712	59.9	138.91263583723668	259.75982500246056	138.91263583723668	335.92819688981746
11170-2318	27850.130024321556	93.9	405.61739865418735	294.6236152936772	294.6236152936772	1176.643463540403
11170-2325	22876.002144137223	45.6	150.1255554028761	19.25787033901628	19.25787033901628	298.7076600458561
11170-2327	14135.91972606247	52.9	455.6819399726615	23.5754847244978	23.5754847244978	1012.5570916854426
11170-2328	14135.91972606247	52.9	552.7354028846428	41.97141413394568	41.97141413394568	1029.6611745990722
11170-2336	14135.91972606247	52.9	353.9922554931172	261.5426554965812	261.5426554965812	529.2239271311657
11170-2338			91.84374692401781	189.24449613789952	91.84374692401781	111.54604287498802
11170-2343			261.94062127115444	376.1569700340274	261.94062127115444	398.0157141806503
11170-2346	22876.002144137223	45.6	57.14596054956027	143.97325221351613	57.14596054956027	1048.409659296992
11170-2348	14135.91972606247	52.9	45.914530778217966	137.5859157253843	45.914530778217966	659.2545473710376
11170-2359	42935.44276753712	59.9	296.23488393231435	259.5879361119041	259.5879361119041	26.855525178018727
11170-2377	174373.6301267281	92.2	583.9585670322161	108.32833068150943	108.32833068150943	665.4359687568433
11170-24	14135.91972606247	52.9	424.4042192798869	193.33288668362857	193.33288668362857	963.4746091407955
11170-2426	29409.058640552994	56.5	186.49850554536374	68.65426181804716	68.65426181804716	54.36709590819941
11170-2438	42935.44276753712	59.9	53.65003173264868	252.57694604060038	53.65003173264868	52.532927034855426
11170-2457	29409.058640552994	56.5	119.5219719714647	244.733163719875	119.5219719714647	38.19142571367107
11170-2496			43.991275939842666	178.18459068508042	43.991275939842666	64.07082124110495
11170-2497	29409.058640552994	56.5	113.19000929774764	72.581814375457	72.581814375457	91.68339667574676
11170-25	14135.91972606247	52.9	417.1828416791115	334.881128762336	334.881128762336	597.5603511484775
11170-2521	42935.44276753712	59.9	231.7302526562072	384.74158876802727	231.7302526562072	371.34638621004166
11170-2522	21913.505587557604	63.1	46.62704745841009	444.48234709173204	46.62704745841009	234.2919988252301
11170-2539	29409.058640552994	56.5	116.25811679437686	97.0401577975105	97.0401577975105	119.91481777589144
11170-2552			238.37535836048326	346.18451190397866	238.37535836048326	367.97822833986345
11170-2562	14135.91972606247	52.9	475.8075758318183	414.61667868551626	414.61667868551626	597.8648951209482
11170-257	174373.6301267281	92.2	317.520014247617	170.9256121519178	170.9256121519178	376.0776291197273
11170-258	174373.6301267281	92.2	460.3915193864019	135.8655451392585	135.8655451392585	789.3087302336983
11170-259	14135.91972606247	52.9	410.4446358757117	451.63503784105166	410.4446358757117	1085.4395994040606
11170-26	14135.91972606247	52.9	483.0097019756045	46.56006420202055	46.56006420202055	824.2501714131896
11170-260	27850.130024321556	93.9	205.32277687527855	80.47200269818245	80.47200269818245	1086.9601685688906
11170-261	12441.179819508448	92.1	233.97937911517545	804.551257852107	233.97937911517545	656.0254130428034
11170-262	14135.91972606247	52.9	409.68630140872983	264.8724761672304	264.8724761672304	576.8547261882783
11170-2627	25517.839119303637	43.2	708.5458867960916	32.67194162882003	32.67194162882003	1125.9151872230764
11170-2671	21913.505587557604	63.1	116.53530913562824	212.97506161668338	116.53530913562824	211.9981530172584
11170-2683	21913.505587557604	63.1	212.31536085137844	143.1665416986143	143.1665416986143	47.101480163085775
11170-2686	25517.839119303637	43.2	177.55019573440921	280.80401313402257	177.55019573440921	530.3321483003363
11170-27	14135.91972606247	52.9	593.504803472021	202.23117251950924	202.23117251950924	1115.5431681529165
11170-2719	22876.002144137223	45.6	236.12823864564976	62.11935132539436	62.11935132539436	257.9066334785737
11170-2720	17998.38991295443	100.0	225.80304908265472	59.5565074484012	59.5565074484012	233.74447063741218
11170-273	29613.143381976446	53.1	224.67113927296265	297.0395682572928	224.67113927296265	268.4610956142924
11170-2735	21913.505587557604	63.1	107.92190976315244	268.39147964837036	107.92190976315244	255.82505709862187
11170-274	174373.6301267281	92.2	567.1685453375993	74.75286973184005	74.75286973184005	627.6293935362255
11170-275	174373.6301267281	92.2	561.9068345969492	132.56627785252806	132.56627785252806	692.6391633060299
11170-276	29613.143381976446	53.1	584.9097418444119	116.95911850885935	116.95911850885935	686.9479197067102
11170-2765	22876.002144137223	45.6	101.91331315470343	37.43055474193127	37.43055474193127	124.71150980458987
11170-2766	21913.505587557604	63.1	146.10481335174177	542.9522840562493	146.10481335174177	219.20939112138282
11170-2767	21913.505587557604	63.1	74.0363292957718	651.1803270650537	74.0363292957718	106.0837869765154
11170-277	29613.143381976446	53.1	155.99396362568874	356.08342426575405	155.99396362568874	201.11034303679952
11170-279	14135.91972606247	52.9	490.477708636121	269.4526219093841	269.4526219093841	655.317750805576
11170-28	14135.91972606247	52.9	516.1873260191692	37.386748899499054	37.386748899499054	859.8785655768124
11170-280	14135.91972606247	52.9	536.6016278263344	239.6097894201414	239.6097894201414	848.8806560121803
11170-281	14135.91972606247	52.9	414.6216454163191	68.26168840898893	68.26168840898893	997.7277608220865
11170-2810			103.9372474114803	40.38600168466013	40.38600168466013	131.6563329095394
11170-2811			103.9372474114803	40.38600168466013	40.38600168466013	131.6563329095394
11170-282	25517.839119303637	43.2	690.7970439123867	45.38110860599326	45.38110860599326	1151.8261952677829
11170-2821	14135.91972606247	52.9	517.7239858833263	22.640123154018625	22.640123154018625	938.3342101289561
11170-2822	25517.839119303637	43.2	51.32118885012827	74.2542723026835	51.32118885012827	28.455027327704638
11170-283	25517.839119303637	43.2	673.7090948967221	48.782309779283494	48.782309779283494	1167.2682546847373
11170-2839	22876.002144137223	45.6	122.05078784286479	273.2692530458993	122.05078784286479	607.3302004271231
11170-284	10859.20976702509	42.0	282.9655406603826	44.51651121591565	44.51651121591565	1662.5542177237944
11170-2841	14135.91972606247	52.9	234.23316002509935	146.13631060575383	146.13631060575383	737.2191179430035
11170-2843	14135.91972606247	52.9	130.64382561511565	128.94744259588757	128.94744259588757	76.0529187943295
11170-285	17998.38991295443	100.0	239.5294321171346	21.5581415898179	21.5581415898179	246.99705892442375
11170-2853	174373.6301267281	92.2	586.747612847531	100.20790609063182	100.20790609063182	651.4897648650361
11170-2864	22876.002144137223	45.6	53.984356919545306	136.05545099458303	53.984356919545306	1072.3148479989138
11170-2865	42935.44276753712	59.9	108.5927882322014	307.7923604467152	108.5927882322014	239.28223467718362
11170-287	25517.839119303637	43.2	470.8032741456878	240.59994054795501	240.59994054795501	806.9376826758178
11170-2886	174373.6301267281	92.2	466.73508341869973	101.45659314726271	101.45659314726271	688.8581197647055
11170-2889	14135.91972606247	52.9	494.2704936140782	319.98196994998796	319.98196994998796	664.3861175823444
11170-289	22876.002144137223	45.6	255.87945763198042	306.85414719461244	255.87945763198042	1017.2739270727424
11170-29	29409.058640552994	56.5	65.24910207279953	241.94439561772245	65.24910207279953	251.97531036478028
11170-2906	29409.058640552994	56.5	96.60629329604384	27.096440676592408	27.096440676592408	118.50102365413298
11170-2907	42935.44276753712	59.9	182.33383573614373	237.61107697353347	182.33383573614373	404.46909296476866
11170-291	25517.839119303637	43.2	216.7466142558225	461.5420294093055	216.7466142558225	238.45626350949013
11170-2913			190.1586136172999	14.005005171130644	14.005005171130644	85.29457737004407
11170-2917	174373.6301267281	92.2	45.81300043560481	346.9813759202333	45.81300043560481	111.61358203366187
11170-292	25517.839119303637	43.2	126.05764962453546	288.8216641860231	126.05764962453546	506.38742077553127
11170-293	42935.44276753712	59.9	85.87161576678588	341.8395153015184	85.87161576678588	53.008813978611535
11170-294	22876.002144137223	45.6	378.67974325256836	189.90559874496935	189.90559874496935	873.9764701631314
11170-295	14135.91972606247	52.9	586.7610944377166	108.45682610325692	108.45682610325692	796.3220315887434
11170-2960			28.07267745583567	167.58763558240986	28.07267745583567	119.27460224586899
11170-3	174373.6301267281	92.2	393.47790298220065	28.9431249706566	28.9431249706566	475.90542834797753
11170-3008			176.13121539692784	42.356316146235955	42.356316146235955	156.1019685398384
11170-3048	21913.505587557604	63.1	107.16044942444152	968.9191039288565	107.16044942444152	303.47664768328906
11170-3092	22876.002144137223	45.6	26.27301574476515	154.70701640402336	26.27301574476515	1075.685223373192
11170-31	14135.91972606247	52.9	78.63855649074479	98.71980079039331	78.63855649074479	331.3418177090704
11170-3107	22876.002144137223	45.6	84.26450578885844	32.61260076865226	32.61260076865226	368.0285386331538
11170-3122	42935.44276753712	59.9	50.61047414684926	148.62090005327946	50.61047414684926	153.67888523954394
11170-3148	42935.44276753712	59.9	54.71826660786999	398.6281941167815	54.71826660786999	195.76323820579358
11170-3174			26.985019797377017	252.45214845024964	26.985019797377017	218.7942740008436
11170-3183			122.05184512279996	65.84192703727874	65.84192703727874	137.7372446802028
11170-3188	14135.91972606247	52.9	548.0733013166309	26.724046103646774	26.724046103646774	782.1801571048765
11170-32	21913.505587557604	63.1	60.21360063577384	355.07275635545835	60.21360063577384	100.68475259866362
11170-3200	21913.505587557604	63.1	154.19658934689008	249.29047752469768	154.19658934689008	195.20187559766657
11170-3209	14135.91972606247	52.9	278.23347607831903	42.711527015675784	42.711527015675784	476.9138321201279
11170-3222	22876.002144137223	45.6	57.13836088130128	199.4729136038447	57.13836088130128	166.94303685977943
11170-3232	29409.058640552994	56.5	65.24910207279953	241.94439561772245	65.24910207279953	251.97531036478028
11170-3240	22876.002144137223	45.6	237.79866068250905	133.10743408489375	133.10743408489375	985.2066719123329
11170-3278	17998.38991295443	100.0	34.05104129510843	334.4056803004054	34.05104129510843	48.26385310855529
11170-3299	42935.44276753712	59.9	50.07801114049251	318.8139902270518	50.07801114049251	305.940949351479
11170-33	42935.44276753712	59.9	117.49404575997852	80.38656050713752	80.38656050713752	151.8514276647399
11170-3311	42935.44276753712	59.9	74.3295656076188	270.1515570179866	74.3295656076188	636.8715389238586
11170-3331			191.7710795375659	261.9586962819231	191.7710795375659	373.6806860988673
11170-3342			25.833157940912145	151.29204026716607	25.833157940912145	254.8353721015668
11170-3371	10859.20976702509	42.0	253.67629483372212	100.98262612009414	100.98262612009414	1701.22515025228
11170-34	42935.44276753712	59.9	105.0167401703716	67.88420785972441	67.88420785972441	141.3923573968491
11170-3413	12441.179819508448	92.1	259.2376622654972	781.6613377218695	259.2376622654972	659.5724624843942
11170-3414			73.65685058328178	129.47933378262607	73.65685058328178	149.33170759481786
11170-3423	14135.91972606247	52.9	22.958485429808633	172.43693140451944	22.958485429808633	722.4406080449859
11170-35	21913.505587557604	63.1	134.9702968047246	940.5685857804608	134.9702968047246	100.6936948870539
11170-3533	25517.839119303637	43.2	57.21342168798956	180.03777492387587	57.21342168798956	323.37092974130684
11170-3538	14135.91972606247	52.9	25.799687064031712	34.86233761215926	25.799687064031712	570.4417940170335
11170-37	21913.505587557604	63.1	147.10194462597204	373.2358228521908	147.10194462597204	284.9572978165343
11170-38	42935.44276753712	59.9	42.821841517658235	93.61107470479018	42.821841517658235	240.66887846337573
11170-4	174373.6301267281	92.2	277.6802168165789	101.23154780203868	101.23154780203868	350.58954090562145
11170-40	21913.505587557604	63.1	127.94317617445822	111.09372346790474	111.09372346790474	125.01901384237398
11170-41	42935.44276753712	59.9	184.83134914722055	162.74174803899794	162.74174803899794	18.25277824691523
11170-4177	174373.6301267281	92.2	115.83223956622773	703.0908044002025	115.83223956622773	156.56751588745666
11170-4178	42935.44276753712	59.9	34.302862557141445	398.14998111884137	34.302862557141445	304.9021673209277
11170-4186			75.54802640724832	53.728693392905	53.728693392905	27.9840011518261
11170-4262	25517.839119303637	43.2	49.459865730028355	177.51759012658863	49.459865730028355	361.2778849645646
11170-43	21913.505587557604	63.1	226.9086869510803	777.7657997037562	226.9086869510803	195.1864003350845
11170-44	21913.505587557604	63.1	228.62069269270762	543.964599077032	228.62069269270762	282.54162756834535
11170-45	21913.505587557604	63.1	148.4161307063797	312.3646243187343	148.4161307063797	243.53459612682067
11170-46	21913.505587557604	63.1	84.37662857379597	814.3419766670405	84.37662857379597	249.53987669762137
11170-47	42935.44276753712	59.9	32.45235804208166	336.11764159607833	32.45235804208166	453.4237512047561
11170-48	21913.505587557604	63.1	74.77183313345881	40.05534176598151	40.05534176598151	66.61961297264489
11170-49	21913.505587557604	63.1	213.38622835288945	951.1918945405364	213.38622835288945	301.8982581558854
11170-5	174373.6301267281	92.2	537.5048363872938	49.37878227970992	49.37878227970992	600.0232539845124
11170-51	42935.44276753712	59.9	110.37291061553066	350.9711334382654	110.37291061553066	424.705153615072
11170-53	21913.505587557604	63.1	100.93421241021909	1140.4608348361446	100.93421241021909	371.5632407522357
11170-54	21913.505587557604	63.1	232.4685961377165	259.86887683774165	232.4685961377165	102.67418650456042
11170-55	21913.505587557604	63.1	79.23498418881098	1063.0347287295872	79.23498418881098	44.922009826267136
11170-56	21913.505587557604	63.1	68.74874048312124	177.37969826799613	68.74874048312124	237.73367975770543
11170-57	21913.505587557604	63.1	189.59365696053553	1083.1057751403212	189.59365696053553	278.02030997988584
11170-58	21913.505587557604	63.1	121.53766268254458	133.1318359102442	121.53766268254458	152.95505992940932
11170-59	21913.505587557604	63.1	184.49221899420633	241.19672040592044	184.49221899420633	153.21400090916302
11170-6	10859.20976702509	42.0	18.39737840004885	23.97308015575413	18.39737840004885	1461.2669751519525
11170-60	27850.130024321556	93.9	44.03246010685492	279.3559536476097	44.03246010685492	656.7509461728358
11170-61	21913.505587557604	63.1	184.5667121687215	1032.7658630185556	184.5667121687215	319.8408546863699
11170-62	21913.505587557604	63.1	142.85194014066926	201.99618189382159	142.85194014066926	175.39536203300838
11170-63	21913.505587557604	63.1	26.457325196095063	18.901098480775676	18.901098480775676	167.2905241092001
11170-64	21913.505587557604	63.1	46.56515275820949	36.71468230184002	36.71468230184002	127.26653679128066
11170-65	21913.505587557604	63.1	178.21400437853768	1070.5469387345977	178.21400437853768	320.1005198896096
11170-66	21913.505587557604	63.1	153.0870323568163	516.3067465636595	153.0870323568163	115.35651938049072
11170-67	21913.505587557604	63.1	123.73457793033798	466.2138367941366	123.73457793033798	77.64874706110423
11170-68	21913.505587557604	63.1	267.96273416475213	830.660849959299	267.96273416475213	257.50520304740667
11170-69	21913.505587557604	63.1	143.27696457881967	851.2054950141865	143.27696457881967	102.72357879972098
11170-7	10859.20976702509	42.0	28.52587052018781	142.5317829076387	28.52587052018781	1385.2782838284193
11170-70	42935.44276753712	59.9	37.911549190796336	15.908599593970463	15.908599593970463	3.499906812362833
11170-71	21913.505587557604	63.1	24.442897113254645	986.4983551825313	24.442897113254645	486.4403261659364
11170-72	10859.20976702509	42.0	33.51506266119619	41.192164858697176	33.51506266119619	1504.4426961885695
11170-73	25517.839119303637	43.2	593.023613263341	175.95833578756506	175.95833578756506	1314.5744442080043
11170-75	10859.20976702509	42.0	64.19020817444948	123.04793508838192	64.19020817444948	1473.0097696522416
11170-76	10859.20976702509	42.0	91.45936321560886	60.76005211028022	60.76005211028022	1604.4218832547924
11170-77	25517.839119303637	43.2	198.5010072341088	276.9260070798237	198.5010072341088	627.141955606093
11170-8	174373.6301267281	92.2	252.16353141885898	164.68754405074145	164.68754405074145	318.4061002388175
11170-82	22876.002144137223	45.6	55.629115846399834	75.47498728676587	55.629115846399834	78.41683763352687
11170-83	22876.002144137223	45.6	85.94350791024708	31.977412754627505	31.977412754627505	374.3794146608241
11170-90	22876.002144137223	45.6	97.19460313630823	39.746297308017304	39.746297308017304	427.95327160568905
11170-93	17998.38991295443	100.0	345.0245570274798	46.45722205332274	46.45722205332274	352.4943288761038
11170-95	25517.839119303637	43.2	669.4801630655079	53.47683810340966	53.47683810340966	1109.4589293684087
11200-1	12453.387621607782	92.3	622.8249515385182	44.393497135212066	44.393497135212066	1348.6751428686741
11200-10	11150.49129544291	110.9	316.54458698481295	93.71890728355224	93.71890728355224	216.61068536855706
11200-100	17998.38991295443	100.0	455.429844510856	31.460423708179434	31.460423708179434	462.9076603502956
11200-102	49398.2445532514	52.0	331.60837285864744	247.6702873817737	247.6702873817737	1149.3659171009626
11200-12	11150.49129544291	110.9	94.29232937992697	41.86615246688684	41.86615246688684	678.9933351235679
11200-13	11150.49129544291	110.9	173.8558149908788	119.84776416644573	119.84776416644573	707.1458211661854
11200-134	17998.38991295443	100.0	517.2793762435049	120.64923101266065	120.64923101266065	644.2766584587797
11200-14	11150.49129544291	110.9	196.56742487236684	144.70118200446555	144.70118200446555	130.3460893276898
11200-15	3374.3851190476194	61.1	94.13600865227036	37.680825330458276	37.680825330458276	390.75398058168247
11200-150	12453.387621607782	92.3	761.6817595051692	74.76266261346494	74.76266261346494	551.0752083594604
11200-151	12453.387621607782	92.3	473.90106680395354	243.48343707862097	243.48343707862097	1025.6838295640289
11200-152	49398.2445532514	52.0	439.4503749572884	139.93596220203327	139.93596220203327	1132.3327557518448
11200-153	102485.59839989759	42.2	651.6365251981504	299.060589256583	299.060589256583	1972.3042563267932
11200-154	102485.59839989759	42.2	650.5224629065632	307.7390524272158	307.7390524272158	1978.4371185712594
11200-155	37684.917037890424	97.9	77.62119396071549	703.7391239766312	77.62119396071549	2646.5353676101545
11200-156	11150.49129544291	110.9	232.8393544719924	127.47913770694957	127.47913770694957	382.19031456227924
11200-16	6090.516545058884	76.1	64.12460518769386	26.859466507327728	26.859466507327728	931.6526447325813
11200-17	6090.516545058884	76.1	72.85138098247329	31.745786962637197	31.745786962637197	872.2977855979613
11200-18	14575.237698412699	87.6	568.7352734215472	170.4851250167387	170.4851250167387	1004.7939775926551
11200-1831	15197.986251920122	91.3	70.06676813722748	46.12878455041361	46.12878455041361	451.91052396022513
11200-1848	17998.38991295443	100.0	108.02219686866046	143.39299025424623	108.02219686866046	357.97044687164805
11200-19	39688.30177931388	83.4	89.1056847050226	99.37390649377029	89.1056847050226	21.579224092805934
11200-2	27485.95585637481	86.3	419.8647899601984	160.20577222088582	160.20577222088582	1079.0456394832631
11200-20	39688.30177931388	83.4	127.97595009862769	277.5342549812545	127.97595009862769	52.556972335222085
11200-21	14575.237698412699	87.6	220.1390428297604	142.04910049309527	142.04910049309527	449.7482387232003
11200-22	14575.237698412699	87.6	612.6820399126445	147.1749534580987	147.1749534580987	812.8325159803961
11200-23	39688.30177931388	83.4	268.7226228298408	223.3722033939474	223.3722033939474	29.928719820480126
11200-24	14575.237698412699	87.6	96.32975931460723	107.58896509135275	96.32975931460723	336.054421560295
11200-25	14575.237698412699	87.6	387.1012370766072	254.44596232115208	254.44596232115208	796.6359425734311
11200-2562	102485.59839989759	42.2	376.7150304911293	51.60479430497039	51.60479430497039	2109.0408436940043
11200-26	39688.30177931388	83.4	255.29082952952962	233.7816290111145	233.7816290111145	32.49036895534457
11200-2674	27485.95585637481	86.3	226.91111343131556	90.03132171584572	90.03132171584572	566.5135603079293
11200-2675	39688.30177931388	83.4	293.7890606771018	205.42334676974014	205.42334676974014	31.775931698389925
11200-2689	15197.986251920122	91.3	450.823524731491	193.6934996850886	193.6934996850886	716.2234694799317
11200-2691	15197.986251920122	91.3	217.7213193933834	235.18576352878455	217.7213193933834	936.2809432024167
11200-2696	14575.237698412699	87.6	96.32975931460723	107.58896509135275	96.32975931460723	336.054421560295
11200-27	14575.237698412699	87.6	378.8733369805601	34.012085998649134	34.012085998649134	289.69815623543707
11200-2703	11150.49129544291	110.9	146.22644795199213	16.849989504952408	16.849989504952408	33.28842609925816
11200-2704	11150.49129544291	110.9	216.80779153443999	75.43810186611708	75.43810186611708	431.7219052068743
11200-2718	14575.237698412699	87.6	612.6820399126445	147.1749534580987	147.1749534580987	812.8325159803961
11200-2722	12453.387621607782	92.3	920.9600901819216	54.52972423490746	54.52972423490746	1259.9869443925122
11200-2728	102485.59839989759	42.2	405.12644926242626	305.4707229601899	305.4707229601899	2208.198515555637
11200-2729	17998.38991295443	100.0	29.60949779385819	103.7944987808702	29.60949779385819	261.04038099595306
11200-2734	102485.59839989759	42.2	232.52253992716658	38.1284771800714	38.1284771800714	2471.234280399176
11200-2751	39688.30177931388	83.4	106.88584037984609	176.73344218508876	106.88584037984609	233.82492704355363
11200-2777	27485.95585637481	86.3	133.22588567550187	168.4146504953005	133.22588567550187	836.8351404738823
11200-2781	11150.49129544291	110.9	352.2612923103478	107.48103608301406	107.48103608301406	210.15330896699297
11200-2789	15197.986251920122	91.3	31.536320818117677	109.21850995456396	31.536320818117677	747.0337555128206
11200-28	14575.237698412699	87.6	145.38466239166675	44.020892920330155	44.020892920330155	356.90164114445975
11200-2820	17998.38991295443	100.0	98.08339613858075	30.47998018131603	30.47998018131603	49.35939793548174
11200-2827	11150.49129544291	110.9	109.31530852570344	312.41936326878454	109.31530852570344	45.35823483219082
11200-2828	27485.95585637481	86.3	230.29374931038976	67.91987103671288	67.91987103671288	571.3259648122515
11200-2829	37684.917037890424	97.9	107.37022133797154	184.53475923771973	107.37022133797154	1740.6042076352453
11200-2876	32217.409587813618	137.0	86.50692767025275	463.7906649413931	86.50692767025275	2581.437551556953
11200-2879	14575.237698412699	87.6	568.7352734215472	170.4851250167387	170.4851250167387	1004.7939775926551
11200-2882	19502.59296594982		138.55911837551065	109.28767571723014	109.28767571723014	2580.819373387043
11200-2883	102485.59839989759	42.2	604.7486842119246	184.85416796130946	184.85416796130946	1729.4800791469465
11200-2884	17998.38991295443	100.0	104.45396159850219	23.737196323130632	23.737196323130632	62.63017758389662
11200-2885	17998.38991295443	100.0	534.6125060753106	122.13960239845798	122.13960239845798	679.3165291220062
11200-2895	14575.237698412699	87.6	281.27041768223285	308.3103483431689	281.27041768223285	659.5075265919277
11200-2899	14575.237698412699	87.6	277.18204705161753	70.34037208969242	70.34037208969242	725.0252822528599
11200-29	14575.237698412699	87.6	37.273328650993754	49.81662438583867	37.273328650993754	305.74387322407995
11200-2900	27485.95585637481	86.3	13.704549511720991	62.90676296221862	13.704549511720991	783.40430748801
11200-2902	15197.986251920122	91.3	47.8601193604422	75.44518669347077	47.8601193604422	795.6436570885867
11200-2914	14575.237698412699	87.6	60.5486323832048	146.1675816370436	60.5486323832048	495.34576733945863
11200-2915	14575.237698412699	87.6	277.18204705161753	70.34037208969242	70.34037208969242	725.0252822528599
11200-2923	49398.2445532514	52.0	160.5902427112979	298.64610894465903	160.5902427112979	876.6220865581103
11200-2925	14575.237698412699	87.6	81.4144564190385	189.90192025253862	81.4144564190385	539.097716831393
11200-2933	11150.49129544291	110.9	271.57923566828737	41.86447884779706	41.86447884779706	513.31447135065
11200-2935	17998.38991295443	100.0	39.078039545283644	39.80334518289496	39.078039545283644	161.79298684241482
11200-2938	12453.387621607782	92.3	698.20917359465	177.4716438327656	177.4716438327656	980.3124128570148
11200-2944	12453.387621607782	92.3	854.6152699402153	81.37809963878378	81.37809963878378	807.7637160486233
11200-2968	15197.986251920122	91.3	434.87555972418295	77.76621193232884	77.76621193232884	322.64749693770113
11200-2969	12453.387621607782	92.3	616.8945589121101	274.9930129857449	274.9930129857449	713.6505325711017
11200-2970	15197.986251920122	91.3	369.80085097182285	99.27795709461482	99.27795709461482	258.50262625794176
11200-2980	15197.986251920122	91.3	231.27229880975136	260.1629936929176	231.27229880975136	749.4319047391295
11200-2991	39688.30177931388	83.4	47.48807545222115	320.5875512373537	47.48807545222115	457.91440738373063
11200-2998	15197.986251920122	91.3	167.64194530773588	222.08369236235202	167.64194530773588	752.2421741359863
11200-3	27485.95585637481	86.3	329.252637451478	329.68935923874716	329.252637451478	890.534752581596
11200-30	14575.237698412699	87.6	572.6567142803793	39.96399264452048	39.96399264452048	332.9812224109582
11200-3004	30216.60979262673	108.1	31.58417959962318	131.14016706100708	31.58417959962318	1239.4421927394585
11200-3018	30216.60979262673	108.1	138.30924277778195	146.19150094302063	138.30924277778195	1297.9077875679955
11200-3024	27485.95585637481	86.3	298.4827810424239	19.176100080624845	19.176100080624845	1125.43418116542
11200-3027	102485.59839989759	42.2	146.11937755699603	48.00703829308864	48.00703829308864	2037.071973572846
11200-3029	39688.30177931388	83.4	114.6099372270805	249.25946046837177	114.6099372270805	257.5982304425393
11200-3031	22970.869143625194	63.3	66.75202231803323	57.67055673828954	57.67055673828954	51.76586547816787
11200-3038	27485.95585637481	86.3	146.27898191410648	221.29061527273814	146.27898191410648	895.8241854491116
11200-3052	39688.30177931388	83.4	247.5046178622034	234.6494265555385	234.6494265555385	68.99940045045251
11200-3074	27485.95585637481	86.3	148.21889681965993	186.81470966585246	148.21889681965993	1042.8959887813326
11200-3085	14575.237698412699	87.6	464.60411711863185	259.59732556444294	259.59732556444294	1015.488083365397
11200-3086	12453.387621607782	92.3	645.9947166208274	152.23219374990646	152.23219374990646	1423.763434636939
11200-3092	50933.91446492576	131.0	22.718426065633928	590.096433085696	22.718426065633928	2884.7288484719443
11200-31	12453.387621607782	92.3	674.6433659813657	81.04275930000037	81.04275930000037	451.0233266555206
11200-3114	15197.986251920122	91.3	320.60645877773123	324.5538692089734	320.60645877773123	948.2546085994297
11200-3120	27485.95585637481	86.3	159.18856203078067	47.737577717180116	47.737577717180116	1197.9519328041877
11200-3141	49398.2445532514	52.0	79.46199205144912	252.57508261198709	79.46199205144912	1419.5861371600047
11200-3143	15197.986251920122	91.3	320.60645877773123	324.5538692089734	320.60645877773123	948.2546085994297
11200-3144	27485.95585637481	86.3	391.1051985073259	40.7792400402178	40.7792400402178	1185.9358179850565
11200-3150	6090.516545058884	76.1	59.24452521617116	15.559877927766376	15.559877927766376	861.6735101815941
11200-3155	5063.388428059396	52.7	85.98804059290828	93.89364400502872	85.98804059290828	138.2415419070107
11200-3158	15197.986251920122	91.3	300.68515532754736	53.87686443420178	53.87686443420178	159.80671387817097
11200-3161	12453.387621607782	92.3	765.2759072014993	109.08001894919597	109.08001894919597	1033.6896967796727
11200-3162	6090.516545058884	76.1	62.107537495608945	16.970746877418954	16.970746877418954	851.3034529262487
11200-3173	22970.869143625194	63.3	200.00526069062144	175.16248040669123	175.16248040669123	56.60073704339611
11200-3175	6090.516545058884	76.1	324.88106305254087	282.97677944962186	282.97677944962186	632.5212974392565
11200-3189	34914.11942524322	74.6	19.24560048489349	183.23426977606377	19.24560048489349	1163.9361955568563
11200-3190	22970.869143625194	63.3	200.00526069062144	175.16248040669123	175.16248040669123	56.60073704339611
11200-3198	12453.387621607782	92.3	884.82590146861	37.8566707465263	37.8566707465263	865.3023759806056
11200-32	14575.237698412699	87.6	721.7642738688063	132.51175970588446	132.51175970588446	886.9727797953897
11200-3207	37684.917037890424	97.9	35.89821007432534	61.12010198263479	35.89821007432534	2299.272706841428
11200-3210	27485.95585637481	86.3	46.51495058702853	300.33715353586405	46.51495058702853	471.88561276205724
11200-3215	49398.2445532514	52.0	122.91296890953689	194.77922280956787	122.91296890953689	993.8978978066679
11200-3237	102485.59839989759	42.2	65.6715705329706	61.566834807482046	61.566834807482046	2209.9002075093777
11200-3253	15197.986251920122	91.3	454.75048086163326	77.95751878312863	77.95751878312863	352.50778201842206
11200-33	12453.387621607782	92.3	964.9491021178435	86.5426276844641	86.5426276844641	1263.4667220303822
11200-3358	12453.387621607782	92.3	785.6339144578967	27.351813845511654	27.351813845511654	998.4056901275532
11200-34	15197.986251920122	91.3	211.50629631367232	320.47867819411886	211.50629631367232	1040.5811468378015
11200-3479	12453.387621607782	92.3	622.8249515385182	44.393497135212066	44.393497135212066	1348.6751428686741
11200-35	15197.986251920122	91.3	101.77564222829987	40.09979431509809	40.09979431509809	460.0051492572063
11200-3575	12453.387621607782	92.3	705.2038639179754	221.1324892169407	221.1324892169407	760.0551645216495
11200-36	15197.986251920122	91.3	417.46252239072277	56.83867307701363	56.83867307701363	290.5248501037098
11200-3615	49398.2445532514	52.0	42.964633866096435	151.43311920570034	42.964633866096435	563.1577398831926
11200-37	15197.986251920122	91.3	22.686732612870294	142.91999752140168	22.686732612870294	645.043407837119
11200-38	15197.986251920122	91.3	406.92301820523755	184.20758681374076	184.20758681374076	729.6709932082441
11200-39	17998.38991295443	100.0	534.6125060753106	122.13960239845798	122.13960239845798	679.3165291220062
11200-4	27485.95585637481	86.3	83.24145140911169	213.71418124023052	83.24145140911169	510.8590072264149
11200-40	17998.38991295443	100.0	329.2943281861652	208.44245961697143	208.44245961697143	317.5292716406069
11200-41	17998.38991295443	100.0	27.71684626726392	49.875191053396435	27.71684626726392	116.88030026658465
11200-4186	11150.49129544291	110.9	244.29744189627914	72.7437271506816	72.7437271506816	548.1707010078234
11200-4187	11150.49129544291	110.9	523.5871786308402	41.30127458540715	41.30127458540715	331.00558628702527
11200-4191	3374.3851190476194	61.1	86.07960583339441	43.276036434154044	43.276036434154044	666.8945640608982
11200-4192	39688.30177931388	83.4	104.2379883339981	276.719791498508	104.2379883339981	136.4072149066621
11200-42	17998.38991295443	100.0	108.02219686866046	143.39299025424623	108.02219686866046	357.97044687164805
11200-4201	49398.2445532514	52.0	35.902823186535414	139.67790018193278	35.902823186535414	633.0302349602888
11200-43	17998.38991295443	100.0	83.4470260508714	91.92513914913141	83.4470260508714	401.1927864222985
11200-44	17998.38991295443	100.0	104.45396159850219	23.737196323130632	23.737196323130632	62.63017758389662
11200-45	17998.38991295443	100.0	256.9449502835253	173.86719469362194	173.86719469362194	257.40321469408383
11200-47	17998.38991295443	100.0	206.68658073986472	176.47099065793572	176.47099065793572	213.44659297870143
11200-48	17998.38991295443	100.0	20.39401264587896	132.47833885672011	20.39401264587896	258.5385758872835
11200-49	49398.2445532514	52.0	34.446469075295234	141.64785137561933	34.446469075295234	1303.5769197421484
11200-5	27485.95585637481	86.3	230.37027130226267	231.92240860146214	230.37027130226267	836.3538747865593
11200-50	49398.2445532514	52.0	136.23866316525638	31.556535790010148	31.556535790010148	1324.753252506774
11200-51	49398.2445532514	52.0	371.74823979938805	221.29501746050335	221.29501746050335	1152.5490241254336
11200-52	49398.2445532514	52.0	38.41987502674404	260.4387075593409	38.41987502674404	1152.048871066326
11200-53	49398.2445532514	52.0	135.11151291102811	77.75880314115945	77.75880314115945	890.73673841696
11200-54	49398.2445532514	52.0	359.6602220837233	115.16253723089206	115.16253723089206	1062.4433140732917
11200-55	49398.2445532514	52.0	60.94000425444271	353.9450227678205	60.94000425444271	1668.3002733480967
11200-56	49398.2445532514	52.0	218.87102810413887	159.25497604657448	159.25497604657448	822.9424046317503
11200-57	49398.2445532514	52.0	158.2999324144208	100.04242090958007	100.04242090958007	807.2382309801577
11200-58	49398.2445532514	52.0	131.48827525383473	177.2749404960127	131.48827525383473	1271.8425595854676
11200-59	49398.2445532514	52.0	247.69331164847716	166.9523526484224	166.9523526484224	1182.2900241736688
11200-6	27485.95585637481	86.3	214.9103082545853	231.69881051097215	214.9103082545853	978.562746158832
11200-60	49398.2445532514	52.0	157.34118012185053	59.1969162607528	59.1969162607528	1382.7545620592261
11200-61	49398.2445532514	52.0	254.44283196663764	215.69135151036764	215.69135151036764	524.4043093299656
11200-62	102485.59839989759	42.2	472.72589312884634	55.426955064188434	55.426955064188434	1725.3630162999184
11200-63	49398.2445532514	52.0	200.42639972961615	164.5957962368649	164.5957962368649	484.11847195314124
11200-64	19502.59296594982		100.08850661609284	323.52078284960686	100.08850661609284	2628.5566274970865
11200-65	19502.59296594982		117.00220941329904	313.24612087377113	117.00220941329904	2526.2540317471758
11200-66	102485.59839989759	42.2	38.83266661247632	389.00998697681956	38.83266661247632	2321.3972255309627
11200-67	102485.59839989759	42.2	64.83853035975393	360.1952028365394	64.83853035975393	2027.0204429631551
11200-68	102485.59839989759	42.2	730.2600504425051	180.50786647698246	180.50786647698246	1675.4212618376453
11200-69	103570.37743855607	114.0	33.424803653497825	298.554084541666	33.424803653497825	2501.585712098963
11200-7	27485.95585637481	86.3	108.12563000140149	134.32326546655744	108.12563000140149	805.8155129191448
11200-70	102485.59839989759	42.2	442.2076220898441	131.85733914218852	131.85733914218852	2224.223475221919
11200-71	49398.2445532514	52.0	322.9582962290239	245.63919787500174	245.63919787500174	1240.2458025551298
11200-72	102485.59839989759	42.2	40.20365201291439	388.7856640453576	40.20365201291439	2371.625907855816
11200-73	102485.59839989759	42.2	35.266038827841605	393.8025536944637	35.266038827841605	2151.5387054714583
11200-74	50933.91446492576	131.0	37.85431098750995	606.6465784599703	37.85431098750995	2796.5375841751234
11200-75	102485.59839989759	42.2	65.00914406673834	38.098370539519124	38.098370539519124	1706.2051877625086
11200-76	6090.516545058884	76.1	120.06487635392375	207.37195437485562	120.06487635392375	1491.0898706245816
11200-77	14575.237698412699	87.6	139.0527317538595	87.05313329918974	87.05313329918974	185.72522796916155
11200-78	12453.387621607782	92.3	441.6667879792082	30.989393040500136	30.989393040500136	270.564541091408
11200-79	49398.2445532514	52.0	237.89670513619788	52.528352634542465	52.528352634542465	976.2756298946357
11200-8	27485.95585637481	86.3	244.78100359715086	30.49460493020025	30.49460493020025	342.5901466410108
11200-80	102485.59839989759	42.2	250.11576255345466	138.45440642217454	138.45440642217454	1672.608527009232
11200-81	102485.59839989759	42.2	395.2664577223502	207.23811458886667	207.23811458886667	1658.8908679214064
11200-82	22970.869143625194	63.3	156.85423427238302	306.06886154500774	156.85423427238302	47.869974109244744
11200-83	12453.387621607782	92.3	952.786511795797	94.48604859481387	94.48604859481387	1240.7091425926856
11200-85	102485.59839989759	42.2	505.22162427121236	228.7451308148571	228.7451308148571	1595.2905813890031
11200-86	14575.237698412699	87.6	370.83507148559556	128.47402955073795	128.47402955073795	803.7416000660958
11200-87	102485.59839989759	42.2	280.80916706881055	177.19372566541733	177.19372566541733	1961.661844927356
11200-88	27485.95585637481	86.3	43.29532813486522	227.22293631539227	43.29532813486522	961.6369802929742
11200-89	11150.49129544291	110.9	409.6593866869094	66.06289634172805	66.06289634172805	252.0154291493845
11200-9	11150.49129544291	110.9	252.30935633172987	42.0988393564039	42.0988393564039	133.30375351302098
11200-90	39688.30177931388	83.4	321.4734547259231	162.09245011399457	162.09245011399457	120.11202032246285
11200-91	11150.49129544291	110.9	244.85176537564638	169.36010024285588	169.36010024285588	338.27141467806706
11200-92	11150.49129544291	110.9	168.20183012296394	114.03112128457394	114.03112128457394	68.47091751769518
11200-93	11150.49129544291	110.9	91.40265579094842	37.74857841349741	37.74857841349741	602.3542418576454
11200-94	6090.516545058884	76.1	119.970366721474	78.43159661879179	78.43159661879179	850.1786581059079
11200-95	17998.38991295443	100.0	151.13486147869068	76.94458084219018	76.94458084219018	122.1843244605051
11200-96	17998.38991295443	100.0	431.9729267430271	20.217464575124904	20.217464575124904	542.9481853772473
11200-97	19502.59296594982		165.81686717545156	258.10685860007027	165.81686717545156	2603.5342590911446
11200-98	14575.237698412699	87.6	658.7417137123756	27.972097962276663	27.972097962276663	1286.7556780505918
11200-99	17998.38991295443	100.0	403.1532087542695	22.501861802307843	22.501861802307843	410.5742512785617
11215-1	21942.67290706605	92.5	126.1845226894209	134.03013740267357	126.1845226894209	5853.2245088365435
11215-100	20380.308832565283	131.0	35.221964002261316	323.66976537874143	35.221964002261316	2885.992600669806
11215-101	21942.67290706605	92.5	80.00880272924105	221.5791479941398	80.00880272924105	5811.625065608312
11215-103	52836.652182539685	65.5	431.7873413049528	91.32495400513083	91.32495400513083	5211.980018312009
11215-104	50347.57968509985	59.6	121.03096479810542	260.3722857129036	121.03096479810542	4299.177050667986
11215-105	50347.57968509985	59.6	630.7699821193565	22.525412949122135	22.525412949122135	4879.3033621650075
11215-106	52836.652182539685	65.5	313.61010935570795	22.919890167723278	22.919890167723278	5133.239476857671
11215-107	50347.57968509985	59.6	479.99211853622927	99.49172163115558	99.49172163115558	3923.7578366250646
11215-108	50347.57968509985	59.6	479.99211853622927	99.49172163115558	99.49172163115558	3923.7578366250646
11215-109	19502.59296594982		37.40125246609941	385.4496106794802	37.40125246609941	4169.604495776517
11215-11	21942.67290706605	92.5	129.89739757144594	525.554664317636	129.89739757144594	5412.138236024145
11215-110	50347.57968509985	59.6	267.31792834716344	171.89761519497208	171.89761519497208	4699.337814687199
11215-111	19502.59296594982		68.17249881637142	314.5929843576498	68.17249881637142	3727.7575386391527
11215-112	21942.67290706605	92.5	348.5594953477599	44.650352543947335	44.650352543947335	5440.8699757415425
11215-113	29089.056874039936	98.4	205.3755856865213	749.9754881405614	205.3755856865213	4716.9687849387265
11215-114	50347.57968509985	59.6	697.7683314499293	226.80933974850376	226.80933974850376	4876.838617505544
11215-115	103570.37743855607	114.0	39.81566959711619	97.44198362616252	39.81566959711619	2612.3473636803305
11215-116	29089.056874039936	98.4	361.19227616745894	564.4200075661934	361.19227616745894	4540.614069719282
11215-118	50347.57968509985	59.6	472.33035023384656	157.14030518212414	157.14030518212414	4917.961385335821
11215-119	50933.91446492576	131.0	277.8921898832658	49.41881617278318	49.41881617278318	3466.6889420350885
11215-120	29089.056874039936	98.4	284.87655339502504	743.6273194744385	284.87655339502504	4643.736678501562
11215-121	50347.57968509985	59.6	404.93537605008163	163.85892675252632	163.85892675252632	4591.806054035117
11215-122	50933.91446492576	131.0	115.69806255774272	415.09913256549623	115.69806255774272	4014.1286265942545
11215-123	29089.056874039936	98.4	347.99608410325396	646.6291616569843	347.99608410325396	4634.458880389191
11215-124	29089.056874039936	98.4	330.40033625457653	667.6163149276947	330.40033625457653	4636.351461277488
11215-125	29089.056874039936	98.4	88.14819888363543	447.9149287442732	88.14819888363543	4110.040208037066
11215-126	50933.91446492576	131.0	194.20557558016	355.43201127020325	194.20557558016	3883.5097312496564
11215-128	50347.57968509985	59.6	29.076094179444237	352.6256771979665	29.076094179444237	4149.002374237119
11215-129	50347.57968509985	59.6	29.076094179444237	352.6256771979665	29.076094179444237	4149.002374237119
11215-130	21942.67290706605	92.5	42.712934999405505	113.19686709273745	42.712934999405505	5688.272241636242
11215-131	19502.59296594982		222.18247155107287	203.9567795568193	203.9567795568193	3639.9390799813677
11215-132	19502.59296594982		32.71396229373283	389.0493288840415	32.71396229373283	3938.2447804236235
11215-133	50347.57968509985	59.6	87.74519311047973	127.60977379498831	87.74519311047973	4796.994192066743
11215-134	50347.57968509985	59.6	192.49849147363594	329.9551904172875	192.49849147363594	4001.2891881120213
11215-135	50347.57968509985	59.6	142.9136657901927	244.5946609014207	142.9136657901927	4090.496193477439
11215-136	50347.57968509985	59.6	91.8672097194623	270.9375949571438	91.8672097194623	4131.799557332126
11215-137	103570.37743855607	114.0	245.57378469312843	84.32682929363726	84.32682929363726	2966.339424392667
11215-138	32217.409587813618	137.0	137.61058838347446	194.1093369635002	137.61058838347446	2761.734808801766
11215-139	50347.57968509985	59.6	516.7837728432472	244.71524072852242	244.71524072852242	4697.417790199311
11215-14	21942.67290706605	92.5	486.23247211070264	120.6669746815933	120.6669746815933	5122.204869672018
11215-140	50347.57968509985	59.6	669.1162356066687	163.89037181748904	163.89037181748904	4863.368581839942
11215-141	52836.652182539685	65.5	216.540269081781	59.22501352727072	59.22501352727072	5181.618245932772
11215-142	32217.409587813618	137.0	154.15923534376253	199.54082675184463	154.15923534376253	2779.9133572202927
11215-143	50933.91446492576	131.0	356.41238854203215	48.344642554472635	48.344642554472635	3414.3652924745443
11215-144	21942.67290706605	92.5	253.10193853088003	73.01828906303533	73.01828906303533	5648.101064035448
11215-145	103570.37743855607	114.0	44.74743818202892	125.7436561594632	44.74743818202892	2621.513104220947
11215-146	29089.056874039936	98.4	100.10983727937719	117.41362785075712	100.10983727937719	4124.708384619647
11215-147	20380.308832565283	131.0	84.19127186605188	21.479839188459177	21.479839188459177	3083.7738389001706
11215-15	21942.67290706605	92.5	96.26564363847577	399.35476219847965	96.26564363847577	5640.47648617981
11215-157	29089.056874039936	98.4	602.9365278924035	865.3194935807376	602.9365278924035	4724.655577754768
11215-16	21942.67290706605	92.5	237.48864308583765	122.83721849641357	122.83721849641357	5493.3536604397605
11215-17	21942.67290706605	92.5	163.53905870629944	170.2838495601934	163.53905870629944	5580.404194196739
11215-1717	19502.59296594982		244.9977346377438	176.0672309670542	176.0672309670542	3910.228107235518
11215-174	50933.91446492576	131.0	88.51612413226414	449.17265845216326	88.51612413226414	3957.224934144631
11215-175	29089.056874039936	98.4	122.1225771851777	693.8500490489232	122.1225771851777	4642.994186750185
11215-176	50347.57968509985	59.6	448.1693821080842	346.5127091014855	346.5127091014855	4626.195544145133
11215-177	50347.57968509985	59.6	89.60592477927415	93.61582291613821	89.60592477927415	4273.399113639112
11215-178	29089.056874039936	98.4	606.4146813373314	811.5066705864655	606.4146813373314	4663.6788909281
11215-179	29089.056874039936	98.4	588.4161526185529	855.1175662906768	588.4161526185529	4724.254852133346
11215-18	21942.67290706605	92.5	349.5467053320274	37.60227707487011	37.60227707487011	5448.855527440661
11215-180	29089.056874039936	98.4	38.66170982548298	95.99122337053865	38.66170982548298	4194.103826498285
11215-182	50347.57968509985	59.6	184.23580264684188	218.9279838787267	184.23580264684188	4059.4414317385626
11215-183	50347.57968509985	59.6	38.97599428839522	126.4190684526988	38.97599428839522	4263.872955217234
11215-184	19502.59296594982		41.93631586298532	247.2810198563372	41.93631586298532	3672.5400552639194
11215-185	29089.056874039936	98.4	59.1461062150069	593.1708970831542	59.1461062150069	4019.112915089378
11215-186	50347.57968509985	59.6	117.97541073370257	316.9223575311766	117.97541073370257	4727.945152182079
11215-19	21942.67290706605	92.5	66.11995933303209	376.0456806705129	66.11995933303209	5681.628730590707
11215-2	21942.67290706605	92.5	420.4366274022885	119.22239225345433	119.22239225345433	5328.5573586747605
11215-20	21942.67290706605	92.5	21.546870103790397	628.094727115919	21.546870103790397	5458.445402071349
11215-21	21942.67290706605	92.5	252.26293828549052	24.81022499530459	24.81022499530459	5643.810440662005
11215-22	21942.67290706605	92.5	35.555958592834614	42.75596283962206	35.555958592834614	5973.403129677033
11215-23	21942.67290706605	92.5	212.54351081834545	281.4413681834333	212.54351081834545	5560.195347243235
11215-2388	52836.652182539685	65.5	596.0325647766724	21.917326173093677	21.917326173093677	4962.782052790942
11215-2389	50347.57968509985	59.6	116.46819236249256	45.76360026367839	45.76360026367839	4283.863391124428
11215-2390	50347.57968509985	59.6	560.4616350701002	138.23490916709224	138.23490916709224	4021.1014626003584
11215-2392	50347.57968509985	59.6	126.12634213743542	327.86195144137633	126.12634213743542	4068.6536118057184
11215-2399	52836.652182539685	65.5	637.7372815456478	87.58564030082897	87.58564030082897	4926.218340929977
11215-24	52836.652182539685	65.5	273.1282114255829	61.52787786191256	61.52787786191256	5171.32043613192
11215-2400	50347.57968509985	59.6	661.5684424178444	114.5675830911421	114.5675830911421	4910.545640587127
11215-2401	19502.59296594982		39.79134040874361	384.8332201964564	39.79134040874361	4213.397583575372
11215-2411	21942.67290706605	92.5	88.47227572105963	444.0063648800295	88.47227572105963	5608.372452936664
11215-2413	50347.57968509985	59.6	172.4752519571801	97.08546682725091	97.08546682725091	4725.776189981157
11215-2419	29089.056874039936	98.4	163.06888728010387	682.8596474414584	163.06888728010387	4862.751056177535
11215-2426	50347.57968509985	59.6	627.0626134566677	94.99985046364242	94.99985046364242	4889.467434744759
11215-2428	21942.67290706605	92.5	19.725512449913545	595.0285246446514	19.725512449913545	5455.924652595233
11215-2429	19502.59296594982		343.7451375517113	34.52430847333327	34.52430847333327	3334.9817554034667
11215-2430	103570.37743855607	114.0	202.4589487114471	33.82281522537109	33.82281522537109	3298.260609982112
11215-2435	50933.91446492576	131.0	19.021733701420835	212.8060644122843	19.021733701420835	2966.805393869978
11215-2438	19502.59296594982		55.67408687829709	378.6313314669702	55.67408687829709	3019.8412287669325
11215-2457	19502.59296594982		49.68157245369019	120.08867894310723	49.68157245369019	3552.82088494016
11215-2464	52836.652182539685	65.5	449.4377673723764	47.09563751311208	47.09563751311208	5159.846793238346
11215-2467	50347.57968509985	59.6	28.43526955523641	76.52739893086544	28.43526955523641	4297.558824052034
11215-2471	32217.409587813618	137.0	81.60434860365888	23.22900594865729	23.22900594865729	2659.092702083375
11215-2478	103570.37743855607	114.0	316.2924055766104	219.3148115149953	219.3148115149953	3530.89443970551
11215-2484	19502.59296594982		142.9916658721824	44.26402715042408	44.26402715042408	3452.220790276293
11215-2487	20380.308832565283	131.0	153.874857794257	137.92289604034357	137.92289604034357	3687.8983880366395
11215-25	52836.652182539685	65.5	228.10942281829062	221.3931401634443	221.3931401634443	5349.860367005573
11215-2500	29089.056874039936	98.4	59.384732923559454	580.6824539386736	59.384732923559454	4799.537445398117
11215-2502	29089.056874039936	98.4	70.83177376116221	590.6946964311519	70.83177376116221	4837.132067847354
11215-2530	50347.57968509985	59.6	202.45324882864998	212.46021092850782	202.45324882864998	4043.258356156466
11215-2535	21942.67290706605	92.5	131.63811749034284	147.00773774153822	131.63811749034284	5773.909508802337
11215-2567	50933.91446492576	131.0	253.31846556093913	49.40474619082108	49.40474619082108	3473.4802793684626
11215-2575	32217.409587813618	137.0	171.25609584335996	30.632226964435116	30.632226964435116	2763.564934365693
11215-2576	32217.409587813618	137.0	171.25609584335996	30.632226964435116	30.632226964435116	2763.564934365693
11215-2579	21942.67290706605	92.5	18.168495890825916	527.6232803303667	18.168495890825916	5498.28654775689
11215-2582	52836.652182539685	65.5	413.56039951179434	89.21964704323973	89.21964704323973	5020.242420583636
11215-26	52836.652182539685	65.5	327.1780974528728	113.78363644664309	113.78363644664309	5242.068442975951
11215-2649	52836.652182539685	65.5	63.12910355861126	412.4993302793761	63.12910355861126	5198.750530849736
11215-2656	32217.409587813618	137.0	275.1705989106882	49.47993211092274	49.47993211092274	2874.800749144426
11215-2659	50347.57968509985	59.6	566.3393905297802	209.31505444737465	209.31505444737465	4748.69035933645
11215-2694	21942.67290706605	92.5	554.6157971727771	48.643471999411176	48.643471999411176	5088.05105715373
11215-27	52836.652182539685	65.5	491.9501953021735	124.64840463985088	124.64840463985088	4960.486418362624
11215-2776	52836.652182539685	65.5	165.9778186617264	132.23982656489198	132.23982656489198	5214.741288286342
11215-2781	29089.056874039936	98.4	639.3306505934868	1057.1044907641801	639.3306505934868	4876.386502244292
11215-2782	29089.056874039936	98.4	86.93109711318372	444.88609104237753	86.93109711318372	4083.5448013261534
11215-2790	19502.59296594982		126.83217601173867	196.78341407166292	126.83217601173867	3598.9752928404296
11215-28	52836.652182539685	65.5	456.66075097688986	31.869582153992805	31.869582153992805	5061.173652149048
11215-29	52836.652182539685	65.5	466.1423354592776	61.347521822748845	61.347521822748845	5165.115469029255
11215-2912	29089.056874039936	98.4	39.68993961132292	457.5611104473514	39.68993961132292	4825.026269488604
11215-2919	21942.67290706605	92.5	40.16400922931098	453.87763656635605	40.16400922931098	5562.942596493635
11215-3	21942.67290706605	92.5	139.77831921751894	86.91855718936263	86.91855718936263	5852.758552651439
11215-30	50347.57968509985	59.6	346.04048725855125	387.98227529912396	346.04048725855125	4523.412382390125
11215-3019	29089.056874039936	98.4	279.62949243254303	880.7880248995116	279.62949243254303	4712.355246628924
11215-3046	29089.056874039936	98.4	447.2517814598288	796.9267696082442	447.2517814598288	4753.861374503145
11215-3062	21942.67290706605	92.5	365.02676344283407	56.928998129619146	56.928998129619146	5474.669796532822
11215-3091	50347.57968509985	59.6	206.50028676150723	247.86990128541095	206.50028676150723	4344.496019029514
11215-31	52836.652182539685	65.5	345.2710837857443	49.309568527604604	49.309568527604604	5174.249316279684
11215-3170	29089.056874039936	98.4	51.9675964387033	536.3108890664245	51.9675964387033	4250.677634148435
11215-3190	50933.91446492576	131.0	443.06599529605825	21.23696281732528	21.23696281732528	3474.401919009202
11215-32	50347.57968509985	59.6	494.36462123373235	159.63422123194096	159.63422123194096	4859.613599815023
11215-33	52836.652182539685	65.5	142.8021729016192	214.70565850200308	142.8021729016192	5409.67076465213
11215-3323	21942.67290706605	92.5	20.862220427468955	380.2896853546203	20.862220427468955	5601.132063964381
11215-3352	29089.056874039936	98.4	24.04454893468327	497.13832891393963	24.04454893468327	4530.175940854913
11215-3392	50347.57968509985	59.6	528.6583259496779	132.43758350522907	132.43758350522907	4744.373786166959
11215-34	29089.056874039936	98.4	174.19308842455828	732.3599166611644	174.19308842455828	4682.195979823666
11215-3408	50347.57968509985	59.6	75.78469129419281	296.1482111496761	75.78469129419281	4285.1888268274915
11215-3445	32217.409587813618	137.0	26.841757481547695	45.35756317459456	26.841757481547695	2616.3904344461457
11215-35	29089.056874039936	98.4	140.74906967738477	686.1497317351887	140.74906967738477	4691.194304619869
11215-3509	32217.409587813618	137.0	403.9584202010882	79.65054170630223	79.65054170630223	2983.3491920214665
11215-3558	50347.57968509985	59.6	26.588689759232995	426.1360623244729	26.588689759232995	4206.023021476299
11215-3566	52836.652182539685	65.5	311.2270178589658	46.46161118378502	46.46161118378502	5054.667202423169
11215-3573	103570.37743855607	114.0	51.48831048966564	266.4690119349456	51.48831048966564	2652.3631141732653
11215-36	29089.056874039936	98.4	94.05817870544965	617.6916797012191	94.05817870544965	4755.848091769083
11215-3724	32217.409587813618	137.0	87.40954375053528	95.6811041286632	87.40954375053528	2654.1991087712877
11215-3742	29089.056874039936	98.4	33.40447668369504	720.4879941194155	33.40447668369504	4510.699858904942
11215-3793	50347.57968509985	59.6	22.244494621678403	225.75321603547124	22.244494621678403	4200.486519743348
11215-38	52836.652182539685	65.5	428.64762694552394	86.83668497628997	86.83668497628997	5227.6998434671095
11215-39	50347.57968509985	59.6	504.4814063586896	198.3037906466994	198.3037906466994	4910.638731734931
11215-4	21942.67290706605	92.5	139.77831921751894	86.91855718936263	86.91855718936263	5852.758552651439
11215-40	32217.409587813618	137.0	194.30380840292315	395.01118251752547	194.30380840292315	2869.3299616102768
11215-41	32217.409587813618	137.0	259.8967995060318	327.2803814196726	259.8967995060318	2941.304100592959
11215-4121	21942.67290706605	92.5	248.83167368771154	96.56820410584724	96.56820410584724	5616.674065033203
11215-42	32217.409587813618	137.0	205.88035473328068	380.65003271972734	205.88035473328068	2889.962041447681
11215-4220	20380.308832565283	131.0	17.856730377439543	40.17161634146255	17.856730377439543	2908.577416794967
11215-4277	50347.57968509985	59.6	603.4301991600131	50.02553628965021	50.02553628965021	4818.809136291137
11215-43	32217.409587813618	137.0	139.60597983682598	351.2342322776729	139.60597983682598	2796.6478672447374
11215-4313	32217.409587813618	137.0	670.9431508765043	84.87419572021726	84.87419572021726	3249.533032086854
11215-4343	50347.57968509985	59.6	162.89772018560956	49.83989581596173	49.83989581596173	4172.145705778637
11215-4346	50933.91446492576	131.0	202.2848340228736	354.99728062067027	202.2848340228736	3191.0375683833504
11215-4348	50347.57968509985	59.6	146.92494577695206	42.27607540493984	42.27607540493984	4246.549195847322
11215-4363	50347.57968509985	59.6	372.27384035087937	53.708370849649675	53.708370849649675	4160.932214886961
11215-4380	20380.308832565283	131.0	24.97109038154018	330.06329722193675	24.97109038154018	2809.699948591102
11215-44	19502.59296594982		133.90778503462525	241.02478736513956	133.90778503462525	3182.864914017663
11215-4466	29089.056874039936	98.4	220.31473473092808	154.68905500934034	154.68905500934034	4556.40394111994
11215-4472	29089.056874039936	98.4	22.631665941834964	63.22709725797363	22.631665941834964	4193.296196767374
11215-4483	32217.409587813618	137.0	403.0907428679366	33.0412406534021	33.0412406534021	2989.795934890401
11215-45	19502.59296594982		146.9763367049522	146.61782687714535	146.61782687714535	3263.8671680344833
11215-4511	103570.37743855607	114.0	478.7755193163938	35.77221788302633	35.77221788302633	3844.4179237491635
11215-4578	103570.37743855607	114.0	253.27225595869373	306.7158371238565	253.27225595869373	2798.444151389994
11215-46	19502.59296594982		145.42499942235483	218.24387258014698	145.42499942235483	3199.1233610372124
11215-4603	32217.409587813618	137.0	620.0355079454379	27.344727305018612	27.344727305018612	3186.7053095357232
11215-4625	32217.409587813618	137.0	300.71628728017936	33.14795918398061	33.14795918398061	2884.7582003691873
11215-47	19502.59296594982		73.10758460629589	134.02146072499832	73.10758460629589	3305.79412170281
11215-4700	52836.652182539685	65.5	350.4488027631576	26.97391690820593	26.97391690820593	5082.005283284539
11215-4712	29089.056874039936	98.4	21.055713479423012	454.99238250502003	21.055713479423012	4499.41077418578
11215-4745	50347.57968509985	59.6	558.1098434151362	98.65183026997111	98.65183026997111	4789.064764357212
11215-48	19502.59296594982		174.60733667480477	14.305819327720622	14.305819327720622	3375.0344690664897
11215-4808	32217.409587813618	137.0	675.8693027779491	86.8271766665537	86.8271766665537	3248.362072124862
11215-4825	29089.056874039936	98.4	202.18833057227937	63.11981298841464	63.11981298841464	4474.463291210655
11215-4838	20380.308832565283	131.0	20.809409177964753	272.21560210700613	20.809409177964753	2876.9158580229764
11215-4849	103570.37743855607	114.0	132.5001768653863	44.8174846588335	44.8174846588335	3184.8268438094838
11215-4881	50933.91446492576	131.0	54.95430106659167	514.8722285429099	54.95430106659167	3948.7423451180234
11215-4884	32217.409587813618	137.0	641.4980393668259	48.8835776926157	48.8835776926157	3208.2451373756476
11215-4893	32217.409587813618	137.0	392.9353717399402	72.99289937918893	72.99289937918893	3786.694459297545
11215-49	19502.59296594982		77.82192173770922	360.8842294728155	77.82192173770922	4479.092204885062
11215-4906	50347.57968509985	59.6	343.1705207792259	180.9966962116522	180.9966962116522	4525.598005896403
11215-4910	32217.409587813618	137.0	27.23243457104476	82.57582830761254	27.23243457104476	2593.2852902850314
11215-4954	29089.056874039936	98.4	23.36361464910286	487.34094080755955	23.36361464910286	4679.29839212079
11215-50	50347.57968509985	59.6	36.25593053556166	395.6129111846182	36.25593053556166	4643.566422332075
11215-5035	29089.056874039936	98.4	22.476567845356122	260.42579024539674	22.476567845356122	4317.544905688115
11215-51	103570.37743855607	114.0	343.8344019040986	48.31390347117404	48.31390347117404	3237.7053276219217
11215-5120	50347.57968509985	59.6	387.78659706928505	49.91362752908587	49.91362752908587	4354.959363931711
11215-5125	50347.57968509985	59.6	31.28964899971738	69.83163327836233	31.28964899971738	4652.992499708338
11215-5172	32217.409587813618	137.0	154.45725968371414	47.85404630918377	47.85404630918377	2730.499466218862
11215-5187	21942.67290706605	92.5	543.3260964379962	29.93515139353119	29.93515139353119	5026.440097223572
11215-5190	50347.57968509985	59.6	415.88896251802277	136.2646201933111	136.2646201933111	4893.191025819373
11215-52	19502.59296594982		30.94758538598066	392.30551875047075	30.94758538598066	3864.5981892896566
11215-53	50347.57968509985	59.6	56.13657617192967	377.27072942251334	56.13657617192967	4702.106777709386
11215-54	19502.59296594982		39.32988893273234	382.5822559501669	39.32988893273234	4143.231104648388
11215-55	19502.59296594982		479.56396519073763	56.531571253415756	56.531571253415756	3737.147184684074
11215-56	19502.59296594982		409.409644330563	13.908311156828786	13.908311156828786	3741.2456570927534
11215-57	103570.37743855607	114.0	294.3927183475921	182.28733643176315	182.28733643176315	3453.4413048076885
11215-58	103570.37743855607	114.0	609.4155763759708	188.93103656983942	188.93103656983942	3879.758607067512
11215-59	19502.59296594982		451.3105854765446	24.818277448600753	24.818277448600753	3550.5110030289275
11215-6	21942.67290706605	92.5	445.2422558013086	79.50155236266076	79.50155236266076	4958.087709853399
11215-60	103570.37743855607	114.0	228.1159459835816	118.29458517617338	118.29458517617338	3378.460458181879
11215-6132	50347.57968509985	59.6	427.8286416125291	147.70509120990437	147.70509120990437	4801.657681709086
11215-6143	29089.056874039936	98.4	56.91483486656045	642.1801425857954	56.91483486656045	4372.567657311052
11215-6156	21942.67290706605	92.5	53.72695961495662	108.31812914851581	53.72695961495662	5918.571352663024
11215-6170	50347.57968509985	59.6	125.55104822405305	59.44969536292378	59.44969536292378	4443.652832760011
11215-6181	52836.652182539685	65.5	532.6671131633954	38.652383575038584	38.652383575038584	4949.259261416518
11215-62	50347.57968509985	59.6	210.6788270975877	239.35221785535768	210.6788270975877	4797.629637795765
11215-63	19502.59296594982		212.49435877488472	212.82903565500874	212.49435877488472	3688.7587768669446
11215-64	103570.37743855607	114.0	461.0472598497174	255.13461968839692	255.13461968839692	3675.96044987454
11215-65	19502.59296594982		369.5978196937383	58.61698683150175	58.61698683150175	3517.8373678365156
11215-66	50347.57968509985	59.6	55.20155237133447	380.2698570715786	55.20155237133447	4796.761521428872
11215-67	19502.59296594982		39.634673198078524	398.6085884865702	39.634673198078524	4464.128756326883
11215-68	19502.59296594982		285.61139566705396	140.04594648539924	140.04594648539924	3646.058208632224
11215-69	52836.652182539685	65.5	101.93805227136832	353.26147749658725	101.93805227136832	5107.897741147716
11215-7	21942.67290706605	92.5	61.02999165373625	276.61077783864164	61.02999165373625	5773.002267356275
11215-70	103570.37743855607	114.0	307.387017475792	77.37686371470247	77.37686371470247	3364.5849261162866
11215-71	50347.57968509985	59.6	48.338384865020124	409.3817125914897	48.338384865020124	4940.592187363353
11215-72	52836.652182539685	65.5	168.254183834485	210.06716780919768	168.254183834485	5174.14146957911
11215-73	50347.57968509985	59.6	57.748953503591196	382.22334807101475	57.748953503591196	4841.848234682475
11215-74	19502.59296594982		236.88971419922484	153.6898010205867	153.6898010205867	3522.802517421094
11215-75	19502.59296594982		382.2621540433411	42.291746794279355	42.291746794279355	3680.256069622361
11215-76	50347.57968509985	59.6	90.08676720689525	393.5606490529614	90.08676720689525	4984.0205650793705
11215-77	50347.57968509985	59.6	35.36511412289159	398.13611980028645	35.36511412289159	4606.324988501834
11215-78	103570.37743855607	114.0	390.9900149151582	97.52148018716157	97.52148018716157	3595.563071578929
11215-79	19502.59296594982		311.98001475724607	81.96198551729634	81.96198551729634	3432.8301786955312
11215-8	21942.67290706605	92.5	263.8770017283513	41.15341834417116	41.15341834417116	5664.061386805218
11215-80	19502.59296594982		161.59020555758377	246.160799046487	161.59020555758377	3633.2880032968833
11215-81	19502.59296594982		271.7365648458049	155.25519053856686	155.25519053856686	3588.8062183990173
11215-82	19502.59296594982		33.15252951775226	389.3696966405698	33.15252951775226	3900.2263150174335
11215-84	20380.308832565283	131.0	287.9998431101019	77.90747787663943	77.90747787663943	3496.724462450383
11215-85	11063.620084485408	120.6	29.593362101407656	61.560924230394924	29.593362101407656	2619.4875635030935
11215-86	20380.308832565283	131.0	274.50329169737665	215.84449173389692	215.84449173389692	3134.372607281796
11215-87	20380.308832565283	131.0	24.68413208438723	49.32497081829536	24.68413208438723	3053.7200583855183
11215-88	20380.308832565283	131.0	99.5409755078516	296.6550532955448	99.5409755078516	2952.138998782681
11215-89	29089.056874039936	98.4	329.86704875399704	349.53623828913595	329.86704875399704	4221.918687917051
11215-9	21942.67290706605	92.5	123.22766230771559	245.3690938680533	123.22766230771559	5753.313158466579
11215-90	29089.056874039936	98.4	201.72191554321142	470.3015774731952	201.72191554321142	4445.429533510996
11215-91	29089.056874039936	98.4	375.9097183322093	647.6672196261413	375.9097183322093	4635.002826386488
11215-92	29089.056874039936	98.4	359.80478268181616	664.3188502495818	359.80478268181616	4652.294149200235
11215-93	29089.056874039936	98.4	337.1421926076072	629.3640636878388	337.1421926076072	4617.223802816989
11215-94	50933.91446492576	131.0	88.80541663630228	425.3963561192576	88.80541663630228	3931.0094356949735
11215-95	20380.308832565283	131.0	38.53127310887848	364.5478052693897	38.53127310887848	2873.6457065412583
11215-96	50933.91446492576	131.0	138.33753438717147	280.5459832669783	138.33753438717147	3096.9547141339026
11215-97	50933.91446492576	131.0	148.63349471008365	113.52077245373083	113.52077245373083	3442.2939807298917
11215-98	32217.409587813618	137.0	352.09617134486183	96.8217378725409	96.8217378725409	2927.1449325857257
11215-99	103570.37743855607	114.0	45.91410728372333	286.82712938290115	45.91410728372333	2591.2236732172146
11230-1	33009.1321172555	68.3	39.30632119372416	182.1337972517262	39.30632119372416	1064.9567808006602
11230-10	30216.60979262673	108.1	1303.3615536753334	146.7451106670103	146.7451106670103	1076.6037852772458
11230-100	11063.620084485408	120.6	331.47781834704136	108.11175425554674	108.11175425554674	1777.895830182265
11230-101	11063.620084485408	120.6	314.8615575511477	124.74073835486715	124.74073835486715	1786.8892650017901
11230-102	11063.620084485408	120.6	275.15466699888367	212.7806830882905	212.7806830882905	1876.386508005624
11230-103	20380.308832565283	131.0	152.9522115783143	60.75428523413074	60.75428523413074	2429.851387034374
11230-104	37684.917037890424	97.9	297.88786694163883	464.82921568216506	297.88786694163883	2318.535681661774
11230-105	20380.308832565283	131.0	339.61738622007215	139.12740515627294	139.12740515627294	2249.126352618284
11230-106	20380.308832565283	131.0	414.2940403955321	114.91504880415296	114.91504880415296	2174.487911624974
11230-107	37684.917037890424	97.9	345.6069512826085	583.7073560342878	345.6069512826085	2301.105299724431
11230-108	37684.917037890424	97.9	347.9275335976364	587.0016962333226	347.9275335976364	2303.725598042249
11230-109	37684.917037890424	97.9	142.55489140593045	397.23988761353667	142.55489140593045	2552.1229239456943
11230-11			260.9330780897648	23.28087887822016	23.28087887822016	203.08538386375068
11230-111	37684.917037890424	97.9	576.368744861497	330.1702451586718	330.1702451586718	2036.1002800431081
11230-112	37684.917037890424	97.9	639.7869693304253	350.7830400344754	350.7830400344754	2020.4948226350639
11230-114	37684.917037890424	97.9	159.70088494350867	86.6968796643928	86.6968796643928	1870.9324457959256
11230-115	37684.917037890424	97.9	174.4257110622445	196.97994159372686	174.4257110622445	2223.740934872618
11230-117	37684.917037890424	97.9	184.59025746212802	209.1692703738413	184.59025746212802	2208.6733161347142
11230-118	37684.917037890424	97.9	395.63790368418057	280.98402661656667	280.98402661656667	2050.8277327736437
11230-119	37684.917037890424	97.9	290.1291374040186	520.8412496479655	290.1291374040186	2461.6031227202743
11230-12			1088.3609393494023	110.21329411363098	110.21329411363098	1297.6550503669935
11230-120	37684.917037890424	97.9	161.01289198360192	539.3093093706213	161.01289198360192	2611.9858706249056
11230-121	37684.917037890424	97.9	133.7509372876199	522.7902241701502	133.7509372876199	2638.9383598966156
11230-122	37684.917037890424	97.9	134.01305435679694	544.2442720684373	134.01305435679694	2649.0742005045513
11230-123	16969.85802611367	89.7	206.90386719405376	47.193433607853684	47.193433607853684	1126.5034591756419
11230-124			955.211924019467	589.5463505345087	589.5463505345087	867.5037546997739
11230-125			338.93410923334847	235.0579553795509	235.0579553795509	38.52163852597528
11230-126	20380.308832565283	131.0	331.96944985318123	176.90911518446129	176.90911518446129	2257.712018939788
11230-127	37684.917037890424	97.9	341.5171753247361	561.8792836430086	341.5171753247361	2298.9450657371117
11230-128	37684.917037890424	97.9	422.3053741242581	575.1881578719914	422.3053741242581	2296.356354067355
11230-129	11063.620084485408	120.6	257.0832280398836	320.38416764226105	257.0832280398836	2081.8846925273974
11230-13			91.76462227261626	154.81088547919535	91.76462227261626	33.015369639672976
11230-138	33009.1321172555	68.3	94.80549882508286	56.20238132657528	56.20238132657528	970.3845407153123
11230-16	5063.388428059396	52.7	251.73142711879407	97.35577639968028	97.35577639968028	36.39812620741411
11230-17	3374.3851190476194	61.1	79.66964337987378	45.592924436159606	45.592924436159606	146.6957105680616
11230-18	3374.3851190476194	61.1	568.4382414943907	45.07022300401627	45.07022300401627	765.8288762917749
11230-188			140.7032605521526	77.89464934906209	77.89464934906209	175.68393729213463
11230-19	30216.60979262673	108.1	977.4515179082366	157.70989850917013	157.70989850917013	1465.3530146233852
11230-191			251.81570449822124	43.72196047426278	43.72196047426278	194.32419495328415
11230-1958	33009.1321172555	68.3	195.51869748301215	79.59901231316752	79.59901231316752	979.0496826035585
11230-1963	33009.1321172555	68.3	177.7017647033349	219.07408883085296	177.7017647033349	1144.147483896176
11230-1966	45526.64351638505	66.0	307.7144163212176	113.67149261219586	113.67149261219586	52.0745056298603
11230-1969	11063.620084485408	120.6	357.4767287419482	56.959644990754015	56.959644990754015	1722.1958165281387
11230-1970	20380.308832565283	131.0	192.7726305229269	61.60330950514793	61.60330950514793	2391.042356560148
11230-1971	20380.308832565283	131.0	319.2539138189027	57.747566616489124	57.747566616489124	2267.301310173282
11230-1972	20380.308832565283	131.0	297.8632510861647	149.77399084143187	149.77399084143187	2290.82095476877
11230-1973	37684.917037890424	97.9	347.00389442234683	387.3559736926775	347.00389442234683	2261.108071969945
11230-1974	20380.308832565283	131.0	355.18196534394883	151.6870382156525	151.6870382156525	2233.9627964895253
11230-1975	37684.917037890424	97.9	476.96845577865895	513.0321388492873	476.96845577865895	2179.5922761332586
11230-1976	37684.917037890424	97.9	221.52398456531233	472.1624386005224	221.52398456531233	2475.6893931444347
11230-1977	37684.917037890424	97.9	361.43837393564354	596.9794661666392	361.43837393564354	2353.3887091503175
11230-1978	37684.917037890424	97.9	354.87579978890864	600.710036621828	354.87579978890864	2346.5109181759058
11230-1979	37684.917037890424	97.9	394.0807648699231	120.74845939315396	120.74845939315396	1922.33332319076
11230-1980	37684.917037890424	97.9	323.01512488927057	133.2631057946811	133.2631057946811	1961.0588110179024
11230-1981	37684.917037890424	97.9	249.7517332597104	405.3921413997235	249.7517332597104	2433.2852520691667
11230-1982	37684.917037890424	97.9	256.07950666051727	269.3178365222107	256.07950666051727	2092.6635842374308
11230-1983			565.2182668953438	60.112011977482595	60.112011977482595	629.3109145215759
11230-1996	31043.11184715822	114.6	165.30777328114695	268.2069664047365	165.30777328114695	1328.0458916877267
11230-2	34914.11942524322	74.6	87.85435406952165	85.96531059510009	85.96531059510009	814.6528645815138
11230-20	30216.60979262673	108.1	899.8040743516328	66.09818707201923	66.09818707201923	1233.8740911460186
11230-2000			301.1902215300414	24.206401674337833	24.206401674337833	44.36037202044385
11230-2001			70.05484372944012	95.72290495998824	70.05484372944012	161.26293465665833
11230-2019	37684.917037890424	97.9	370.0773555999723	330.86237333119203	330.86237333119203	2100.485491250143
11230-2023	37684.917037890424	97.9	287.40385468919607	174.7070749966614	174.7070749966614	2006.3382557555542
11230-2028	11063.620084485408	120.6	302.1315748670166	345.5588244627921	302.1315748670166	2041.519797924508
11230-2029	16969.85802611367	89.7	50.67921728158535	442.6588996769138	50.67921728158535	1418.666843055322
11230-2030			707.473131041647	83.66419385217883	83.66419385217883	423.1886159514431
11230-2031	37684.917037890424	97.9	579.6521679414275	48.57900086945507	48.57900086945507	1796.4188077738738
11230-2034	37684.917037890424	97.9	175.22533488429877	51.8016750822428	51.8016750822428	1835.8829225354796
11230-2036	30216.60979262673	108.1	235.30989026795802	62.98211426052882	62.98211426052882	1483.6822303747324
11230-2037	3374.3851190476194	61.1	41.92065511475635	56.810895424091896	41.92065511475635	715.4564959028969
11230-2038	37684.917037890424	97.9	405.6364972998849	496.9041612299814	405.6364972998849	2224.6880364001204
11230-2040	11063.620084485408	120.6	352.4591326347885	295.9611852663301	295.9611852663301	2073.1878316258862
11230-2041	11063.620084485408	120.6	432.2050173767536	140.22952418314466	140.22952418314466	2097.7340506468413
11230-2044	37684.917037890424	97.9	197.25315742421324	495.222858314122	197.25315742421324	2534.482580547997
11230-2052	11063.620084485408	120.6	418.28821880852695	230.07644250078386	230.07644250078386	2077.104071967437
11230-2053	11063.620084485408	120.6	414.4810355688036	255.80329870287468	255.80329870287468	2071.4869992680874
11230-2056			18.378535098855863	234.31582510845644	18.378535098855863	103.6940857120597
11230-2057	37684.917037890424	97.9	447.17772970996896	252.28327353973492	252.28327353973492	2010.1337852177041
11230-2058	37684.917037890424	97.9	231.9119454328702	438.25644044505395	231.9119454328702	2490.4076353415385
11230-2059	37684.917037890424	97.9	807.2533626377182	99.54907954314818	99.54907954314818	1787.5870452081326
11230-2065	34914.11942524322	74.6	18.052694245516086	47.889186812324056	18.052694245516086	1348.9439823753064
11230-2067			585.2775504438338	35.871892573520846	35.871892573520846	651.3623527688961
11230-2070	37684.917037890424	97.9	144.46501220295534	449.6426792942031	144.46501220295534	2584.294270240267
11230-2072			176.9110541102599	44.22843857855297	44.22843857855297	581.5576442291799
11230-2075	37684.917037890424	97.9	391.82787095923834	502.0622219616975	391.82787095923834	2335.7027380475356
11230-2076	34914.11942524322	74.6	22.411226695036802	62.193821163388456	22.411226695036802	812.6650068454348
11230-2077			53.31736370044345	282.11053704232853	53.31736370044345	136.62957678694147
11230-2078	11063.620084485408	120.6	218.34104443546298	300.91833016963164	218.34104443546298	1953.1169729540936
11230-2080	33009.1321172555	68.3	61.80682994177448	278.64729194558834	61.80682994177448	905.1637991905518
11230-2082	37684.917037890424	97.9	100.27820384008668	374.43846457127466	100.27820384008668	2604.3002200919827
11230-2093	30216.60979262673	108.1	1061.4043088192607	45.91138275909613	45.91138275909613	801.4300256847648
11230-2097	37684.917037890424	97.9	71.44657242996819	324.50848795798913	71.44657242996819	2616.158581922761
11230-21	30216.60979262673	108.1	773.3945772939722	213.22060892976734	213.22060892976734	1486.4284699593538
11230-2101	20380.308832565283	131.0	407.0856015618076	148.80090283396208	148.80090283396208	2182.558604793646
11230-2113	33009.1321172555	68.3	183.42796367140136	156.86002357763974	156.86002357763974	1176.5629091007222
11230-2120			619.3710692964039	31.012163307696643	31.012163307696643	259.63834760850716
11230-2124	37684.917037890424	97.9	672.9452171315346	133.4069648035167	133.4069648035167	1920.753885799244
11230-2126			703.9025890071855	115.07094722792891	115.07094722792891	379.2868507467606
11230-2128	34914.11942524322	74.6	148.8963945665851	226.87716560741973	148.8963945665851	1475.822507994463
11230-213	33009.1321172555	68.3	29.35151595349476	15.207967671971108	15.207967671971108	1104.0785335943056
11230-2131	31043.11184715822	114.6	363.1368228227246	218.90295923121815	218.90295923121815	1401.2167053480448
11230-214	37684.917037890424	97.9	1014.0862341348683	103.60404247149229	103.60404247149229	1521.7225127535219
11230-2140	37684.917037890424	97.9	159.9509537770343	527.8169224340351	159.9509537770343	2624.98562491167
11230-2145	37684.917037890424	97.9	73.07469315352269	347.61566689547305	73.07469315352269	2628.777170588301
11230-215	37684.917037890424	97.9	158.75495598287225	53.855281084836854	53.855281084836854	1833.9038746688407
11230-2156	37684.917037890424	97.9	163.72250706614085	239.75233930775377	163.72250706614085	2372.1975881788467
11230-2157	30216.60979262673	108.1	989.1909216905872	158.9101057271562	158.9101057271562	1447.0294319139462
11230-2159	33009.1321172555	68.3	102.5563184277613	505.97405954689236	102.5563184277613	696.2076769726414
11230-216	31043.11184715822	114.6	100.35172620831204	116.67069030505479	100.35172620831204	1463.6854686344739
11230-2161	37684.917037890424	97.9	75.37649611471294	373.7970485141644	75.37649611471294	2639.9168656349716
11230-2164	5063.388428059396	52.7	48.61313213597875	297.1286248856552	48.61313213597875	556.153217812253
11230-2169	37684.917037890424	97.9	423.17938513007243	398.4527403862752	398.4527403862752	2190.4319444702714
11230-217	37684.917037890424	97.9	632.5233852023044	367.31445865414554	367.31445865414554	2048.1466392445072
11230-2171	5063.388428059396	52.7	48.61313213597875	297.1286248856552	48.61313213597875	556.153217812253
11230-2172	16969.85802611367	89.7	108.57793083016493	80.82069818436851	80.82069818436851	1205.2539294557334
11230-2173			1167.8188847999945	72.999078322936	72.999078322936	1187.0573180931385
11230-2174			565.8909776336839	28.717720984327922	28.717720984327922	490.7026169230789
11230-2175	45526.64351638505	66.0	390.07246739654926	66.09867917053673	66.09867917053673	124.93088678868705
11230-2176	30216.60979262673	108.1	635.8926540482071	189.23273139458715	189.23273139458715	1555.2294892450418
11230-2177	30216.60979262673	108.1	1152.0284511197679	224.26838494594674	224.26838494594674	1120.7096579790357
11230-2178	30216.60979262673	108.1	611.1228716794058	28.43375308421436	28.43375308421436	820.0079881760297
11230-2179	37684.917037890424	97.9	1003.5439576352073	113.95767243893441	113.95767243893441	1545.9711737400694
11230-218	37684.917037890424	97.9	626.849480773035	161.65825444834516	161.65825444834516	1967.8304284141298
11230-2180	30216.60979262673	108.1	622.7336143281742	177.89860944789706	177.89860944789706	1358.3570264323657
11230-2182	37684.917037890424	97.9	630.9291296090521	349.8599152823899	349.8599152823899	2012.6029089273654
11230-219	37684.917037890424	97.9	245.1133685523652	355.1057681538281	245.1133685523652	2382.4136438260507
11230-2197	3374.3851190476194	61.1	430.87844214575483	67.84723805311185	67.84723805311185	479.5930381533364
11230-2198	5063.388428059396	52.7	91.95482756398052	415.1338885268581	91.95482756398052	536.0603491094654
11230-22	30216.60979262673	108.1	681.6471028050231	229.59524548458992	229.59524548458992	1366.7728849968992
11230-220	37684.917037890424	97.9	213.71295071115227	510.65781207568415	213.71295071115227	2561.756139760722
11230-2201	45526.64351638505	66.0	393.8394593662936	99.73960687602407	99.73960687602407	437.5326821687746
11230-2202	45526.64351638505	66.0	406.6960557525213	139.12462954730313	139.12462954730313	477.0158121202052
11230-2205	5063.388428059396	52.7	90.0454414932326	446.42047444572563	90.0454414932326	389.22464361097155
11230-2208	3374.3851190476194	61.1	137.098940585879	56.252451553035975	56.252451553035975	417.66173328815614
11230-221	37684.917037890424	97.9	187.00617632267642	530.1844034540388	187.00617632267642	2586.673660535276
11230-2210	37684.917037890424	97.9	71.86890629958019	357.61704377205143	71.86890629958019	2636.201507524838
11230-2215	37684.917037890424	97.9	87.86181842704275	395.1900584908447	87.86181842704275	2633.860194876842
11230-2216	37684.917037890424	97.9	422.17184128771663	419.43964607283647	419.43964607283647	2194.668829733772
11230-222	37684.917037890424	97.9	844.0105655507839	122.81990150716678	122.81990150716678	1763.2551482199717
11230-2222			1109.8576785658743	52.03700329168398	52.03700329168398	934.4200600192229
11230-2224	34914.11942524322	74.6	94.2671690617959	40.32318279111597	40.32318279111597	1023.4142884822498
11230-223	20380.308832565283	131.0	391.98380898076783	119.98491962092892	119.98491962092892	2196.74458130212
11230-2231	37684.917037890424	97.9	430.3369649145875	21.439399444033935	21.439399444033935	1830.6338261577673
11230-2232			101.15101121146665	32.40996793567148	32.40996793567148	250.53633227266582
11230-2233			101.15101121146665	32.40996793567148	32.40996793567148	250.53633227266582
11230-2238	5063.388428059396	52.7	103.73382363674887	516.3948312314279	103.73382363674887	594.3132116370689
11230-2239			194.69918867712437	64.8114265613936	64.8114265613936	198.40999563959386
11230-224	20380.308832565283	131.0	391.89150489893444	133.91751766753103	133.91751766753103	2197.1348633789516
11230-2240	37684.917037890424	97.9	467.140635951787	383.31784526231473	383.31784526231473	2146.797914139611
11230-2242	37684.917037890424	97.9	892.5542259964568	36.93465256281648	36.93465256281648	1571.067426416199
11230-2249	37684.917037890424	97.9	415.758259318838	376.16984310736376	376.16984310736376	2123.7225131201426
11230-2250	31043.11184715822	114.6	373.8533774053121	183.73755665524513	183.73755665524513	1436.8934071855615
11230-2256	20380.308832565283	131.0	116.21180771092259	60.811852052863514	60.811852052863514	2465.6876318454533
11230-2274	37684.917037890424	97.9	546.7890181689401	264.9536540712543	264.9536540712543	2055.5036093765943
11230-2276	37684.917037890424	97.9	354.7826337509103	416.4396760935551	354.7826337509103	2269.3734183413326
11230-2277			54.055818852309294	165.13341195850037	54.055818852309294	151.2013207368806
11230-2283			112.59842782250003	294.7618844713339	112.59842782250003	280.708493942727
11230-2285	37684.917037890424	97.9	470.7070440546503	465.66841426017083	465.66841426017083	2158.63489037319
11230-23	30216.60979262673	108.1	87.39629205303554	201.03419395902063	87.39629205303554	869.4517540414516
11230-2300	20380.308832565283	131.0	423.5323330883748	146.4265580983425	146.4265580983425	2166.2327283260665
11230-2310			1109.8576785658743	52.03700329168398	52.03700329168398	934.4200600192229
11230-2311	3374.3851190476194	61.1	76.21473426102474	33.2634343176088	33.2634343176088	697.7759526462212
11230-2326	37684.917037890424	97.9	423.2384115148994	434.69461524707907	423.2384115148994	2196.20188071054
11230-2350			248.0970902868432	26.262661645970685	26.262661645970685	177.9871617637077
11230-2353	37684.917037890424	97.9	427.0787659273465	232.3431560930625	232.3431560930625	2167.731119750163
11230-2357			208.66655988190675	67.89959644066568	67.89959644066568	148.6632191253512
11230-2368			797.1472781886636	16.20447573462611	16.20447573462611	485.5684764526007
11230-2370	30216.60979262673	108.1	159.65347790801607	28.22989589562833	28.22989589562833	1436.936296769626
11230-2384			818.0705144995984	19.27830328719338	19.27830328719338	526.4376574884532
11230-2389	37684.917037890424	97.9	60.44690894998978	467.34222859755255	60.44690894998978	2677.7125144143943
11230-2390	37684.917037890424	97.9	417.6026248365566	482.1578431662945	417.6026248365566	2248.1555941145757
11230-2395	11063.620084485408	120.6	372.3379208634235	134.25811564108741	134.25811564108741	1824.0222808768299
11230-2399			317.35006064855463	57.49660970878289	57.49660970878289	273.58735298861933
11230-24	37684.917037890424	97.9	939.4349826477392	64.62438326346171	64.62438326346171	1547.3913103145978
11230-2409	37684.917037890424	97.9	398.3017404039981	265.2417170128631	265.2417170128631	2198.5090738990516
11230-2413	33009.1321172555	68.3	19.212869896871958	79.30413662144318	19.212869896871958	1098.7038798064375
11230-2431	16969.85802611367	89.7	51.07026030409193	27.16597997392271	27.16597997392271	1369.596961473176
11230-2434	37684.917037890424	97.9	614.1607624116285	290.4397151456533	290.4397151456533	1994.6353909351656
11230-2439	33009.1321172555	68.3	99.00500841283086	187.4021785853448	99.00500841283086	1096.881189020999
11230-2446	37684.917037890424	97.9	549.6871825553843	303.22396080375927	303.22396080375927	2057.4185747678503
11230-2447	37684.917037890424	97.9	461.71649174542955	111.64277726364944	111.64277726364944	2127.346321566648
11230-2448	37684.917037890424	97.9	462.57209553756746	129.76238151993877	129.76238151993877	2127.0458502185093
11230-25	30216.60979262673	108.1	29.164768976092276	137.01913479463008	29.164768976092276	1243.0324709665067
11230-2500	37684.917037890424	97.9	614.8420227799877	235.42487675547292	235.42487675547292	1987.0355759955485
11230-2503	37684.917037890424	97.9	613.7032372031407	216.1347507891959	216.1347507891959	1985.8687854241937
11230-2510	30216.60979262673	108.1	38.374690171944266	192.58287441049907	38.374690171944266	849.8894598890944
11230-2514	37684.917037890424	97.9	569.0275333377824	221.22417019006133	221.22417019006133	2029.3177057590572
11230-2518	33009.1321172555	68.3	177.432348624552	31.243109892442742	31.243109892442742	1264.3699837375455
11230-2541	37684.917037890424	97.9	566.1446286641236	156.19196373077048	156.19196373077048	2026.4710721485942
11230-2543	37684.917037890424	97.9	566.026089603809	171.6767779404713	171.6767779404713	2027.7149045482615
11230-2556	37684.917037890424	97.9	553.5660826082315	373.26540645184866	373.26540645184866	2064.418700503887
11230-2578	45526.64351638505	66.0	573.8068317850225	56.295769830110984	56.295769830110984	363.2498379719449
11230-2587	3374.3851190476194	61.1	466.0683944480622	33.95943995023928	33.95943995023928	740.197099434173
11230-2595	37684.917037890424	97.9	107.23357271486532	550.0923403335564	107.23357271486532	2688.123058768091
11230-26	30216.60979262673	108.1	1066.854896992637	194.57779556326756	194.57779556326756	1053.1723752984815
11230-2629	33009.1321172555	68.3	58.84616127496511	300.64192425476494	58.84616127496511	981.1916102479871
11230-2638	37684.917037890424	97.9	622.3971661855467	346.5470581817301	346.5470581817301	1996.3964220843002
11230-2640	37684.917037890424	97.9	56.69282861149473	259.15801258166385	56.69282861149473	1989.9559134255676
11230-2645			23.75975005238077	106.80697485339329	23.75975005238077	22.126450832895397
11230-2647	33009.1321172555	68.3	31.768342183774212	176.89894475262955	31.768342183774212	1017.1050579342555
11230-2649	37684.917037890424	97.9	585.2223844514137	396.0042006873581	396.0042006873581	2058.3438760143586
11230-2650	37684.917037890424	97.9	56.27984338123268	268.5745228793896	56.27984338123268	2025.610533866875
11230-2658	37684.917037890424	97.9	426.97615189759154	378.03422873124606	378.03422873124606	2183.848797753377
11230-2667	20380.308832565283	131.0	359.4271712782535	99.36916133510375	99.36916133510375	2228.9965974168235
11230-2668	37684.917037890424	97.9	586.501770839644	397.0157342373937	397.0157342373937	2060.627607802944
11230-2678	37684.917037890424	97.9	421.8209226710711	571.5917940462233	421.8209226710711	2240.4164979766306
11230-2682	30216.60979262673	108.1	73.72384973107518	30.600536593701612	30.600536593701612	1356.6969226179888
11230-2683	11063.620084485408	120.6	326.53543256196053	90.46299433609842	90.46299433609842	1739.988251165526
11230-2690			633.9198771478609	22.519926011085555	22.519926011085555	299.81004458342676
11230-2691	30216.60979262673	108.1	31.142679848299203	207.12745476090194	31.142679848299203	1174.6162804555097
11230-2697	37684.917037890424	97.9	622.7081327816279	306.63007632726004	306.63007632726004	1988.962060480721
11230-2698	37684.917037890424	97.9	623.4696945085655	322.62439566577666	322.62439566577666	1990.7604359819827
11230-27	30216.60979262673	108.1	1251.6644565728293	280.39664644676895	280.39664644676895	1155.4114071679508
11230-2723	37684.917037890424	97.9	569.9483586478744	191.8743094174994	191.8743094174994	2025.5861001771054
11230-2726	20380.308832565283	131.0	294.8558595997621	55.0208734227891	55.0208734227891	2290.8433569812937
11230-2744			43.758630596634795	26.87484712600772	26.87484712600772	112.97840876391979
11230-2758	3374.3851190476194	61.1	206.63080763372292	34.259535010055885	34.259535010055885	163.7607878323869
11230-2802	30216.60979262673	108.1	677.8059402213186	54.96456580631584	54.96456580631584	832.1652427744004
11230-2822	45526.64351638505	66.0	548.5119543620334	122.57739502370762	122.57739502370762	279.9687351802257
11230-2823	3374.3851190476194	61.1	36.4181224221456	165.4278159904183	36.4181224221456	365.9019099869852
11230-2825	37684.917037890424	97.9	427.772645331147	346.25626538454065	346.25626538454065	2178.8301698882105
11230-2831	37684.917037890424	97.9	701.7044313186104	156.41013271823223	156.41013271823223	1894.9415028920682
11230-2836	20380.308832565283	131.0	424.5280056477329	131.35894155153898	131.35894155153898	2164.744285943081
11230-2842	37684.917037890424	97.9	472.1530768898358	492.69121951707297	472.1530768898358	2163.4512837780126
11230-2844	34914.11942524322	74.6	20.25922830141454	276.2745353913016	20.25922830141454	1104.8450130733552
11230-2855			596.5793973744354	25.961430161903046	25.961430161903046	251.47482527175794
11230-2868	30216.60979262673	108.1	406.17459421095384	122.79300173402326	122.79300173402326	1502.5211919547528
11230-2870	34914.11942524322	74.6	22.292576810575653	171.08721214648102	22.292576810575653	925.149204346751
11230-2897	3374.3851190476194	61.1	126.44897532561524	50.917446104241556	50.917446104241556	731.940057124815
11230-2899	37684.917037890424	97.9	548.5145222571789	239.357837443854	239.357837443854	2050.9658781888375
11230-29	30216.60979262673	108.1	77.28594355303822	173.1135806895567	77.28594355303822	1217.2777490812748
11230-2908			288.27897377714856	87.96226983110677	87.96226983110677	126.65925854968944
11230-2910	33009.1321172555	68.3	82.59717310136307	231.2723477373684	82.59717310136307	943.5290439364654
11230-2914	45526.64351638505	66.0	23.28173221224381	155.64630141341257	23.28173221224381	36.25552569497408
11230-2922	37684.917037890424	97.9	36.46510131541783	248.84978735648576	36.46510131541783	2034.6717617284166
11230-2936	20380.308832565283	131.0	374.266869371901	56.961295526558004	56.961295526558004	2213.3697261092248
11230-2964			76.1552318194691	29.5942606600875	29.5942606600875	66.39833544069903
11230-2965			599.0698184443305	21.38510683740709	21.38510683740709	296.90710870554983
11230-2969	11063.620084485408	120.6	556.0766334621786	290.9876545923282	290.9876545923282	1916.4939507463473
11230-2970			686.3376264816663	21.991170647757592	21.991170647757592	304.7761341812308
11230-2975			133.27866554125592	361.595946352377	133.27866554125592	43.85757996656524
11230-2982	33009.1321172555	68.3	32.42504105458131	275.4672420624464	32.42504105458131	934.3442276583924
11230-2986	37684.917037890424	97.9	114.13287524731122	134.1731461599985	114.13287524731122	2274.9307479126664
11230-2989	20380.308832565283	131.0	190.0646804051292	24.441393934275006	24.441393934275006	2388.177102208659
11230-2992	3374.3851190476194	61.1	24.867955937838403	145.6725212098777	24.867955937838403	503.39877500156143
11230-2996	37684.917037890424	97.9	60.20423354337113	152.00964813700986	60.20423354337113	2149.71032566071
11230-3	33009.1321172555	68.3	53.50635735300158	411.5539074152179	53.50635735300158	887.2370714402997
11230-30	30216.60979262673	108.1	30.164758914893994	28.429503124973944	28.429503124973944	1349.7641796074527
11230-3001	30216.60979262673	108.1	420.5014954312623	18.76518310408637	18.76518310408637	1310.7881725142613
11230-3004	30216.60979262673	108.1	379.8194501566748	53.75349125035396	53.75349125035396	1293.5122334329574
11230-3015			76.61232786212483	25.887530152034316	25.887530152034316	118.6384668619416
11230-3019	45526.64351638505	66.0	134.1870649747165	88.57126208273486	88.57126208273486	756.0666917993327
11230-3023			551.5226788408347	20.759437415039162	20.759437415039162	628.9346375567401
11230-3032	11063.620084485408	120.6	426.6094946658881	166.58163086624552	166.58163086624552	2092.7887288179027
11230-3039			414.085487851932	22.58539946374683	22.58539946374683	98.19817960623152
11230-3050	34914.11942524322	74.6	201.7090563994367	38.977811884178365	38.977811884178365	865.1720427878848
11230-3053	37684.917037890424	97.9	125.64774389973132	145.52846569874737	125.64774389973132	2273.093404769744
11230-3063			613.9221933819995	19.719082286693883	19.719082286693883	296.9538031768789
11230-3082	34914.11942524322	74.6	82.80643952993815	206.36108482786565	82.80643952993815	1564.7517316037772
11230-31	37684.917037890424	97.9	1003.5439576352073	113.95767243893441	113.95767243893441	1545.9711737400694
11230-3112	45526.64351638505	66.0	88.50048320814129	84.4608523071056	84.4608523071056	304.55246665076334
11230-33	11063.620084485408	120.6	122.07242601739262	58.18431501099438	58.18431501099438	2391.1250817502914
11230-3341	45526.64351638505	66.0	181.6888628399499	88.85615986708375	88.85615986708375	220.7278502750199
11230-3346	45526.64351638505	66.0	124.76995033746599	130.09202445061274	124.76995033746599	66.02121619641738
11230-3347	37684.917037890424	97.9	25.913613012979013	266.79943003468554	25.913613012979013	2528.462618880877
11230-3353	34914.11942524322	74.6	127.62232110042508	265.74647559483117	127.62232110042508	1190.086531138334
11230-3366	37684.917037890424	97.9	767.4523898040417	216.57005241760695	216.57005241760695	1883.6687289636425
11230-3376	16969.85802611367	89.7	44.98182168924169	126.80526802637384	44.98182168924169	1366.394495591603
11230-3381	34914.11942524322	74.6	33.18811004300288	213.07183821343014	33.18811004300288	1303.939902980217
11230-3384			714.6769413431966	61.870826854344244	61.870826854344244	383.07211516719457
11230-34	11063.620084485408	120.6	132.10595370709413	26.467496635105935	26.467496635105935	2417.7103846178434
11230-35	11063.620084485408	120.6	350.6989258386532	94.96077274621639	94.96077274621639	1524.5027446640383
11230-3596			1120.081668401365	29.06456632075317	29.06456632075317	1202.6828050547697
11230-36			571.6306532228346	14.165349350810121	14.165349350810121	1328.1729584275947
11230-3600	30216.60979262673	108.1	622.7336143281742	177.89860944789706	177.89860944789706	1358.3570264323657
11230-37	37684.917037890424	97.9	422.89199661614555	585.9142300953689	422.89199661614555	2274.8433361005696
11230-38	37684.917037890424	97.9	593.7498930724307	114.10688881571338	114.10688881571338	1997.0151714589342
11230-39	37684.917037890424	97.9	758.804123262678	200.53693525585675	200.53693525585675	1845.4459247143084
11230-4	33009.1321172555	68.3	82.45887416137683	206.80733120047594	82.45887416137683	935.5987790959242
11230-40	37684.917037890424	97.9	117.73498313046689	188.57510022810064	117.73498313046689	2165.8862250100397
11230-41	31043.11184715822	114.6	332.8812378744957	181.30236438358446	181.30236438358446	1438.4785957338634
11230-42	45526.64351638505	66.0	499.1436062031074	76.72486147936975	76.72486147936975	569.648846788886
11230-43	45526.64351638505	66.0	106.01408859986925	18.44967066221995	18.44967066221995	181.3213610178893
11230-4320	37684.917037890424	97.9	57.96914339867214	266.8258684991411	57.96914339867214	2519.224270209255
11230-4328	30216.60979262673	108.1	400.13140032160845	155.47672046780647	155.47672046780647	1682.6008852757595
11230-4340			199.7746573002909	321.6146487801668	199.7746573002909	35.56842707541922
11230-4348	5063.388428059396	52.7	44.385137649886445	398.3303964072598	44.385137649886445	505.0519279329761
11230-4356	34914.11942524322	74.6	144.23623519134568	29.666802603208183	29.666802603208183	772.9321324072363
11230-4367	45526.64351638505	66.0	313.6721997863857	28.373750112179792	28.373750112179792	79.11271123442467
11230-4369	30216.60979262673	108.1	996.7754863309568	45.540785888729644	45.540785888729644	1182.3691398355286
11230-4370			550.4533692048368	97.53999804042678	97.53999804042678	197.55994408535108
11230-4384	45526.64351638505	66.0	532.5824228501127	36.68512552458223	36.68512552458223	649.8137229951634
11230-44			303.10092317040267	195.50520107683917	195.50520107683917	349.2546030415001
11230-45	45526.64351638505	66.0	279.0217599204995	84.76761617210268	84.76761617210268	350.73950569040005
11230-46	45526.64351638505	66.0	136.16097328684128	98.7548803206788	98.7548803206788	327.11306695742064
11230-47	45526.64351638505	66.0	370.86965189110157	113.97755137546318	113.97755137546318	437.0529138771591
11230-48			280.34416436599327	127.40736220160622	127.40736220160622	360.5286149541719
11230-49			159.2423973573745	316.4420898654616	159.2423973573745	198.01544677955772
11230-5	16969.85802611367	89.7	144.07060599633346	199.51715620833107	144.07060599633346	1088.6089788659797
11230-50			58.552139758678436	379.01208472988316	58.552139758678436	116.42443782912608
11230-51			166.06013150234253	13.542610605995849	13.542610605995849	996.9456007381714
11230-52			85.92089391216281	274.63109724010883	85.92089391216281	78.49854549981237
11230-53			173.99510319793373	168.2623858597041	168.2623858597041	1151.531020965054
11230-54			144.9891857090916	234.1627989060776	144.9891857090916	138.39645320883972
11230-55			504.54786873121805	115.40815471385002	115.40815471385002	926.2518050379482
11230-57			109.59760284212187	128.73239956893764	109.59760284212187	31.09285681801614
11230-58	31043.11184715822	114.6	79.68379659235637	251.4309383821761	79.68379659235637	1330.8114967557897
11230-59			112.73834061071236	235.08633518206855	112.73834061071236	84.28814825507251
11230-6	33009.1321172555	68.3	70.4951715475645	260.4618271009822	70.4951715475645	933.5852817464731
11230-60			915.8588275644729	475.5167579601389	475.5167579601389	783.280698721941
11230-61			81.29147943797922	32.99159852868415	32.99159852868415	301.5416879940548
11230-62			181.35634874481065	105.8542207537295	105.8542207537295	31.738825789591235
11230-63			139.26010436164447	97.40282680449901	97.40282680449901	71.6067629625242
11230-64			173.99510319793373	168.2623858597041	168.2623858597041	1151.531020965054
11230-65			643.3658735306226	146.2957934496302	146.2957934496302	360.6910397447323
11230-66	11063.620084485408	120.6	530.3964064836038	192.34160052837973	192.34160052837973	1978.9399048907449
11230-67	11063.620084485408	120.6	539.8786878302876	138.33645228880326	138.33645228880326	1991.2964791027089
11230-68	11063.620084485408	120.6	537.2732711160718	156.71577311596442	156.71577311596442	1986.317751807174
11230-69	37684.917037890424	97.9	380.08969192980726	567.4092644487364	380.08969192980726	2265.724566544279
11230-7	16969.85802611367	89.7	143.33562832614572	27.59684876178616	27.59684876178616	934.5990863341024
11230-70	37684.917037890424	97.9	221.16039681037705	469.76639102802085	221.16039681037705	2418.3970267749305
11230-71	37684.917037890424	97.9	597.7292655663641	399.2806154091565	399.2806154091565	2075.1249436524954
11230-73	37684.917037890424	97.9	76.7557431864545	451.07345099005465	76.7557431864545	2676.5260064713166
11230-74	33009.1321172555	68.3	152.86626329295427	230.50099354351644	152.86626329295427	1103.4788257269872
11230-75			138.50538188930835	323.8512315556976	138.50538188930835	37.57813770457363
11230-76			322.7529333934	235.22981469218956	235.22981469218956	58.004410353280065
11230-77	37684.917037890424	97.9	445.38625643193524	562.792061805725	445.38625643193524	2251.3550057927246
11230-78	33009.1321172555	68.3	97.47425388143951	295.19224840340416	97.47425388143951	1069.5403727090484
11230-8	45526.64351638505	66.0	390.07246739654926	66.09867917053673	66.09867917053673	124.93088678868705
11230-80	33009.1321172555	68.3	126.2603119988296	267.6984187892376	126.2603119988296	1096.0507832828778
11230-81	20380.308832565283	131.0	172.99415499757168	116.5610008232763	116.5610008232763	2414.796798611091
11230-83			115.48946430175049	195.90977889725139	115.48946430175049	36.42822746960764
11230-84	25397.430779569895	88.9	124.64244896653997	47.47745288766399	47.47745288766399	1371.3710033635916
11230-87	5063.388428059396	52.7	190.90138950030274	257.0791268377554	190.90138950030274	322.83775398712083
11230-88	34914.11942524322	74.6	20.622022707345305	91.06273079678036	20.622022707345305	1210.837753896417
11230-89	25397.430779569895	88.9	34.9322313831949	142.41857040516012	34.9322313831949	1201.4606282161456
11230-9			466.7650971630889	104.15362693173135	104.15362693173135	408.49626274407535
11230-90	33009.1321172555	68.3	113.66115773154829	277.7616771546593	113.66115773154829	1095.332334101903
11230-91			469.04204292617584	164.95531854902956	164.95531854902956	1412.3922841136855
11230-92	37684.917037890424	97.9	508.086880944672	243.13574824062883	243.13574824062883	1982.8196929681217
11230-93	37684.917037890424	97.9	488.72652797168877	241.64730993303488	241.64730993303488	1987.6663863121712
11230-94	37684.917037890424	97.9	700.0738022580732	185.6178557106984	185.6178557106984	1796.5463742879765
11230-95	37684.917037890424	97.9	821.5773281281903	145.23571042514158	145.23571042514158	1785.4187424685206
11230-97	11063.620084485408	120.6	395.46385270550775	280.69105566521364	280.69105566521364	1968.4627749908475
11230-98	11063.620084485408	120.6	379.77154819764627	171.92326826605822	171.92326826605822	1862.2430827660119
11230-99	11063.620084485408	120.6	364.72419950369766	82.33784081164714	82.33784081164714	1766.419212557162
11260-1	28176.341916282643	108.9	263.68617542016284	307.12331886102373	263.68617542016284	621.2705682005526
11260-100		16.7	421.5544227306766	23.28362359841636	23.28362359841636	622.5999932209056
11260-101		16.7	341.30025624237396	74.36578535491569	74.36578535491569	552.7205630436381
11260-102		16.7	161.81368338498618	44.646775645090216	44.646775645090216	400.077259334353
11260-103		16.7	326.2671379805807	154.64997312609745	154.64997312609745	472.38779348936447
11260-104	20610.334171786995	79.5	145.32976813052483	94.00603334559582	94.00603334559582	469.71033336834296
11260-105	33653.23398617512	97.4	36.56530641825923	125.03515186550617	36.56530641825923	143.3687254271335
11260-106	33653.23398617512	97.4	438.01706197970174	209.08891120081338	209.08891120081338	208.15776935631592
11260-107	33653.23398617512	97.4	438.01706197970174	209.08891120081338	209.08891120081338	208.15776935631592
11260-108	20290.35602918587	33.5	41.20664658908501	312.6820778662296	41.20664658908501	1430.9852141726044
11260-109	19738.251324884794	74.6	231.19237882468522	547.0339373844631	231.19237882468522	996.7110240653363
11260-11	11063.620084485408	120.6	34.68151885600754	221.22567556471378	34.68151885600754	2146.4102302047268
11260-110	28176.341916282643	108.9	45.86919538436394	56.93129332669347	45.86919538436394	1442.0829586801292
11260-111	28176.341916282643	108.9	169.72605971853793	204.41648077409403	169.72605971853793	757.5714991572632
11260-112	28176.341916282643	108.9	169.3005061854128	180.9821206232954	169.3005061854128	781.1087384446232
11260-113	28176.341916282643	108.9	204.73310204450357	211.36953905031197	204.73310204450357	747.2232560321588
11260-114	31043.11184715822	114.6	359.36681565315376	22.68054947534781	22.68054947534781	1336.5112933246505
11260-115	33653.23398617512	97.4	141.98054919965915	516.1325115817294	141.98054919965915	588.6662425697743
11260-116	31043.11184715822	114.6	240.842586511092	96.13159578295793	96.13159578295793	1314.5019028241513
11260-117	33653.23398617512	97.4	257.45442590876195	22.78292000953556	22.78292000953556	117.01375244311566
11260-118	33653.23398617512	97.4	399.5337386777225	163.926763307928	163.926763307928	492.78255226086947
11260-119	20610.334171786995	79.5	249.49915251138975	73.82949004703744	73.82949004703744	497.0247630969262
11260-12	11063.620084485408	120.6	62.204846144334894	462.5299456597479	62.204846144334894	2251.9699133309587
11260-120	20610.334171786995	79.5	318.382795043125	526.5728606513286	318.382795043125	1034.4167307647829
11260-121	20610.334171786995	79.5	318.382795043125	526.5728606513286	318.382795043125	1034.4167307647829
11260-122	20610.334171786995	79.5	318.382795043125	526.5728606513286	318.382795043125	1034.4167307647829
11260-123	20610.334171786995	79.5	318.382795043125	526.5728606513286	318.382795043125	1034.4167307647829
11260-124	29052.812269585254	68.7	33.639786759291916	75.08781650890494	33.639786759291916	934.1542446503056
11260-125	28176.341916282643	108.9	593.8937257184427	140.79412191667697	140.79412191667697	649.0692943245863
11260-126	28176.341916282643	108.9	427.9157661574009	95.09794653900985	95.09794653900985	515.8285540334822
11260-127	28176.341916282643	108.9	442.7869645602857	81.95703910598705	81.95703910598705	518.9497510866842
11260-128	28176.341916282643	108.9	429.4158519840355	36.512825151477685	36.512825151477685	639.1442024435421
11260-129	31043.11184715822	114.6	427.1128452126497	28.03707005998821	28.03707005998821	1780.3739709547795
11260-13	31043.11184715822	114.6	58.292274462199835	325.28107777922304	58.292274462199835	2202.989019951456
11260-130	11063.620084485408	120.6	135.12635153684784	347.73689155032065	135.12635153684784	2730.525061197771
11260-131	28176.341916282643	108.9	562.1878923333044	56.39760998505012	56.39760998505012	737.8492291124479
11260-132	28176.341916282643	108.9	363.562178714795	47.36203079186869	47.36203079186869	772.6281265995183
11260-133	28176.341916282643	108.9	358.98479160161617	46.01986020295038	46.01986020295038	793.5539948604332
11260-135	31043.11184715822	114.6	490.7456650807327	333.05322175759756	333.05322175759756	1460.3485204541555
11260-136	28176.341916282643	108.9	29.835019794259292	133.41222312652746	29.835019794259292	1333.7033701141388
11260-137	33653.23398617512	97.4	359.6478639193027	22.03266338901654	22.03266338901654	469.58241585749767
11260-138	33653.23398617512	97.4	34.466249336683624	551.5212050049354	34.466249336683624	215.58773749930597
11260-139			74.65890622632679	86.39189497981327	74.65890622632679	191.63936931367928
11260-14	33653.23398617512	97.4	433.35938293419446	100.41941218849286	100.41941218849286	488.3512022328769
11260-140			74.65890622632679	86.39189497981327	74.65890622632679	191.63936931367928
11260-141	33653.23398617512	97.4	122.303484590249	157.11126979229874	122.303484590249	47.040655593755375
11260-142	20610.334171786995	79.5	390.761113428763	142.75368307437702	142.75368307437702	674.3730671255144
11260-143	20610.334171786995	79.5	390.761113428763	142.75368307437702	142.75368307437702	674.3730671255144
11260-144	20610.334171786995	79.5	63.73512566342529	53.07721881882033	53.07721881882033	664.677720652107
11260-145	20610.334171786995	79.5	32.06010977889966	316.4977896363514	32.06010977889966	815.8771793590324
11260-146	20610.334171786995	79.5	46.098392750908936	272.6213251798447	46.098392750908936	776.0562646050137
11260-147	19738.251324884794	74.6	201.0003712384123	628.5862539806017	201.0003712384123	962.4584408672339
11260-148	20290.35602918587	33.5	120.37004788687226	328.4234175134691	120.37004788687226	1422.2719839422427
11260-149	29052.812269585254	68.7	38.684933939687184	197.66218496474102	38.684933939687184	864.2617216658176
11260-15			57.12419603057573	84.96056191908718	57.12419603057573	519.2526013044265
11260-150	19738.251324884794	74.6	29.133665425605837	281.1822255151655	29.133665425605837	826.5279632231419
11260-151	19738.251324884794	74.6	163.68972000869792	115.15599368078426	115.15599368078426	556.7653152714618
11260-152		16.7	84.1026374269862	520.202337546626	84.1026374269862	405.6107191058564
11260-153		16.7	109.07266704970026	568.2308984475088	109.07266704970026	446.2360351315147
11260-155	33653.23398617512	97.4	202.83017283514593	563.0663418102035	202.83017283514593	606.9499910346045
11260-156	33653.23398617512	97.4	130.70766798777103	264.02033726259873	130.70766798777103	310.5488488926656
11260-157	33653.23398617512	97.4	266.2800841203483	70.98117101557658	70.98117101557658	391.85171616892507
11260-158	33653.23398617512	97.4	241.15918567650175	137.48790281330716	137.48790281330716	387.2439988419467
11260-159		16.7	22.04301270162439	301.152871003971	22.04301270162439	127.40619649988106
11260-16	31043.11184715822	114.6	27.936005752868674	90.9380793726029	27.936005752868674	1618.4890029529556
11260-160		16.7	45.80945592574772	278.0067377390121	45.80945592574772	118.0899327097205
11260-161	33653.23398617512	97.4	79.78595881506826	193.37976241464423	79.78595881506826	159.0164032129959
11260-162		16.7	372.34776639090325	102.67711871124362	102.67711871124362	591.0823896341664
11260-163		16.7	53.76579829659976	246.48559913679114	53.76579829659976	267.1196832399584
11260-164	28176.341916282643	108.9	450.84693097668764	15.869724709680433	15.869724709680433	733.8723674082863
11260-165	19738.251324884794	74.6	84.57729720968261	445.2613705165067	84.57729720968261	853.6346775218204
11260-166	11063.620084485408	120.6	287.51315606508285	163.01737954037065	163.01737954037065	1975.5097690976593
11260-17	31043.11184715822	114.6	58.76905151292132	266.6315789504713	58.76905151292132	1659.406040347924
11260-18	31043.11184715822	114.6	242.35273607635506	224.648633899797	224.648633899797	2192.3913708759947
11260-19	31043.11184715822	114.6	197.29361954843563	44.05927039773098	44.05927039773098	1966.898565591497
11260-1928	28176.341916282643	108.9	270.3906133266983	184.05694969520073	184.05694969520073	600.9501787438188
11260-1929	28176.341916282643	108.9	284.27748005589905	177.60490279586455	177.60490279586455	587.2694069151858
11260-1930	28176.341916282643	108.9	284.27748005589905	177.60490279586455	177.60490279586455	587.2694069151858
11260-1931	28176.341916282643	108.9	137.83847883662858	246.2701083589397	137.83847883662858	721.0066721045062
11260-1945	31043.11184715822	114.6	28.102541124002503	331.569985959064	28.102541124002503	2178.845954379692
11260-1946	28176.341916282643	108.9	73.64959158470798	134.42794715938436	73.64959158470798	1402.260500541566
11260-1965	33653.23398617512	97.4	209.0176206054144	152.73394687150963	152.73394687150963	359.52238963406137
11260-1966	33653.23398617512	97.4	198.05718449156487	117.64273083112866	117.64273083112866	342.442881375494
11260-1967		16.7	238.19938922604348	826.5920129207527	238.19938922604348	674.4557462102399
11260-1971	33653.23398617512	97.4	258.58342188862457	37.89180466159229	37.89180466159229	33.05416494845667
11260-1974	31043.11184715822	114.6	293.27342048952977	17.720355422198473	17.720355422198473	1748.284409106572
11260-1976	28176.341916282643	108.9	146.75564483242852	252.34687319115235	146.75564483242852	714.7436591631255
11260-1989		16.7	542.1291809490529	71.85393723498301	71.85393723498301	749.2818230645091
11260-1990	11063.620084485408	120.6	81.36092481309751	605.2133399882117	81.36092481309751	2496.804841124649
11260-1993	28176.341916282643	108.9	428.49063893509333	89.74101802776713	89.74101802776713	1054.0285144840036
11260-1995	19738.251324884794	74.6	106.58736191098022	521.6834968390513	106.58736191098022	863.3558077719589
11260-2	28176.341916282643	108.9	172.98574948440242	21.79986867179922	21.79986867179922	991.461346536266
11260-20	31043.11184715822	114.6	109.68760545220218	54.24660506393686	54.24660506393686	1922.980025240198
11260-2002	33653.23398617512	97.4	513.1200107977461	196.05767450160397	196.05767450160397	269.6256058281862
11260-2009	20610.334171786995	79.5	297.64903979987884	232.73172793054027	232.73172793054027	40.28971515562546
11260-2010	29052.812269585254	68.7	293.41176651960495	440.73775777578913	293.41176651960495	1182.3120748794686
11260-2011		16.7	19.209273786605213	900.3419355822115	19.209273786605213	588.593695377759
11260-2012		16.7	248.77518812062974	915.9086933582022	248.77518812062974	422.87433994174614
11260-2013		16.7	248.77518812062974	915.9086933582022	248.77518812062974	422.87433994174614
11260-2015	19738.251324884794	74.6	200.60808456587284	423.8752472871462	200.60808456587284	978.1478895159793
11260-2018	33653.23398617512	97.4	49.85897707880823	125.39703192614225	49.85897707880823	114.58441397220952
11260-2019	19738.251324884794	74.6	239.21814960576182	509.01379344734573	239.21814960576182	1007.8200265874011
11260-2030	31043.11184715822	114.6	253.7360283028055	50.29252709162158	50.29252709162158	1807.0050552034313
11260-2035	31043.11184715822	114.6	66.63385804749564	292.4983084762542	66.63385804749564	2178.524631326523
11260-2038	11063.620084485408	120.6	250.3590517469417	417.6465579321525	250.3590517469417	2138.6160570618813
11260-2042	11063.620084485408	120.6	63.232272488489016	72.8992468728967	63.232272488489016	2027.6085785060698
11260-2043	33653.23398617512	97.4	65.5880480468149	534.5029545483595	65.5880480468149	18.21524160164359
11260-2047		16.7	338.25361473561844	109.98380582135556	109.98380582135556	271.33993979379534
11260-2048	28176.341916282643	108.9	371.58405000342236	20.602462799734322	20.602462799734322	1008.8562204614154
11260-2052	20610.334171786995	79.5	478.31768095829756	102.3816488881406	102.3816488881406	609.7526583744785
11260-2055		16.7	313.8150557095262	961.4113776021802	313.8150557095262	400.0691316670406
11260-2057	20610.334171786995	79.5	461.88420294464356	92.36923751427716	92.36923751427716	607.2722322554696
11260-2061	20610.334171786995	79.5	76.39752138928063	106.76603519653148	76.39752138928063	715.3067785017138
11260-2062	28176.341916282643	108.9	401.42557337940235	70.00393147439738	70.00393147439738	1320.5403357001296
11260-208			78.62028097985132	68.03771577509205	68.03771577509205	194.54740822963367
11260-21	28176.341916282643	108.9	77.68012452142572	22.392732463205434	22.392732463205434	827.8947795265693
11260-2106	28176.341916282643	108.9	517.9043945397276	183.00892207770022	183.00892207770022	573.7164188458339
11260-2114	33653.23398617512	97.4	63.635680002400555	461.5603098958124	63.635680002400555	22.8373572147122
11260-212	33653.23398617512	97.4	105.10973083971628	568.7111962817974	105.10973083971628	19.375893426799596
11260-2121		16.7	482.4409621686712	48.40489037739658	48.40489037739658	670.2499905534952
11260-2136	33653.23398617512	97.4	90.96806385462644	65.46583674647441	65.46583674647441	224.80372167124676
11260-2137	33653.23398617512	97.4	101.85684103615633	108.3230564667359	101.85684103615633	249.16034176222163
11260-2154	28176.341916282643	108.9	187.8251092677029	334.17350448300556	187.8251092677029	627.4903771734199
11260-2183		16.7	54.97619284525343	518.6221402307201	54.97619284525343	380.7028148926657
11260-2191	19738.251324884794	74.6	54.31357215170073	388.1244833444258	54.31357215170073	740.4826889223322
11260-22	28176.341916282643	108.9	465.6923373021991	482.4309572538073	465.6923373021991	1501.2073488316953
11260-222	33653.23398617512	97.4	47.20266304164483	163.85841168477347	47.20266304164483	242.04784492782102
11260-224		16.7	217.01092286340227	255.0631668827148	217.01092286340227	328.21033391429876
11260-226	33653.23398617512	97.4	82.60537047563182	101.59317705183159	82.60537047563182	103.49507707703673
11260-228	33653.23398617512	97.4	44.33062376536358	115.72856222197684	44.33062376536358	95.50399533649103
11260-229	20610.334171786995	79.5	207.3631886365899	254.09802940792963	207.3631886365899	298.39085296379017
11260-2291	33653.23398617512	97.4	147.95385176801017	451.2116454286202	147.95385176801017	610.659051875075
11260-2299	28176.341916282643	108.9	199.7461859313703	368.85384234037025	199.7461859313703	592.8349290387122
11260-23			66.13577142765266	77.78577963452398	66.13577142765266	305.50857041619895
11260-230	19738.251324884794	74.6	113.64142965807955	391.85426952214857	113.64142965807955	890.6906907205653
11260-2300	28176.341916282643	108.9	485.1684850321339	186.09901172226236	186.09901172226236	541.0731266136157
11260-2307	19738.251324884794	74.6	83.55613637845741	35.05646827970874	35.05646827970874	489.2599732025824
11260-231	29052.812269585254	68.7	88.19834957075753	135.8512109263885	88.19834957075753	965.8020011682172
11260-2310	33653.23398617512	97.4	477.15615895549394	180.2420777920625	180.2420777920625	266.05793808383123
11260-232		16.7	166.21730160097127	214.34563036518497	166.21730160097127	368.00977668597386
11260-233	28176.341916282643	108.9	462.9992635947499	77.17543751906419	77.17543751906419	734.4565303447484
11260-2333	33653.23398617512	97.4	452.2475329528702	200.36372248037165	200.36372248037165	242.49719907383658
11260-2336		16.7	184.84294825849244	183.37604605280805	183.37604605280805	386.78478495982966
11260-234	28176.341916282643	108.9	201.84671317001	47.21544321655466	47.21544321655466	912.4664448004226
11260-235	31043.11184715822	114.6	284.9324780659553	269.52585827286936	269.52585827286936	2014.8967721031083
11260-2353	20610.334171786995	79.5	30.196796777361655	215.03870983556087	30.196796777361655	69.23273266568297
11260-2356	31043.11184715822	114.6	377.7510923564531	313.2943778503229	313.2943778503229	2013.5274138530694
11260-2359	29052.812269585254	68.7	40.523713024718404	236.61779523673405	40.523713024718404	852.0719143591214
11260-236	33653.23398617512	97.4	379.44975134431866	21.02914702991695	21.02914702991695	164.48762842037831
11260-2392	19738.251324884794	74.6	53.70876478842022	335.059827199231	53.70876478842022	838.8205374926941
11260-2393	29052.812269585254	68.7	117.44394896657171	265.5260594989976	117.44394896657171	927.861483340904
11260-24	28176.341916282643	108.9	142.75996018326447	74.55171065357081	74.55171065357081	895.2555482912793
11260-2401	28176.341916282643	108.9	20.15189415270738	254.59545528629724	20.15189415270738	883.7094181018192
11260-2471	19738.251324884794	74.6	357.106067884106	525.84273811475	357.106067884106	1133.3364423606497
11260-25	11063.620084485408	120.6	86.121228818581	577.5485983821329	86.121228818581	2406.275428554966
11260-2564		16.7	118.97870424233494	718.8615055082792	118.97870424233494	325.59277906844864
11260-26	28176.341916282643	108.9	76.14330036569297	21.183409312006503	21.183409312006503	881.7311940551647
11260-2612	28176.341916282643	108.9	158.37035253773163	307.7824970385211	158.37035253773163	527.716273290207
11260-2620	33653.23398617512	97.4	252.33477279558124	97.90127548283739	97.90127548283739	388.37136612041184
11260-2626	20610.334171786995	79.5	58.67126489335843	303.40018339743074	58.67126489335843	31.27499686183181
11260-2640			51.881908485294915	114.10346332158987	51.881908485294915	30.96628529511933
11260-2665	29052.812269585254	68.7	34.13027912516476	82.57252095122682	34.13027912516476	921.3739467051138
11260-2666	29052.812269585254	68.7	30.12308338459063	94.99490004904376	30.12308338459063	904.3187275771251
11260-2667	29052.812269585254	68.7	30.445035073014733	87.64209243786384	30.445035073014733	910.4692696832972
11260-2668	33653.23398617512	97.4	276.81994543921553	18.5407846744599	18.5407846744599	394.279158453737
11260-2693	20610.334171786995	79.5	70.2617469561864	160.81322383846802	70.2617469561864	34.78867006372089
11260-2697	33653.23398617512	97.4	302.9360568085961	41.87591340695515	41.87591340695515	420.9033779636048
11260-27	28176.341916282643	108.9	690.1913065041582	54.83266302941559	54.83266302941559	834.6364631353962
11260-2707	29052.812269585254	68.7	190.69426855566067	276.60321594993337	190.69426855566067	1067.7083649234585
11260-2711	19738.251324884794	74.6	215.1798988813872	222.15158456772008	215.1798988813872	556.1094367614719
11260-2724	33653.23398617512	97.4	127.97400286220584	507.4104328453013	127.97400286220584	341.68762186345054
11260-2738	33653.23398617512	97.4	82.31234399290484	100.06102371936737	82.31234399290484	145.37149039213438
11260-2758	20290.35602918587	33.5	104.65154610297364	56.63606933911501	56.63606933911501	1614.30172776175
11260-2772	33653.23398617512	97.4	169.8805126388849	97.47983477838939	97.47983477838939	310.76770510150874
11260-2791	28176.341916282643	108.9	562.6368322075896	91.38043684896343	91.38043684896343	1045.306530550391
11260-2795	33653.23398617512	97.4	89.46929128531892	566.4132464236986	89.46929128531892	253.48617599575613
11260-2804	33653.23398617512	97.4	37.196668928205845	95.99152630847286	37.196668928205845	65.75528901873761
11260-2821		16.7	307.09553006528665	1188.4246170000606	307.09553006528665	423.1525143444905
11260-2879	33653.23398617512	97.4	94.57711596216998	28.19151717088057	28.19151717088057	153.28057157967595
11260-2893		16.7	201.48425982835192	922.7121018432313	201.48425982835192	113.21513507419597
11260-29	31043.11184715822	114.6	239.17543355450178	378.5396860932724	239.17543355450178	1478.707593464478
11260-2997			36.46670461666579	111.43710906015534	36.46670461666579	170.1449242056873
11260-3	11063.620084485408	120.6	130.5509718999895	370.3589739485529	130.5509718999895	2703.743718955439
11260-30	11063.620084485408	120.6	29.023961348332293	221.61662573342934	29.023961348332293	2371.5173235041543
11260-3079	11063.620084485408	120.6	83.10628361566458	342.0894219835134	83.10628361566458	2704.908724045059
11260-31	31043.11184715822	114.6	26.276877666551744	304.76443310553964	26.276877666551744	2159.867005390865
11260-3199	33653.23398617512	97.4	46.49243520192263	27.83172115673613	27.83172115673613	104.88118010022873
11260-32	33653.23398617512	97.4	535.9650828017467	180.67638156631816	180.67638156631816	309.46502959896196
11260-3210	28176.341916282643	108.9	98.14439916748022	103.87604606564537	98.14439916748022	1078.387021985573
11260-3220		16.7	263.11884122001777	138.6969558594595	138.6969558594595	507.60050863359015
11260-3234	28176.341916282643	108.9	86.97157437785107	231.31284313859064	86.97157437785107	1208.9584252610891
11260-3260	28176.341916282643	108.9	548.1506355704297	20.786033531601518	20.786033531601518	977.5911506953294
11260-3271	33653.23398617512	97.4	63.45776064234344	54.534565446879974	54.534565446879974	179.52567051648208
11260-33	33653.23398617512	97.4	333.8008506072595	317.75789888094937	317.75789888094937	91.59877484044011
11260-34			147.7548076385602	115.58157620542607	115.58157620542607	267.0361066063253
11260-35	33653.23398617512	97.4	394.4977584872175	242.03552772514914	242.03552772514914	159.8555132003254
11260-3544	33653.23398617512	97.4	91.17301021617693	126.06166124224386	91.17301021617693	149.41161088472654
11260-3552	19738.251324884794	74.6	120.95632319094315	458.5251767529773	120.95632319094315	889.6850128287416
11260-3568	33653.23398617512	97.4	99.75078041714225	218.31372193763406	99.75078041714225	211.69866724024254
11260-36	20610.334171786995	79.5	633.3107475770556	18.334314010312664	18.334314010312664	429.10201282713416
11260-37	33653.23398617512	97.4	251.76466214531433	154.9862125617948	154.9862125617948	60.43290983808089
11260-3753	11063.620084485408	120.6	138.194950261567	49.7141516735717	49.7141516735717	1928.5451876636446
11260-3783	20290.35602918587	33.5	399.48685103191895	533.1550476958503	399.48685103191895	1337.279674627368
11260-38	20610.334171786995	79.5	597.6446940170866	50.308096055512166	50.308096055512166	404.4849696430298
11260-3807	33653.23398617512	97.4	381.6276169622257	102.81822730941204	102.81822730941204	484.2106367856058
11260-3881	33653.23398617512	97.4	77.97379895374378	36.646019245436605	36.646019245436605	137.0321914241243
11260-3890	28176.341916282643	108.9	592.9939500742197	24.61602718349252	24.61602718349252	739.7263969954629
11260-39	33653.23398617512	97.4	394.75281929098674	321.8209215651554	321.8209215651554	152.22978946281498
11260-3951	33653.23398617512	97.4	41.683939485092104	66.62251460517024	41.683939485092104	96.90044796616655
11260-3953	33653.23398617512	97.4	86.38393659783017	32.60021488473216	32.60021488473216	141.95950698115897
11260-3976	33653.23398617512	97.4	374.66397562285835	163.30072572829494	163.30072572829494	469.1802473249781
11260-4	11063.620084485408	120.6	89.01829135155295	35.02106644130522	35.02106644130522	1955.3683623537017
11260-4017	33653.23398617512	97.4	169.64385357502948	136.03193696117074	136.03193696117074	225.50157470218198
11260-4027	31043.11184715822	114.6	46.77200179710062	50.76528528295785	46.77200179710062	1989.3120394460557
11260-4032	33653.23398617512	97.4	395.83150765862825	281.97977074162765	281.97977074162765	467.6785392929122
11260-4049	19738.251324884794	74.6	56.43757525469448	361.84560338459863	56.43757525469448	699.5899436282348
11260-4073	33653.23398617512	97.4	23.336198938813215	125.2288290717063	23.336198938813215	225.2836107091351
11260-4076	33653.23398617512	97.4	160.68133948386773	186.273402014582	160.68133948386773	242.79080219181208
11260-41	20610.334171786995	79.5	597.6446940170866	50.308096055512166	50.308096055512166	404.4849696430298
11260-4103	31043.11184715822	114.6	68.0699346710797	75.1176735609944	68.0699346710797	1439.8808131965343
11260-4104	31043.11184715822	114.6	67.41838181380709	57.97561445538911	57.97561445538911	1490.4387361597576
11260-4107	28176.341916282643	108.9	466.7665986157901	67.19182370346762	67.19182370346762	522.8133933362018
11260-4118		16.7	48.63900070459748	605.0735249520367	48.63900070459748	412.1191476462511
11260-4169	33653.23398617512	97.4	214.92886786582253	105.2091479127039	105.2091479127039	355.3566915672313
11260-4189	11063.620084485408	120.6	36.77368664011753	348.227189625751	36.77368664011753	2658.427160363264
11260-42	20610.334171786995	79.5	421.55448275415307	400.5596802945711	400.5596802945711	891.4511297790754
11260-4220		16.7	352.7910703365594	712.6636210214069	352.7910703365594	320.55889721275724
11260-4238	28176.341916282643	108.9	148.41927750608497	202.04623400286061	148.41927750608497	1173.7497720465374
11260-4240		16.7	344.29181080301925	396.4809276687605	344.29181080301925	139.56762521313726
11260-4251	33653.23398617512	97.4	43.96912624730047	40.27132281158	40.27132281158	174.8399864285755
11260-4265		16.7	459.68443184311917	765.502465896847	459.68443184311917	49.25029441482934
11260-4284	33653.23398617512	97.4	345.97617794753245	129.82912436803315	129.82912436803315	401.41228782628446
11260-4287		16.7	529.3137283759153	697.278488859712	529.3137283759153	61.69434022646708
11260-43	20610.334171786995	79.5	403.144335526553	170.99830450279427	170.99830450279427	695.9881022272788
11260-4319	33653.23398617512	97.4	39.09582416234363	552.5172679219614	39.09582416234363	135.92576062238405
11260-4354	33653.23398617512	97.4	299.35796336162485	243.67847714997433	243.67847714997433	360.3360955613527
11260-44	20610.334171786995	79.5	120.17822188198603	190.1997815268971	120.17822188198603	396.84205979806944
11260-4423	28176.341916282643	108.9	535.2436583537774	23.41134648878202	23.41134648878202	938.2426123730947
11260-4437		16.7	120.47833250747013	270.09265160697674	120.47833250747013	55.34812445617786
11260-4443	28176.341916282643	108.9	85.2499416875475	85.45001842954052	85.2499416875475	1507.3422666985555
11260-4495	33653.23398617512	97.4	119.39104140160084	134.54825676257127	119.39104140160084	179.16365830113338
11260-45	20610.334171786995	79.5	108.16091468041162	322.10564716417633	108.16091468041162	760.8052268370227
11260-4501	28176.341916282643	108.9	415.4742792501551	128.16483467619193	128.16483467619193	1091.267828986127
11260-4507	33653.23398617512	97.4	207.82414936271556	369.79389106680975	207.82414936271556	310.0208141329504
11260-4530	33653.23398617512	97.4	129.81026442710439	133.44882159849396	129.81026442710439	200.01162292339427
11260-4539		16.7	19.97905846071428	865.316149246128	19.97905846071428	559.618283504809
11260-4548		16.7	111.58451764623459	418.87498585037775	111.58451764623459	62.14678733149591
11260-4565	33653.23398617512	97.4	288.27146592013185	77.5383135720491	77.5383135720491	414.98634860259295
11260-4567	33653.23398617512	97.4	27.02641070764094	318.0606495521587	27.02641070764094	105.8072665890565
11260-4573	11063.620084485408	120.6	27.30630164857533	248.01334452168638	27.30630164857533	2322.202739096809
11260-46	33653.23398617512	97.4	152.40844386728241	311.5429812191742	152.40844386728241	77.56637730196651
11260-47	29052.812269585254	68.7	20.849203013113648	179.85327960793416	20.849203013113648	797.2379728735441
11260-49	29052.812269585254	68.7	114.56166516063162	279.48063449965986	114.56166516063162	1115.9797182728782
11260-5	31043.11184715822	114.6	380.84573277080307	28.15318742495543	28.15318742495543	1592.5310616058496
11260-50	20290.35602918587	33.5	409.49386576308024	481.657157640556	409.49386576308024	1415.8656080192252
11260-51	19738.251324884794	74.6	162.66106210126742	120.90172370279976	120.90172370279976	455.6820860914384
11260-52	20290.35602918587	33.5	307.22345638803665	257.3945665037422	257.3945665037422	1622.7686858298578
11260-53	16184.380689964157	17.2	306.12054982701886	243.36773036095212	243.36773036095212	1496.0775509395687
11260-54	16184.380689964157	17.2	306.12054982701886	243.36773036095212	243.36773036095212	1496.0775509395687
11260-55	29052.812269585254	68.7	78.22094128926402	121.06340091558705	78.22094128926402	967.4612213968737
11260-5571	20610.334171786995	79.5	161.2464732813076	109.71099346687421	109.71099346687421	511.42209553570433
11260-5573	33653.23398617512	97.4	27.505559266654878	93.03974718556978	27.505559266654878	21.950247150825053
11260-5598	29052.812269585254	68.7	96.71315093089231	206.3792263499244	96.71315093089231	927.9179787563579
11260-56	29052.812269585254	68.7	78.22094128926402	121.06340091558705	78.22094128926402	967.4612213968737
11260-5600	20290.35602918587	33.5	94.3667977841544	31.862737013762885	31.862737013762885	1536.4367763104503
11260-5602	33653.23398617512	97.4	42.90748483903472	336.2011612672281	42.90748483903472	24.508831289947842
11260-57	19738.251324884794	74.6	349.9840121542354	640.9134528435754	349.9840121542354	1114.2713824424704
11260-58	19738.251324884794	74.6	284.02497395567474	486.98664494517266	284.02497395567474	1058.6822204567452
11260-59	19738.251324884794	74.6	386.67569728466987	647.1812795091706	386.67569728466987	1151.5782621549881
11260-6	31043.11184715822	114.6	349.54521931625374	32.20741094647354	32.20741094647354	1682.5109958336852
11260-60	20610.334171786995	79.5	114.51825932365018	505.21941841059345	114.51825932365018	940.9541051192491
11260-61	19738.251324884794	74.6	133.52515511102803	304.8330549606852	133.52515511102803	685.012607627046
11260-62	29052.812269585254	68.7	104.15937865848709	17.152888701785567	17.152888701785567	607.2004862636522
11260-63	19738.251324884794	74.6	144.35133895353658	582.4854932523702	144.35133895353658	915.6241215995599
11260-64	20610.334171786995	79.5	223.81553400413796	572.0348630028685	223.81553400413796	1036.007446771712
11260-65	19738.251324884794	74.6	88.51879066878361	46.0836706514047	46.0836706514047	385.043047542589
11260-651	11063.620084485408	120.6	202.5310318815812	446.3307772425093	202.5310318815812	2427.3869023852953
11260-652	11063.620084485408	120.6	202.82069989768522	427.4019085802266	202.82069989768522	2444.367566920323
11260-66	33653.23398617512	97.4	290.9071926627914	139.7941919881933	139.7941919881933	435.01692343338993
11260-67		16.7	406.2267523916284	512.5918112203684	406.2267523916284	47.39519436725014
11260-68		16.7	350.035833966672	735.4070408877989	350.035833966672	267.1452393433813
11260-69		16.7	458.98715238233183	613.5988490186436	458.98715238233183	138.587617851311
11260-7	31043.11184715822	114.6	211.82236233517818	48.992245301074824	48.992245301074824	1878.3867220795303
11260-70		16.7	34.713767945866216	960.1918677030922	34.713767945866216	647.3280869176745
11260-71		16.7	18.7057740100654	1031.3477749718163	18.7057740100654	693.5237720264163
11260-72		16.7	244.62718588676103	763.2150714650813	244.62718588676103	326.6787646978792
11260-73	33653.23398617512	97.4	131.07312471211262	407.0591081551673	131.07312471211262	545.2986821542606
11260-75		16.7	102.24478657833829	680.747372923489	102.24478657833829	490.15338477264214
11260-76	33653.23398617512	97.4	120.15007148251459	452.3869036319971	120.15007148251459	664.9891389477915
11260-77	33653.23398617512	97.4	220.12165906386005	139.25943458067468	139.25943458067468	367.5548890760044
11260-78	33653.23398617512	97.4	282.8185298935989	97.32534346435347	97.32534346435347	416.81453080065756
11260-79		16.7	230.33229071543698	244.6322018794293	230.33229071543698	353.09021009931354
11260-8	11063.620084485408	120.6	29.673742945420855	199.3098524698284	29.673742945420855	2370.0485055067948
11260-80		16.7	93.60060805862078	77.36278823884305	77.36278823884305	389.54965602320044
11260-81	33653.23398617512	97.4	160.13736176871214	71.59680732788289	71.59680732788289	32.61954494117988
11260-82	33653.23398617512	97.4	46.88322673724936	264.80135074083915	46.88322673724936	166.8331059091509
11260-83		16.7	284.40858170710015	117.47821663571654	117.47821663571654	501.6589855206674
11260-84		16.7	329.6788234054085	34.79491053903715	34.79491053903715	582.2514123257123
11260-85	16184.380689964157	17.2	354.24270609435155	157.64530411039766	157.64530411039766	794.8493572648565
11260-86		16.7	161.89266500492838	250.67768232193927	161.89266500492838	121.89739733673268
11260-87		16.7	66.04573697070838	331.06299072312294	66.04573697070838	50.5473886379885
11260-89		16.7	30.810418123578447	379.8531755037333	30.810418123578447	131.12464985997772
11260-9	28176.341916282643	108.9	352.81653110146465	359.59901967524166	352.81653110146465	1377.643138772398
11260-90		16.7	37.89139544291907	463.65752708822066	37.89139544291907	33.73793523258291
11260-91		16.7	539.4365745486848	55.9984497827432	55.9984497827432	549.0923324255148
11260-92	16184.380689964157	17.2	398.24059416536693	328.8077784326401	328.8077784326401	1086.2862369436202
11260-93		16.7	305.57768827149346	42.31662176538006	42.31662176538006	552.3692600721724
11260-94		16.7	155.98475252732138	268.3176071161554	155.98475252732138	147.5676049165304
11260-95	16184.380689964157	17.2	273.8406786892284	153.0627555282486	153.0627555282486	855.6667461829552
11260-963	33653.23398617512	97.4	49.85897707880823	125.39703192614225	49.85897707880823	114.58441397220952
11260-97	33653.23398617512	97.4	152.40844386728241	311.5429812191742	152.40844386728241	77.56637730196651
11260-98		16.7	482.4409621686712	48.40489037739658	48.40489037739658	670.2499905534952
11260-99		16.7	567.5523744864266	21.017792418333034	21.017792418333034	645.3217311008649
11290-100	22682.134229390682	84.4	37.433729574048094	547.2039841661353	37.433729574048094	1483.8213544222383
11290-104	41419.885554275475	122.2	224.8943021409598	225.12054245205306	224.8943021409598	2785.812079520659
11290-105	43486.49109703021	130.3	514.232825039413	165.96960967047744	165.96960967047744	3548.8107618521994
11290-106	43486.49109703021	130.3	256.24284255936004	529.0719714106559	256.24284255936004	3039.0476504123308
11290-109	15422.029870711725	99.7	161.99429701500713	93.52161470994535	93.52161470994535	2444.2132941731543
11290-11	28153.992204301074	131.4	221.81443570230954	110.70156788649037	110.70156788649037	3780.2854422094915
11290-110	41419.885554275475	122.2	87.05874944257371	96.32306957975348	87.05874944257371	4122.461650267339
11290-111	43486.49109703021	130.3	279.66059119476137	283.94722473429334	279.66059119476137	4076.0855971549627
11290-112	30359.145654121865	103.1	907.1632202972828	672.0806468458688	672.0806468458688	5324.154270718027
11290-113	41419.885554275475	122.2	157.5414618171418	257.85146641371347	157.5414618171418	2742.716515365601
11290-115	50405.81572580645	110.0	1211.435632176691	25.25221909765812	25.25221909765812	1713.060218263007
11290-116	43486.49109703021	130.3	189.43541358657444	360.643879964264	189.43541358657444	3099.089713543729
11290-117	41419.885554275475	122.2	22.021517911927486	197.12449661627073	22.021517911927486	3704.336494523479
11290-127	41419.885554275475	122.2	173.59351033991922	173.72523700705568	173.59351033991922	2836.7824934613855
11290-13	41419.885554275475	122.2	132.818927229753	492.6235050608654	132.818927229753	3121.228481755032
11290-14	41419.885554275475	122.2	60.60989356681909	239.35315383422238	60.60989356681909	2968.2640878929355
11290-15	43486.49109703021	130.3	552.4662575158	86.82970950044286	86.82970950044286	3606.296131372746
11290-16	41419.885554275475	122.2	73.73501914844041	153.38515184318888	73.73501914844041	2939.513789978854
11290-17	41419.885554275475	122.2	107.9673410994744	546.9566405729202	107.9673410994744	2932.3519260045623
11290-178	16969.85802611367	89.7	236.48192458292067	317.8064279118112	236.48192458292067	1801.6722775673413
11290-18	43486.49109703021	130.3	130.10240973368246	633.7663262606062	130.10240973368246	2781.7262301238366
11290-19	43486.49109703021	130.3	276.52598637771223	297.50611641777914	276.52598637771223	3445.0563203384395
11290-20	43486.49109703021	130.3	276.52598637771223	297.50611641777914	276.52598637771223	3445.0563203384395
11290-204	43486.49109703021	130.3	289.1781654687066	23.32925392754507	23.32925392754507	3726.0587781075624
11290-206	43486.49109703021	130.3	163.1390467500809	154.1988677811963	154.1988677811963	3121.4660448921604
11290-207	15422.029870711725	99.7	481.784118621081	301.92092831102536	301.92092831102536	2353.078406165281
11290-21	41419.885554275475	122.2	18.246729884426234	265.5767972079574	18.246729884426234	2890.5138461839742
11290-210	41419.885554275475	122.2	764.1070423699107	521.5328603149314	521.5328603149314	4170.556011251016
11290-211	41419.885554275475	122.2	712.2977845588292	546.1913511395724	546.1913511395724	4148.8783194337975
11290-212	50405.81572580645	110.0	809.6197825410437	115.96930430273528	115.96930430273528	3854.1554423754665
11290-213	12293.561418330772	74.4	264.01563078911954	265.7027846422913	264.01563078911954	1479.4857631898453
11290-214	43486.49109703021	130.3	81.93823587099922	372.69383770232264	81.93823587099922	3359.4676566552334
11290-216	15422.029870711725	99.7	68.94212105837566	241.72505531188085	68.94212105837566	2676.5979373094074
11290-22	41419.885554275475	122.2	19.325343833088464	103.86281032227049	19.325343833088464	2976.203298893521
11290-24	43486.49109703021	130.3	144.41632098767258	469.2053105386221	144.41632098767258	3450.5157855766815
11290-25	43486.49109703021	130.3	234.19327189352575	455.5067121687542	234.19327189352575	3503.735196677938
11290-26	43486.49109703021	130.3	67.19314078592816	299.82786604580014	67.19314078592816	3311.494101648197
11290-27	43486.49109703021	130.3	214.94715362244062	221.9690214811283	214.94715362244062	3355.199033121117
11290-28	43486.49109703021	130.3	365.8308392950918	164.06722943235212	164.06722943235212	3422.7031254036347
11290-29	43486.49109703021	130.3	280.8285969436006	526.8467871873463	280.8285969436006	3045.159799506901
11290-30	43486.49109703021	130.3	199.24776877499008	478.77777694820327	199.24776877499008	3160.8356241452243
11290-31	43486.49109703021	130.3	73.2227690606333	364.3370828749326	73.2227690606333	3228.689098004511
11290-32	15422.029870711725	99.7	247.71579511864547	168.88230347730172	168.88230347730172	1867.1416266370265
11290-33	15422.029870711725	99.7	211.27105134075572	148.70388810187833	148.70388810187833	1844.5257767707772
11290-3356	15422.029870711725	99.7	201.40918781428823	74.91050539626207	74.91050539626207	2059.397657705639
11290-3372	41419.885554275475	122.2	122.34377822210915	85.33778736311935	85.33778736311935	4396.58076890312
11290-3379	16969.85802611367	89.7	256.1052814371841	659.369348763313	256.1052814371841	2086.4403546644785
11290-3381	20804.70583717358	69.5	24.97976587951017	172.32783819777387	24.97976587951017	667.5873362948066
11290-34	34914.11942524322	74.6	87.39522164954347	212.5010705607887	87.39522164954347	1719.4812352268518
11290-3400	50405.81572580645	110.0	1149.3340602871428	21.167386301201173	21.167386301201173	1783.7188233459306
11290-3405	30359.145654121865	103.1	977.7013228741678	140.61186899389057	140.61186899389057	4814.308119456607
11290-3464	22682.134229390682	84.4	121.58022015227047	238.72128666016613	121.58022015227047	2042.7452004756412
11290-3468	22682.134229390682	84.4	500.1247448069885	194.72326510576656	194.72326510576656	2517.1494800570413
11290-3473			1471.0479416805736	113.00041699234099	113.00041699234099	1065.3068672124152
11290-3475	43486.49109703021	130.3	681.5446544709165	376.4936002283758	376.4936002283758	3844.5839342305135
11290-3476	43486.49109703021	130.3	65.91479432262172	178.94699416661138	65.91479432262172	3131.0823782214984
11290-3478	30359.145654121865	103.1	1014.5015892792602	887.6672654954308	887.6672654954308	5386.592711343176
11290-3485	6392.664279313875	103.2	517.4217858823981	126.65992556065956	126.65992556065956	2662.3213874718713
11290-3487	16969.85802611367	89.7	209.24044148207216	675.7545425640454	209.24044148207216	2105.413157215696
11290-3490			1546.4813615995527	34.740501883026354	34.740501883026354	1198.6154905370117
11290-3492	50405.81572580645	110.0	573.5368575528308	105.68242856196888	105.68242856196888	2581.421621312879
11290-3494	28153.992204301074	131.4	325.089830671388	62.97947116757667	62.97947116757667	3973.016113739248
11290-35	6392.664279313875	103.2	337.2875883387507	195.99526073865798	195.99526073865798	2321.5523876762445
11290-3508	20804.70583717358	69.5	198.90654688336258	170.44669166243693	170.44669166243693	723.1819033047643
11290-3509	30359.145654121865	103.1	826.0145284934395	838.65112167502	826.0145284934395	5481.343125966857
11290-3510	50405.81572580645	110.0	964.3108151794378	192.42545470670777	192.42545470670777	4542.830937340475
11290-3511	41419.885554275475	122.2	645.800527736864	158.37700929429312	158.37700929429312	3770.414799727324
11290-3512	41419.885554275475	122.2	337.2858200325174	35.34727016271699	35.34727016271699	3463.99929017942
11290-3519	43486.49109703021	130.3	489.9453672819232	69.54471387906872	69.54471387906872	3498.2275902233696
11290-3530	43486.49109703021	130.3	580.935222660026	165.7267214033999	165.7267214033999	3598.6343991034164
11290-3534	41419.885554275475	122.2	291.86876935219857	301.11022126988865	291.86876935219857	3406.680230103942
11290-3555	22682.134229390682	84.4	49.14977223564137	358.6667420481237	49.14977223564137	2026.7517061503095
11290-3558	41419.885554275475	122.2	58.71296891713451	272.70940066987026	58.71296891713451	2962.26742189162
11290-3559	41419.885554275475	122.2	67.42755499921688	302.1232298695263	67.42755499921688	3047.6919237475054
11290-3564	41419.885554275475	122.2	107.9673410994744	546.9566405729202	107.9673410994744	2932.3519260045623
11290-3565	43486.49109703021	130.3	65.4749991532531	587.8327348930447	65.4749991532531	2848.650163200501
11290-3572	22682.134229390682	84.4	163.8923887446991	512.9462891059644	163.8923887446991	1723.58877174551
11290-3576	6392.664279313875	103.2	597.3635537275471	335.7241489728951	335.7241489728951	2884.532309586538
11290-36	6392.664279313875	103.2	289.16404804669054	367.635714378568	289.16404804669054	2025.0442877644764
11290-3622	50405.81572580645	110.0	863.9439219220282	96.6917987533291	96.6917987533291	4814.0538689515115
11290-3624	22682.134229390682	84.4	46.657167434736834	161.91931790275268	46.657167434736834	2402.5750851354474
11290-3630	30359.145654121865	103.1	999.7464812946334	754.7778115528924	754.7778115528924	5316.458633935297
11290-3639	43486.49109703021	130.3	276.52598637771223	297.50611641777914	276.52598637771223	3445.0563203384395
11290-3640	50405.81572580645	110.0	389.79256391294115	176.90923389411188	176.90923389411188	3520.9885668486336
11290-3641	41419.885554275475	122.2	712.2977845588292	546.1913511395724	546.1913511395724	4148.8783194337975
11290-3642	50405.81572580645	110.0	809.6197825410437	115.96930430273528	115.96930430273528	3854.1554423754665
11290-3643	41419.885554275475	122.2	645.800527736864	158.37700929429312	158.37700929429312	3770.414799727324
11290-3644	12293.561418330772	74.4	352.11067039864315	355.9741525504295	352.11067039864315	1896.1586925479367
11290-3647	43486.49109703021	130.3	381.64762176920726	394.5488140293454	381.64762176920726	4171.022882381073
11290-3656	50405.81572580645	110.0	573.5368575528308	105.68242856196888	105.68242856196888	2581.421621312879
11290-3678	41419.885554275475	122.2	42.995206118779805	168.19315837069976	42.995206118779805	2701.7203738975104
11290-3693	22682.134229390682	84.4	91.22514461370497	658.2824262923571	91.22514461370497	1532.6913066116615
11290-3695	43486.49109703021	130.3	414.2265445656093	237.80442307638302	237.80442307638302	3904.6643473618597
11290-3696	41419.885554275475	122.2	22.017654687528573	354.10752883742725	22.017654687528573	3589.922254202288
11290-37	41419.885554275475	122.2	190.23965586792642	406.3140773685907	190.23965586792642	3692.254485244184
11290-3707	15422.029870711725	99.7	464.6693534646688	279.6292087080131	279.6292087080131	2835.233872814823
11290-3718	43486.49109703021	130.3	26.27485925437749	379.2453742255333	26.27485925437749	2948.663397210535
11290-3719			1493.4221121843234	43.92937325519858	43.92937325519858	1364.7728594899515
11290-3763	41419.885554275475	122.2	239.99553258741847	371.03836051788613	239.99553258741847	3353.4729696177255
11290-3766	20804.70583717358	69.5	42.82877968967801	268.4581911788048	42.82877968967801	1115.1042579767702
11290-3770	43486.49109703021	130.3	67.25768122982191	465.31020319959566	67.25768122982191	2985.8807747166147
11290-3786	41419.885554275475	122.2	423.7102208311798	598.9251817912458	423.7102208311798	2402.72765566828
11290-3794	50405.81572580645	110.0	725.0534079226411	256.9143016387833	256.9143016387833	2435.5216481025245
11290-3795	20804.70583717358	69.5	42.82877968967801	268.4581911788048	42.82877968967801	1115.1042579767702
11290-3797	22682.134229390682	84.4	60.74642600122846	269.5896994908419	60.74642600122846	1965.0787429634415
11290-38	30359.145654121865	103.1	1006.7712899674278	482.65640636708275	482.65640636708275	5136.961556144593
11290-3807	41419.885554275475	122.2	235.18150953860254	195.6858649398197	195.6858649398197	3402.286856927682
11290-3808	41419.885554275475	122.2	423.7102208311798	598.9251817912458	423.7102208311798	2402.72765566828
11290-3809	43486.49109703021	130.3	99.1856561232954	236.4961811505338	99.1856561232954	2875.9300238345522
11290-3815	41419.885554275475	122.2	712.686850445374	313.4776129788648	313.4776129788648	3909.794091945191
11290-3824	22682.134229390682	84.4	52.75790641357512	422.17763389229873	52.75790641357512	1843.3597437425362
11290-3825	41419.885554275475	122.2	67.13349981974886	406.16671478119275	67.13349981974886	3328.6511568546975
11290-3826	22682.134229390682	84.4	111.44169016441909	267.07996598975853	111.44169016441909	2294.7319705427594
11290-3830	43486.49109703021	130.3	411.76474388404705	121.05863984771011	121.05863984771011	3427.649293741956
11290-3831	30359.145654121865	103.1	1122.688348144499	343.3872140854947	343.3872140854947	4984.31497395976
11290-3838	41419.885554275475	122.2	712.686850445374	313.4776129788648	313.4776129788648	3909.794091945191
11290-3842	22682.134229390682	84.4	52.75790641357512	422.17763389229873	52.75790641357512	1843.3597437425362
11290-3847	20804.70583717358	69.5	163.55206777249145	485.52972313133023	163.55206777249145	1243.5021430057675
11290-3851	41419.885554275475	122.2	235.18150953860254	195.6858649398197	195.6858649398197	3402.286856927682
11290-3859	41419.885554275475	122.2	50.23539680544399	220.0262228401297	50.23539680544399	3058.2424594084177
11290-3861	41419.885554275475	122.2	67.13349981974886	406.16671478119275	67.13349981974886	3328.6511568546975
11290-3875	41419.885554275475	122.2	59.728587487770035	237.4631716730205	59.728587487770035	2810.4351396627785
11290-3876	15422.029870711725	99.7	79.6522840642531	67.91389969578778	67.91389969578778	2271.0559156083286
11290-39	41419.885554275475	122.2	823.8725505262428	281.4701667252682	281.4701667252682	4548.699235213441
11290-3905	28153.992204301074	131.4	293.1013586443257	539.3457764266805	293.1013586443257	3139.780303890447
11290-3980	43486.49109703021	130.3	575.6604511173388	224.90058213374695	224.90058213374695	3750.4827350285377
11290-4	28153.992204301074	131.4	1499.5989892572657	123.82535556670909	123.82535556670909	4107.81334728142
11290-40	41419.885554275475	122.2	322.09353326584863	242.5905605724648	242.5905605724648	5186.215474616303
11290-4041	41419.885554275475	122.2	87.17152733996551	242.68951422162442	87.17152733996551	3013.4340862792396
11290-4074	6392.664279313875	103.2	414.1847411452556	31.594652358134386	31.594652358134386	2577.1457262595627
11290-41	30359.145654121865	103.1	890.6595087506565	589.819136292616	589.819136292616	5256.901788469326
11290-4123	15422.029870711725	99.7	227.31955322181537	56.04556138182387	56.04556138182387	2490.7586451126945
11290-4173	41419.885554275475	122.2	24.320017295993715	515.4434014332268	24.320017295993715	3052.7130765617126
11290-4199	43486.49109703021	130.3	32.513023720214896	273.0998799805929	32.513023720214896	3274.15409798453
11290-4217	43486.49109703021	130.3	148.73943875436672	473.4541194961016	148.73943875436672	2770.1820984573706
11290-4233	28153.992204301074	131.4	23.360379143046572	43.9744372700549	23.360379143046572	3675.352448150494
11290-4257	43486.49109703021	130.3	246.30003848679644	224.1687719711122	224.1687719711122	3977.312585844793
11290-43	41419.885554275475	122.2	10.391249932689856	255.24519628661656	10.391249932689856	4508.584890572908
11290-4424	22682.134229390682	84.4	214.16376269137118	459.97206123250356	214.16376269137118	1945.8825584232782
11290-45	43486.49109703021	130.3	324.05778318183854	167.1170688904436	167.1170688904436	3534.4076208321108
11290-4536	15422.029870711725	99.7	227.24895835909396	136.80040484110748	136.80040484110748	2412.1126355091055
11290-4544	43486.49109703021	130.3	503.69198794099856	45.098649425702384	45.098649425702384	3611.026561032659
11290-46	41419.885554275475	122.2	323.14266702368906	336.4927506369596	323.14266702368906	3334.2558367563993
11290-4605	25397.430779569895	88.9	560.2104704229915	461.1926381321145	461.1926381321145	1990.581542864114
11290-4641	20804.70583717358	69.5	1262.8627346691856	40.3025927197044	40.3025927197044	1441.0852170761389
11290-4663	43486.49109703021	130.3	21.58896514955293	233.60275518896128	21.58896514955293	3203.1237496011527
11290-47	43486.49109703021	130.3	440.8727654450225	311.7474764369131	311.7474764369131	3973.0811329749076
11290-4773	41419.885554275475	122.2	675.5237143848168	514.4798039979477	514.4798039979477	4193.571135374382
11290-4786	50405.81572580645	110.0	122.51206044589415	342.39487804085076	122.51206044589415	3170.0767838586535
11290-4788	20804.70583717358	69.5	651.0577901411033	61.74030620922071	61.74030620922071	483.81038015214995
11290-48	41419.885554275475	122.2	245.70066067977623	57.89225500818476	57.89225500818476	3652.3151804617764
11290-4834	20804.70583717358	69.5	879.4518541093374	186.47789761284858	186.47789761284858	999.5555540862047
11290-4854	24346.594060419866	59.4	56.25518589360987	63.39454845658347	56.25518589360987	448.97447466089335
11290-4861			1210.2908844807407	34.294766447928644	34.294766447928644	906.9485148782121
11290-49	43486.49109703021	130.3	748.958220945411	647.3395220443234	647.3395220443234	4195.824349239157
11290-4953	22682.134229390682	84.4	30.756064260620338	93.08912987180693	30.756064260620338	2530.6338885225287
11290-4978			1182.2791183893803	282.83357958240595	282.83357958240595	1142.7039060468428
11290-50	30359.145654121865	103.1	1174.0233454810839	566.4875820381454	566.4875820381454	5098.61261713059
11290-5001	34914.11942524322	74.6	28.25281591246559	192.82168669412295	28.25281591246559	1770.4285170527498
11290-5086	50405.81572580645	110.0	244.28934720772423	297.0633737899747	244.28934720772423	3397.857241348889
11290-5098	15422.029870711725	99.7	127.77860468117753	167.56713527140533	127.77860468117753	2504.3262904051817
11290-51	41419.885554275475	122.2	714.0275269678101	389.67849815004763	389.67849815004763	4397.053583380004
11290-5117	41419.885554275475	122.2	27.409994797657102	79.81043268752921	27.409994797657102	4015.0267552978858
11290-5123	20804.70583717358	69.5	674.4286305564398	71.2708176072479	71.2708176072479	682.9447863452706
11290-5142	20804.70583717358	69.5	18.97870120118061	335.51900934912675	18.97870120118061	1208.744062974369
11290-52	41419.885554275475	122.2	349.9736600940713	168.8388217852682	168.8388217852682	5127.972200979155
11290-5254	41419.885554275475	122.2	47.86852515623278	156.06232270109152	47.86852515623278	3219.5256937099507
11290-5255	41419.885554275475	122.2	172.8288608537598	155.20514181483924	155.20514181483924	5027.764019588788
11290-5256	43486.49109703021	130.3	23.557309237955792	114.08327549500041	23.557309237955792	3158.6303693083314
11290-5263	43486.49109703021	130.3	61.585795910829006	182.09115039460474	61.585795910829006	2920.3101592639027
11290-5264	15422.029870711725	99.7	413.6284737830496	15.911706613223073	15.911706613223073	2174.840963239441
11290-53	41419.885554275475	122.2	280.8083288577296	351.4878876623594	280.8083288577296	3910.811085102086
11290-54	41419.885554275475	122.2	348.52087448880815	316.01588210182587	316.01588210182587	4057.511363347832
11290-5452	50405.81572580645	110.0	809.6197825410437	115.96930430273528	115.96930430273528	3854.1554423754665
11290-5461	50405.81572580645	110.0	389.79256391294115	176.90923389411188	176.90923389411188	3520.9885668486336
11290-5472	41419.885554275475	122.2	712.2977845588292	546.1913511395724	546.1913511395724	4148.8783194337975
11290-55	41419.885554275475	122.2	609.1806463436382	284.10448705510044	284.10448705510044	3770.1764853417144
11290-56	50405.81572580645	110.0	389.79256391294115	176.90923389411188	176.90923389411188	3520.9885668486336
11290-57	41419.885554275475	122.2	25.098631768967692	95.14780484023304	25.098631768967692	3120.002825397739
11290-58	50405.81572580645	110.0	1098.7908621995366	550.7673524436183	550.7673524436183	4165.832337209994
11290-5983	20804.70583717358	69.5	289.26599163935225	138.3170299290538	138.3170299290538	842.4613398909092
11290-5986	20804.70583717358	69.5	22.646322918898584	455.1106346504539	22.646322918898584	1331.7008249148305
11290-5987	20804.70583717358	69.5	289.26599163935225	138.3170299290538	138.3170299290538	842.4613398909092
11290-5988	20804.70583717358	69.5	289.26599163935225	138.3170299290538	138.3170299290538	842.4613398909092
11290-5989	20804.70583717358	69.5	289.26599163935225	138.3170299290538	138.3170299290538	842.4613398909092
11290-5991	41419.885554275475	122.2	485.33410999691125	252.4755595616868	252.4755595616868	4345.01642369169
11290-5993	22682.134229390682	84.4	66.75241100855432	286.2427643556855	66.75241100855432	2339.1779091141884
11290-60	41419.885554275475	122.2	361.13276690585894	266.19432432369194	266.19432432369194	3530.6479096992243
11290-6031	41419.885554275475	122.2	47.86852515623278	156.06232270109152	47.86852515623278	3219.5256937099507
11290-61	41419.885554275475	122.2	404.41855897890775	499.8008467846289	404.41855897890775	2642.2176138197647
11290-62	16969.85802611367	89.7	207.6330671641228	485.74644399777264	207.6330671641228	1936.5228883514524
11290-63	16969.85802611367	89.7	33.415862964684074	423.3298414566297	33.415862964684074	1737.4743336940294
11290-64	16969.85802611367	89.7	166.8154484242353	452.450663029017	166.8154484242353	1892.1784283695508
11290-65	22682.134229390682	84.4	121.58022015227047	238.72128666016613	121.58022015227047	2042.7452004756412
11290-66	22682.134229390682	84.4	343.5340632125284	59.21704480853736	59.21704480853736	2569.442873819058
11290-67	22682.134229390682	84.4	180.5771146486258	234.68986507896977	180.5771146486258	2554.5356517816795
11290-68	22682.134229390682	84.4	278.6851950145031	198.5742999443006	198.5742999443006	2675.8431377781785
11290-69	22682.134229390682	84.4	130.96195991175097	65.28974257606816	65.28974257606816	2304.367487213544
11290-70	12293.561418330772	74.4	22.45864357523441	92.3634872245658	22.45864357523441	1828.9828767579634
11290-71	12293.561418330772	74.4	352.11067039864315	355.9741525504295	352.11067039864315	1896.1586925479367
11290-72	20804.70583717358	69.5	45.45326910873655	133.6744519293273	45.45326910873655	1020.2854998332139
11290-73	50405.81572580645	110.0	871.0686386247091	96.11305726879915	96.11305726879915	2151.034358477048
11290-74	24346.594060419866	59.4	149.55105371916252	255.4746458390317	149.55105371916252	203.7144792858842
11290-75	24346.594060419866	59.4	453.5075646851088	115.90577385780267	115.90577385780267	169.71935624141702
11290-76	24346.594060419866	59.4	345.6114549842722	62.06158929706706	62.06158929706706	47.35283895490508
11290-77			447.42264452015286	26.831383410326712	26.831383410326712	175.8070981482971
11290-8	28153.992204301074	131.4	1454.793138102706	76.58792275450217	76.58792275450217	4134.977420186668
11290-81	15422.029870711725	99.7	261.69431734022453	182.09248165526776	182.09248165526776	2718.873699052378
11290-82	30359.145654121865	103.1	1219.5237659566444	146.1618225360645	146.1618225360645	4765.262984667597
11290-83	41419.885554275475	122.2	52.86500585862193	136.30685314302798	52.86500585862193	4735.230584376524
11290-84	41419.885554275475	122.2	171.91863937706822	215.6680248886692	171.91863937706822	2533.81116069378
11290-85	22682.134229390682	84.4	112.40689357562108	172.72714322277474	112.40689357562108	2543.66035408369
11290-86	22682.134229390682	84.4	117.50570755180966	188.0442103838097	117.50570755180966	2530.964914009648
11290-88	22682.134229390682	84.4	500.1247448069885	194.72326510576656	194.72326510576656	2517.1494800570413
11290-90	43486.49109703021	130.3	252.2055448778512	555.7796476773848	252.2055448778512	3141.8746901787795
11290-92	43486.49109703021	130.3	154.8037281339233	470.72494912007926	154.8037281339233	2999.900908154336
11290-93	43486.49109703021	130.3	61.63173601202878	506.73174456915086	61.63173601202878	2833.9509437587667
11290-94	15422.029870711725	99.7	212.8721193313956	71.87139685723565	71.87139685723565	2153.6005697522332
11290-96	30359.145654121865	103.1	868.1001928747116	491.6506181146418	491.6506181146418	5187.378565754995
11290-97	16969.85802611367	89.7	124.74197435371025	658.0668608102951	124.74197435371025	2016.0583736275603
11290-98	12293.561418330772	74.4	501.145822801837	536.660622022662	501.145822801837	1613.469540341975
11290-99	22682.134229390682	84.4	245.48128680852687	354.5186343713384	245.48128680852687	2024.2278997021433
11305-1	30359.145654121865	103.1	235.56096135565576	867.7232064414841	235.56096135565576	2662.803044099393
11305-10	50405.81572580645	110.0	156.107821409525	231.68267387506725	156.107821409525	2721.947448616989
11305-11	50405.81572580645	110.0	43.40941348153465	193.10390025966038	43.40941348153465	2834.5711007358896
11305-113	66508.69941756272	102.0	146.710288884351	67.13006870759853	67.13006870759853	2549.767721334662
11305-114	66508.69941756272	102.0	1425.5813634081974	50.355132882998056	50.355132882998056	3006.0657065081637
11305-12	30359.145654121865	103.1	227.12695283148534	409.22773601062016	227.12695283148534	3124.2365115805833
11305-13	30359.145654121865	103.1	1300.2972838245992	31.302499936978432	31.302499936978432	4192.5137821473
11305-134	54391.82169738863	85.7	2287.6017637293726	168.20608120443288	168.20608120443288	2911.739160715633
11305-14	50405.81572580645	110.0	592.0842144734128	227.17534906213768	227.17534906213768	2370.1846682764676
11305-15	30359.145654121865	103.1	942.99904561934	352.73696450291766	352.73696450291766	1933.3810614222632
11305-156	30359.145654121865	103.1	212.50513387187988	423.82494961347925	212.50513387187988	3109.614932177773
11305-157	30359.145654121865	103.1	1114.8352106253876	189.87748315107044	189.87748315107044	1775.0520439564448
11305-16			1472.6885413647658	166.15282182551965	166.15282182551965	1410.7258159392816
11305-161	66508.69941756272	102.0	36.469628967159736	96.34390906562811	36.469628967159736	2245.1891913593686
11305-163	66508.69941756272	102.0	417.90161574172674	61.47581372486428	61.47581372486428	2335.1347761427655
11305-164	66508.69941756272	102.0	415.7699270831253	141.75287742387908	141.75287742387908	2262.473944045372
11305-165	66508.69941756272	102.0	978.0551996390883	26.929085899650524	26.929085899650524	3402.19487528955
11305-166	66508.69941756272	102.0	743.1406205714566	20.939453709773762	20.939453709773762	3437.2069301160395
11305-167	66508.69941756272	102.0	1717.9061671928057	220.5463230635236	220.5463230635236	3562.635062435892
11305-168	66508.69941756272	102.0	484.51357338812073	129.28734237084686	129.28734237084686	2237.707164640739
11305-17	30359.145654121865	103.1	912.454533111373	530.258288657279	530.258288657279	1965.7570711040237
11305-18	66508.69941756272	102.0	436.342795289735	134.19758652293766	134.19758652293766	1829.6870184379245
11305-19	66508.69941756272	102.0	148.5977208463016	373.1908238517427	148.5977208463016	1778.2855593764916
11305-20			1457.5511538761948	267.49722993386223	267.49722993386223	1420.7809267238706
11305-21	30359.145654121865	103.1	1099.8712317511577	232.11197018213156	232.11197018213156	1786.1482698106574
11305-22	30359.145654121865	103.1	966.2480461119653	298.0426629903715	298.0426629903715	1878.239231263948
11305-23	30359.145654121865	103.1	857.6468611626492	464.26463957297585	464.26463957297585	2022.8316252109637
11305-24			1628.1939374836165	183.98726485550716	183.98726485550716	1227.0500461631168
11305-25	30359.145654121865	103.1	1198.4026117329504	134.23395741541628	134.23395741541628	1712.3434661750766
11305-26	30359.145654121865	103.1	1290.9875386863475	280.1031815557821	280.1031815557821	1592.791514742607
11305-27			1522.712027170711	249.29071603846276	249.29071603846276	1355.5601898345676
11305-28	30359.145654121865	103.1	891.7056947921935	351.58378057960635	351.58378057960635	1995.0609419660082
11305-29	30359.145654121865	103.1	903.7032221511332	451.7358985949484	451.7358985949484	1975.8511658439131
11305-3	30359.145654121865	103.1	44.299359254596794	534.837690013325	44.299359254596794	2937.024705398507
11305-30	30359.145654121865	103.1	901.841427621411	492.0705897045493	492.0705897045493	1976.5868908197313
11305-31	66508.69941756272	102.0	1177.1860066993609	124.47817019305533	124.47817019305533	3345.8074426195362
11305-32	30359.145654121865	103.1	147.0789356887474	305.13472157781104	147.0789356887474	2911.2581798681863
11305-33	66508.69941756272	102.0	732.8050554541493	236.57514758627374	236.57514758627374	2707.069715334345
11305-34	66508.69941756272	102.0	732.8050554541493	236.57514758627374	236.57514758627374	2707.069715334345
11305-35	66508.69941756272	102.0	924.1483642607204	237.92878944032816	237.92878944032816	2720.8797157449503
11305-36	30359.145654121865	103.1	39.367003460934995	325.1965683429041	39.367003460934995	2812.4054419441513
11305-3628	50405.81572580645	110.0	689.322055637292	136.48937878675358	136.48937878675358	2283.095717352837
11305-3643	66508.69941756272	102.0	90.93586190547116	120.76262206144257	90.93586190547116	2503.6770424360825
11305-3644	66508.69941756272	102.0	90.86727782353243	100.14937508488875	90.86727782353243	2528.6672589674154
11305-3666	30359.145654121865	103.1	125.90489986371398	395.1035789140473	125.90489986371398	3016.467104082242
11305-3667	50405.81572580645	110.0	329.0153155181159	361.6247803469672	329.0153155181159	3312.526133117167
11305-3672	30359.145654121865	103.1	393.8295470846737	795.1534928129454	393.8295470846737	2503.714487392424
11305-3691	66508.69941756272	102.0	1576.048998863995	127.17767930623899	127.17767930623899	3193.780921381578
11305-3692	50405.81572580645	110.0	310.69964356877557	310.76857542851906	310.69964356877557	2586.870600876735
11305-3700	66508.69941756272	102.0	1392.0091254974402	80.81837001709486	80.81837001709486	3032.8659164470037
11305-3705			1533.5930009481908	200.5871458138657	200.5871458138657	1344.3134796369022
11305-3717	30359.145654121865	103.1	608.4989897260426	56.918207068311816	56.918207068311816	3446.642096040762
11305-3719	30359.145654121865	103.1	1213.426694636438	184.42405932904086	184.42405932904086	4485.9184670154145
11305-3720	50405.81572580645	110.0	1013.1276942774447	320.49007705573763	320.49007705573763	3906.5887786105845
11305-3753	30359.145654121865	103.1	554.2824875520993	33.02737539603179	33.02737539603179	3341.6967193025985
11305-3754	30359.145654121865	103.1	612.1457081298443	73.95173318319512	73.95173318319512	3472.846448100198
11305-3770	66508.69941756272	102.0	885.7932319381798	81.49247093635242	81.49247093635242	2891.6902035879384
11305-38	66508.69941756272	102.0	1002.4047972140161	261.99151816283705	261.99151816283705	2687.1891250516705
11305-3849	30359.145654121865	103.1	1300.2972838245992	31.302499936978432	31.302499936978432	4192.5137821473
11305-3850	66508.69941756272	102.0	212.20443059977862	54.12927371682993	54.12927371682993	2338.028756168923
11305-3875	66508.69941756272	102.0	501.39034712558663	25.47028357831072	25.47028357831072	3126.7183365615074
11305-3884	66508.69941756272	102.0	153.37123650603053	65.47215667168658	65.47215667168658	2206.563912080437
11305-39	66508.69941756272	102.0	147.94285337375538	63.181614912053526	63.181614912053526	2830.901794638207
11305-3945	30359.145654121865	103.1	262.86838622076846	276.38953376013984	262.86838622076846	3024.4034719831625
11305-3952	30359.145654121865	103.1	247.7882003538619	579.9822123348794	247.7882003538619	2630.5481338078275
11305-4	30359.145654121865	103.1	371.98851341229295	815.162182923553	371.98851341229295	2541.8192116375535
11305-4064	66508.69941756272	102.0	593.0603770005144	36.80802524250859	36.80802524250859	1940.0629752503214
11305-4065	66508.69941756272	102.0	506.2390694182721	48.78285548451577	48.78285548451577	2042.025403409485
11305-4093	66508.69941756272	102.0	1136.4117047543982	278.5393004689841	278.5393004689841	2670.109234992155
11305-41	66508.69941756272	102.0	1346.5724045551324	76.71270403273648	76.71270403273648	3026.4164920305047
11305-4123	50405.81572580645	110.0	767.2426450315625	89.93250124638725	89.93250124638725	3668.683427297195
11305-4126	50405.81572580645	110.0	767.2426450315625	89.93250124638725	89.93250124638725	3668.683427297195
11305-4129	50405.81572580645	110.0	708.0905612204147	28.04902869424901	28.04902869424901	3602.5239587784554
11305-4130	50405.81572580645	110.0	708.0905612204147	28.04902869424901	28.04902869424901	3602.5239587784554
11305-4156	66508.69941756272	102.0	112.2795476171229	227.09753125095824	112.2795476171229	2869.961347808435
11305-4158	50405.81572580645	110.0	272.34522296402645	434.7891537503463	272.34522296402645	3292.991729920902
11305-4175	66508.69941756272	102.0	1383.7941140422463	53.403807872348864	53.403807872348864	2903.5029981391012
11305-4179	66508.69941756272	102.0	637.5690317556591	22.786509273963908	22.786509273963908	1869.2055217731163
11305-4199	50405.81572580645	110.0	272.34522296402645	434.7891537503463	272.34522296402645	3292.991729920902
11305-42	66508.69941756272	102.0	968.0623486993703	90.8325400116331	90.8325400116331	2871.456984061101
11305-4232	66508.69941756272	102.0	88.7833970886782	204.47127992331355	88.7833970886782	2844.761937378306
11305-4255	30359.145654121865	103.1	1146.3523472988416	201.43551916579682	201.43551916579682	4037.0014213963823
11305-43	54391.82169738863	85.7	2159.716072844634	154.17244941604469	154.17244941604469	3035.283932363829
11305-4390	66508.69941756272	102.0	139.64682532543065	191.76777858941918	139.64682532543065	2893.0293521213007
11305-44	54391.82169738863	85.7	2294.397066235982	51.989074453275556	51.989074453275556	2713.6732178322018
11305-4413	66508.69941756272	102.0	249.99318580204462	50.14857065243689	50.14857065243689	2656.676810224725
11305-45	66508.69941756272	102.0	1896.7171357473594	105.57102658807335	105.57102658807335	3089.261791472279
11305-4545	66508.69941756272	102.0	226.30616190945614	247.265229935565	226.30616190945614	2530.1390144333327
11305-46	50405.81572580645	110.0	1013.1276942774447	320.49007705573763	320.49007705573763	3906.5887786105845
11305-4644	66508.69941756272	102.0	73.5966651188851	170.14448110843477	73.5966651188851	2484.6850123481536
11305-47	50405.81572580645	110.0	502.1984342183813	344.83941746243954	344.83941746243954	2435.2753954574064
11305-4704	30359.145654121865	103.1	106.34353396795221	273.109305973083	106.34353396795221	2868.1438451521785
11305-4711	66508.69941756272	102.0	32.19268192694169	49.57314954695353	32.19268192694169	2679.595438073888
11305-4806	66508.69941756272	102.0	1653.7121499627926	72.87709596052548	72.87709596052548	3406.3734580314845
11305-4887	66508.69941756272	102.0	934.1750767138014	25.426420744621925	25.426420744621925	1667.0898479180328
11305-49	66508.69941756272	102.0	1072.6031828723624	164.09837909413093	164.09837909413093	3552.0087607603255
11305-5	50405.81572580645	110.0	639.915747041378	27.66122459903738	27.66122459903738	3533.8341920156467
11305-50	30359.145654121865	103.1	224.29098744805825	296.95886057420387	224.29098744805825	2538.519588665057
11305-51	30359.145654121865	103.1	172.1599412107154	424.7222448272084	172.1599412107154	2607.9557317586487
11305-5110	66508.69941756272	102.0	96.84753639774237	21.339040937777213	21.339040937777213	2807.7627886330624
11305-5111	66508.69941756272	102.0	1101.7523519050062	216.67483949082066	216.67483949082066	2730.615719485974
11305-5141	50405.81572580645	110.0	598.3357570747853	427.55548619944824	427.55548619944824	2294.1219529136733
11305-52	50405.81572580645	110.0	788.8022016818641	80.75226901034188	80.75226901034188	2179.902455999389
11305-5209	66508.69941756272	102.0	195.0143295569442	37.47103365197357	37.47103365197357	2883.928992368047
11305-5253	66508.69941756272	102.0	430.2602858771402	20.899549762813862	20.899549762813862	1932.4741886563668
11305-53	66508.69941756272	102.0	1518.1344874269744	151.131626016431	151.131626016431	3110.474744354556
11305-5308	66508.69941756272	102.0	1434.6635192566348	84.76570283032024	84.76570283032024	2877.302893562001
11305-5365	50405.81572580645	110.0	412.97072598193245	416.45059785148766	412.97072598193245	2502.8854900968813
11305-5381	30359.145654121865	103.1	140.3966342415275	265.179352451429	140.3966342415275	2900.81707055901
11305-5393	66508.69941756272	102.0	206.62849766674768	26.32583618947126	26.32583618947126	2579.3038960127747
11305-54	66508.69941756272	102.0	1438.2518382387898	49.64526790793628	49.64526790793628	3006.491872566128
11305-5409	66508.69941756272	102.0	82.19331053462939	135.64418979009287	82.19331053462939	2825.8687509322817
11305-5432	66508.69941756272	102.0	589.9615617460354	24.454528944870887	24.454528944870887	2287.3962461850538
11305-5438	66508.69941756272	102.0	1674.0653546081512	109.7378797329682	109.7378797329682	3444.0300828492354
11305-5443	66508.69941756272	102.0	473.98288029346406	107.79358334023928	107.79358334023928	3011.2870939919894
11305-5470	66508.69941756272	102.0	65.43835949390528	235.16607908967245	65.43835949390528	2419.5219460286967
11305-5492	50405.81572580645	110.0	57.580082601629684	102.71205261695685	57.580082601629684	2951.872426089345
11305-5494	66508.69941756272	102.0	67.83901098562296	157.46526184385795	67.83901098562296	2507.7165028708787
11305-55	66508.69941756272	102.0	303.1760734163939	123.3235013026584	123.3235013026584	1911.1401940463768
11305-5532	50405.81572580645	110.0	360.2489034595758	466.3825179942522	360.2489034595758	2517.5266533474455
11305-5548	66508.69941756272	102.0	306.8733604255853	102.5226587705013	102.5226587705013	2249.767070426311
11305-5579	66508.69941756272	102.0	770.6697227307085	70.96727771262145	70.96727771262145	1838.7298284446213
11305-5591	30359.145654121865	103.1	1005.2219107073604	155.2882811018264	155.2882811018264	3806.368889403367
11305-56	66508.69941756272	102.0	153.18634365216255	163.49098355809892	153.18634365216255	2901.059418312174
11305-5663	66508.69941756272	102.0	225.9350653295652	26.609945417826843	26.609945417826843	2455.230347939449
11305-5664	66508.69941756272	102.0	158.24674191705552	200.31630882676316	158.24674191705552	2912.109898839922
11305-5678	66508.69941756272	102.0	51.3340549070736	254.238545488456	51.3340549070736	2812.8974994552846
11305-5682	66508.69941756272	102.0	66.85592968268331	195.6763484704008	66.85592968268331	2464.528828019272
11305-5686	30359.145654121865	103.1	36.68313003255001	591.7479543744904	36.68313003255001	2867.522766070755
11305-57	66508.69941756272	102.0	1482.7112396417272	108.66890188539223	108.66890188539223	2858.957298095303
11305-5706	66508.69941756272	102.0	43.447216655203555	271.1699309539266	43.447216655203555	2710.614215667952
11305-5707	30359.145654121865	103.1	599.0989200032975	52.17291574170982	52.17291574170982	3425.470394543654
11305-5708	30359.145654121865	103.1	599.0989200032975	52.17291574170982	52.17291574170982	3425.470394543654
11305-5709	30359.145654121865	103.1	599.0989200032975	52.17291574170982	52.17291574170982	3425.470394543654
11305-58	54391.82169738863	85.7	970.5047748003564	328.3136726208847	328.3136726208847	2324.294691432581
11305-5814	30359.145654121865	103.1	1213.426694636438	184.42405932904086	184.42405932904086	4485.9184670154145
11305-5817	50405.81572580645	110.0	1013.1276942774447	320.49007705573763	320.49007705573763	3906.5887786105845
11305-59	54391.82169738863	85.7	2445.907864908748	91.8188006931222	91.8188006931222	2878.9764715869737
11305-6	30359.145654121865	103.1	1213.426694636438	184.42405932904086	184.42405932904086	4485.9184670154145
11305-60	30359.145654121865	103.1	109.66392163202211	369.1167390436	109.66392163202211	2768.475124135552
11305-61	30359.145654121865	103.1	176.87434450366752	514.2525717735106	176.87434450366752	3070.0465316904742
11305-63	30359.145654121865	103.1	856.9968278452025	490.23833212741846	490.23833212741846	2022.2092556372024
11305-64	30359.145654121865	103.1	894.9724096653291	512.9189624116257	512.9189624116257	1983.3159503473337
11305-65			1477.3653859702397	117.34462333518222	117.34462333518222	1413.6754267219203
11305-6569	66508.69941756272	102.0	715.0340040597655	46.25821177313288	46.25821177313288	3103.4572087045317
11305-6578	66508.69941756272	102.0	167.5646643517669	17.488492629703135	17.488492629703135	2862.8378634508813
11305-6581	50405.81572580645	110.0	19.999861635563782	164.2709570006414	19.999861635563782	2858.1309720094605
11305-6588	30359.145654121865	103.1	537.0315071279762	87.77382400114367	87.77382400114367	3427.6304475600587
11305-66	30359.145654121865	103.1	237.9604820875539	300.52825361752474	237.9604820875539	2999.5444365746566
11305-6611	30359.145654121865	103.1	37.684549165739064	685.5891715203031	37.684549165739064	2793.1372895147
11305-6612	30359.145654121865	103.1	37.684549165739064	685.5891715203031	37.684549165739064	2793.1372895147
11305-68	66508.69941756272	102.0	1480.1946952770393	138.34157763576582	138.34157763576582	3094.7405081410134
11305-7	66508.69941756272	102.0	304.99845583075324	191.86293276614992	191.86293276614992	2447.862025142469
11305-70	54391.82169738863	85.7	2360.100964222478	35.9739358851976	35.9739358851976	2758.080877102254
11305-71	66508.69941756272	102.0	2084.113639234324	208.18081246009243	208.18081246009243	3168.51768803976
11305-72	66508.69941756272	102.0	102.85925105778719	193.0511016676448	102.85925105778719	2412.6957234745696
11305-73	66508.69941756272	102.0	1579.9437290279095	127.69557702567147	127.69557702567147	3491.1928568371827
11305-74	30359.145654121865	103.1	186.0327513966336	883.3603106915104	186.0327513966336	2715.737019561508
11305-8	30359.145654121865	103.1	385.6803803475584	801.1546670869475	385.6803803475584	2518.7749497916498
11305-83	30359.145654121865	103.1	207.44709365784095	875.3325377370896	207.44709365784095	2690.258661915885
11305-9	30359.145654121865	103.1	142.89463593699995	426.9398294533788	142.89463593699995	2636.686103342801
11320-1	54391.82169738863	85.7	270.7693638411594	304.97615341288605	270.7693638411594	979.232449836003
11320-10	54391.82169738863	85.7	490.7204727353854	154.9590442359799	154.9590442359799	2014.5236262265971
11320-100			43.42981706409423	38.023740531273894	38.023740531273894	179.2440637112969
11320-101	54096.26591781874	72.1	55.90574456433547	52.73377862937045	52.73377862937045	327.0522595064756
11320-102	54096.26591781874	72.1	451.6603931633141	210.43288583158616	210.43288583158616	320.8083499552649
11320-104			258.15846097446814	121.28347144311275	121.28347144311275	92.65887283170821
11320-105			237.06647779789338	259.3220655994892	237.06647779789338	123.08225096724908
11320-106			158.80567222337288	244.08795420748345	158.80567222337288	93.20132561303599
11320-107	54096.26591781874	72.1	29.105237258379475	193.53023116620298	29.105237258379475	457.39258002177894
11320-108	54391.82169738863	85.7	61.076562720314065	115.60094446273077	61.076562720314065	1014.4353188087665
11320-109	54391.82169738863	85.7	60.57768037862504	130.80433295614537	60.57768037862504	1026.4943233544468
11320-11	54391.82169738863	85.7	504.9686765364103	25.863050963406405	25.863050963406405	1014.8096656665738
11320-110	54096.26591781874	72.1	136.7865936820296	119.90466525534264	119.90466525534264	382.616346770074
11320-111	54096.26591781874	72.1	448.2285167822175	300.63252133472156	300.63252133472156	88.79452172447999
11320-112	54391.82169738863	85.7	112.73311718871477	616.260555182729	112.73311718871477	1590.732006389553
11320-113	54096.26591781874	72.1	386.962677953692	340.76308617753403	340.76308617753403	173.43494135402796
11320-114	54096.26591781874	72.1	633.4529888679051	110.8230336951483	110.8230336951483	125.00045635157984
11320-115	18919.12939708141	23.9	226.36527714210834	222.72634456076008	222.72634456076008	195.967726086945
11320-116	18919.12939708141	23.9	193.20465734998322	378.7340683761785	193.20465734998322	359.71592740852606
11320-117			574.0522515175587	61.51311484570085	61.51311484570085	753.1623176684137
11320-118			195.54042513307155	87.43763959900869	87.43763959900869	24.088982886170776
11320-119	54391.82169738863	85.7	837.3348679325156	246.48604987893543	246.48604987893543	1915.0487119080112
11320-12	54391.82169738863	85.7	912.0511609076364	127.40456043363149	127.40456043363149	1379.9380577817683
11320-120			462.887250145847	88.73340161041027	88.73340161041027	785.641900132387
11320-121	54391.82169738863	85.7	337.19706836112914	130.61119253589834	130.61119253589834	1493.5192465820965
11320-122	54391.82169738863	85.7	811.8947126590381	22.846988902142332	22.846988902142332	920.6132012360285
11320-123	54391.82169738863	85.7	513.5007767520195	265.2011627086388	265.2011627086388	1349.0197911003122
11320-124			399.5276520240152	81.91022489013527	81.91022489013527	799.0830135164346
11320-126	54391.82169738863	85.7	209.01629654796218	151.94671451748206	151.94671451748206	825.5236441398048
11320-127	54391.82169738863	85.7	124.2079064111394	443.00149188858603	124.2079064111394	1503.7157094678043
11320-128	54391.82169738863	85.7	420.59354073433354	138.6746304484272	138.6746304484272	1591.2854720927542
11320-129	54391.82169738863	85.7	319.26997221434135	20.762542074107753	20.762542074107753	1384.5017509608113
11320-13	54391.82169738863	85.7	366.3951162945469	28.41940439698012	28.41940439698012	835.9416448023463
11320-131	54391.82169738863	85.7	310.85381482353637	275.0928579335842	275.0928579335842	1577.4333896363758
11320-132	54391.82169738863	85.7	308.21040227184835	301.3347018187554	301.3347018187554	1634.0113348079844
11320-133	54391.82169738863	85.7	357.56018253191394	249.9609503869821	249.9609503869821	1655.5013455172323
11320-134	54391.82169738863	85.7	713.106079519256	101.29801588844568	101.29801588844568	1913.9162458931876
11320-135	54391.82169738863	85.7	690.9799906481406	79.17818220252911	79.17818220252911	1898.6300843282224
11320-136	54391.82169738863	85.7	1028.6251711153434	407.296727568134	407.296727568134	2179.012371157995
11320-137	54096.26591781874	72.1	114.8722523789954	47.17203387798186	47.17203387798186	681.241392586561
11320-138	54096.26591781874	72.1	99.76813554296822	71.39702630428555	71.39702630428555	686.3303689834203
11320-139	54391.82169738863	85.7	913.7712676344345	194.40613565858018	194.40613565858018	1599.8747586340032
11320-14			164.32270792236204	237.21546962879032	164.32270792236204	445.0199361929278
11320-140	54391.82169738863	85.7	540.460797886682	30.793982820547928	30.793982820547928	1603.0887869209869
11320-141			475.8727968328676	113.42016234122018	113.42016234122018	761.8868674796993
11320-142			769.5572279238924	56.836074362382135	56.836074362382135	1049.839959781174
11320-143			441.9281611868678	125.72166232323245	125.72166232323245	622.328905401506
11320-144			565.9586848638129	60.36773168166426	60.36773168166426	743.2412621162238
11320-145			165.59322781363417	190.22557729385056	165.59322781363417	52.86397500963064
11320-146			1046.3416262307665	213.89912168269603	213.89912168269603	1230.8050307621706
11320-147	66508.69941756272	102.0	382.8311789257372	403.6230242199118	382.8311789257372	1598.5035565734436
11320-148			1300.518895313414	293.5295278253209	293.5295278253209	1265.6332566857438
11320-149	54096.26591781874	72.1	250.7643551426928	210.43994510057473	210.43994510057473	295.0271709278585
11320-15	54391.82169738863	85.7	929.9282086721945	38.11047957925538	38.11047957925538	1509.7240353094742
11320-150	18919.12939708141	23.9	479.211852945112	39.0599587461393	39.0599587461393	19.420080591841455
11320-151	18919.12939708141	23.9	601.8209891830811	241.4029548449592	241.4029548449592	275.9123201701282
11320-154			152.94279673404057	60.651444641812226	60.651444641812226	133.31832116478134
11320-155	54096.26591781874	72.1	52.228608471876576	80.30276689369059	52.228608471876576	547.180490361992
11320-16	54391.82169738863	85.7	443.72751043784626	24.722213137084	24.722213137084	857.3563093121064
11320-17	54391.82169738863	85.7	656.4032573490863	31.687117533725633	31.687117533725633	1934.2457371239566
11320-19			566.2573223008665	55.118862543443804	55.118862543443804	929.7583339082864
11320-2	54391.82169738863	85.7	726.5209040712837	143.0797711978235	143.0797711978235	1814.1244039977694
11320-20	54391.82169738863	85.7	216.19516561734142	432.54927052792215	216.19516561734142	1774.6122582768019
11320-21	54391.82169738863	85.7	637.4182617350901	26.823114926257443	26.823114926257443	1167.6576187963867
11320-2342	54391.82169738863	85.7	1879.413856182231	120.85234405163963	120.85234405163963	2800.030346175265
11320-2343			321.49484895645674	158.6420538096668	158.6420538096668	494.90630230971374
11320-2344			192.05252151491908	232.36101993779337	192.05252151491908	48.96554051686166
11320-2348	54096.26591781874	72.1	91.22226664488741	20.69300342349146	20.69300342349146	529.2521346786943
11320-2349			1351.5032916327614	250.91583432760567	250.91583432760567	1315.2325135376598
11320-2351			244.56521697409727	315.8324720683774	244.56521697409727	296.8114401603118
11320-2394	54391.82169738863	85.7	1497.7489299020015	304.8418369907166	304.8418369907166	2333.0067812977354
11320-2396	54391.82169738863	85.7	562.1896486409333	319.5151443991041	319.5151443991041	935.7287692497379
11320-2397	54096.26591781874	72.1	83.61630503592701	106.07641994514171	83.61630503592701	555.4787245175011
11320-2399	54391.82169738863	85.7	318.3169845230602	302.7580731788001	302.7580731788001	1690.0015803239066
11320-24	54391.82169738863	85.7	569.1805921527532	238.09509360941757	238.09509360941757	1241.9823198037516
11320-2404	54391.82169738863	85.7	642.7447302299471	46.54238372742866	46.54238372742866	1795.4030757284534
11320-2420	54096.26591781874	72.1	300.9819770319074	197.95019329419577	197.95019329419577	320.912839570685
11320-2435	54391.82169738863	85.7	187.5316864999199	315.1508734615189	187.5316864999199	978.3923523284981
11320-2443			316.9636669838084	20.120134345675485	20.120134345675485	121.95465995959177
11320-2473			291.7204522075364	19.021881049424458	19.021881049424458	96.73590503689884
11320-25	54391.82169738863	85.7	757.4423224028959	220.96124973228424	220.96124973228424	1441.583104361824
11320-2572	54391.82169738863	85.7	50.99134054966098	189.80569865722194	50.99134054966098	1082.983735681275
11320-26	54391.82169738863	85.7	383.17209224687247	244.59883906965797	244.59883906965797	1038.637762139163
11320-2644			254.34811676716723	102.20521101304152	102.20521101304152	42.11397829753265
11320-2698	54391.82169738863	85.7	587.9299769972989	48.53086560446108	48.53086560446108	1644.139226637324
11320-27	54391.82169738863	85.7	788.6011911323334	86.09763308692729	86.09763308692729	1263.916568948423
11320-2704			204.7396141076629	553.4134001250906	204.7396141076629	253.32289040666996
11320-28	54391.82169738863	85.7	873.9699307760653	172.77131762446186	172.77131762446186	1307.7451011303112
11320-2818	54096.26591781874	72.1	32.01717435740641	77.09590371363575	32.01717435740641	472.02849894470967
11320-287	54391.82169738863	85.7	114.1107342616657	52.46581057416551	52.46581057416551	1091.7937981435352
11320-288	54096.26591781874	72.1	86.28287986446435	65.06849700315881	65.06849700315881	584.1342613298809
11320-289	54391.82169738863	85.7	1234.0749504565074	456.85726625841085	456.85726625841085	2153.5371735341523
11320-29	54391.82169738863	85.7	1220.2047649977944	574.9919121736765	574.9919121736765	2224.445860780644
11320-290	54391.82169738863	85.7	1512.4563807618606	27.979310137382264	27.979310137382264	2125.4941178793224
11320-291	54391.82169738863	85.7	1479.3951058650516	54.564222824027524	54.564222824027524	2072.3752943401346
11320-292			1036.155696277352	508.57581075910144	508.57581075910144	1140.9047286777477
11320-294			930.5063952432045	335.7940657244197	335.7940657244197	1067.7928029989628
11320-2945			51.71554579754706	81.48014560187379	51.71554579754706	33.59032194777869
11320-295			696.9705455778748	343.7320871015818	343.7320871015818	779.742987978901
11320-297	54096.26591781874	72.1	595.2311931786362	123.50039197759178	123.50039197759178	172.2113384862419
11320-2971	54391.82169738863	85.7	839.2568785373912	23.497351769591393	23.497351769591393	958.0096774634977
11320-298			1198.4527503078043	381.31658672537316	381.31658672537316	1194.1144094903073
11320-2999	54391.82169738863	85.7	807.0475764635737	163.02619637502406	163.02619637502406	2146.7674327856203
11320-3	54391.82169738863	85.7	579.245518006732	21.701871058457584	21.701871058457584	1771.8533916821414
11320-30	54391.82169738863	85.7	62.77127202594049	94.20711823145282	62.77127202594049	1148.8435421026477
11320-300	54391.82169738863	85.7	728.6410901095516	48.05990541066413	48.05990541066413	1275.2075070754236
11320-3002			863.8597026681567	25.65407783335625	25.65407783335625	875.806679880135
11320-3007	54096.26591781874	72.1	386.639436745659	37.524034422587924	37.524034422587924	49.02739408270896
11320-301	54391.82169738863	85.7	728.9823490959375	48.00634769941426	48.00634769941426	1289.8995168681085
11320-302	54391.82169738863	85.7	722.4824411359624	85.82266766695382	85.82266766695382	1062.7447704142596
11320-303	54391.82169738863	85.7	694.4538582559759	145.79732283097002	145.79732283097002	980.6919177937124
11320-304	54391.82169738863	85.7	643.1618555124725	216.89316957411157	216.89316957411157	947.0213846364285
11320-305	54391.82169738863	85.7	308.4375724232364	558.8898947902045	308.4375724232364	1136.8468715545173
11320-3052	54096.26591781874	72.1	186.18103322537874	25.465553121988847	25.465553121988847	548.8624509512465
11320-307	54391.82169738863	85.7	289.309598593242	528.1536845037798	289.309598593242	1318.9759682018914
11320-308	54391.82169738863	85.7	60.269645527677014	171.30410895112635	60.269645527677014	1058.2331338736112
11320-31	54391.82169738863	85.7	56.482512276683856	180.31998099790192	56.482512276683856	1214.2774368913708
11320-310	54391.82169738863	85.7	282.9465611420494	313.98640521416473	282.9465611420494	928.0416349350353
11320-311	18919.12939708141	23.9	643.1129441133818	178.7269770554259	178.7269770554259	219.0833795360556
11320-3159	54391.82169738863	85.7	54.290190549539275	467.5334312831253	54.290190549539275	1446.2284354135822
11320-32	54391.82169738863	85.7	378.09839934853164	250.91158889098548	250.91158889098548	1784.5683758810303
11320-3231	54391.82169738863	85.7	56.11196679818099	134.0749893282298	56.11196679818099	696.5218590452027
11320-33	54391.82169738863	85.7	507.56928536482576	23.03681580076834	23.03681580076834	1605.2550336942695
11320-3348	54391.82169738863	85.7	25.073910589687863	601.6220202344823	25.073910589687863	1553.2944061065175
11320-34			274.4714993019013	67.07164092783732	67.07164092783732	397.1998275745687
11320-3414			625.6188063246477	194.17770991461734	194.17770991461734	739.5325838017703
11320-3428	54391.82169738863	85.7	23.123367872927293	179.49047906519056	23.123367872927293	1105.9325038191582
11320-3496			119.5076663469382	144.68978684439543	119.5076663469382	28.65592367647095
11320-35			1387.8616596244804	290.6519585944075	290.6519585944075	1586.580120331544
11320-3558			328.45806925228203	160.45761843496726	160.45761843496726	584.311166578506
11320-3564	54391.82169738863	85.7	1953.3529325691447	82.55755361898748	82.55755361898748	2785.273571819484
11320-3574			531.1280553240016	31.255704337042626	31.255704337042626	843.7943464674194
11320-3587	54391.82169738863	85.7	27.768302360573472	548.4219097160614	27.768302360573472	1730.8030931857672
11320-36			345.1193899282126	265.2911520779726	265.2911520779726	208.59275080188044
11320-3609	66508.69941756272	102.0	815.0387197218561	24.075667830492158	24.075667830492158	1473.6781663543165
11320-3610	54096.26591781874	72.1	123.52590375591787	25.693792088400905	25.693792088400905	408.32098783381264
11320-3611	54096.26591781874	72.1	101.94458878194257	25.581304825992014	25.581304825992014	429.4439616714546
11320-3673	54391.82169738863	85.7	30.385826098092373	127.7391889832658	30.385826098092373	1056.674442284991
11320-37			1216.4919351678286	119.5779329995587	119.5779329995587	1478.115576840922
11320-3711	25151.919758064516	41.8	99.8273566566371	24.57494265544236	24.57494265544236	450.4258348358981
11320-3716	54391.82169738863	85.7	614.0603938384836	23.45310695549123	23.45310695549123	1986.0122102426453
11320-3718	54391.82169738863	85.7	420.8887966839159	27.78448146181112	27.78448146181112	859.4813633224434
11320-3726	54391.82169738863	85.7	31.886477890915398	575.316141303447	31.886477890915398	1515.6383049478204
11320-3776			248.42867708519472	162.2845855423881	162.2845855423881	420.8325856031508
11320-38	54391.82169738863	85.7	773.1746864282983	204.50193135446338	204.50193135446338	1136.9077051739257
11320-3835	54391.82169738863	85.7	61.24743967378543	576.39770415046	61.24743967378543	1724.3044866760065
11320-3848	54391.82169738863	85.7	62.33845318326398	39.78338698784207	39.78338698784207	951.3434171882368
11320-39			678.8698281570731	93.73837059533798	93.73837059533798	968.4449655583379
11320-4	54391.82169738863	85.7	787.0215733359872	103.11914474430698	103.11914474430698	1390.4310971649916
11320-40			805.8019619320152	147.09312156443826	147.09312156443826	1143.0794301912906
11320-41			506.29054510506967	89.53160108578864	89.53160108578864	750.1299883150597
11320-418	54391.82169738863	85.7	63.623174701253895	142.6436159902259	63.623174701253895	1189.3779228565056
11320-419	54391.82169738863	85.7	46.39935119230463	151.59752198922388	46.39935119230463	1177.2339817565517
11320-42	54391.82169738863	85.7	1274.2236526855963	39.748488964352106	39.748488964352106	1640.227208745362
11320-43			1105.538325303973	29.392231421381826	29.392231421381826	1397.1281291346222
11320-4390			183.08903020657536	232.2130017038936	183.08903020657536	106.28238145330916
11320-45	54391.82169738863	85.7	1264.924969375002	23.313365102146623	23.313365102146623	1849.5979249176953
11320-46	54391.82169738863	85.7	1329.6291024674563	88.39362456489326	88.39362456489326	1994.8788791511931
11320-47	54391.82169738863	85.7	965.7490008986769	54.91297896463428	54.91297896463428	1562.3012679175508
11320-48			245.5039790852355	289.73054723695265	245.5039790852355	123.03002681148482
11320-49			279.53607064353344	336.0211287791644	279.53607064353344	218.36707909871657
11320-5	54391.82169738863	85.7	207.62383197156262	325.22354295006767	207.62383197156262	992.9890025601379
11320-50			719.5088429148442	125.57402283356805	125.57402283356805	1030.4302349336508
11320-51	66508.69941756272	102.0	710.6083990045074	81.47991538475048	81.47991538475048	1545.9283985762886
11320-52			146.9239706759607	99.03634199083342	99.03634199083342	59.3479429287818
11320-53	54391.82169738863	85.7	585.023511998151	235.0571068460137	235.0571068460137	1112.537250476743
11320-54			455.2693290843238	57.74688828332043	57.74688828332043	91.50357970486586
11320-55	54096.26591781874	72.1	347.112281280433	131.0372819188356	131.0372819188356	39.996398822763744
11320-56	54096.26591781874	72.1	581.3678404772937	279.8012228497177	279.8012228497177	50.639442133227035
11320-57	54096.26591781874	72.1	248.56012936121704	219.06599087824074	219.06599087824074	291.63555574931786
11320-58	54096.26591781874	72.1	542.2407541709982	26.95659358972554	26.95659358972554	122.68448976753947
11320-59	54096.26591781874	72.1	330.0384479055362	108.52393276883622	108.52393276883622	418.7983125619741
11320-6	54391.82169738863	85.7	502.6996573589682	290.9219051459209	290.9219051459209	1207.1540664280644
11320-60	54096.26591781874	72.1	781.5472885098246	46.404147950876755	46.404147950876755	456.69105396886073
11320-62			876.4458535132217	75.11002374723412	75.11002374723412	995.0669121726033
11320-63	54096.26591781874	72.1	289.41493735361075	143.9000256663004	143.9000256663004	246.06558283157656
11320-64			103.07445689148379	104.62400979658632	103.07445689148379	261.7406276935284
11320-65	54391.82169738863	85.7	370.57826056741015	304.7198442276975	304.7198442276975	897.5922115467495
11320-66			352.5958455893036	41.03349153872248	41.03349153872248	137.525495608205
11320-67			352.5958455893036	41.03349153872248	41.03349153872248	137.525495608205
11320-68	25151.919758064516	41.8	72.87298806016949	74.5103698968187	72.87298806016949	459.91765693590753
11320-69			960.2924452539709	179.96755669989477	179.96755669989477	1071.6232057431887
11320-7			409.0058586083266	86.26569654142767	86.26569654142767	792.1480130459979
11320-70	54096.26591781874	72.1	98.17286947912177	16.637307463298697	16.637307463298697	486.8301451332454
11320-71	54391.82169738863	85.7	105.62293783218779	461.0691672103683	105.62293783218779	1244.8725635150859
11320-72	54391.82169738863	85.7	811.738274966245	27.114631729861525	27.114631729861525	908.0133950316155
11320-73	54391.82169738863	85.7	108.54353650804273	634.2740421379084	108.54353650804273	1396.073962962703
11320-74	54391.82169738863	85.7	338.07118920536766	438.64556869278374	338.07118920536766	1489.5977817349365
11320-75	54391.82169738863	85.7	61.4176046845796	234.65531719820683	61.4176046845796	1106.4659242467112
11320-76	54391.82169738863	85.7	296.9094786672451	326.55272949315565	296.9094786672451	929.6565144390825
11320-77			274.9815323224337	279.84172620262046	274.9815323224337	262.25773406842933
11320-79			92.75553361778401	129.88387336589534	92.75553361778401	123.70047363030918
11320-8	54391.82169738863	85.7	861.4571620948468	261.83346605700655	261.83346605700655	1964.565162853729
11320-80			236.64437814998504	174.15161708073867	174.15161708073867	292.6986116040829
11320-81			126.78936802070191	12.054193209918626	12.054193209918626	401.58052088015666
11320-82	18919.12939708141	23.9	792.4643351420132	406.1179065862531	406.1179065862531	445.83247597031436
11320-827	54096.26591781874	72.1	82.03781105963459	84.32697922303834	82.03781105963459	568.2511519843406
11320-83			128.43344202045427	450.13919459107444	128.43344202045427	339.6695583378659
11320-84			320.65771206473596	376.70314962766844	320.65771206473596	352.9048833172532
11320-85			287.806115347676	259.8184649187399	259.8184649187399	246.5839025952396
11320-86	18919.12939708141	23.9	417.06180439680526	58.37128537346485	58.37128537346485	36.89491146193347
11320-87			238.69692867995954	383.5058458297367	238.69692867995954	242.46057388806287
11320-88			191.9902677231377	103.73197741697993	103.73197741697993	83.99633523529629
11320-89	18919.12939708141	23.9	568.5468216863511	96.79168242342882	96.79168242342882	131.16338117769612
11320-9	54391.82169738863	85.7	563.9177396169893	313.0191040292171	313.0191040292171	1292.7531577051132
11320-90	54391.82169738863	85.7	585.7919761780669	119.28228042858875	119.28228042858875	1009.0653409429129
11320-91	54391.82169738863	85.7	1316.1270386834556	120.78417233039153	120.78417233039153	1847.0222302516925
11320-92	54391.82169738863	85.7	1460.795875941192	197.81323590472218	197.81323590472218	1925.8798149990553
11320-93			1069.9489813498526	97.5295078164521	97.5295078164521	1318.1272063526785
11320-94			1181.6252564646081	161.13182145480388	161.13182145480388	1413.3407770030474
11320-95	54391.82169738863	85.7	1178.0622024392014	119.29359924035018	119.29359924035018	1692.5882872825134
11320-96	54391.82169738863	85.7	108.30063897995228	162.1537516259966	108.30063897995228	688.1729952572318
11320-97	54096.26591781874	72.1	387.52588688979625	97.52970950991102	97.52970950991102	436.8087543141424
11320-98	54096.26591781874	72.1	611.4475362138363	126.06559915872961	126.06559915872961	467.59678457065087
11320-99			751.3786275068084	35.55295335820068	35.55295335820068	425.5200469425382
11350-1	24455.314330517154	31.4	164.7460034803474	209.403969554392	164.7460034803474	1047.515777812286
11350-10	36818.08787122375	38.8	1301.6262989906807	85.72150289191066	85.72150289191066	913.5281995640145
11350-100	27179.712359190988	60.0	603.5337825539497	18.87496342778955	18.87496342778955	1669.5545120637707
11350-101	36818.08787122375	38.8	1395.831125934328	57.40015067166958	57.40015067166958	975.4170072740271
11350-102	27179.712359190988	60.0	162.64611754441006	327.4898978475305	162.64611754441006	1065.6778190729433
11350-103	36818.08787122375	38.8	1507.1031184842354	205.29726041464102	205.29726041464102	2051.425900329282
11350-104	83574.72959549411	54.7	851.689322241945	60.050408703266555	60.050408703266555	1913.1512842329766
11350-105	36818.08787122375	38.8	1388.816728449847	196.7604712967756	196.7604712967756	2218.0030551327613
11350-106	36818.08787122375	38.8	1316.0431837220908	29.315613035735396	29.315613035735396	1272.388321870246
11350-107	27179.712359190988	60.0	689.1479369531489	62.868281905781785	62.868281905781785	1748.7448588405798
11350-108	83574.72959549411	54.7	930.2053461375606	102.96042942508463	102.96042942508463	1981.9942696858095
11350-109	36818.08787122375	38.8	1070.5030571472253	62.79292909806567	62.79292909806567	1580.242849239837
11350-11	25151.919758064516	41.8	727.7162483318037	250.5240707421136	250.5240707421136	1161.6894198742343
11350-110	27179.712359190988	60.0	758.6559100080639	209.65037066580376	209.65037066580376	1677.7014207716236
11350-111	27179.712359190988	60.0	831.4614792498435	261.8175946443657	261.8175946443657	1793.6917920400492
11350-112	36818.08787122375	38.8	1519.103907396432	39.380560495185044	39.380560495185044	1345.245810466333
11350-113	36818.08787122375	38.8	1367.4431143552338	135.94328475011488	135.94328475011488	1539.8187939093675
11350-114	36818.08787122375	38.8	1132.2808990031158	149.4027770595811	149.4027770595811	2078.429702764227
11350-115	27179.712359190988	60.0	1245.0186194535643	85.11447179973594	85.11447179973594	2169.2801081661014
11350-116	27179.712359190988	60.0	1379.4417715298327	298.4217503703654	298.4217503703654	2240.0072809806875
11350-117	27179.712359190988	60.0	940.0339336541037	139.30568516285945	139.30568516285945	1830.9418883810863
11350-118	36818.08787122375	38.8	1115.6491478427301	60.12662661298127	60.12662661298127	1713.8251845698978
11350-119	36818.08787122375	38.8	1023.0417949089565	29.45326629654826	29.45326629654826	1986.5774913447797
11350-12	24455.314330517154	31.4	113.1282629816559	433.40565913965526	113.1282629816559	596.9090976955691
11350-120	27179.712359190988	60.0	76.00202788803044	138.44521697804132	76.00202788803044	831.6130922717998
11350-121	36818.08787122375	38.8	1191.6391923036606	28.192595973431413	28.192595973431413	1599.453323278434
11350-122	36818.08787122375	38.8	1487.2663871746026	114.16000396533819	114.16000396533819	1159.7902720290235
11350-123	36818.08787122375	38.8	1613.1019877545207	471.37006669190697	471.37006669190697	2330.482575744642
11350-124	36818.08787122375	38.8	1507.1031184842354	205.29726041464102	205.29726041464102	2051.425900329282
11350-125	27179.712359190988	60.0	1138.3876762507089	87.29378167861341	87.29378167861341	2122.558127943821
11350-126	36818.08787122375	38.8	1636.631920227895	381.6795641159381	381.6795641159381	2136.668169022987
11350-127	33873.06003584229	71.0	1590.8023912088474	594.8540241416191	594.8540241416191	2414.9158076929816
11350-128	36818.08787122375	38.8	1843.8331400580807	720.3734226742886	720.3734226742886	2388.196654185805
11350-129	36818.08787122375	38.8	1807.0132989048088	705.8518852415777	705.8518852415777	2444.734130841122
11350-13	24455.314330517154	31.4	10.871319105531388	530.8905415415301	10.871319105531388	482.110684274734
11350-130	27179.712359190988	60.0	1708.258412561148	656.1700251576007	656.1700251576007	2544.0684081950344
11350-131	36818.08787122375	38.8	1585.6812367360235	413.7630768467904	413.7630768467904	2252.4317061513675
11350-132	36818.08787122375	38.8	1525.7732524010964	40.40034374449593	40.40034374449593	852.2097993345382
11350-133	24346.594060419866	59.4	288.43038697914534	255.52185604759885	255.52185604759885	233.58526061702264
11350-134			1330.7215164263912	154.0461258000585	154.0461258000585	1109.0303696812812
11350-135			711.8926924343338	103.91571411706776	103.91571411706776	133.44345442357437
11350-136			680.0580011200419	639.281524138778	639.281524138778	602.1337991592989
11350-137	24346.594060419866	59.4	290.00047848442983	230.18604940944388	230.18604940944388	371.5297256030884
11350-139			304.4520840809944	280.0390630916925	280.0390630916925	152.06909798718794
11350-14	18019.001100870457	22.8	787.9863635748546	126.28553572127058	126.28553572127058	285.2874713738592
11350-140			237.36625872182006	157.04902632825133	157.04902632825133	290.3165131841116
11350-141			182.59384653623124	144.06742116406772	144.06742116406772	86.63135623865277
11350-142			567.9391186661859	313.57967715332177	313.57967715332177	332.5603131161389
11350-143			49.88896281926928	27.42809717505566	27.42809717505566	353.91074210950853
11350-144			369.8683792687376	228.39137759149023	228.39137759149023	78.58952200057011
11350-145			684.6977090116466	53.678090407497955	53.678090407497955	147.2235419664909
11350-146			133.3344098754412	105.78689082407453	105.78689082407453	181.6264333571907
11350-147	24346.594060419866	59.4	123.2928345372282	231.9592901618209	123.2928345372282	310.8265372153983
11350-148			1420.2837596053325	104.22112987960939	104.22112987960939	1220.6064505173333
11350-149			959.2283664608665	316.88067183554045	316.88067183554045	660.4410277946741
11350-15	83574.72959549411	54.7	730.4416001381472	145.8895113946753	145.8895113946753	1814.26681874154
11350-150			863.7196670541284	605.6488907106364	605.6488907106364	727.5242885899285
11350-151			729.1901557214127	507.1379200134118	507.1379200134118	570.2697215206582
11350-152			1438.0172543381095	109.00983714272516	109.00983714272516	1351.0895596228625
11350-153			1227.2585560061016	343.6687828234792	343.6687828234792	1195.6734407791512
11350-154			660.4130678811664	56.42919296931859	56.42919296931859	87.98017257380647
11350-155			664.0014107949918	21.86642409007853	21.86642409007853	43.973533110012944
11350-156	24346.594060419866	59.4	326.6480669644514	137.34648017802442	137.34648017802442	182.975146633559
11350-157	24346.594060419866	59.4	26.39806018264856	238.1379430398557	26.39806018264856	145.41613148136247
11350-158	24024.80652841782	77.1	91.21454756723405	50.478026302744034	50.478026302744034	730.7194375472889
11350-159	24024.80652841782	77.1	347.5006276820744	246.25115366554547	246.25115366554547	1207.8471104046303
11350-16	83574.72959549411	54.7	645.7032069085836	62.38722543358877	62.38722543358877	1730.8141562097683
11350-160	33873.06003584229	71.0	168.37289760085665	66.14859603184483	66.14859603184483	440.68645878668514
11350-161	29052.812269585254	68.7	61.83522162875627	24.045699136075843	24.045699136075843	724.8130698873892
11350-162	24024.80652841782	77.1	112.37025620298652	33.38314458710226	33.38314458710226	685.7196305890099
11350-163	20290.35602918587	33.5	85.19456542095732	275.04096118603303	85.19456542095732	1476.2881741831761
11350-164	24024.80652841782	77.1	46.095741622426175	21.80223768698414	21.80223768698414	688.3635974836292
11350-165	24024.80652841782	77.1	457.9107519967581	417.1791150235925	417.1791150235925	1368.0402186695576
11350-166	24024.80652841782	77.1	512.462166121714	246.60110081333275	246.60110081333275	1415.6722318938903
11350-1662			717.3068779198582	87.32070311308618	87.32070311308618	227.37340250455279
11350-1663			472.00204403207425	57.30771028646227	57.30771028646227	51.322893253257256
11350-1664			748.374662089389	173.01792007596194	173.01792007596194	195.26097403280266
11350-1665	24346.594060419866	59.4	160.5504208052869	115.34085840160787	115.34085840160787	36.727114839114506
11350-1668	24024.80652841782	77.1	147.05577587581203	155.5239677207798	147.05577587581203	1051.7967375811209
11350-167	24024.80652841782	77.1	446.491194884897	170.11366960304127	170.11366960304127	1351.6107959839223
11350-1674	83574.72959549411	54.7	181.38052816023293	236.22398003785804	181.38052816023293	1322.9992828796803
11350-1677	83574.72959549411	54.7	209.8793697758697	184.35679783802914	184.35679783802914	1367.4297467801634
11350-168	20290.35602918587	33.5	239.13798317001508	448.88800760486004	239.13798317001508	1364.5994267432347
11350-1681	18019.001100870457	22.8	403.3389571530301	26.32994268956523	26.32994268956523	133.80300994965796
11350-1683	36818.08787122375	38.8	1155.4357924030899	84.12079410604578	84.12079410604578	1340.5079774848532
11350-1684	36818.08787122375	38.8	1412.1807557878035	67.69065165839184	67.69065165839184	1248.56283507675
11350-169	20290.35602918587	33.5	331.91243509306616	159.54750939346545	159.54750939346545	1737.4700607838713
11350-1693			505.47697518384325	494.3510948182821	494.3510948182821	476.50674193832293
11350-1695	36818.08787122375	38.8	1052.8877456689877	80.3659415014933	80.3659415014933	1722.1368990064454
11350-17	36818.08787122375	38.8	1436.399861868817	45.78847290216494	45.78847290216494	686.3966493328858
11350-170	29052.812269585254	68.7	44.35616727613905	16.48154003643735	16.48154003643735	663.4377821609605
11350-1700			11.078957617184583	172.95689551314732	11.078957617184583	200.66600561783605
11350-1701			28.199309329517426	87.80475135457203	28.199309329517426	342.4357589356627
11350-1704	36818.08787122375	38.8	1341.9606353380834	100.14111169275229	100.14111169275229	617.7632330885182
11350-1706	27179.712359190988	60.0	317.98641094895737	235.83801215133408	235.83801215133408	1201.182169652567
11350-1708	20290.35602918587	33.5	311.15899757029223	104.34805795994853	104.34805795994853	1738.3021413330405
11350-1709	24455.314330517154	31.4	119.00961543515733	481.6964850482529	119.00961543515733	930.0793103720267
11350-171	24024.80652841782	77.1	131.720846417044	376.4755604284378	131.720846417044	933.9606742551861
11350-1712	83574.72959549411	54.7	858.1728560819629	59.15738945366832	59.15738945366832	1921.1815436530603
11350-1713	18019.001100870457	22.8	1129.7371212526612	30.85401278567176	30.85401278567176	393.8000556876741
11350-1715	18019.001100870457	22.8	830.1635512903148	75.74292928185693	75.74292928185693	238.3052635771273
11350-1717	24024.80652841782	77.1	85.00530343509352	131.46891185476738	85.00530343509352	822.972068619169
11350-1718	24024.80652841782	77.1	84.04166783138774	131.4238548218765	84.04166783138774	827.052004654507
11350-1719			1392.0401522267357	154.19785321679532	154.19785321679532	1310.5231893155465
11350-172	20290.35602918587	33.5	670.9899863401048	299.2806562297665	299.2806562297665	1699.827578798922
11350-1720	24455.314330517154	31.4	213.38965082099895	678.9347075940801	213.38965082099895	681.0041604289602
11350-1722	29052.812269585254	68.7	60.78220436945311	21.92394629979867	21.92394629979867	638.3179855911822
11350-1723	29052.812269585254	68.7	60.78220436945311	21.92394629979867	21.92394629979867	638.3179855911822
11350-1724	24024.80652841782	77.1	91.45092883748316	42.78395726935429	42.78395726935429	698.8848467118964
11350-1726	29052.812269585254	68.7	51.15656800372253	164.5230097968937	51.15656800372253	884.4400744679303
11350-1727	83574.72959549411	54.7	686.0515215782124	247.84968730208422	247.84968730208422	1429.0564388503853
11350-1728			559.9019083230721	100.09931240169392	100.09931240169392	72.68562726258276
11350-1729			331.76003645376	310.1367085954814	310.1367085954814	157.35813516253017
11350-173	24024.80652841782	77.1	136.65274580275334	29.056549110808522	29.056549110808522	623.8309169679077
11350-1732	24024.80652841782	77.1	49.24393131142121	168.75633649161665	49.24393131142121	853.7494883758626
11350-1733	29052.812269585254	68.7	218.6861496026153	448.41863236988337	218.6861496026153	1162.8804682832106
11350-1734			1202.3691019425034	30.01813253273104	30.01813253273104	797.0661270250724
11350-1735	24024.80652841782	77.1	607.4713822651235	420.18323824266776	420.18323824266776	1511.108329979779
11350-1736	18019.001100870457	22.8	837.714755749664	88.1412626404358	88.1412626404358	77.74661427698865
11350-1739	24024.80652841782	77.1	488.6605355914523	305.2882734816951	305.2882734816951	1391.3715683128482
11350-174	24024.80652841782	77.1	169.44697002965776	38.882099930885516	38.882099930885516	718.3837437639161
11350-175	24024.80652841782	77.1	66.86697181979623	25.60400568939387	25.60400568939387	703.3452174123031
11350-1750	20290.35602918587	33.5	607.6648982297023	442.6655392890801	442.6655392890801	1513.0947764444234
11350-1751	20290.35602918587	33.5	590.6166817535584	444.3079921600956	444.3079921600956	1497.2473660888013
11350-1757	36818.08787122375	38.8	1435.6092971598061	43.06684098559707	43.06684098559707	886.7706996388335
11350-1759	36818.08787122375	38.8	1464.363982137715	20.715903721012324	20.715903721012324	871.4392729734573
11350-176	24024.80652841782	77.1	248.7623790676583	122.98457422232754	122.98457422232754	1153.6043345512064
11350-1767	27179.712359190988	60.0	319.4465259445302	177.61196717669543	177.61196717669543	1270.4191602570004
11350-177	20290.35602918587	33.5	392.5941434480212	239.25347637365894	239.25347637365894	1744.815372170733
11350-178	20290.35602918587	33.5	429.25014049587946	165.5017373395379	165.5017373395379	1849.1875288539509
11350-179	24024.80652841782	77.1	291.42872038543635	66.23726469422434	66.23726469422434	1196.5549766979552
11350-18	24455.314330517154	31.4	109.94136335020895	694.9781402708642	109.94136335020895	1121.0189318765897
11350-180	20290.35602918587	33.5	250.7354468800771	55.19353133255602	55.19353133255602	1802.6753861194834
11350-181	20290.35602918587	33.5	40.1515312496863	66.71972219241592	40.1515312496863	1770.3586732707597
11350-1817	24455.314330517154	31.4	123.98186508401002	235.7039314129733	123.98186508401002	1018.130492194051
11350-182	20290.35602918587	33.5	378.82709266686703	391.7775752368564	378.82709266686703	1634.804983803757
11350-1825	18919.12939708141	23.9	167.9138307513281	669.5014619159928	167.9138307513281	644.6646754189255
11350-1826	18919.12939708141	23.9	62.21335216476875	596.6630180799357	62.21335216476875	574.926366979372
11350-1828	24024.80652841782	77.1	401.85608831690774	262.486792065322	262.486792065322	1257.588364115268
11350-183	33873.06003584229	71.0	50.27834488623345	183.74323519703395	50.27834488623345	322.6042730824808
11350-1831	36818.08787122375	38.8	840.6936741314984	178.81487631438677	178.81487631438677	1368.2606460525058
11350-184	24024.80652841782	77.1	671.8143679022738	384.8803545392276	384.8803545392276	1579.4510459009148
11350-1858	29052.812269585254	68.7	64.23216597782572	320.06232677161	64.23216597782572	1104.5787287322185
11350-186	24024.80652841782	77.1	406.6084656255587	132.38281787114948	132.38281787114948	1315.1871400096697
11350-187	20290.35602918587	33.5	55.567192131654366	66.69160218277325	55.567192131654366	1499.3704286148445
11350-188	20290.35602918587	33.5	43.720193720963486	49.24936787662672	43.720193720963486	1566.3428597772804
11350-189	20290.35602918587	33.5	446.0174563230359	461.6344475401424	446.0174563230359	1559.2001863846397
11350-19	24455.314330517154	31.4	103.30895860245559	262.4865023733172	103.30895860245559	731.2882161193185
11350-190	20290.35602918587	33.5	518.6350720740866	175.04893435173122	175.04893435173122	1868.8107823649143
11350-1902	24024.80652841782	77.1	75.00985252153309	47.43211375162758	47.43211375162758	982.7387403290586
11350-191	24024.80652841782	77.1	97.37940074940322	126.90625080763299	97.37940074940322	794.5474999258249
11350-1910			873.0908178195428	226.88119514667392	226.88119514667392	377.9977815622479
11350-1914	24024.80652841782	77.1	44.43550283062951	48.63492523797131	44.43550283062951	951.7148054774087
11350-192	24024.80652841782	77.1	134.38644626797404	103.12201296693019	103.12201296693019	756.8885329852826
11350-193	29052.812269585254	68.7	69.98990228518973	17.913559538574255	17.913559538574255	704.7241456539747
11350-194	24024.80652841782	77.1	73.61601647272654	42.92032367488327	42.92032367488327	819.7540774362546
11350-195	29052.812269585254	68.7	102.47979551889563	66.54832608657809	66.54832608657809	775.3149128456957
11350-1957	29052.812269585254	68.7	90.48361499808053	150.69505139916745	90.48361499808053	816.6207168571285
11350-196	24024.80652841782	77.1	56.21795911213899	19.70621322635098	19.70621322635098	736.6853650058908
11350-197			304.4520840809944	280.0390630916925	280.0390630916925	152.06909798718794
11350-198	24024.80652841782	77.1	122.57981132570006	299.66477934141426	122.57981132570006	989.0644387133805
11350-199	29052.812269585254	68.7	210.2200341731	446.09377596938594	210.2200341731	1148.39061668669
11350-2	36818.08787122375	38.8	971.3499416627108	359.65650705410155	359.65650705410155	918.3087782553299
11350-20	24455.314330517154	31.4	140.09455268601354	236.93853980955183	140.09455268601354	697.3319368502005
11350-200	29052.812269585254	68.7	69.98990228518973	17.913559538574255	17.913559538574255	704.7241456539747
11350-201	25151.919758064516	41.8	136.31080223142686	141.1352942833595	136.31080223142686	1046.1289656097451
11350-2019	29052.812269585254	68.7	25.454629655097126	137.68540781360076	25.454629655097126	792.4743347960317
11350-202	25151.919758064516	41.8	567.4174791045016	14.176451979568457	14.176451979568457	1353.6882272576427
11350-203	27179.712359190988	60.0	171.78799306856638	118.63412953023594	118.63412953023594	690.4485291606451
11350-204	25151.919758064516	41.8	193.01791673107232	563.498805288988	193.01791673107232	1284.2599770335362
11350-205	25151.919758064516	41.8	206.19751631364295	33.49907993318092	33.49907993318092	994.4869386873243
11350-2053	83574.72959549411	54.7	516.6711562254407	53.74582403082002	53.74582403082002	1627.2546988192737
11350-206	83574.72959549411	54.7	210.88400978526025	228.06432829646408	210.88400978526025	848.391506148069
11350-207	83574.72959549411	54.7	67.469218427519	240.86958242321757	67.469218427519	617.6705698040676
11350-2072	36818.08787122375	38.8	1248.5647961101063	24.727574508443645	24.727574508443645	1221.2719317802146
11350-209	24024.80652841782	77.1	183.16769878770066	47.282795427462055	47.282795427462055	674.4117033284505
11350-21	83574.72959549411	54.7	590.4042741368007	160.6849431332732	160.6849431332732	1510.2293112784655
11350-210	24024.80652841782	77.1	132.69608117766813	82.71317159799538	82.71317159799538	735.8118865761182
11350-211	24024.80652841782	77.1	291.1100709211949	488.19716876923496	291.1100709211949	1220.8140157893818
11350-212	24024.80652841782	77.1	79.21265897896934	149.92733161307183	79.21265897896934	805.6525746836694
11350-213	24455.314330517154	31.4	253.5351776749101	355.96315734622544	253.5351776749101	1151.8467656699088
11350-2139	29052.812269585254	68.7	31.37553114038292	198.27736589292783	31.37553114038292	950.5060507383527
11350-214	83574.72959549411	54.7	380.7329821979546	90.30037603274195	90.30037603274195	1503.8604809679573
11350-2140			1204.6453882566434	106.39126411271381	106.39126411271381	770.8443855225082
11350-2141	29052.812269585254	68.7	26.599598667737418	220.54721741459835	26.599598667737418	1008.8467401277261
11350-215	83574.72959549411	54.7	819.7068753795974	106.83232749028828	106.83232749028828	1880.6492687797015
11350-2151	27179.712359190988	60.0	278.1502118474498	245.02298271554665	245.02298271554665	542.0830015631329
11350-2156	29052.812269585254	68.7	28.327141070567137	22.390807061362477	22.390807061362477	674.579209221334
11350-216	24346.594060419866	59.4	225.1512950955935	204.9435358422893	204.9435358422893	131.24547830386783
11350-217	36818.08787122375	38.8	1655.4828761067686	256.40757247396385	256.40757247396385	1069.5004599429544
11350-2194			165.1623012032847	153.29860527334645	153.29860527334645	84.86187686945644
11350-22	24455.314330517154	31.4	381.76303668706777	598.226709974152	381.76303668706777	1314.6507288418684
11350-220	18019.001100870457	22.8	909.7042585769198	60.19266750806891	60.19266750806891	106.21666908197454
11350-221	24455.314330517154	31.4	219.86512421953478	533.6967466487035	219.86512421953478	1160.0031067315658
11350-222			800.0669269394986	260.7188452766614	260.7188452766614	537.6664247858589
11350-223			701.8200685522776	100.87678923500441	100.87678923500441	122.38579534779974
11350-2231	29052.812269585254	68.7	31.66298681210694	208.16062915601756	31.66298681210694	985.0042517073426
11350-224			1329.5882407029528	217.42741148576133	217.42741148576133	1274.9253879058012
11350-2245	33873.06003584229	71.0	413.31787362009067	166.93571927060736	166.93571927060736	1192.9197820807399
11350-225	20290.35602918587	33.5	108.72306102371142	324.075593062229	108.72306102371142	1434.3326495490824
11350-226	24024.80652841782	77.1	391.2111729673088	413.8466043393423	391.2111729673088	1304.3409198211516
11350-2260	29052.812269585254	68.7	48.31731944578285	163.69939642189127	48.31731944578285	822.941086049876
11350-227	24024.80652841782	77.1	425.4414956670359	441.4334500768338	425.4414956670359	1340.8110472665696
11350-2275	36818.08787122375	38.8	1455.6094831193852	63.25804299854376	63.25804299854376	656.0184142718578
11350-228	24024.80652841782	77.1	79.20482904394869	164.8382199887149	79.20482904394869	815.5213527381101
11350-2280			567.4929099792508	109.64894951424559	109.64894951424559	203.5287404016759
11350-229	24024.80652841782	77.1	50.27060509426114	101.33557929585966	50.27060509426114	842.5756666664398
11350-23	24455.314330517154	31.4	395.4279979359033	506.08112180720553	395.4279979359033	1300.1656665071712
11350-230	24024.80652841782	77.1	633.667687863769	355.9745416073613	355.9745416073613	1542.079316295622
11350-2301	20290.35602918587	33.5	71.41252426889234	201.1738249623106	71.41252426889234	1547.3996041549174
11350-2302	25151.919758064516	41.8	359.6517641551531	33.53599234611816	33.53599234611816	1533.1021346007012
11350-231	24024.80652841782	77.1	95.73687598718647	71.82098642591103	71.82098642591103	738.6097275520164
11350-2313	20290.35602918587	33.5	636.153301709683	371.3548568432987	371.3548568432987	1633.3912284266214
11350-232	24024.80652841782	77.1	112.81817678962435	103.2216410562362	103.2216410562362	797.0079210752888
11350-2328	24024.80652841782	77.1	229.86682438556923	254.71103997877952	229.86682438556923	1098.3006419456897
11350-233	29052.812269585254	68.7	81.80222833295221	133.21953251939874	81.80222833295221	852.0064860321143
11350-234	29052.812269585254	68.7	286.04957584666045	515.0843936611482	286.04957584666045	1230.1830156291705
11350-235	24024.80652841782	77.1	678.4704464196465	418.6814017189304	418.6814017189304	1581.1175668002413
11350-236	20290.35602918587	33.5	275.154634579462	476.7490250287549	275.154634579462	1354.4993272040888
11350-237	20290.35602918587	33.5	610.4447100502451	461.1052201962435	461.1052201962435	1546.6594072009043
11350-238	18019.001100870457	22.8	1175.3463314378346	55.42735003086985	55.42735003086985	371.63058063560584
11350-24	36818.08787122375	38.8	938.5709483693855	326.7110223689789	326.7110223689789	952.4977494864207
11350-240	25151.919758064516	41.8	146.00466583819718	737.8568560015982	146.00466583819718	1188.0977341746561
11350-241	24455.314330517154	31.4	175.41780685902015	486.8728022849967	175.41780685902015	760.4146664091653
11350-242	24455.314330517154	31.4	108.53004977548206	289.0113199060982	108.53004977548206	617.5724886783553
11350-243	24455.314330517154	31.4	108.53004977548206	289.0113199060982	108.53004977548206	617.5724886783553
11350-244	24455.314330517154	31.4	39.63102259493518	368.35610846105175	39.63102259493518	954.1093477797505
11350-245	24455.314330517154	31.4	145.27782260399712	429.36724799654223	145.27782260399712	1066.3139648691497
11350-246	24455.314330517154	31.4	217.4233450668321	278.516833146525	217.4233450668321	1106.7366531063774
11350-247	27179.712359190988	60.0	1589.7228416220585	535.0539013669547	535.0539013669547	2429.7371660927047
11350-248	36818.08787122375	38.8	1889.149755073244	639.7454678681269	639.7454678681269	2225.2958154420203
11350-249	36818.08787122375	38.8	922.8942228808288	45.777318139850486	45.777318139850486	1775.7915749699648
11350-25	83574.72959549411	54.7	449.1253727958308	55.517690958634454	55.517690958634454	1581.088764297633
11350-250			755.3456300083907	96.1478233866298	96.1478233866298	247.0326212025525
11350-251	20290.35602918587	33.5	258.43052129666313	369.89470866489006	258.43052129666313	1472.200589139751
11350-2515	18019.001100870457	22.8	1249.2066166880268	53.83305826326433	53.83305826326433	453.4266767403085
11350-252	25151.919758064516	41.8	139.5727968310526	641.062119659094	139.5727968310526	926.6495406039568
11350-2524	29052.812269585254	68.7	27.403811574966088	92.83383310065093	27.403811574966088	746.8007912964601
11350-254	29052.812269585254	68.7	96.19264524421665	331.0268832643718	96.19264524421665	1035.2729637907526
11350-255	24024.80652841782	77.1	324.0413739371238	161.96679758909374	161.96679758909374	1227.8109488693376
11350-256	29052.812269585254	68.7	261.5072236807823	497.7944632952875	261.5072236807823	1199.4249642761047
11350-257	18019.001100870457	22.8	887.1574803333566	55.72381411493333	55.72381411493333	236.93395013801114
11350-258	29052.812269585254	68.7	188.37321828485955	418.162921208202	188.37321828485955	1132.7216395581397
11350-259	18019.001100870457	22.8	887.1574803333566	55.72381411493333	55.72381411493333	236.93395013801114
11350-26	24455.314330517154	31.4	123.7345465898254	476.375701771893	123.7345465898254	601.5012025202265
11350-27	25151.919758064516	41.8	137.80914214599565	33.684044842441466	33.684044842441466	1057.6229290579568
11350-277	29052.812269585254	68.7	42.72209827965041	49.884228984831296	42.72209827965041	705.2453928442771
11350-278	29052.812269585254	68.7	58.93153313077795	50.247803211030735	50.247803211030735	708.5612792622484
11350-28	24455.314330517154	31.4	123.26928696491602	66.2268761464313	66.2268761464313	659.9905239755133
11350-29	27179.712359190988	60.0	171.78799306856638	118.63412953023594	118.63412953023594	690.4485291606451
11350-3	83574.72959549411	54.7	350.5076554839222	104.64349910951074	104.64349910951074	1496.0987139689964
11350-30	25151.919758064516	41.8	206.19751631364295	33.49907993318092	33.49907993318092	994.4869386873243
11350-3090			670.9583240029266	71.40263365118076	71.40263365118076	121.24201867661517
11350-3093	83574.72959549411	54.7	360.0904951785722	49.011580629864724	49.011580629864724	1522.2159961357584
11350-31	25151.919758064516	41.8	95.1091613787221	284.51131582976427	95.1091613787221	1024.462663609968
11350-32	25151.919758064516	41.8	162.57227178771927	237.13217705508373	162.57227178771927	1299.7049498673703
11350-33	25151.919758064516	41.8	369.0438551805419	383.08790129376746	369.0438551805419	1483.9906239209085
11350-34	25151.919758064516	41.8	193.01791673107232	563.498805288988	193.01791673107232	1284.2599770335362
11350-35	25151.919758064516	41.8	260.8551920102026	667.3880352865395	260.8551920102026	753.8248998777016
11350-36	83574.72959549411	54.7	210.88400978526025	228.06432829646408	210.88400978526025	848.391506148069
11350-37	83574.72959549411	54.7	67.469218427519	240.86958242321757	67.469218427519	617.6705698040676
11350-38	83574.72959549411	54.7	90.71777529470009	140.89215594599762	90.71777529470009	1153.8718253805887
11350-39	83574.72959549411	54.7	218.75938498002316	209.4916400355671	209.4916400355671	1302.6358867971778
11350-4	36818.08787122375	38.8	933.0695110871226	94.43193066425903	94.43193066425903	1522.330764940635
11350-40	83574.72959549411	54.7	485.0960727502844	94.32435861321638	94.32435861321638	1574.239701983676
11350-41	83574.72959549411	54.7	221.6538742711435	25.389087414991135	25.389087414991135	1414.363718727804
11350-423			243.22818606818842	219.8580957207397	219.8580957207397	19.44229625631093
11350-424	24024.80652841782	77.1	81.95276910037221	143.66375750085257	81.95276910037221	810.1660877458824
11350-425	24024.80652841782	77.1	306.264624735797	132.1992850009826	132.1992850009826	1211.4798426731106
11350-427	36818.08787122375	38.8	1739.2047980701736	618.4754207109929	618.4754207109929	2387.809042751629
11350-428	33873.06003584229	71.0	1454.049638114772	467.68283842344977	467.68283842344977	2278.6761460754024
11350-429	36818.08787122375	38.8	1693.4176119211138	588.8422141075393	588.8422141075393	2430.493876062287
11350-43	25151.919758064516	41.8	168.21042530871662	25.90635463870933	25.90635463870933	1342.0839043566352
11350-430	36818.08787122375	38.8	1514.417538664727	157.40551683371461	157.40551683371461	1194.6764210079914
11350-431	24024.80652841782	77.1	114.11526564479115	70.89020643109772	70.89020643109772	776.3176755888485
11350-44	24455.314330517154	31.4	185.85190255126446	740.9225194107785	185.85190255126446	656.4906276507288
11350-45	83574.72959549411	54.7	796.9219146922482	36.2559748945875	36.2559748945875	1868.3979142091482
11350-46	36818.08787122375	38.8	983.2057667579777	242.9687865444823	242.9687865444823	934.24832407393
11350-47	36818.08787122375	38.8	863.0354012366314	128.19072683915851	128.19072683915851	1062.219273797273
11350-48	36818.08787122375	38.8	884.29011850393	287.72454220609217	287.72454220609217	1007.9005495948771
11350-49	24455.314330517154	31.4	303.128133082814	595.3692567939315	303.128133082814	1251.7386223232852
11350-5	36818.08787122375	38.8	1360.6546946675785	28.400163597442077	28.400163597442077	899.5728478757535
11350-50	27179.712359190988	60.0	484.4459540877193	17.279009264294313	17.279009264294313	1540.7903456968727
11350-51	24455.314330517154	31.4	252.32752687082592	644.1445952916793	252.32752687082592	720.28921224218
11350-52			13.473472386273444	793.7439610268485	13.473472386273444	489.0096934078392
11350-53	24455.314330517154	31.4	256.6761656244967	734.5265537973817	256.6761656244967	727.5346229903611
11350-54	24455.314330517154	31.4	24.455992127972436	621.2041006676901	24.455992127972436	493.3831381872726
11350-55	25151.919758064516	41.8	96.34375384023427	732.3076345168895	96.34375384023427	1142.8152804440517
11350-56			158.32143676036054	787.3519649200372	158.32143676036054	636.6477039153464
11350-57	36818.08787122375	38.8	1108.9810533225266	219.70239885665225	219.70239885665225	896.0027458248397
11350-58	24455.314330517154	31.4	103.98586228197995	589.976049123269	103.98586228197995	573.3555580876088
11350-59	36818.08787122375	38.8	944.1330725345837	65.88424683275296	65.88424683275296	1629.1924281514605
11350-6	18019.001100870457	22.8	1025.0504013665995	59.357979942844096	59.357979942844096	325.53586533578164
11350-60	24455.314330517154	31.4	121.58205347942483	146.83430682102497	121.58205347942483	978.7753754969743
11350-61	18019.001100870457	22.8	1052.847619206909	173.04011987685402	173.04011987685402	426.75218149285365
11350-62	36818.08787122375	38.8	1472.7391196181638	197.54791403011174	197.54791403011174	784.7776118497218
11350-63	24455.314330517154	31.4	23.390388452139675	159.89751528227626	23.390388452139675	551.4093359770751
11350-64	24455.314330517154	31.4	30.446673312385997	58.31022966830778	30.446673312385997	567.8991398506382
11350-65	83574.72959549411	54.7	772.0625915491934	114.57255609130459	114.57255609130459	1854.010850836896
11350-66	24455.314330517154	31.4	68.14124386168183	482.14299205591874	68.14124386168183	544.9735984443163
11350-67	33873.06003584229	71.0	271.8816225598727	58.75901067927604	58.75901067927604	531.4927613304795
11350-68	33873.06003584229	71.0	271.8816225598727	58.75901067927604	58.75901067927604	531.4927613304795
11350-69	33873.06003584229	71.0	49.518549229275465	229.63358504645313	49.518549229275465	806.1855074773932
11350-7	27179.712359190988	60.0	135.03512662768722	196.8795178084439	135.03512662768722	923.539750113717
11350-70	33873.06003584229	71.0	271.8816225598727	58.75901067927604	58.75901067927604	531.4927613304795
11350-71	33873.06003584229	71.0	853.8434180452961	35.07675668998676	35.07675668998676	1635.1336369248288
11350-72	33873.06003584229	71.0	144.20740263265753	75.19981237430697	75.19981237430697	623.8209107984994
11350-73	33873.06003584229	71.0	150.71732302826527	384.2874590067218	150.71732302826527	884.9904535278345
11350-74	33873.06003584229	71.0	784.1690935643805	47.78401442859042	47.78401442859042	1556.1202064637343
11350-75	33873.06003584229	71.0	178.19970746058016	34.8890386611669	34.8890386611669	628.4957459011775
11350-76	33873.06003584229	71.0	49.69796928296377	208.3611874095671	49.69796928296377	863.4758083354253
11350-77	33873.06003584229	71.0	516.3716366202103	62.55618147382805	62.55618147382805	1329.944622918366
11350-78	33873.06003584229	71.0	382.7801742139516	177.87699440191136	177.87699440191136	1196.1536753630514
11350-79	27179.712359190988	60.0	605.8371753535477	52.910636668571264	52.910636668571264	1484.9525228946768
11350-8	18019.001100870457	22.8	423.86774260783034	101.00248816247017	101.00248816247017	80.12788677060573
11350-80			11.078957617184583	172.95689551314732	11.078957617184583	200.66600561783605
11350-81	33873.06003584229	71.0	49.69796928296377	208.3611874095671	49.69796928296377	863.4758083354253
11350-82	33873.06003584229	71.0	49.69796928296377	208.3611874095671	49.69796928296377	863.4758083354253
11350-83	33873.06003584229	71.0	808.5914531557481	59.54115599447406	59.54115599447406	1622.4503215417215
11350-85	33873.06003584229	71.0	178.19970746058016	34.8890386611669	34.8890386611669	628.4957459011775
11350-86	33873.06003584229	71.0	516.7074145351636	239.66560519842878	239.66560519842878	1270.848629103523
11350-87	27179.712359190988	60.0	249.2278013171127	27.336844469337063	27.336844469337063	1278.649870297666
11350-88	27179.712359190988	60.0	1098.5852473625491	65.55673201297888	65.55673201297888	2043.5958386514696
11350-89	36818.08787122375	38.8	1490.9543898172842	32.193949593701404	32.193949593701404	931.313549939693
11350-9	24455.314330517154	31.4	140.5489273971412	422.2631183501953	140.5489273971412	958.9335512475523
11350-90	33873.06003584229	71.0	261.1816501367055	147.59794356128268	147.59794356128268	442.54706133495284
11350-91	27179.712359190988	60.0	1531.638633227142	468.5087584234071	468.5087584234071	2376.931091874155
11350-92	27179.712359190988	60.0	1277.9990873348254	155.9083156256791	155.9083156256791	2170.711012399188
11350-93	36818.08787122375	38.8	1212.7677066518836	34.674814996276424	34.674814996276424	1176.6319923157807
11350-94	36818.08787122375	38.8	1768.464432326489	353.1212813956486	353.1212813956486	1944.3561395274842
11350-95	36818.08787122375	38.8	1507.1031184842354	205.29726041464102	205.29726041464102	2051.425900329282
11350-96	33873.06003584229	71.0	261.1816501367055	147.59794356128268	147.59794356128268	442.54706133495284
11350-97	36818.08787122375	38.8	1786.128733763703	662.2026141713665	662.2026141713665	2382.2863608997473
11350-98	36818.08787122375	38.8	1181.7033037674046	16.32377019031418	16.32377019031418	1253.5839613814828
11350-99	33873.06003584229	71.0	261.1816501367055	147.59794356128268	147.59794356128268	442.54706133495284
11380-1	8135.575505632361	23.4	226.05003941847139	73.22685302010703	73.22685302010703	3726.26836500712
11380-10	5460.6126344086015	14.1	499.47289810354465	24.584011262502553	24.584011262502553	4054.9731951268172
11380-100	18166.57245263697	85.3	612.2384788493265	136.07929812118232	136.07929812118232	708.6758288185501
11380-10020	27869.233096518175	115.2	153.87690520316056	524.5337013798556	153.87690520316056	4441.443297136576
11380-10035	42924.74955837173	102.3	105.86028198022282	78.20197661691327	78.20197661691327	4332.676959369906
11380-10081	42924.74955837173	102.3	134.44264155869547	60.23941389038989	60.23941389038989	4312.862583196811
11380-101	28779.61640424987	82.5	293.2698004328267	175.78255913264428	175.78255913264428	402.73870940914924
11380-10114	69829.05909498208	84.1	46.059261879671915	238.10598215868723	46.059261879671915	3082.1384610845507
11380-10123	42924.74955837173	102.3	146.33791653175592	53.47414719851272	53.47414719851272	4338.266196823797
11380-102	28779.61640424987	82.5	140.54112549178166	446.88628312563355	140.54112549178166	278.280308627029
11380-10229	8135.575505632361	23.4	442.6401467763588	27.263245523073024	27.263245523073024	3336.9735737490955
11380-10230	69829.05909498208	84.1	62.9407204020283	161.09492931050676	62.9407204020283	3155.919914569566
11380-10284	14115.369655657962	43.6	24.753568775010898	680.9196616610667	24.753568775010898	3405.3251719110326
11380-10357	34426.72894265233	62.6	414.5404823791499	27.557227621897752	27.557227621897752	2715.2414914486108
11380-10359	23602.8910906298	77.1	234.97480914049723	103.31048878900901	103.31048878900901	1904.6551212375143
11380-10398	69829.05909498208	84.1	57.21963981915448	196.77651387151036	57.21963981915448	3518.682446363774
11380-10431	34426.72894265233	62.6	367.64574269676496	22.897272426856397	22.897272426856397	2708.1719070875943
11380-105	34426.72894265233	62.6	688.3106439188432	68.07679728621711	68.07679728621711	2121.1964667869456
11380-10502	14115.369655657962	43.6	65.4272476510091	395.007219482924	65.4272476510091	3830.809102396934
11380-10515	34426.72894265233	62.6	344.7702937036307	22.51811914607864	22.51811914607864	2637.0531840919066
11380-10517	42126.25620199693	77.5	132.35885626528636	592.0704226992103	132.35885626528636	1052.7551150924066
11380-10527	42126.25620199693	77.5	199.9472242147261	582.7648430095563	199.9472242147261	1067.4293280527188
11380-10570	69829.05909498208	84.1	44.83392925528242	150.95783274354588	44.83392925528242	3472.8009489966325
11380-106	18166.57245263697	85.3	29.086818070907412	324.10383657055746	29.086818070907412	833.4150714377932
11380-10656	27869.233096518175	115.2	527.7251112565856	29.077544100251203	29.077544100251203	3646.396648617937
11380-10698	69829.05909498208	84.1	57.59616931227701	177.80110941416822	57.59616931227701	3499.6530151678303
11380-10714	42126.25620199693	77.5	63.65923599419761	609.2258318571048	63.65923599419761	1051.8427800394604
11380-10719	23602.8910906298	77.1	788.879062808404	40.432061192328455	40.432061192328455	2263.2064689523054
11380-10744	34426.72894265233	62.6	255.57516052000094	201.05421951566635	201.05421951566635	2945.434768443714
11380-10762	23602.8910906298	77.1	466.30608802247895	27.111350090289697	27.111350090289697	2056.941450177463
11380-10765	69829.05909498208	84.1	211.8527396833551	36.660117782266056	36.660117782266056	2743.7853385286703
11380-10798	42126.25620199693	77.5	283.7679898523185	573.279106705861	283.7679898523185	1093.57139390913
11380-10851	14115.369655657962	43.6	26.38940482065763	379.69537637980903	26.38940482065763	3835.2941283815703
11380-10853	69829.05909498208	84.1	21.637828143766026	118.21547461693353	21.637828143766026	2562.746996250717
11380-10878	42924.74955837173	102.3	76.81820566869142	24.138722134115778	24.138722134115778	4258.8789964111975
11380-10881	42924.74955837173	102.3	39.886776863589496	241.24367780258407	39.886776863589496	4476.480781551199
11380-109	23602.8910906298	77.1	933.6811458967186	41.89964188202837	41.89964188202837	2008.561329961582
11380-10900	8135.575505632361	23.4	121.32836250654198	45.25285143598535	45.25285143598535	3589.0210019161113
11380-10903	42924.74955837173	102.3	339.996183070682	41.10219930473688	41.10219930473688	4231.559483662261
11380-10906	34426.72894265233	62.6	543.4597277913151	35.40339367171441	35.40339367171441	2104.721421232979
11380-10925	18166.57245263697	85.3	29.273202728473464	60.64246277112892	29.273202728473464	1209.4771292090577
11380-10927	14115.369655657962	43.6	47.16483255466062	407.4058937340295	47.16483255466062	3814.846985036457
11380-10928	23602.8910906298	77.1	257.5870739453888	37.61510579657585	37.61510579657585	2062.543141503236
11380-10932	23602.8910906298	77.1	212.9721844696085	125.00154254895699	125.00154254895699	1875.603911940216
11380-10938	42126.25620199693	77.5	41.920433205685356	551.6693165771414	41.920433205685356	1474.137959663931
11380-10944	34426.72894265233	62.6	583.9102486379018	122.38712087990854	122.38712087990854	2207.4397048787755
11380-10961	23602.8910906298	77.1	653.8736794860419	122.59567988261503	122.59567988261503	2503.462908972551
11380-10967	27869.233096518175	115.2	47.957015343299815	123.66448538306555	47.957015343299815	4093.5160137957528
11380-10994	34426.72894265233	62.6	520.9685468742219	47.73867893898416	47.73867893898416	2167.996196354069
11380-10996	34426.72894265233	62.6	727.4093018100929	27.3787797351402	27.3787797351402	2025.5405501157973
11380-10998	69829.05909498208	84.1	28.674302794389362	145.77103221981616	28.674302794389362	3177.842353827129
11380-11	5460.6126344086015	14.1	220.7789454578758	383.72464132296847	220.7789454578758	3817.641697490157
11380-11008	34426.72894265233	62.6	403.9167920893137	63.830221271402806	63.830221271402806	2578.4843108173172
11380-11015	27869.233096518175	115.2	75.07262713828626	224.92920460684869	75.07262713828626	4181.362239740449
11380-11027	69829.05909498208	84.1	73.01148326002097	134.94422227091505	73.01148326002097	3423.7497363305047
11380-11029	8135.575505632361	23.4	625.8737784386308	70.6097523470747	70.6097523470747	3656.40901389514
11380-11035	42924.74955837173	102.3	43.55433324266034	221.0130954016997	43.55433324266034	4368.742214363769
11380-11061	34426.72894265233	62.6	584.7112905784301	142.68135522186282	142.68135522186282	2773.182927632567
11380-11072	69829.05909498208	84.1	91.7837833238849	149.33615231705653	91.7837833238849	3457.1303542322817
11380-11078	27869.233096518175	115.2	307.1774836549003	70.0298079554039	70.0298079554039	3760.585931855807
11380-11083	14115.369655657962	43.6	18.23544172072991	421.4291283047755	18.23544172072991	3791.213751030068
11380-11085	42924.74955837173	102.3	120.7526956995778	61.120804626106114	61.120804626106114	4294.230695573793
11380-11086	28779.61640424987	82.5	40.51179045572486	289.22736402263416	40.51179045572486	75.51971767546428
11380-11087	42924.74955837173	102.3	82.13061726687636	125.50566402979041	82.13061726687636	4355.887478220229
11380-111	34426.72894265233	62.6	416.6308631538426	30.708468389037453	30.708468389037453	2872.3033116936285
11380-11101	34426.72894265233	62.6	413.28708356202424	26.75777707474525	26.75777707474525	3038.2057554744833
11380-11103	8135.575505632361	23.4	541.1079859017635	39.425696479805744	39.425696479805744	3618.553570426011
11380-11109	8135.575505632361	23.4	597.5712161833278	39.2534997663184	39.2534997663184	3603.561770042741
11380-11110	69829.05909498208	84.1	71.14923035062193	177.84090290074928	71.14923035062193	3454.380571618133
11380-11157	14115.369655657962	43.6	25.12993759675244	449.27928455016894	25.12993759675244	3523.9944558929215
11380-11169	27869.233096518175	115.2	85.93385962219098	55.84240148901912	55.84240148901912	3900.3207173916994
11380-11173	42924.74955837173	102.3	31.36787520904915	90.97777638917653	31.36787520904915	4266.567398049329
11380-11177	8135.575505632361	23.4	20.734343887882464	147.1740317076014	20.734343887882464	3763.737409402783
11380-11181	14115.369655657962	43.6	35.05852658338635	581.7182132011498	35.05852658338635	3512.7304497495506
11380-11186	69829.05909498208	84.1	19.699924154792598	209.30926363076583	19.699924154792598	3118.46812781711
11380-11199	14115.369655657962	43.6	15.9997022294702	532.5278382525746	15.9997022294702	3798.6873874227344
11380-11202	42924.74955837173	102.3	32.58338661098983	224.32098745115405	32.58338661098983	4381.996438143481
11380-11209	69829.05909498208	84.1	44.24423850123246	176.67568343064775	44.24423850123246	3145.0482235808677
11380-11215	69829.05909498208	84.1	50.38060929573709	164.95590234879737	50.38060929573709	3154.883693894065
11380-11221	28779.61640424987	82.5	28.304320614500373	333.042421427311	28.304320614500373	163.5917462034831
11380-11230	42924.74955837173	102.3	26.641353591333488	65.31531730329152	26.641353591333488	4144.130270643338
11380-11238	34426.72894265233	62.6	408.6132576014766	31.102482003621436	31.102482003621436	2847.013399470204
11380-11247	34426.72894265233	62.6	746.9378325664705	31.46986631811175	31.46986631811175	2784.0204148551416
11380-11265	28779.61640424987	82.5	28.009945193110163	339.39944632909805	28.009945193110163	171.78713810453698
11380-11266	28779.61640424987	82.5	28.009945193110163	339.39944632909805	28.009945193110163	171.78713810453698
11380-11267	28779.61640424987	82.5	28.009945193110163	339.39944632909805	28.009945193110163	171.78713810453698
11380-11268	28779.61640424987	82.5	28.009945193110163	339.39944632909805	28.009945193110163	171.78713810453698
11380-11272	14115.369655657962	43.6	37.26405675906871	248.77317686463866	37.26405675906871	3754.316088758433
11380-11289	42924.74955837173	102.3	56.07882823992504	34.71608654148664	34.71608654148664	4383.837395466726
11380-113	34426.72894265233	62.6	231.0680577805722	24.541122155694786	24.541122155694786	2870.8236681759695
11380-11333	34426.72894265233	62.6	354.31554570651684	26.275862375711235	26.275862375711235	2677.163053793772
11380-11364	27869.233096518175	115.2	23.861066059621724	453.24706657607334	23.861066059621724	4259.336545604552
11380-11371	42924.74955837173	102.3	23.538988440862404	431.2397591948794	23.538988440862404	3959.4009072527474
11380-11377	34426.72894265233	62.6	240.39631649625372	20.662348616960067	20.662348616960067	2441.929368532835
11380-114	34426.72894265233	62.6	442.3636037112927	30.03274480049037	30.03274480049037	2744.0962236084256
11380-115	34426.72894265233	62.6	135.75163589126853	334.90606311848944	135.75163589126853	2948.355550291673
11380-11598	28779.61640424987	82.5	336.88751265775954	119.48112532860529	119.48112532860529	433.6504906969614
11380-11599	28779.61640424987	82.5	152.91935173446586	276.8519783060617	152.91935173446586	234.03440876188128
11380-116	8135.575505632361	23.4	119.35783185091745	377.63100537612786	119.35783185091745	3160.0045379469816
11380-11600	28779.61640424987	82.5	354.2776440439061	577.7664306255359	354.2776440439061	388.43139316218765
11380-11608	23602.8910906298	77.1	271.73938862215067	62.85891155835358	62.85891155835358	1954.072165208065
11380-11609	42924.74955837173	102.3	38.88629952306385	195.55388373030968	38.88629952306385	4381.666967255265
11380-11612	69829.05909498208	84.1	31.594790797525643	216.127511122446	31.594790797525643	2828.958486949998
11380-11613	69829.05909498208	84.1	28.46208758201835	238.62197476259345	28.46208758201835	3110.495705305237
11380-11614	34426.72894265233	62.6	218.2222518914994	21.803005951397264	21.803005951397264	2903.78411719399
11380-11618	23602.8910906298	77.1	293.1162907393233	39.965054357236454	39.965054357236454	2132.6444829122925
11380-11628	34426.72894265233	62.6	33.713602658391665	148.85831838907475	33.713602658391665	2811.7032383118094
11380-11631	69829.05909498208	84.1	35.59801236724004	287.6450106189177	35.59801236724004	3583.6800597523043
11380-11633	34426.72894265233	62.6	694.9312031368394	267.78925646518394	267.78925646518394	2620.3256644814455
11380-11635	8135.575505632361	23.4	24.30185640957334	187.49085239482542	24.30185640957334	3729.3062192141424
11380-11639	8135.575505632361	23.4	403.14084835988086	25.767049795510196	25.767049795510196	3400.3126187505477
11380-117	23602.8910906298	77.1	274.5639844730119	24.751642906205863	24.751642906205863	2040.7974427997203
11380-118	34426.72894265233	62.6	657.164338347792	167.05852836043834	167.05852836043834	2506.2293148215276
11380-119	23602.8910906298	77.1	332.356704708903	75.04225570895679	75.04225570895679	1654.6317286757244
11380-12	69829.05909498208	84.1	43.8791340537045	72.7353090371572	43.8791340537045	3243.048044492513
11380-120	34426.72894265233	62.6	819.3278932176081	65.35913504150416	65.35913504150416	2124.5467665150695
11380-121	34426.72894265233	62.6	773.1081797741265	162.67968208982546	162.67968208982546	2243.2226739068697
11380-122	34426.72894265233	62.6	755.6050335645082	179.15969579886834	179.15969579886834	2252.226372387078
11380-123	69829.05909498208	84.1	654.1842126801686	533.8885407371567	533.8885407371567	2757.492757141551
11380-124	14115.369655657962	43.6	436.7139777172794	517.379954185642	436.7139777172794	3119.706931608642
11380-125	8135.575505632361	23.4	228.48520244155395	287.0043301980264	228.48520244155395	3246.786140655409
11380-126	69829.05909498208	84.1	598.710956756824	377.36825353149464	377.36825353149464	2993.9056505215253
11380-127	14115.369655657962	43.6	162.61214361713587	383.4647202166605	162.61214361713587	3471.855116530044
11380-129	14115.369655657962	43.6	164.24893494648867	392.38195873972563	164.24893494648867	3389.863239667128
11380-13	5460.6126344086015	14.1	770.4551845053081	12.05899213454126	12.05899213454126	3507.742586943156
11380-130	14115.369655657962	43.6	244.28152236511383	148.56298183660948	148.56298183660948	3663.162364315022
11380-131	14115.369655657962	43.6	146.79583321894415	158.53823238612802	146.79583321894415	3765.8247159713646
11380-132	69829.05909498208	84.1	337.50293459993634	20.08626689821026	20.08626689821026	3380.2250326497037
11380-133	14115.369655657962	43.6	29.451326278928423	285.1586012734739	29.451326278928423	3584.8740784445768
11380-13397	42126.25620199693	77.5	1191.0788128474328	56.135190575409034	56.135190575409034	2339.422197943449
11380-134	14115.369655657962	43.6	350.7030846750568	38.98293363891701	38.98293363891701	3352.3845687912253
11380-13425	23602.8910906298	77.1	624.8728722274649	34.52812238704097	34.52812238704097	1531.7256735218764
11380-13429	27869.233096518175	115.2	294.0420543922757	318.2270691087773	294.0420543922757	3629.776434495943
11380-13453	34426.72894265233	62.6	498.77698555509176	32.63701800155222	32.63701800155222	2287.4972485789376
11380-13456	34426.72894265233	62.6	498.77698555509176	32.63701800155222	32.63701800155222	2287.4972485789376
11380-135	14115.369655657962	43.6	29.30256393517434	402.30773708594774	29.30256393517434	3515.3718107134655
11380-136	14115.369655657962	43.6	26.290802238953567	385.7321617036163	26.290802238953567	3462.468847612953
11380-137	14115.369655657962	43.6	169.18145179358532	229.3589598873945	169.18145179358532	3270.56749075702
11380-138	5460.6126344086015	14.1	887.419701147282	123.20907418553129	123.20907418553129	3539.1490066109886
11380-139	69829.05909498208	84.1	120.79728535016255	271.9036004152648	120.79728535016255	3592.385567791046
11380-14	5460.6126344086015	14.1	982.8254225477446	99.89245529287666	99.89245529287666	3115.8897872288044
11380-140	69829.05909498208	84.1	135.43718096694406	279.25795030927685	135.43718096694406	3598.147009449122
11380-141	69829.05909498208	84.1	223.23422790300262	384.10310420195395	223.23422790300262	3602.807804307848
11380-142	5460.6126344086015	14.1	486.5660419350043	87.64391536218298	87.64391536218298	4141.439215565106
11380-143	8135.575505632361	23.4	192.9500541170935	272.5219350926412	192.9500541170935	3569.043349203349
11380-144	8135.575505632361	23.4	258.2042414979393	308.2558678535261	258.2042414979393	3338.0980996053477
11380-145	8135.575505632361	23.4	99.4161675171771	397.6268823175262	99.4161675171771	3149.2755301192237
11380-146	34426.72894265233	62.6	354.50068423224235	94.80196864524169	94.80196864524169	2917.773426793809
11380-147	14115.369655657962	43.6	71.98959626217425	777.0307670975778	71.98959626217425	3359.8892237262003
11380-149	14115.369655657962	43.6	63.119583303317455	359.29743669519	63.119583303317455	3228.5846063430195
11380-15	69829.05909498208	84.1	593.6811024034726	209.81915335126138	209.81915335126138	2617.379252680197
11380-150	34426.72894265233	62.6	56.427331681357394	413.3057093341503	56.427331681357394	3005.280269273199
11380-151	23602.8910906298	77.1	26.717067030240102	160.57396107577213	26.717067030240102	1885.9907408628487
11380-152	23602.8910906298	77.1	24.696435159262425	193.11629628133875	24.696435159262425	2245.678775406066
11380-153	23602.8910906298	77.1	259.3480100133015	91.13784947466425	91.13784947466425	1681.0166068916878
11380-154	34426.72894265233	62.6	28.18674954756326	281.78691954597065	28.18674954756326	2381.4173794734857
11380-155	23602.8910906298	77.1	326.18046700101365	27.620830688275845	27.620830688275845	2043.7352691209605
11380-156	34426.72894265233	62.6	335.88655926076484	56.38348487267818	56.38348487267818	2700.5952862942754
11380-16	42924.74955837173	102.3	391.31241572442667	36.70303261422311	36.70303261422311	4159.041470062254
11380-163	18166.57245263697	85.3	92.37710437373511	149.4790012653421	92.37710437373511	1491.7297265604923
11380-164	18166.57245263697	85.3	53.55903764062063	346.45727358573833	53.55903764062063	813.7182137342134
11380-165	18166.57245263697	85.3	26.02659198348448	360.3113698821982	26.02659198348448	796.8924439056766
11380-166	18166.57245263697	85.3	25.928816644458017	377.47027322424276	25.928816644458017	779.6940522955999
11380-167	18166.57245263697	85.3	25.693683330743546	394.03361662439886	25.693683330743546	763.087733436415
11380-168	18166.57245263697	85.3	49.54579503664965	470.2498276516338	49.54579503664965	627.0387631056252
11380-169	18166.57245263697	85.3	161.9369954469184	399.67430195832753	161.9369954469184	790.0064849307797
11380-17	69829.05909498208	84.1	80.35153306820756	342.76358728049905	80.35153306820756	2810.004343643123
11380-170	18166.57245263697	85.3	267.4397904250531	208.43364268038835	208.43364268038835	1376.169344688684
11380-171	18166.57245263697	85.3	52.343510794181306	377.97659858686114	52.343510794181306	781.7252219011859
11380-173	28779.61640424987	82.5	488.39823862198824	32.191334399932515	32.191334399932515	590.589474500003
11380-174	5460.6126344086015	14.1	502.84169978975996	61.91063026392132	61.91063026392132	4097.404434401731
11380-179	27869.233096518175	115.2	427.37630097097303	249.87949504237923	249.87949504237923	3898.771492748973
11380-18	5460.6126344086015	14.1	929.3591630268072	99.6880109687146	99.6880109687146	3035.74637546582
11380-180	27869.233096518175	115.2	463.09690301490645	222.51895454669017	222.51895454669017	3858.507231687553
11380-181	27869.233096518175	115.2	357.912073442227	237.90830091605486	237.90830091605486	3931.270779975555
11380-182	42924.74955837173	102.3	303.37190419826163	428.154412637787	303.37190419826163	4033.1692588473456
11380-184	5460.6126344086015	14.1	834.9667051419099	26.970168665961527	26.970168665961527	3460.9582893255288
11380-185	14115.369655657962	43.6	106.12046190790625	342.34284296741043	106.12046190790625	3836.7064679886594
11380-186	14115.369655657962	43.6	338.94857643771917	411.60432437714957	338.94857643771917	3220.3210022553835
11380-188	34426.72894265233	62.6	286.3418330088901	24.1883514598359	24.1883514598359	2968.799032644107
11380-189	8135.575505632361	23.4	662.9545392844329	41.75591641604278	41.75591641604278	3409.216300584881
11380-19	5460.6126344086015	14.1	721.4620984012552	58.56556068642646	58.56556068642646	3831.4035283653147
11380-190	34426.72894265233	62.6	81.55353314373083	221.1200870876192	81.55353314373083	2542.6105623941994
11380-191	34426.72894265233	62.6	278.8448633165719	57.943182360858486	57.943182360858486	2526.9030182682754
11380-193	34426.72894265233	62.6	258.7259705399036	88.69607852483117	88.69607852483117	2549.6290416223137
11380-194	34426.72894265233	62.6	256.0896956056199	88.57425238304697	88.57425238304697	2540.97799704523
11380-195	34426.72894265233	62.6	253.62335720820698	87.9386694817583	87.9386694817583	2531.275953518201
11380-196	34426.72894265233	62.6	80.66277664860267	249.88054194441148	80.66277664860267	2514.645626511561
11380-197	34426.72894265233	62.6	81.86787309724964	265.5037136152559	81.86787309724964	2482.6478954989275
11380-198	34426.72894265233	62.6	99.16568133729353	242.80122504416067	99.16568133729353	2473.730310076869
11380-199	34426.72894265233	62.6	84.13114828069905	258.5750076131815	84.13114828069905	2470.2380091457803
11380-2	27869.233096518175	115.2	89.67753769711072	126.45615934067523	89.67753769711072	4020.726842009391
11380-200	34426.72894265233	62.6	98.87279155397393	224.39911592588734	98.87279155397393	2402.8466032963915
11380-201	34426.72894265233	62.6	81.10698602876226	244.96205988679353	81.10698602876226	2415.159101289516
11380-203	34426.72894265233	62.6	81.35512881627928	239.66437419814153	81.35512881627928	2376.769784505681
11380-208	23602.8910906298	77.1	450.0371631901492	116.4646709817076	116.4646709817076	2196.378325335728
11380-209	23602.8910906298	77.1	224.05556456285416	104.50223241200999	104.50223241200999	2243.44733489933
11380-21	69829.05909498208	84.1	629.2504611574321	105.92303541215439	105.92303541215439	2865.7494598299836
11380-211	14115.369655657962	43.6	74.44294646870583	584.7965769745892	74.44294646870583	3737.0963629447297
11380-212	14115.369655657962	43.6	34.43761308469046	454.9413305674531	34.43761308469046	3294.8427208120124
11380-213	8135.575505632361	23.4	163.8939662459686	128.08279729977667	128.08279729977667	3562.1837816490406
11380-214	8135.575505632361	23.4	135.55306624627985	423.2415619453601	135.55306624627985	3260.365668434917
11380-215	34426.72894265233	62.6	176.14633883112694	228.03809855352588	176.14633883112694	3068.829390709436
11380-216	34426.72894265233	62.6	37.4154354430855	88.47452416896859	37.4154354430855	2838.744516848911
11380-217	14115.369655657962	43.6	192.68558748818137	208.06151497229865	192.68558748818137	3232.208369195571
11380-218	14115.369655657962	43.6	356.8983911421529	47.35474326036647	47.35474326036647	3091.078723685459
11380-219	14115.369655657962	43.6	389.4364987250347	20.84170516423287	20.84170516423287	3043.8436597769746
11380-22	69829.05909498208	84.1	44.40310556900608	220.30799733528568	44.40310556900608	3101.782146860032
11380-220	34426.72894265233	62.6	271.8256530771051	180.26009219579075	180.26009219579075	2958.4686109626305
11380-221	14115.369655657962	43.6	157.79702601723847	275.9411515753469	157.79702601723847	3124.2303713978595
11380-222	14115.369655657962	43.6	178.04957048126974	255.9017002322045	178.04957048126974	3110.560769242394
11380-223	34426.72894265233	62.6	40.033401875640045	425.819627249004	40.033401875640045	3036.9714211742753
11380-225	34426.72894265233	62.6	550.7020024379391	102.64199895192382	102.64199895192382	2775.5083190767627
11380-226	34426.72894265233	62.6	551.944104161844	396.9464297197181	396.9464297197181	2564.1660360641604
11380-227	34426.72894265233	62.6	729.3501217066691	234.97883854843937	234.97883854843937	2434.8892158481694
11380-228	23602.8910906298	77.1	256.03553415359164	20.305376710960758	20.305376710960758	2043.1227758421476
11380-229	23602.8910906298	77.1	218.118895955051	26.071282485409423	26.071282485409423	2032.8706542269156
11380-23	42126.25620199693	77.5	515.0208223920195	534.4498622386142	515.0208223920195	2125.5654849418424
11380-230	23602.8910906298	77.1	203.625876431457	27.641357359767923	27.641357359767923	2030.0636159097742
11380-231	23602.8910906298	77.1	697.6132631093317	147.42750424009367	147.42750424009367	1747.5192739721201
11380-232	23602.8910906298	77.1	515.617788335002	15.551913376313076	15.551913376313076	1921.005764566664
11380-234	34426.72894265233	62.6	597.3072415603134	134.16105859396595	134.16105859396595	2294.9690152819894
11380-235	23602.8910906298	77.1	61.89762362874997	144.50459767325466	61.89762362874997	1904.8210747205226
11380-236	18166.57245263697	85.3	106.54481301758598	204.281421385647	106.54481301758598	1330.338631195683
11380-237	18166.57245263697	85.3	109.04056951496447	228.87227325178273	109.04056951496447	1357.0794997615974
11380-238	18166.57245263697	85.3	59.28869706084713	129.7584806357917	59.28869706084713	1271.701531054863
11380-239	18166.57245263697	85.3	59.25711822299731	114.60159639387349	59.25711822299731	1254.369811189944
11380-24	14115.369655657962	43.6	437.3923604674205	569.6419652832353	437.3923604674205	3116.351536422904
11380-240	18166.57245263697	85.3	26.431100036898343	107.90238823595848	26.431100036898343	1051.8563196181856
11380-241	28779.61640424987	82.5	43.218122435447924	486.71358460154363	43.218122435447924	481.6086874355674
11380-242	28779.61640424987	82.5	44.9705994359127	491.62481829640757	44.9705994359127	400.70092740930846
11380-243	28779.61640424987	82.5	41.24963782931979	487.30473162452864	41.24963782931979	418.21480539814814
11380-244	18166.57245263697	85.3	179.33526991265038	228.03032801685913	179.33526991265038	1016.0235463981242
11380-247	34426.72894265233	62.6	516.2076035591753	377.3574567791199	377.3574567791199	2542.914159921368
11380-248	14115.369655657962	43.6	121.1625619008996	19.264057462523976	19.264057462523976	3525.546636449933
11380-249	14115.369655657962	43.6	286.7855791205383	30.307768879561753	30.307768879561753	3373.6171070848322
11380-25	69829.05909498208	84.1	738.9078234724194	492.59053416455856	492.59053416455856	2577.82320266398
11380-251	18166.57245263697	85.3	156.59293140305184	157.87697423606366	156.59293140305184	1137.5509625369375
11380-252	18166.57245263697	85.3	128.68393792388596	130.19006708816246	128.68393792388596	1137.5828202879864
11380-253	8135.575505632361	23.4	125.9948423296283	385.09987877677236	125.9948423296283	3184.485803471406
11380-254	18166.57245263697	85.3	397.53752859049524	317.3417813058539	317.3417813058539	1260.9009861398572
11380-255	34426.72894265233	62.6	34.18050409950885	109.58262639812577	34.18050409950885	2761.4796588540867
11380-256	34426.72894265233	62.6	417.5496699905387	85.1490238791407	85.1490238791407	2554.596334491432
11380-257	5460.6126344086015	14.1	811.2326769340378	38.23658923033668	38.23658923033668	2859.8258602100523
11380-258	69829.05909498208	84.1	172.56114173492037	467.9433128425124	172.56114173492037	3789.067788609359
11380-259	14115.369655657962	43.6	305.55135194760663	327.6718109291027	305.55135194760663	3386.780341258025
11380-26	14115.369655657962	43.6	174.02611934266423	439.4053972086035	174.02611934266423	3377.9429345385975
11380-260	14115.369655657962	43.6	308.3844158805929	305.2466540505044	305.2466540505044	3399.2052027036293
11380-261	34426.72894265233	62.6	528.1863128369571	27.273827886853603	27.273827886853603	2491.3813300485835
11380-262	23602.8910906298	77.1	35.39457965238976	204.50038986856003	35.39457965238976	2258.069832775048
11380-263	42924.74955837173	102.3	226.60143065430924	131.38982130953482	131.38982130953482	4407.682486045513
11380-264	23602.8910906298	77.1	172.66633424552833	21.537643791484477	21.537643791484477	2033.690332830202
11380-265	18166.57245263697	85.3	846.6690816867834	69.83282681312772	69.83282681312772	1249.5404145478171
11380-266	23602.8910906298	77.1	26.56203726343905	75.05334082093795	26.56203726343905	2125.904506840646
11380-267	23602.8910906298	77.1	465.5911199460002	25.801978682228935	25.801978682228935	1538.5177159762752
11380-268	23602.8910906298	77.1	28.543610725928254	135.77429197170062	28.543610725928254	1766.916328428594
11380-269	23602.8910906298	77.1	228.8735168026182	30.51356424481905	30.51356424481905	2093.7898728961377
11380-27	69829.05909498208	84.1	595.5520685933291	574.7772836006525	574.7772836006525	2798.881491815253
11380-270	34426.72894265233	62.6	793.8893228316113	156.85873375273036	156.85873375273036	2271.2840909892066
11380-272	23602.8910906298	77.1	61.11525260056254	130.51366774410016	61.11525260056254	1748.0392063534857
11380-273	14115.369655657962	43.6	36.56861964830636	478.05466209604293	36.56861964830636	3847.248827316387
11380-274	34426.72894265233	62.6	33.638502818413045	155.4344905310139	33.638502818413045	2889.0603598517196
11380-275	14115.369655657962	43.6	186.25465704150272	226.9066660758794	186.25465704150272	3179.12281804855
11380-276	34426.72894265233	62.6	197.42687809155436	263.87983089761883	197.42687809155436	2958.7655931995605
11380-28	69829.05909498208	84.1	630.9210656635404	472.109045412193	472.109045412193	2851.0012222926744
11380-29	14115.369655657962	43.6	202.12566520903212	203.65229961116583	202.12566520903212	3555.106048148579
11380-291	69829.05909498208	84.1	219.62113494645664	256.10465372455104	219.62113494645664	3484.3384798008587
11380-3	8135.575505632361	23.4	254.1281264666668	25.403693938311264	25.403693938311264	3515.735817039279
11380-30	69829.05909498208	84.1	518.3830381154189	121.0787945774828	121.0787945774828	3206.794321920523
11380-31	14115.369655657962	43.6	31.137977512911664	598.5851800046702	31.137977512911664	3429.038101325992
11380-32	69829.05909498208	84.1	700.5341292360511	454.03965385522923	454.03965385522923	2581.892297073515
11380-33	69829.05909498208	84.1	722.1585509604449	474.3808609344726	474.3808609344726	2600.163499017014
11380-335	8135.575505632361	23.4	68.78542858771064	360.4828136179424	68.78542858771064	3868.108758811414
11380-336	8135.575505632361	23.4	87.56409132038165	370.4403604353138	87.56409132038165	3888.7984533722506
11380-338	27869.233096518175	115.2	264.67841273187815	88.66211101518871	88.66211101518871	3781.139377735896
11380-344	34426.72894265233	62.6	85.44546404491336	72.24826570713151	72.24826570713151	2683.4727628158935
11380-346	34426.72894265233	62.6	257.3882528366225	135.16569582318485	135.16569582318485	2670.489309575263
11380-35	69829.05909498208	84.1	299.930185753709	393.08015214074675	299.930185753709	3348.7362291699837
11380-356	34426.72894265233	62.6	98.91774063348443	76.37266285314242	76.37266285314242	2889.885632834762
11380-36	69829.05909498208	84.1	508.2830284447448	244.2818196231391	244.2818196231391	2903.2238413077052
11380-37	14115.369655657962	43.6	103.82991556932896	425.30085843737186	103.82991556932896	3495.9563052525154
11380-376	5460.6126344086015	14.1	597.6093910063247	122.38166030324794	122.38166030324794	3708.9231218445047
11380-378	69829.05909498208	84.1	15.530417231104176	276.51967223133096	15.530417231104176	2758.755597891723
11380-379	5460.6126344086015	14.1	597.7413876181124	134.34508032770063	134.34508032770063	3652.0854444920915
11380-38	69829.05909498208	84.1	232.24807635869578	116.81095829073915	116.81095829073915	3430.4200860538913
11380-380	14115.369655657962	43.6	342.77495090570056	533.5532578857585	342.77495090570056	3209.502555924102
11380-381	14115.369655657962	43.6	358.56494971482545	554.8699037746734	358.56494971482545	3193.0785009720476
11380-382	14115.369655657962	43.6	292.0848350283192	107.60634057570873	107.60634057570873	3236.609680744529
11380-383	14115.369655657962	43.6	303.5776888491894	94.05310644943499	94.05310644943499	3204.2745396577247
11380-384	14115.369655657962	43.6	18.11303938705467	172.10585758810979	18.11303938705467	3672.0643080984933
11380-385	34426.72894265233	62.6	407.6665720359397	34.45582439968892	34.45582439968892	3135.70276142939
11380-386	8135.575505632361	23.4	755.0635287593967	19.366231931920296	19.366231931920296	3415.980301279345
11380-387	34426.72894265233	62.6	25.484990390476476	215.31228824967488	25.484990390476476	2926.666818751626
11380-391	27869.233096518175	115.2	385.32641053294134	211.62853876433803	211.62853876433803	3897.6953902643763
11380-392	8135.575505632361	23.4	494.86718120167956	29.545351376657532	29.545351376657532	3294.2415331169923
11380-393	42924.74955837173	102.3	117.51825685293466	120.39260598096736	117.51825685293466	4198.236348996812
11380-394	34426.72894265233	62.6	235.6668541491412	135.7472601452926	135.7472601452926	2608.336845208637
11380-395	8135.575505632361	23.4	276.3432236705354	195.53691356049615	195.53691356049615	3841.329541154015
11380-396	5460.6126344086015	14.1	1102.6114411692186	199.04776062141872	199.04776062141872	3282.522236958188
11380-397	69829.05909498208	84.1	37.386529410848794	264.94264929505056	37.386529410848794	2719.4722809287455
11380-399	69829.05909498208	84.1	265.7043947243202	17.223106070378563	17.223106070378563	2990.0273341169377
11380-4	8135.575505632361	23.4	427.4166449696996	337.9193748703172	337.9193748703172	3927.389822322249
11380-40	14115.369655657962	43.6	177.3545619003438	241.98358209814148	177.3545619003438	3744.8175174717653
11380-400	14115.369655657962	43.6	299.9914380485496	101.67095055914977	101.67095055914977	3250.266066742527
11380-401	14115.369655657962	43.6	234.22058375348223	163.5774436457083	163.5774436457083	3252.045929993731
11380-402	14115.369655657962	43.6	444.47071894106745	44.87713699149535	44.87713699149535	3075.235900052432
11380-403	34426.72894265233	62.6	373.01273434584283	91.90207987411067	91.90207987411067	2905.929239868794
11380-404	34426.72894265233	62.6	197.1402379737097	79.81738085085686	79.81738085085686	2979.9459038625223
11380-405	34426.72894265233	62.6	311.4701490204762	164.79999101309838	164.79999101309838	2801.627585773968
11380-406	34426.72894265233	62.6	263.70889556809055	234.93359322172628	234.93359322172628	2723.3220846659638
11380-407	34426.72894265233	62.6	74.60539929003275	105.09863671338533	74.60539929003275	2511.692874561674
11380-408	23602.8910906298	77.1	132.45903799157466	128.65544312086567	128.65544312086567	2187.066621416427
11380-41	14115.369655657962	43.6	167.4727068094298	209.956937228008	167.4727068094298	3674.209164765178
11380-42	14115.369655657962	43.6	539.9892487002554	494.93657522097413	494.93657522097413	3022.135714512106
11380-43	14115.369655657962	43.6	593.7202711880274	384.5379243971015	384.5379243971015	2992.7992657450372
11380-44	14115.369655657962	43.6	383.3135904483091	89.04153975132535	89.04153975132535	3274.691057944268
11380-46	14115.369655657962	43.6	642.1907082646377	374.41957581342314	374.41957581342314	2956.561495883212
11380-47	14115.369655657962	43.6	458.7348443259441	55.01396492281789	55.01396492281789	3167.7834186940863
11380-49	14115.369655657962	43.6	96.60131189447473	20.958299169097543	20.958299169097543	3546.0515069628664
11380-5	27869.233096518175	115.2	111.01999184544735	226.15280758440684	111.01999184544735	4063.184776382435
11380-50	42924.74955837173	102.3	152.94089959075387	477.3614757331916	152.94089959075387	3967.9226478040773
11380-51	8135.575505632361	23.4	113.40953706738497	368.76433237432474	113.40953706738497	3910.3643246505394
11380-52	69829.05909498208	84.1	204.56518967751987	371.06564742502877	204.56518967751987	3686.9898254817067
11380-53	18166.57245263697	85.3	769.7757063841541	351.36256971913394	351.36256971913394	1594.2245532188456
11380-54	18166.57245263697	85.3	427.0055074939614	129.36255333835172	129.36255333835172	1449.4097665243382
11380-55	34426.72894265233	62.6	81.75626096672976	197.58822957660578	81.75626096672976	2564.237562632407
11380-56	34426.72894265233	62.6	483.68213969023253	26.59121261906403	26.59121261906403	3071.69170969085
11380-57	34426.72894265233	62.6	730.874203540229	42.246374177840735	42.246374177840735	2984.3753846963364
11380-58	18166.57245263697	85.3	648.9911713155068	355.8138493479709	355.8138493479709	1610.8445301149518
11380-59	34426.72894265233	62.6	851.2016668555475	128.69789084778307	128.69789084778307	2825.1073929352324
11380-6	27869.233096518175	115.2	106.77399019165763	175.09285420613412	106.77399019165763	3991.606468417962
11380-60	34426.72894265233	62.6	112.14848610177549	24.39697692133221	24.39697692133221	2755.4376925792494
11380-61	27869.233096518175	115.2	639.855316673054	113.93412052515562	113.93412052515562	3508.475115337038
11380-62	34426.72894265233	62.6	371.59789506845846	88.99098927313976	88.99098927313976	2893.109648950219
11380-6293	34426.72894265233	62.6	40.10010825117665	73.02292046248327	40.10010825117665	2825.189829077684
11380-63	34426.72894265233	62.6	81.4898009701294	238.84463575183028	81.4898009701294	2364.2642517226036
11380-64	23602.8910906298	77.1	303.6164027200862	84.57482095184339	84.57482095184339	1669.0049834914544
11380-65	23602.8910906298	77.1	602.4181527922352	26.030405102967684	26.030405102967684	1709.7055790395873
11380-66	23602.8910906298	77.1	476.00741483880614	105.15425811189388	105.15425811189388	1419.5644236818514
11380-67	34426.72894265233	62.6	543.6689872454343	192.62721450011958	192.62721450011958	2366.314659510182
11380-68	34426.72894265233	62.6	116.30944979676127	210.16108783944418	116.30944979676127	2271.032782133082
11380-6833	34426.72894265233	62.6	42.69422343337808	111.51381230464159	42.69422343337808	2534.4321116596275
11380-6834	34426.72894265233	62.6	25.280015775284465	154.08276070589153	25.280015775284465	2509.2733604071886
11380-69	23602.8910906298	77.1	674.5000912903504	48.001649053143794	48.001649053143794	1587.2374416624516
11380-70	34426.72894265233	62.6	207.84786593529452	204.97416088893723	204.97416088893723	2692.8047341574443
11380-71	23602.8910906298	77.1	666.585639727115	54.18011255108282	54.18011255108282	1359.4749181059335
11380-72	34426.72894265233	62.6	576.6036259120581	50.55198280443921	50.55198280443921	2108.635802334251
11380-73	23602.8910906298	77.1	490.4141632515994	57.769618162561926	57.769618162561926	1838.2202200288116
11380-74	34426.72894265233	62.6	639.5922288934563	111.39123484937531	111.39123484937531	2167.833190952256
11380-75	34426.72894265233	62.6	642.4851281661935	74.74274546280509	74.74274546280509	2132.3785073109457
11380-7599	14115.369655657962	43.6	88.70609609216078	167.48968682798431	88.70609609216078	3650.053448419914
11380-76	34426.72894265233	62.6	617.7571305605612	117.15601215026535	117.15601215026535	2484.2401362659366
11380-7607	23602.8910906298	77.1	541.0722479251893	210.27506336189327	210.27506336189327	2333.160852130399
11380-7608	23602.8910906298	77.1	593.5853783435583	196.16898001265469	196.16898001265469	2400.6298240233264
11380-7609	23602.8910906298	77.1	584.2110089735442	211.17499006273718	211.17499006273718	2366.0613610622054
11380-7611	23602.8910906298	77.1	582.2610164107251	217.5751362433431	217.5751362433431	2341.4795507388894
11380-7618	14115.369655657962	43.6	50.389825571616925	467.45360090668225	50.389825571616925	3517.1588378240453
11380-7630	34426.72894265233	62.6	31.627437029136917	228.65507771191494	31.627437029136917	2880.387509732043
11380-7636	34426.72894265233	62.6	43.08918940224765	130.01790018963877	43.08918940224765	2516.251859744952
11380-7649	18166.57245263697	85.3	253.6719139778276	375.00443337097124	253.6719139778276	878.3446164408421
11380-7650	34426.72894265233	62.6	533.7917508262569	26.7916270134209	26.7916270134209	3083.220391833384
11380-7654	69829.05909498208	84.1	147.01089929083912	147.40694285091436	147.01089929083912	2420.8197086654445
11380-7659	14115.369655657962	43.6	46.521191347142384	127.19767034471859	46.521191347142384	3529.9224698413013
11380-7661	23602.8910906298	77.1	616.5837547923395	171.31797659093183	171.31797659093183	2423.367766277261
11380-7664	23602.8910906298	77.1	535.1162524414179	206.52270765014057	206.52270765014057	2389.4210691069343
11380-7675	23602.8910906298	77.1	604.3362849342764	43.83028435111075	43.83028435111075	1742.577908535157
11380-7688	14115.369655657962	43.6	636.7738161056132	284.7579503192742	284.7579503192742	2996.697602853083
11380-77	34426.72894265233	62.6	645.5955845587076	145.4272277389315	145.4272277389315	2468.7602761625485
11380-7708	23602.8910906298	77.1	443.62805087782226	111.0178416388524	111.0178416388524	2225.050967622582
11380-7732	14115.369655657962	43.6	283.69028500283093	217.50935239431072	217.50935239431072	3304.86789156813
11380-7735	34426.72894265233	62.6	371.2115340324352	59.400867707969134	59.400867707969134	2809.444791357111
11380-7744	23602.8910906298	77.1	47.81080851857819	134.62949135477888	47.81080851857819	2186.803363678313
11380-7746	69829.05909498208	84.1	59.59396767849491	318.3362205686143	59.59396767849491	2783.137227304663
11380-7749	8135.575505632361	23.4	399.6159347890577	50.33951946917519	50.33951946917519	3241.206989525802
11380-7756	14115.369655657962	43.6	73.27728764573884	247.6195007830854	73.27728764573884	3661.332314583553
11380-7762	34426.72894265233	62.6	32.27323962590281	27.192333094713735	27.192333094713735	2678.1325778255487
11380-7764	34426.72894265233	62.6	163.8087776056173	79.2056296696304	79.2056296696304	2455.6083759811204
11380-7767	42924.74955837173	102.3	207.374359455091	278.4762076460383	207.374359455091	4510.088077239437
11380-7777	34426.72894265233	62.6	84.78926221185874	136.08742365603368	84.78926221185874	2623.5388142102756
11380-7799	34426.72894265233	62.6	221.52435809098264	120.41888471674066	120.41888471674066	3031.892569397981
11380-7804	14115.369655657962	43.6	244.53838586815746	170.8866666364191	170.8866666364191	3349.571198645261
11380-7808	5460.6126344086015	14.1	891.7437649507194	9.731322803207826	9.731322803207826	3337.133707595683
11380-7818	34426.72894265233	62.6	311.41842510163184	26.501916301299776	26.501916301299776	2541.3352817803707
11380-7822	34426.72894265233	62.6	730.4479396238012	79.13036209165219	79.13036209165219	2210.936187251992
11380-7823	34426.72894265233	62.6	81.5298624450839	270.4080921567161	81.5298624450839	2495.587154478159
11380-7824	14115.369655657962	43.6	120.50506103382122	455.0298686705298	120.50506103382122	3429.484992933393
11380-7832	27869.233096518175	115.2	88.18545722092641	269.4253766000347	88.18545722092641	3921.4735200345363
11380-7839	14115.369655657962	43.6	142.30648821232614	271.27488031525405	142.30648821232614	3560.628661343357
11380-7851	69829.05909498208	84.1	561.4776215132115	255.806975492008	255.806975492008	2996.328848347742
11380-7853	8135.575505632361	23.4	521.0723245627732	41.199804561569074	41.199804561569074	3200.363470611281
11380-7854	34426.72894265233	62.6	211.10003546476221	34.76248294911469	34.76248294911469	2956.9611985401248
11380-7855	27869.233096518175	115.2	896.0611552913098	105.20630574227938	105.20630574227938	3193.8201179619123
11380-7858	69829.05909498208	84.1	117.97705744915702	143.78263219069802	117.97705744915702	2945.516127693566
11380-7880	34426.72894265233	62.6	198.0911102548521	119.61460439977554	119.61460439977554	2384.5211568662025
11380-7886	27869.233096518175	115.2	157.84113790749413	381.22324482261865	157.84113790749413	4135.979448163109
11380-79	34426.72894265233	62.6	75.54041566300975	129.3402926573914	75.54041566300975	2487.4007500684943
11380-7928	34426.72894265233	62.6	409.6237823125826	66.4350771268735	66.4350771268735	2149.6214782184747
11380-7930	28779.61640424987	82.5	15.071796903885044	457.44862545968016	15.071796903885044	510.689699224595
11380-7939	8135.575505632361	23.4	572.1980767809603	154.49729111088016	154.49729111088016	3746.2817587792943
11380-7962	14115.369655657962	43.6	239.5452703082929	802.2195202079878	239.5452703082929	3372.990013999252
11380-7975	14115.369655657962	43.6	22.985930832519678	143.95534286795444	22.985930832519678	3655.8745014528704
11380-7983	34426.72894265233	62.6	347.6183326932476	26.3829066160854	26.3829066160854	2977.4854690098705
11380-7987	34426.72894265233	62.6	262.5867627417137	109.44007418568948	109.44007418568948	2620.0817496669806
11380-8	5460.6126344086015	14.1	463.13458853078254	222.51559718292432	222.51559718292432	4244.960341656911
11380-80	34426.72894265233	62.6	75.42401346974538	141.72055817770644	75.42401346974538	2475.51397315227
11380-8018	14756.684645417306	98.8	1020.0766658892902	37.280313461607136	37.280313461607136	1548.2727528938956
11380-8019	14756.684645417306	98.8	1203.204935303926	35.522656613243846	35.522656613243846	1747.5379790309294
11380-8020	14756.684645417306	98.8	1110.1908577641095	251.5948815416707	251.5948815416707	1510.3905777787757
11380-8021	14756.684645417306	98.8	1019.3274340110904	162.6066575611616	162.6066575611616	1432.0141111688379
11380-8022	14756.684645417306	98.8	995.9653752699147	181.70725844994746	181.70725844994746	1335.0022209595836
11380-8023	14756.684645417306	98.8	1022.6083397680585	222.1035963951325	222.1035963951325	1334.0085173921361
11380-8024	42126.25620199693	77.5	958.307880061613	219.87639695779734	219.87639695779734	1233.389700129495
11380-8025	14756.684645417306	98.8	949.7856670885056	180.0731728171284	180.0731728171284	1229.1407300255394
11380-8026	42126.25620199693	77.5	831.2237977406697	177.84209920799736	177.84209920799736	1105.4296287926516
11380-8027	42126.25620199693	77.5	1111.5676652191166	395.1815305150166	395.1815305150166	1384.6924887080927
11380-8028	42126.25620199693	77.5	665.9908604119795	175.68889984057552	175.68889984057552	973.2294438956832
11380-8029	42126.25620199693	77.5	635.8045096438941	330.3554405351507	330.3554405351507	1077.007583268197
11380-8037	8135.575505632361	23.4	65.93545555079427	124.37330830875925	65.93545555079427	3800.216159965455
11380-8055	8135.575505632361	23.4	205.8381828803054	292.097620534713	205.8381828803054	3560.2081387280996
11380-8058	8135.575505632361	23.4	587.3357766760518	132.4418525912817	132.4418525912817	3722.296817384372
11380-8078	34426.72894265233	62.6	395.61800280803703	97.55799658866958	97.55799658866958	2520.902167203522
11380-81	23602.8910906298	77.1	520.6072511917375	16.053403408428206	16.053403408428206	1885.0726063461884
11380-8104	42924.74955837173	102.3	349.88412836594034	307.7723239957553	307.7723239957553	4374.487039622398
11380-8122	8135.575505632361	23.4	95.57930244667419	172.91310077216036	95.57930244667419	3836.240446879033
11380-8171	42126.25620199693	77.5	1235.8241449154823	510.1835921744031	510.1835921744031	1525.0334177746136
11380-8172	42126.25620199693	77.5	1174.30814020238	515.6839604807739	515.6839604807739	1496.28220389478
11380-8175	8135.575505632361	23.4	526.2220790550762	101.4022277677719	101.4022277677719	3684.4478425160846
11380-82	28779.61640424987	82.5	38.86198177171035	448.86894184424295	38.86198177171035	286.92661105915596
11380-8211	14115.369655657962	43.6	329.8275608813409	587.0471169062383	329.8275608813409	3219.369652808937
11380-8225	69829.05909498208	84.1	82.19970165876317	187.12829025114823	82.19970165876317	3468.4801638704557
11380-8243	18166.57245263697	85.3	47.603285581721245	447.944190439017	47.603285581721245	710.7504372601683
11380-8272	27869.233096518175	115.2	843.3182928241703	121.7345470532835	121.7345470532835	3245.214931761521
11380-8296	14115.369655657962	43.6	212.2251663318152	744.0853825991654	212.2251663318152	3379.026859961845
11380-83	18166.57245263697	85.3	25.674591069392413	106.00225725774371	25.674591069392413	1259.2331377575947
11380-8346	34426.72894265233	62.6	422.99841108003795	337.8618092946895	337.8618092946895	2499.327194466279
11380-8378	34426.72894265233	62.6	300.28571641473803	36.56129496363938	36.56129496363938	3050.214003203425
11380-8391	42126.25620199693	77.5	112.48037151582152	256.50252019273734	112.48037151582152	1770.7150235870633
11380-8392	42126.25620199693	77.5	197.5641522569251	386.18113791329927	197.5641522569251	1625.9945640091642
11380-8393	42126.25620199693	77.5	329.6632821823856	29.32866290551296	29.32866290551296	2052.152377107472
11380-84	28779.61640424987	82.5	300.44415575784245	491.1440876516242	300.44415575784245	441.5248551206815
11380-8413	14115.369655657962	43.6	254.19663916210484	269.2782494316413	254.19663916210484	3311.8292646504433
11380-8437	8135.575505632361	23.4	30.433833023583766	149.62059342368062	30.433833023583766	4034.353139872747
11380-8440	8135.575505632361	23.4	709.395730181078	16.76738296582533	16.76738296582533	3500.3828752692525
11380-8443	28779.61640424987	82.5	40.52147027935473	249.00507435412226	40.52147027935473	76.28670173950466
11380-8458	27869.233096518175	115.2	668.4307372781224	56.02993490943356	56.02993490943356	3532.255827018126
11380-8464	8135.575505632361	23.4	280.8796486069665	183.73857897230855	183.73857897230855	3197.0982676867884
11380-8471	28779.61640424987	82.5	88.08021124915874	206.55376734558362	88.08021124915874	39.07129552252658
11380-8485	34426.72894265233	62.6	268.7838955679613	58.93158832363286	58.93158832363286	2497.742881240763
11380-8489	42126.25620199693	77.5	637.9314480356884	249.72510412159497	249.72510412159497	1923.083447651685
11380-8501	34426.72894265233	62.6	318.21559470665994	138.90975233792946	138.90975233792946	2903.450644943384
11380-8503	42126.25620199693	77.5	474.56252461988646	313.14718262174927	313.14718262174927	1755.1292762491676
11380-8504	42126.25620199693	77.5	551.2252786986418	348.5109442413378	348.5109442413378	1758.8359458054667
11380-8505	42126.25620199693	77.5	764.5940150769588	338.94489020547564	338.94489020547564	1914.4850057652993
11380-8506	42126.25620199693	77.5	1275.280153191959	211.98751767317162	211.98751767317162	2033.8885258146645
11380-8507	42126.25620199693	77.5	414.3411321658584	263.49385997317444	263.49385997317444	1781.1611143639925
11380-8508	42126.25620199693	77.5	754.2408855380774	46.3682828102052	46.3682828102052	2234.2554261005967
11380-8515	42126.25620199693	77.5	733.9700433086114	404.1236037135875	404.1236037135875	1817.2643029949172
11380-8516	34426.72894265233	62.6	451.693621488473	51.538997536728694	51.538997536728694	2569.5218598532106
11380-8556	42126.25620199693	77.5	112.48037151582152	256.50252019273734	112.48037151582152	1770.7150235870633
11380-8559	42126.25620199693	77.5	197.5641522569251	386.18113791329927	197.5641522569251	1625.9945640091642
11380-8596	42126.25620199693	77.5	1007.1935241508188	33.75410581840456	33.75410581840456	2406.621383643083
11380-8597	5460.6126344086015	14.1	1291.5339841294697	442.9597874687699	442.9597874687699	2942.525947016706
11380-8598	5460.6126344086015	14.1	1449.5458516188116	586.8020059684229	586.8020059684229	3050.983084496957
11380-8599	5460.6126344086015	14.1	1376.1644971486664	481.08803320610485	481.08803320610485	2944.081287976612
11380-86	18166.57245263697	85.3	34.06514488234471	238.27272890759923	34.06514488234471	920.4015892696816
11380-8619	14756.684645417306	98.8	469.2895642824387	37.697014770780605	37.697014770780605	759.6014465048205
11380-8622	42126.25620199693	77.5	472.7046926082276	252.27307286374221	252.27307286374221	891.0410290891618
11380-8656	27869.233096518175	115.2	464.44591293159255	20.028179179830424	20.028179179830424	3685.413867451993
11380-8666	42126.25620199693	77.5	1463.254083919483	91.58179490145021	91.58179490145021	2165.2551710249104
11380-8667	42126.25620199693	77.5	1714.7086179756857	137.92666412315316	137.92666412315316	2361.6832075784114
11380-8668	42126.25620199693	77.5	1614.2708346471734	83.42977325495298	83.42977325495298	2330.2098531586425
11380-8670	42126.25620199693	77.5	1571.8447755300579	145.23674918352816	145.23674918352816	2075.3416980821003
11380-8692	69829.05909498208	84.1	28.875950025167175	169.87173087704412	28.875950025167175	3417.018067424843
11380-8696	42924.74955837173	102.3	200.00513022627624	209.55982171010254	200.00513022627624	4539.790539226274
11380-8697	5460.6126344086015	14.1	787.3457519562781	95.76616565796586	95.76616565796586	3785.9163398597707
11380-8698	42924.74955837173	102.3	212.8163639204879	245.76456188871293	212.8163639204879	4521.303448254093
11380-8699	42924.74955837173	102.3	159.8294405443423	172.11957626698336	159.8294405443423	4594.429162199669
11380-87	18166.57245263697	85.3	108.30096878944076	251.25955550793617	108.30096878944076	1384.3188260019238
11380-8700	5460.6126344086015	14.1	750.4258515906271	21.09328436272756	21.09328436272756	3527.6013164084206
11380-8723	14756.684645417306	98.8	85.78366330048945	37.47864406452922	37.47864406452922	490.4765025287648
11380-8728	42126.25620199693	77.5	157.60396834077474	248.47960326039788	157.60396834077474	714.3949006008539
11380-8798	8135.575505632361	23.4	609.7231350989272	101.60579597743072	101.60579597743072	3672.9239611594912
11380-88	18166.57245263697	85.3	26.867149128839404	219.2570246464106	26.867149128839404	1373.7329028371469
11380-8803	5460.6126344086015	14.1	896.2207021515918	168.4686878551236	168.4686878551236	3644.4632372565347
11380-8811	34426.72894265233	62.6	562.5588810806892	298.8665689165085	298.8665689165085	2475.6167221681876
11380-8827	34426.72894265233	62.6	730.0211177717184	30.457652506269092	30.457652506269092	2648.440659420565
11380-8868	27869.233096518175	115.2	623.9157573560408	40.85237454139973	40.85237454139973	3581.996647873444
11380-8870	34426.72894265233	62.6	447.5139534084211	26.677579515918715	26.677579515918715	2959.225747530335
11380-89	18166.57245263697	85.3	36.63413095103762	84.50257434025784	36.63413095103762	1080.3929492191332
11380-8907	34426.72894265233	62.6	398.87790800634644	26.357369283897267	26.357369283897267	2806.9585101938655
11380-8922	69829.05909498208	84.1	95.16907128338724	438.42520059553334	95.16907128338724	3691.274316513082
11380-9	5460.6126344086015	14.1	576.201735053629	149.21857290202877	149.21857290202877	3694.1838549602367
11380-90	28779.61640424987	82.5	27.47557636052427	472.3032085771953	27.47557636052427	449.6357667402281
11380-9005	14115.369655657962	43.6	48.1510860038481	386.492654249057	48.1510860038481	3836.041986274024
11380-9047	18166.57245263697	85.3	38.47056641937542	192.57212740449438	38.47056641937542	967.7771234089878
11380-9057	34426.72894265233	62.6	442.4396063033494	21.715619932893226	21.715619932893226	2811.4514618360436
11380-9076	42924.74955837173	102.3	104.35085553445357	499.4418303067461	104.35085553445357	3794.515658837699
11380-91	18166.57245263697	85.3	305.35907823697875	306.5618632314562	305.35907823697875	1182.8205060670591
11380-9129	42126.25620199693	77.5	58.009749386898555	263.6367639565075	58.009749386898555	699.1245904573806
11380-9145	8135.575505632361	23.4	537.298570322749	87.19750362895154	87.19750362895154	3667.147946253956
11380-9151	34426.72894265233	62.6	717.8902365365774	171.74942253192677	171.74942253192677	2218.7022765655524
11380-9188	23602.8910906298	77.1	956.5777962568836	183.88137734595452	183.88137734595452	2297.382248522381
11380-9189	23602.8910906298	77.1	862.6548439107644	32.61967926312016	32.61967926312016	2298.961740404066
11380-9190	23602.8910906298	77.1	975.9713736335779	200.9346646902001	200.9346646902001	2692.752769153552
11380-9198	34426.72894265233	62.6	611.8104463809364	353.6602095523083	353.6602095523083	2624.053239341505
11380-92	8135.575505632361	23.4	64.45783451296637	378.87559371755196	64.45783451296637	3134.089483636056
11380-9201	23602.8910906298	77.1	400.2870161620831	65.12208797675615	65.12208797675615	2128.79690539901
11380-9203	42924.74955837173	102.3	118.83552344428438	57.6240053705697	57.6240053705697	4361.308500259636
11380-9207	42924.74955837173	102.3	98.76108323943987	111.87644143447842	98.76108323943987	4295.555006975422
11380-9219	23602.8910906298	77.1	970.7123319740916	179.70110335266693	179.70110335266693	2347.130686541838
11380-9220	23602.8910906298	77.1	939.2609974285158	223.59171223691027	223.59171223691027	2425.749338512583
11380-9221	23602.8910906298	77.1	941.9564378733078	117.02840952267314	117.02840952267314	2363.002638333892
11380-9233	42924.74955837173	102.3	78.19662305696251	142.8832705677993	78.19662305696251	4254.057389573962
11380-9284	23602.8910906298	77.1	296.05376175798125	37.99246943878667	37.99246943878667	2106.4583294130107
11380-9292	42924.74955837173	102.3	79.91386440546971	83.36335365172305	79.91386440546971	4311.903972141426
11380-93	34426.72894265233	62.6	29.35010334338593	241.25102735420452	29.35010334338593	2891.9645511202166
11380-9301	42924.74955837173	102.3	88.95195979550618	140.77965632966755	88.95195979550618	4261.259977831557
11380-9311	42924.74955837173	102.3	105.14776706277598	139.73132535781662	105.14776706277598	4271.733721793787
11380-9318	42924.74955837173	102.3	95.55889590054223	124.19269670181458	95.55889590054223	4281.311892882333
11380-9339	42924.74955837173	102.3	73.36026972788216	132.65905798300926	73.36026972788216	4261.80463281813
11380-9344	42924.74955837173	102.3	82.67358287066928	130.4236695808097	82.67358287066928	4268.155196276727
11380-9373	42924.74955837173	102.3	116.53609871982405	46.3953543858956	46.3953543858956	4367.811034602678
11380-9375	69829.05909498208	84.1	51.08442383002294	248.58856652036042	51.08442383002294	3567.9964227014602
11380-9377	42924.74955837173	102.3	150.8420816440776	68.23014865724683	68.23014865724683	4327.257497727147
11380-9385	42924.74955837173	102.3	113.15400186070474	66.23279445084114	66.23279445084114	4279.2600663072035
11380-9388	69829.05909498208	84.1	52.916556011831986	133.28068740581085	52.916556011831986	3453.100254383757
11380-9390	69829.05909498208	84.1	39.31407042630054	243.77196554007415	39.31407042630054	3561.545347420334
11380-9394	34426.72894265233	62.6	690.3145338430209	22.948423054980957	22.948423054980957	2033.6474776176528
11380-9395	42924.74955837173	102.3	59.41485219123741	187.02181706199733	59.41485219123741	4339.019297684753
11380-94	34426.72894265233	62.6	519.1794270415605	80.6485011198467	80.6485011198467	2840.732651518044
11380-9400	42924.74955837173	102.3	56.83320284675552	82.2564246608842	56.83320284675552	4429.831848413658
11380-9403	27869.233096518175	115.2	143.97362569899335	400.29383900857016	143.97362569899335	4154.139566727969
11380-9411	69829.05909498208	84.1	34.840438966948476	175.47881818271185	34.840438966948476	3496.5545556020247
11380-9413	69829.05909498208	84.1	56.37920678761708	191.34587958374254	56.37920678761708	3128.1973258262633
11380-9431	5460.6126344086015	14.1	871.6642979489498	47.447610759127315	47.447610759127315	3278.1753269286546
11380-9439	42924.74955837173	102.3	44.95168597365918	122.29541020088591	44.95168597365918	4262.055380427603
11380-9440	42924.74955837173	102.3	75.13166012286699	35.32608469785042	35.32608469785042	4356.678924470085
11380-9487	42924.74955837173	102.3	107.86637067605197	69.8360427943694	69.8360427943694	4267.109896718105
11380-9491	42924.74955837173	102.3	90.15994202348713	45.70331763284549	45.70331763284549	4262.009320353599
11380-9529	42924.74955837173	102.3	30.06552202003641	108.9572605140317	30.06552202003641	4270.136916728105
11380-9535	42924.74955837173	102.3	57.99903855427468	196.06290825352045	57.99903855427468	4347.337487033891
11380-9567	8135.575505632361	23.4	900.2994252750266	36.09927124908494	36.09927124908494	3214.4125741918688
11380-9569	69829.05909498208	84.1	35.0849284631578	205.33410766668717	35.0849284631578	3375.635215748197
11380-9593	42924.74955837173	102.3	346.7728852971284	205.58076841746652	205.58076841746652	4329.271515752384
11380-96	8135.575505632361	23.4	110.52079547084317	506.77587760668354	110.52079547084317	3337.205619230746
11380-9604	42924.74955837173	102.3	40.51890703532921	144.31061828949052	40.51890703532921	4239.640667975308
11380-9606	42924.74955837173	102.3	130.93927222381643	75.6550041154102	75.6550041154102	4297.731810604601
11380-9628	69829.05909498208	84.1	47.45064813590359	181.45893400667282	47.45064813590359	3333.769831557379
11380-9641	42924.74955837173	102.3	89.90024911661516	42.457972325868255	42.457972325868255	4358.596081657325
11380-9660	42924.74955837173	102.3	111.23752499552718	31.937446661914343	31.937446661914343	4369.184208642167
11380-9676	42924.74955837173	102.3	43.77158169295271	159.0540319411271	43.77158169295271	4290.865263832346
11380-97	14115.369655657962	43.6	336.302367436653	79.82044318399038	79.82044318399038	3058.5886676264363
11380-9708	42924.74955837173	102.3	118.10736072443484	96.5271170856984	96.5271170856984	4322.3350279953875
11380-9710	34426.72894265233	62.6	352.7869373553742	32.07043954266668	32.07043954266668	2474.9514826970667
11380-9721	42924.74955837173	102.3	102.31992821896714	95.26927436133836	95.26927436133836	4313.809161008801
11380-9756	42924.74955837173	102.3	113.07608557523714	114.97156972809978	113.07608557523714	4301.387075936107
11380-9770	34426.72894265233	62.6	766.0183589706147	22.980688037241695	22.980688037241695	2026.223010617655
11380-9772	42924.74955837173	102.3	100.94806203035961	53.313318508278336	53.313318508278336	4306.587587679849
11380-9791	34426.72894265233	62.6	483.43538673276095	27.090644847243045	27.090644847243045	3143.970957782309
11380-98	14115.369655657962	43.6	426.46770955671155	13.251735221949316	13.251735221949316	3005.466184703772
11380-9811	42924.74955837173	102.3	65.37755850413642	140.61956981138076	65.37755850413642	4251.141736295382
11380-9844	42924.74955837173	102.3	41.78345342489634	212.70095715466712	41.78345342489634	4347.0283255557115
11380-9854	8135.575505632361	23.4	646.2346631664243	21.376974585132245	21.376974585132245	3441.1757860287476
11380-9862	42126.25620199693	77.5	1227.352271946585	52.9113970887636	52.9113970887636	2314.9305729327275
11380-9884	34426.72894265233	62.6	473.4404825861607	24.884875237877253	24.884875237877253	2898.485020509804
11380-9933	42924.74955837173	102.3	33.332906080621676	137.59671517466415	33.332906080621676	4263.7173571622925
11380-9946	34426.72894265233	62.6	653.1285152960269	19.7576038962624	19.7576038962624	2040.7092943654209
11380-9996	8135.575505632361	23.4	134.9046311362004	75.67065433799974	75.67065433799974	3580.303852684152
11410-1	36376.03830645161	69.9	138.5792618843414	31.435110398797537	31.435110398797537	140.84055608869005
11410-10	16052.429973118278	129.9	125.57752405048153	363.76049581870717	125.57752405048153	1191.3267171953255
11410-100	18166.57245263697	85.3	311.6805355196476	49.59932273263728	49.59932273263728	1149.0345370758387
11410-102	18166.57245263697	85.3	786.7419648201611	64.85826091116951	64.85826091116951	1016.7485076896013
11410-103	27136.386213517664	96.6	79.01812460917402	38.65979814183637	38.65979814183637	177.48746197846617
11410-104	18166.57245263697	85.3	348.2560925335345	225.4036450967227	225.4036450967227	921.1674476147514
11410-105	28779.61640424987	82.5	32.937150441468376	168.63399487758377	32.937150441468376	71.07305785519893
11410-106	18166.57245263697	85.3	631.3658505550628	142.6328714172153	142.6328714172153	667.5508425994963
11410-107	28779.61640424987	82.5	19.558118334825718	161.7929570089738	19.558118334825718	100.70467618455294
11410-108	28779.61640424987	82.5	392.6066498480786	118.75775311077581	118.75775311077581	443.1724990451824
11410-109	28779.61640424987	82.5	317.29576574059536	24.237741615209636	24.237741615209636	385.5584707294901
11410-11	16052.429973118278	129.9	423.9115364589253	807.0414784130273	423.9115364589253	1529.9795597572397
11410-110	18166.57245263697	85.3	547.8988355122052	247.1863781747015	247.1863781747015	1430.4674251963188
11410-111	18166.57245263697	85.3	512.1911759751263	206.08037522755666	206.08037522755666	1388.6396257648073
11410-112	18166.57245263697	85.3	649.0381040793714	105.14023259260418	105.14023259260418	1231.30908458802
11410-114	28779.61640424987	82.5	361.09691699801937	21.134658715393343	21.134658715393343	430.0639827678541
11410-115	27869.233096518175	115.2	411.7194136669618	609.9456766573229	411.7194136669618	3403.262348245536
11410-116	34330.43598950333	128.9	178.69603848526359	75.76121875840012	75.76121875840012	1383.924649457549
11410-117	34330.43598950333	128.9	162.68538779439396	144.4674597229404	144.4674597229404	2230.38898455365
11410-118	36376.03830645161	69.9	337.76553759003895	149.7460954663784	149.7460954663784	235.97590452679648
11410-12	28869.416551459293	112.9	400.60427904098606	327.48333393434956	327.48333393434956	42.735267077285485
11410-120	34330.43598950333	128.9	75.60707724947356	31.573533059089456	31.573533059089456	2425.133624959286
11410-121	27869.233096518175	115.2	101.1535810340794	506.13429409757975	101.1535810340794	3661.3998086969277
11410-122	34330.43598950333	128.9	361.96945184398015	246.5687368360004	246.5687368360004	2709.2491267206165
11410-123	8196.880344342038	129.8	488.86589947439103	222.81474212019234	222.81474212019234	2411.4765773856375
11410-124	8196.880344342038	129.8	492.40293391512233	209.39615975312898	209.39615975312898	2424.9853669322065
11410-125	34330.43598950333	128.9	183.8188695727174	191.99333861374356	183.8188695727174	2462.856019699165
11410-126	34330.43598950333	128.9	458.42699179158916	115.81766502137455	115.81766502137455	2463.1254968555477
11410-127	18166.57245263697	85.3	324.1113774916447	24.440881606946583	24.440881606946583	1402.4997355726211
11410-128	28779.61640424987	82.5	422.45353280900446	21.178829780305495	21.178829780305495	485.69630555241156
11410-129	20619.506233998978	114.3	381.5616161583774	340.59254061687346	340.59254061687346	67.77145480140922
11410-13	20619.506233998978	114.3	284.62214528317315	536.0710986648976	284.62214528317315	220.28984315712535
11410-130	8196.880344342038	129.8	332.98787456437094	52.15712772487798	52.15712772487798	1438.997644686267
11410-132	20619.506233998978	114.3	638.7171186129959	726.2877940228959	638.7171186129959	333.19701154152705
11410-133	34330.43598950333	128.9	128.13223771686938	174.23586759751012	128.13223771686938	1227.8932855324008
11410-134	20619.506233998978	114.3	623.2642883084039	650.2400712498645	623.2642883084039	382.13273119617395
11410-135	27869.233096518175	115.2	594.0089591235637	817.5473765617496	594.0089591235637	4275.854785555019
11410-136	34330.43598950333	128.9	129.03966476147642	97.14262395818353	97.14262395818353	2553.1216805120384
11410-137	34330.43598950333	128.9	95.07280069763239	50.25706008222037	50.25706008222037	1914.2164886619353
11410-139	36376.03830645161	69.9	200.76932789925937	58.44960060043707	58.44960060043707	240.22700835667243
11410-14	20619.506233998978	114.3	411.0591517195049	500.4899599807693	411.0591517195049	39.31272388771925
11410-140	28869.416551459293	112.9	292.8141547635072	104.2051844140219	104.2051844140219	146.1271736675931
11410-141	28869.416551459293	112.9	29.727258858064488	235.76391998368408	29.727258858064488	233.6434662828372
11410-142	28869.416551459293	112.9	96.74077105092637	259.8395429991841	96.74077105092637	143.13440904448638
11410-143	28869.416551459293	112.9	668.7290578449494	480.06991504449394	480.06991504449394	339.373742445162
11410-144	20619.506233998978	114.3	654.7858629321182	593.8132074002415	593.8132074002415	365.14103340461355
11410-145	20619.506233998978	114.3	672.8107119675605	596.4076376052146	596.4076376052146	341.63192233766046
11410-146	20619.506233998978	114.3	675.0106156136445	632.5629780673961	632.5629780673961	221.9513598167311
11410-147	20619.506233998978	114.3	674.0831809831532	555.6134170472059	555.6134170472059	215.21465608978139
11410-148	20619.506233998978	114.3	659.9237645283612	563.04095107878	563.04095107878	202.03678405145627
11410-149	20619.506233998978	114.3	563.8847307618902	835.0605713677029	563.8847307618902	351.75624736053527
11410-15	28869.416551459293	112.9	369.4154990743285	280.1322032693464	280.1322032693464	85.31181549187262
11410-150	20619.506233998978	114.3	600.784529692422	795.8657358292064	600.784529692422	339.8573077931731
11410-151	20619.506233998978	114.3	498.8778404378698	898.1916722220546	498.8778404378698	394.3068427869391
11410-152	34330.43598950333	128.9	125.85519638731269	19.77629889121221	19.77629889121221	2753.2685622285358
11410-153	34330.43598950333	128.9	56.906191504592265	122.7414490994156	56.906191504592265	2906.907144006203
11410-154	34330.43598950333	128.9	173.55330403221745	396.06259859143165	173.55330403221745	3251.6725137526614
11410-155	34330.43598950333	128.9	22.356723309457454	104.43438299569493	22.356723309457454	3185.8021494149325
11410-156	34330.43598950333	128.9	427.2909032383832	220.7373146364549	220.7373146364549	2650.8542979655263
11410-157	8196.880344342038	129.8	495.4026697832902	186.5560382950012	186.5560382950012	2444.383389561485
11410-158	34330.43598950333	128.9	126.576595925218	160.76303590666106	126.576595925218	2603.809127385098
11410-159	34330.43598950333	128.9	160.90527855072227	292.44490978361625	160.90527855072227	2905.194263457288
11410-160	153290.22848182285	113.1	137.71418100033347	119.83992947133827	119.83992947133827	287.2108127163315
11410-161	153290.22848182285	113.1	138.6669288833915	75.13271480076733	75.13271480076733	304.78510596290533
11410-162	153290.22848182285	113.1	116.79052631841644	74.72343083489424	74.72343083489424	321.81873523322145
11410-163	153290.22848182285	113.1	78.30924681548592	161.81669918288443	78.30924681548592	313.5240184336019
11410-164	153290.22848182285	113.1	139.93319170947564	201.325114638346	139.93319170947564	254.85450873602375
11410-165	153290.22848182285	113.1	134.93370747208104	42.946885190986336	42.946885190986336	323.8009113293741
11410-166	153290.22848182285	113.1	541.1156776748215	287.2160522941184	287.2160522941184	693.0911960830971
11410-167	153290.22848182285	113.1	405.6519649635556	40.28705252596852	40.28705252596852	570.4244779423891
11410-168	8196.880344342038	129.8	625.1134233680477	94.0547605448615	94.0547605448615	1353.7437526637407
11410-17	28869.416551459293	112.9	656.0313674042404	467.40625827951357	467.40625827951357	300.465520776734
11410-170	153290.22848182285	113.1	269.4470786681054	178.07237161997057	178.07237161997057	737.162272403831
11410-171	153290.22848182285	113.1	301.79228495881273	22.230325930411095	22.230325930411095	862.242221769538
11410-172	153290.22848182285	113.1	353.459702154495	98.9030456440798	98.9030456440798	944.8949051802324
11410-173	34330.43598950333	128.9	72.47041662551769	112.7153032017518	72.47041662551769	1336.4855331628742
11410-174	27869.233096518175	115.2	565.8501048131376	536.7628261568226	536.7628261568226	3042.0961787698106
11410-175	34330.43598950333	128.9	129.40561725173507	89.77118989229014	89.77118989229014	2499.590961991792
11410-176	34330.43598950333	128.9	75.82181858783949	33.01189048355462	33.01189048355462	2405.1584084793944
11410-177	34330.43598950333	128.9	191.2230583288137	132.9975020087669	132.9975020087669	2071.9876272321394
11410-178	34330.43598950333	128.9	216.5855453332766	53.98273508801059	53.98273508801059	1591.0813389065518
11410-179	18166.57245263697	85.3	377.7579868731107	23.923185393719912	23.923185393719912	1627.7931722033304
11410-18	28869.416551459293	112.9	630.4280923808143	441.7380385009141	441.7380385009141	292.17864465844127
11410-181	18166.57245263697	85.3	238.79916999770936	133.76695740145985	133.76695740145985	1001.5507979818932
11410-182	18166.57245263697	85.3	202.5832937087509	90.67179331383622	90.67179331383622	1513.1092038710856
11410-183	18166.57245263697	85.3	141.29743245833944	106.01288921897486	106.01288921897486	1062.0440411930244
11410-185	8196.880344342038	129.8	479.00677369622076	234.51816806707396	234.51816806707396	1596.504404071407
11410-186	34330.43598950333	128.9	383.1002878432192	210.4964676335789	210.4964676335789	2682.001268806622
11410-187	8196.880344342038	129.8	40.62431777984968	232.23841994662754	40.62431777984968	2598.61293590461
11410-188	34330.43598950333	128.9	264.63298687882326	173.2759336187191	173.2759336187191	2016.15500326095
11410-190	18166.57245263697	85.3	327.1762234787376	24.526608972070825	24.526608972070825	1382.7693244380914
11410-191	18166.57245263697	85.3	554.5687777437436	41.1186913836473	41.1186913836473	600.4329208553448
11410-192	18166.57245263697	85.3	554.7062688569663	42.51022802368709	42.51022802368709	602.7227415826246
11410-2	28869.416551459293	112.9	142.29662477477098	16.02006434900884	16.02006434900884	113.02968984787148
11410-20	20619.506233998978	114.3	644.4636149390338	460.17718674202865	460.17718674202865	246.9801080747
11410-21	28869.416551459293	112.9	364.74050125639474	307.8219638791594	307.8219638791594	77.7470864459536
11410-22	34337.98337173579	110.4	283.585445192478	294.7482029873964	283.585445192478	67.76836214403595
11410-24	34337.98337173579	110.4	96.35299516531114	25.276851760979035	25.276851760979035	279.80397419386003
11410-25	153290.22848182285	113.1	136.70758851300198	162.6641155827206	136.70758851300198	272.32380588155377
11410-26	153290.22848182285	113.1	710.9255221316628	62.05643959154418	62.05643959154418	876.1777580108062
11410-27	8196.880344342038	129.8	466.8865181870744	60.1286358254664	60.1286358254664	1431.1342845014897
11410-28	153290.22848182285	113.1	214.57747663479174	92.31522352578665	92.31522352578665	72.77598661284567
11410-286	36376.03830645161	69.9	186.07841240238992	48.47984999864153	48.47984999864153	240.6983565503122
11410-287	28869.416551459293	112.9	222.87382749710656	71.95738028884023	71.95738028884023	112.26260836795991
11410-288	28869.416551459293	112.9	188.44477798628608	29.575671854898967	29.575671854898967	71.11601862875494
11410-289	28869.416551459293	112.9	208.69000611118759	55.03186833267679	55.03186833267679	96.08649094105525
11410-29	8196.880344342038	129.8	571.526477500803	111.00694934681879	111.00694934681879	1406.6878598271705
11410-291	34330.43598950333	128.9	328.0378519458612	250.40741613330425	250.40741613330425	2738.7660390755264
11410-292	153290.22848182285	113.1	250.67086650334252	176.78780418355834	176.78780418355834	177.30553143048496
11410-293	153290.22848182285	113.1	106.63248681258345	39.02040961567405	39.02040961567405	346.60616614911214
11410-297	153290.22848182285	113.1	315.13358467419033	42.990069137056224	42.990069137056224	835.8097542010913
11410-298	153290.22848182285	113.1	273.9329936780668	145.80497291260923	145.80497291260923	763.9523397528435
11410-299	153290.22848182285	113.1	195.59720184629424	12.038494000915946	12.038494000915946	960.4748733041264
11410-3	36376.03830645161	69.9	46.768705379447596	117.80705065421496	46.768705379447596	87.07733688876235
11410-30	8196.880344342038	129.8	443.5122351563363	163.17301864877447	163.17301864877447	1554.2054680777974
11410-300	153290.22848182285	113.1	167.22736055587498	14.376128862505327	14.376128862505327	979.1085395656867
11410-301	34330.43598950333	128.9	120.03124364178088	75.23917885351773	75.23917885351773	2140.228853800406
11410-302	34330.43598950333	128.9	139.35684708129105	76.68378650494472	76.68378650494472	2100.9646305088354
11410-303	18166.57245263697	85.3	226.21835906283346	172.77475437838467	172.77475437838467	1340.8786157077254
11410-304	18166.57245263697	85.3	775.1628350583728	23.189485843927773	23.189485843927773	1063.6149563579954
11410-307	34330.43598950333	128.9	391.465586223351	225.38613154295928	225.38613154295928	2678.430514354513
11410-309	34330.43598950333	128.9	146.48399948890705	114.3939193690156	114.3939193690156	2549.9062232272768
11410-311	18166.57245263697	85.3	828.4011406534804	416.9536489799404	416.9536489799404	1499.1174288596724
11410-312	18166.57245263697	85.3	848.9170767544467	355.52249373675784	355.52249373675784	1437.4223644778037
11410-32	153290.22848182285	113.1	524.980871651894	21.778309726659145	21.778309726659145	687.8815179110729
11410-33	8196.880344342038	129.8	823.127834593619	113.77015728117865	113.77015728117865	1152.0023712270067
11410-34	153290.22848182285	113.1	310.08656610190184	76.50277992489856	76.50277992489856	807.0786767091885
11410-3460	20619.506233998978	114.3	582.9386879519507	750.6165275812205	582.9386879519507	392.01196151388393
11410-3469	34330.43598950333	128.9	121.2910043975086	158.85124474212324	121.2910043975086	2874.4577943940285
11410-3473	34330.43598950333	128.9	335.9368211455982	263.44237916743344	263.44237916743344	2735.7336879240056
11410-3481	153290.22848182285	113.1	338.8151044696757	13.609705264184793	13.609705264184793	878.8346809441667
11410-3485	153290.22848182285	113.1	108.65759479312555	139.96070429996448	108.65759479312555	47.29508520583333
11410-35	153290.22848182285	113.1	48.36963765880532	178.69151814776825	48.36963765880532	99.54080263602368
11410-3517	28779.61640424987	82.5	29.71559705994932	173.71059585703532	29.71559705994932	37.50945867505714
11410-3521	18166.57245263697	85.3	60.694225536418216	25.23884121883905	25.23884121883905	528.3974833784819
11410-3522	18166.57245263697	85.3	61.6495603154982	26.28968244717804	26.28968244717804	516.0531360898243
11410-3524	28779.61640424987	82.5	191.50405499598398	169.80908166321473	169.80908166321473	227.47422074796222
11410-3525	18166.57245263697	85.3	413.40504866179845	146.26630476412305	146.26630476412305	845.07325048202
11410-3530	153290.22848182285	113.1	131.52699718624123	145.43121343812052	131.52699718624123	282.8696805890012
11410-3532	34330.43598950333	128.9	42.421647094309456	80.93481604917298	42.421647094309456	1690.7001159558974
11410-3535	34330.43598950333	128.9	479.08102057722857	87.84401942961482	87.84401942961482	1772.378121588423
11410-3536	34330.43598950333	128.9	341.59030228531213	88.70773559359978	88.70773559359978	1689.2771831875596
11410-3537	34330.43598950333	128.9	258.36411447890765	88.62594361319545	88.62594361319545	1641.2318969391833
11410-3538	34330.43598950333	128.9	204.43526833653848	88.68771402226194	88.68771402226194	1611.8135592280878
11410-3542	36376.03830645161	69.9	594.7427330877686	573.2259110538623	573.2259110538623	444.8972749498472
11410-3546	34330.43598950333	128.9	142.8158034467762	180.2618006233694	142.8158034467762	2885.4797763798315
11410-3549	34330.43598950333	128.9	163.77001354088839	119.81360720025185	119.81360720025185	2385.2504484435854
11410-3550	34330.43598950333	128.9	296.9868255155393	165.048149611926	165.048149611926	1956.929978337835
11410-3552	34330.43598950333	128.9	449.277725480705	87.48741724825065	87.48741724825065	1753.4312696564386
11410-3553	34330.43598950333	128.9	411.6381619400534	88.06302916861631	88.06302916861631	1730.6717907202628
11410-3554	34330.43598950333	128.9	290.0928809033966	88.8077037612149	88.8077037612149	1659.3341777272685
11410-3569	16052.429973118278	129.9	263.2420167480816	220.72856075338012	220.72856075338012	778.6697045938022
11410-3582	28869.416551459293	112.9	274.390749133308	93.02434004839486	93.02434004839486	120.81167021160077
11410-3588	27869.233096518175	115.2	535.6746883055624	677.3679317000469	535.6746883055624	3293.4364352544367
11410-3589	34330.43598950333	128.9	219.27674532572982	157.8953866585395	157.8953866585395	2049.5409101660734
11410-3590	34330.43598950333	128.9	235.41530541602643	162.40088430152977	162.40088430152977	2036.7189621928144
11410-3599	34330.43598950333	128.9	307.33898685998236	520.3600023912608	307.33898685998236	3246.5805193935344
11410-3607	28869.416551459293	112.9	147.10795665591004	11.227644004483189	11.227644004483189	47.98906365903667
11410-3608	18166.57245263697	85.3	601.6620278540587	88.35722108138741	88.35722108138741	647.6791089445064
11410-3609	34330.43598950333	128.9	31.287265732330933	51.054205959281795	31.287265732330933	1778.8278962251568
11410-3610	34330.43598950333	128.9	76.42434137737207	46.81320181178748	46.81320181178748	1891.569307120016
11410-3619	8196.880344342038	129.8	87.93404915716157	486.419953777818	87.93404915716157	2446.686936132311
11410-3620	18166.57245263697	85.3	786.7419648201611	64.85826091116951	64.85826091116951	1016.7485076896013
11410-3621	20619.506233998978	114.3	709.8797577454192	601.8953006962485	601.8953006962485	294.7292526124048
11410-3630	16052.429973118278	129.9	166.61613597703902	434.5915913860404	166.61613597703902	1230.744814438648
11410-3631	36376.03830645161	69.9	320.0035164978959	171.73168912282182	171.73168912282182	524.1178180427431
11410-3650	34330.43598950333	128.9	97.90334462999793	42.63067506557863	42.63067506557863	1898.5519238457614
11410-3655	18166.57245263697	85.3	563.4411470105894	85.56165988739254	85.56165988739254	1824.37765502542
11410-3656	18166.57245263697	85.3	563.4411470105894	85.56165988739254	85.56165988739254	1824.37765502542
11410-3672	153290.22848182285	113.1	33.63730593839671	260.481352245897	33.63730593839671	74.20080470712898
11410-3674	153290.22848182285	113.1	373.3146443797557	14.651689399652891	14.651689399652891	861.5848668050845
11410-3677	18166.57245263697	85.3	793.356537653114	51.307509605586304	51.307509605586304	1134.4916671282904
11410-3678	8196.880344342038	129.8	171.23593124492905	287.2460675492975	171.23593124492905	2737.86520797657
11410-3694	18166.57245263697	85.3	348.2560925335345	225.4036450967227	225.4036450967227	921.1674476147514
11410-37	34330.43598950333	128.9	80.83579456273289	13.390765306045946	13.390765306045946	1473.2577276111938
11410-3702	28779.61640424987	82.5	207.22034895445705	61.69010895451898	61.69010895451898	279.6618458513578
11410-3712	28779.61640424987	82.5	23.707320708899598	215.9136585256099	23.707320708899598	62.72276315896551
11410-3713	34337.98337173579	110.4	94.26833759185871	121.15880016070629	94.26833759185871	313.48789579772796
11410-3743	18166.57245263697	85.3	277.3556272585308	54.527598375367376	54.527598375367376	1210.3197578459715
11410-3751	34330.43598950333	128.9	130.0714811100885	55.18393456337501	55.18393456337501	2092.060008321563
11410-3755	27869.233096518175	115.2	161.1107544822459	512.4830247738626	161.1107544822459	3573.5099740749088
11410-38	153290.22848182285	113.1	319.978137640489	309.8397392652751	309.8397392652751	471.92649196690184
11410-3838	28869.416551459293	112.9	113.44069595978297	299.6506714262657	113.44069595978297	36.70880949296177
11410-3841	34330.43598950333	128.9	37.17976520958397	944.8679795410586	37.17976520958397	3891.197356099208
11410-3856	18166.57245263697	85.3	704.3172981351329	187.55775980912728	187.55775980912728	739.8434650358241
11410-3865	18166.57245263697	85.3	587.9600659319162	43.782489373940834	43.782489373940834	1808.95235066631
11410-3869	153290.22848182285	113.1	383.12120216917555	31.522305444712398	31.522305444712398	808.3379238879882
11410-3874	34330.43598950333	128.9	39.97354319348946	67.53171702048535	39.97354319348946	1753.815599402062
11410-3893	8196.880344342038	129.8	29.470052979266956	117.85579857582835	29.470052979266956	2703.7067948722106
11410-3898	27869.233096518175	115.2	43.709222836865564	459.9942610343744	43.709222836865564	3691.192428222473
11410-39	153290.22848182285	113.1	604.2220999308075	218.22161042998096	218.22161042998096	761.255073665938
11410-3900	18166.57245263697	85.3	626.3105494275356	28.671652386168173	28.671652386168173	675.2953097707565
11410-3902	20619.506233998978	114.3	410.8750162549801	425.8630672112677	410.8750162549801	52.636919839727966
11410-3906	36376.03830645161	69.9	506.8627508896693	353.4278974292371	353.4278974292371	469.35758256944837
11410-3912	34330.43598950333	128.9	171.47995655083466	89.48063156539013	89.48063156539013	1785.0283467413633
11410-3939	28869.416551459293	112.9	115.8422728498226	72.77199725661367	72.77199725661367	23.49459507503108
11410-3957	36376.03830645161	69.9	506.8627508896693	353.4278974292371	353.4278974292371	469.35758256944837
11410-3960	27869.233096518175	115.2	78.20905257126958	458.4836303994119	78.20905257126958	3622.8346694684546
11410-3961	153290.22848182285	113.1	237.13686180219673	65.94935825059417	65.94935825059417	980.1121370988137
11410-3967	27869.233096518175	115.2	14.881841148278518	531.2344228387385	14.881841148278518	3620.6637816712887
11410-4	28869.416551459293	112.9	22.595194436370683	198.6877710687395	22.595194436370683	91.9681596775918
11410-40	153290.22848182285	113.1	683.2432840776493	49.08976948076671	49.08976948076671	1085.340262107273
11410-4034	153290.22848182285	113.1	23.721508452131378	349.1251556654797	23.721508452131378	103.35000126349367
11410-4044	27869.233096518175	115.2	478.5053087406384	812.4490315527771	478.5053087406384	4032.7440820655283
11410-4085	28779.61640424987	82.5	151.96151195944702	97.15651658898118	97.15651658898118	202.78501431225249
11410-41	34330.43598950333	128.9	127.25974063887413	39.02582592091699	39.02582592091699	1686.8283680762295
11410-4110	34330.43598950333	128.9	261.2274022326572	310.1361427750676	261.2274022326572	3025.0677288574298
11410-4117	34330.43598950333	128.9	202.46472944286683	624.2886118186844	202.46472944286683	3829.033957876864
11410-42	153290.22848182285	113.1	451.1388876233414	184.99683235866902	184.99683235866902	607.8018349159066
11410-4202	153290.22848182285	113.1	27.05951452879693	48.70011212884792	27.05951452879693	392.3622885861608
11410-4254	153290.22848182285	113.1	110.51366062168171	54.66294909946604	54.66294909946604	42.06961179445276
11410-4269	153290.22848182285	113.1	30.082134897585515	272.4727852251745	30.082134897585515	92.61264470123214
11410-43	34330.43598950333	128.9	165.16917790690948	48.119603717324914	48.119603717324914	2807.194963565534
11410-4373	34337.98337173579	110.4	32.75787142769124	31.351169703447166	31.351169703447166	310.2066196964992
11410-4377	27869.233096518175	115.2	12.807024254995305	416.5500105913692	12.807024254995305	3561.576759923398
11410-4457	34330.43598950333	128.9	190.79230460397753	227.8445811131962	190.79230460397753	2928.6726421614235
11410-4465	34330.43598950333	128.9	189.26423233095556	276.0908322849369	189.26423233095556	2875.5246677902924
11410-4476	20619.506233998978	114.3	266.5657834443941	690.6658354115303	266.5657834443941	154.14170044182745
11410-4479	18166.57245263697	85.3	429.7006741760447	34.23812055762544	34.23812055762544	668.1265018806253
11410-4480	18166.57245263697	85.3	429.7006741760447	34.23812055762544	34.23812055762544	668.1265018806253
11410-4481	18166.57245263697	85.3	429.7006741760447	34.23812055762544	34.23812055762544	668.1265018806253
11410-4482	18166.57245263697	85.3	429.7006741760447	34.23812055762544	34.23812055762544	668.1265018806253
11410-4483	18166.57245263697	85.3	429.7006741760447	34.23812055762544	34.23812055762544	668.1265018806253
11410-45	34330.43598950333	128.9	157.53677556400007	26.788227208108278	26.788227208108278	2787.186538049046
11410-4504	34330.43598950333	128.9	39.73547570994996	22.815734054492992	22.815734054492992	2196.173427938941
11410-4508	18166.57245263697	85.3	429.7006741760447	34.23812055762544	34.23812055762544	668.1265018806253
11410-4509	18166.57245263697	85.3	429.7006741760447	34.23812055762544	34.23812055762544	668.1265018806253
11410-4537	34330.43598950333	128.9	413.97901640304417	125.60534946303055	125.60534946303055	2573.9389110901966
11410-46	34330.43598950333	128.9	49.698807468254664	75.68117349247223	49.698807468254664	2804.151901902118
11410-4617	20619.506233998978	114.3	301.69431182562147	512.627412417501	301.69431182562147	147.19384345448765
11410-4618	20619.506233998978	114.3	149.1397938429509	700.7450107373268	149.1397938429509	275.53036578242535
11410-4619	20619.506233998978	114.3	96.9413882512117	508.2103766508868	96.9413882512117	348.31740536530117
11410-4634	27136.386213517664	96.6	71.132618416105	35.339389876722215	35.339389876722215	234.44704745965055
11410-4641	34330.43598950333	128.9	117.21551451872665	156.45167597078282	117.21551451872665	2906.523606463258
11410-4645	20619.506233998978	114.3	127.62468251808527	546.7525289464508	127.62468251808527	318.54557296210345
11410-4702	34330.43598950333	128.9	20.491463987899728	342.5148209728924	20.491463987899728	3516.3214835427907
11410-4714	34330.43598950333	128.9	77.14007070602683	29.236339399436268	29.236339399436268	1928.569522008919
11410-4730	34337.98337173579	110.4	107.61427549689608	89.20198969101112	89.20198969101112	310.5883467391251
11410-4738	34330.43598950333	128.9	36.319760804463996	13.378309325955533	13.378309325955533	1668.520471923409
11410-4746	34330.43598950333	128.9	59.007356633325806	211.02255252629416	59.007356633325806	3021.8660528761056
11410-4755	27869.233096518175	115.2	31.105593579305623	513.0226174970188	31.105593579305623	3621.3218315938043
11410-4762	18166.57245263697	85.3	523.2945164595537	39.745092344760565	39.745092344760565	1157.3164635011558
11410-4767	18166.57245263697	85.3	78.80054519990799	58.18436297908777	58.18436297908777	1067.3821512560007
11410-4768	18166.57245263697	85.3	251.6366124663681	47.52743329396919	47.52743329396919	1394.4803390399256
11410-4769	34330.43598950333	128.9	281.46998423330416	43.576195056203765	43.576195056203765	2697.4760689545114
11410-48	8196.880344342038	129.8	54.162292788886944	527.4014589965059	54.162292788886944	2315.560309426425
11410-4813	27869.233096518175	115.2	492.9990561767708	812.3536829260723	492.9990561767708	4092.1360391211524
11410-4818	18166.57245263697	85.3	697.8242651243165	36.818955272296165	36.818955272296165	1045.5124386497366
11410-4824	18166.57245263697	85.3	506.973270928831	111.29709257981355	111.29709257981355	810.3692431382548
11410-4829	28869.416551459293	112.9	85.6000271478557	30.96186908263092	30.96186908263092	136.4079901451808
11410-4846	34337.98337173579	110.4	442.55507505160654	807.9678608734794	442.55507505160654	302.6133476198797
11410-4847	34337.98337173579	110.4	32.432677256685245	104.9194238486961	32.432677256685245	377.2630523130951
11410-4856	27869.233096518175	115.2	543.6775977863316	761.4195006251709	543.6775977863316	4165.284647570429
11410-4887	27869.233096518175	115.2	561.763248318638	1376.4285041169933	561.763248318638	4475.068967770921
11410-4888	27869.233096518175	115.2	561.763248318638	1376.4285041169933	561.763248318638	4475.068967770921
11410-4889	27869.233096518175	115.2	561.763248318638	1376.4285041169933	561.763248318638	4475.068967770921
11410-4894	34330.43598950333	128.9	187.41775114858387	487.0160644668863	187.41775114858387	3300.8850203353873
11410-49	34330.43598950333	128.9	248.4415939093116	640.4425843551486	248.4415939093116	3355.543080983999
11410-4902	34330.43598950333	128.9	199.1406722076079	240.71246890995207	199.1406722076079	2962.6878089225324
11410-4918	27869.233096518175	115.2	543.6775977863316	761.4195006251709	543.6775977863316	4165.284647570429
11410-4920	28779.61640424987	82.5	232.9565778697215	158.80081565048573	158.80081565048573	285.00914385993093
11410-4932	8196.880344342038	129.8	31.624428433742576	586.5654578016475	31.624428433742576	2266.640708532204
11410-4942	20619.506233998978	114.3	57.23018649730815	410.20286528487145	57.23018649730815	418.81691554491425
11410-4947	23602.8910906298	77.1	850.2491336868477	228.73855406024308	228.73855406024308	2122.7213827026862
11410-4982	27869.233096518175	115.2	40.99324263137014	421.346937944966	40.99324263137014	3513.110571605486
11410-5	36376.03830645161	69.9	32.15140939132825	199.30780572890114	32.15140939132825	54.32344462750714
11410-50	34330.43598950333	128.9	216.83879797308145	156.66324152533008	156.66324152533008	2470.6940485509876
11410-5006	75609.12770097287		21.634758397472552	319.57444406625984	21.634758397472552	329.5291631665712
11410-5010	34330.43598950333	128.9	470.47250386921615	22.963043182605144	22.963043182605144	2531.8547765701855
11410-5018	36376.03830645161	69.9	288.584679538248	147.1964535203188	147.1964535203188	673.5834334737135
11410-5026	23602.8910906298	77.1	850.2491336868477	228.73855406024308	228.73855406024308	2122.7213827026862
11410-5029	27869.233096518175	115.2	561.763248318638	1376.4285041169933	561.763248318638	4475.068967770921
11410-5030	27869.233096518175	115.2	518.0838764131473	1329.5151464090711	518.0838764131473	4443.188243838513
11410-5031	27869.233096518175	115.2	474.4240436448301	1261.8892864016038	474.4240436448301	4412.503900982392
11410-5032	27869.233096518175	115.2	474.4240436448301	1261.8892864016038	474.4240436448301	4412.503900982392
11410-5033	27869.233096518175	115.2	561.763248318638	1376.4285041169933	561.763248318638	4475.068967770921
11410-5034	27869.233096518175	115.2	561.763248318638	1376.4285041169933	561.763248318638	4475.068967770921
11410-5035	27869.233096518175	115.2	518.0838764131473	1329.5151464090711	518.0838764131473	4443.188243838513
11410-5036	27869.233096518175	115.2	518.0838764131473	1329.5151464090711	518.0838764131473	4443.188243838513
11410-52	34330.43598950333	128.9	178.40271669337866	204.0373891953522	178.40271669337866	2871.005738837951
11410-53	34330.43598950333	128.9	458.0265591460869	49.26012163930684	49.26012163930684	2506.240768832468
11410-54	8196.880344342038	129.8	33.08938959033169	263.3681488253059	33.08938959033169	2623.648092923639
11410-55	34330.43598950333	128.9	95.05410974611515	994.2300073592256	95.05410974611515	3682.0947987249847
11410-56	34330.43598950333	128.9	32.004093609176095	544.2705287569639	32.004093609176095	3646.0440888543335
11410-57	8196.880344342038	129.8	95.55578906187642	236.0678803198435	95.55578906187642	2702.451156127638
11410-58	8196.880344342038	129.8	79.84759313290876	295.736414947506	79.84759313290876	2631.715434915429
11410-59	34330.43598950333	128.9	122.82774808660407	621.8889887138055	122.82774808660407	3454.793227181112
11410-5978	27869.233096518175	115.2	474.31596594500843	1013.9295749608102	474.31596594500843	4351.794303064251
11410-5996	34330.43598950333	128.9	157.222092039227	106.77490098438848	106.77490098438848	1348.0349169817564
11410-6	36376.03830645161	69.9	71.03836150293459	386.3658633256068	71.03836150293459	74.05704864874187
11410-60	8196.880344342038	129.8	171.23593124492905	287.2460675492975	171.23593124492905	2737.86520797657
11410-61	34330.43598950333	128.9	72.21174825838607	97.25375990939396	72.21174825838607	2866.551351582819
11410-62	34330.43598950333	128.9	77.40177859188032	116.78154913225026	77.40177859188032	2561.0520759358324
11410-63	8196.880344342038	129.8	106.80129391450319	758.7988739034131	106.80129391450319	2195.7603710121207
11410-64	8196.880344342038	129.8	23.776645207374	675.9574560438937	23.776645207374	2215.5231345507727
11410-65	8196.880344342038	129.8	28.553977925118282	806.5800557678845	28.553977925118282	2112.934283962195
11410-67	8196.880344342038	129.8	186.11486560316973	280.64386069593036	186.11486560316973	2497.685281319251
11410-68	34330.43598950333	128.9	114.6344353116208	107.70495707574607	107.70495707574607	3044.1216156272535
11410-69	34330.43598950333	128.9	369.25389293787504	410.7778965687437	369.25389293787504	3057.2562585988753
11410-7	36376.03830645161	69.9	438.0747112732369	281.5630575843534	281.5630575843534	508.1668236334717
11410-71	8196.880344342038	129.8	157.3615918106268	981.3288070205888	157.3615918106268	1869.7803912975762
11410-711	8196.880344342038	129.8	29.19528756856059	470.9267520167992	29.19528756856059	2422.1510234645953
11410-72	34330.43598950333	128.9	132.66751420327873	290.08426323178355	132.66751420327873	2930.132180874601
11410-73	34330.43598950333	128.9	261.2274022326572	310.1361427750676	261.2274022326572	3025.0677288574298
11410-75	34330.43598950333	128.9	292.69753584120775	215.17927141077746	215.17927141077746	2766.271371518437
11410-76	34330.43598950333	128.9	425.60111795944374	223.56487079900276	223.56487079900276	2641.743353073104
11410-77	27869.233096518175	115.2	624.6206158522409	1391.0802253920153	624.6206158522409	4544.736767288565
11410-79	34330.43598950333	128.9	62.97720281572598	1047.8940259077517	62.97720281572598	3936.550171018354
11410-80	27869.233096518175	115.2	427.2503007328509	573.5894796860676	427.2503007328509	3432.9962320501386
11410-81	27869.233096518175	115.2	315.54543108603434	903.7686174170206	315.54543108603434	4116.443733091061
11410-82	34330.43598950333	128.9	67.25116720414505	21.45753950101251	21.45753950101251	1580.6160005914971
11410-83	34330.43598950333	128.9	208.49195624939523	82.19462620856048	82.19462620856048	1896.5265756695972
11410-84	27869.233096518175	115.2	393.5492000074371	517.0457899473989	393.5492000074371	3285.7963826724754
11410-85	34330.43598950333	128.9	202.46472944286683	624.2886118186844	202.46472944286683	3829.033957876864
11410-86	18166.57245263697	85.3	343.8158094742964	45.929830763420696	45.929830763420696	1590.4631572160774
11410-87	27869.233096518175	115.2	439.35504486509086	629.1326683774606	439.35504486509086	3327.494004874575
11410-88	34330.43598950333	128.9	202.4075740560576	22.532022181451882	22.532022181451882	1523.5946188554572
11410-89	27869.233096518175	115.2	350.08511589719285	714.4872721642486	350.08511589719285	3929.2604990457658
11410-9	16052.429973118278	129.9	197.04101346277238	188.1845218183392	188.1845218183392	840.2928835624343
11410-90	34330.43598950333	128.9	40.85914444367889	416.65230151297317	40.85914444367889	3576.8327032806155
11410-91	27869.233096518175	115.2	602.5578002326346	1217.031713575129	602.5578002326346	4727.265904424387
11410-92	34330.43598950333	128.9	128.45182181695844	367.0500354841848	128.45182181695844	3574.3671090762755
11410-93	34330.43598950333	128.9	139.45745623632982	329.49251899825146	139.45745623632982	3531.5774816824846
11410-95	34330.43598950333	128.9	66.38583196116375	54.97146203119161	54.97146203119161	3088.9817109518162
11410-96	27869.233096518175	115.2	659.2313291608872	1054.1347474948616	659.2313291608872	4683.238852369284
11410-97	34330.43598950333	128.9	124.31251310347315	59.37528637356722	59.37528637356722	1723.0448579625868
11410-98	34330.43598950333	128.9	110.22355855741999	66.80013744425094	66.80013744425094	2435.65766490568
11410-99	34330.43598950333	128.9	309.9724647654176	193.34173716136542	193.34173716136542	1934.6492983205062
11440-1	20619.506233998978	114.3	31.52696544275629	406.3994261285919	31.52696544275629	583.9859239535735
11440-10	63303.18120839734	92.7	24.39419746343915	449.60676292882926	24.39419746343915	1225.0757944179368
11440-100	153290.22848182285	113.1	242.6993508669112	549.1611735500296	242.6993508669112	213.78516137631112
11440-101	153290.22848182285	113.1	253.21856883890686	544.090066640884	253.21856883890686	224.50373009166503
11440-102	153290.22848182285	113.1	288.45866311881207	421.83187030374444	288.45866311881207	249.82018231179953
11440-103	27136.386213517664	96.6	27.43899875668238	102.91752530579045	27.43899875668238	603.9496630965102
11440-105	33251.827067332306	99.9	651.1828917156923	66.1656337833317	66.1656337833317	834.527600257639
11440-107	27136.386213517664	96.6	81.57293939722929	41.24108897732375	41.24108897732375	772.0199684885091
11440-108	27136.386213517664	96.6	396.9250276301072	28.570284805658666	28.570284805658666	334.32862236088044
11440-109	12376.291897081413	85.5	417.63217876013096	153.11093943860837	153.11093943860837	507.8687270506391
11440-11	27850.130024321556	93.9	90.49264777576666	212.50835990860384	90.49264777576666	1943.553650904445
11440-110	27136.386213517664	96.6	90.85601144845711	111.2807384452454	90.85601144845711	417.1189257254243
11440-112	27136.386213517664	96.6	188.29798637281488	76.94786609963384	76.94786609963384	134.0228928097586
11440-114	33251.827067332306	99.9	220.9674826601863	493.62051832312284	220.9674826601863	1094.5518685038674
11440-115	33251.827067332306	99.9	111.85173672836216	599.7404026602111	111.85173672836216	1174.1937593768382
11440-1150	18072.12210701485	51.9	35.2926921720207	39.46545160067163	35.2926921720207	1940.8817050838563
11440-116	33251.827067332306	99.9	95.06779136382688	616.2910876243495	95.06779136382688	1186.8141252285277
11440-117	33251.827067332306	99.9	167.63718512766337	543.2450674431221	167.63718512766337	1104.2421576348283
11440-118	27136.386213517664	96.6	328.47204886749716	96.1826239886058	96.1826239886058	265.8785552376976
11440-119	27136.386213517664	96.6	58.640623751016	308.8422418376919	58.640623751016	1069.617565468123
11440-12	14135.91972606247	52.9	517.7966756598387	44.72912523804928	44.72912523804928	1082.6746189672615
11440-120	12376.291897081413	85.5	275.9736261647909	148.37648328581787	148.37648328581787	211.41363785817467
11440-121	12376.291897081413	85.5	261.54814347487047	135.44799585643142	135.44799585643142	190.49930983892375
11440-122	12376.291897081413	85.5	183.82092295766554	57.66404142736578	57.66404142736578	112.87121948386827
11440-123	28779.61640424987	82.5	134.72473029559444	32.61314677342408	32.61314677342408	75.64414125821219
11440-124	12376.291897081413	85.5	158.52105314274576	25.60035630110923	25.60035630110923	95.90176446696479
11440-125	27136.386213517664	96.6	230.35755563541326	118.10920577476544	118.10920577476544	174.9859205304515
11440-126	63303.18120839734	92.7	308.46361297125566	372.6903405325116	308.46361297125566	1330.4329084406404
11440-127	27136.386213517664	96.6	366.63399026944546	408.6675724648562	366.63399026944546	1493.3122570159458
11440-128	27136.386213517664	96.6	367.8256265561705	526.6251315586022	367.8256265561705	1759.3158179982731
11440-129	18072.12210701485	51.9	208.98387554973277	46.275564275522775	46.275564275522775	1302.8153324881291
11440-13	14135.91972606247	52.9	517.7966756598387	44.72912523804928	44.72912523804928	1082.6746189672615
11440-130	33251.827067332306	99.9	375.06842199649003	597.2031316098125	375.06842199649003	1572.9790952489425
11440-131	27136.386213517664	96.6	64.59358876275796	505.61046005255815	64.59358876275796	2031.4612199992134
11440-132	27136.386213517664	96.6	95.03360275892753	396.9972786247469	95.03360275892753	1237.0184614560703
11440-133	22047.19398361495	54.8	29.74494325756093	78.16278136795836	29.74494325756093	1944.0227526476638
11440-135	12376.291897081413	85.5	126.16340350864486	150.85436388394336	126.16340350864486	862.147752345834
11440-136	28779.61640424987	82.5	307.63645483811905	46.32818435943941	46.32818435943941	646.8705766159512
11440-137	33251.827067332306	99.9	244.71926010116468	472.5533783044802	244.71926010116468	1187.2092434837762
11440-138	153290.22848182285	113.1	571.7301653237861	82.30353646993372	82.30353646993372	669.5755108218525
11440-139	27136.386213517664	96.6	185.0012463368112	268.83346429429	185.0012463368112	908.3637506167544
11440-140	27136.386213517664	96.6	201.32999432803325	284.30940115401006	201.32999432803325	910.3754042605201
11440-141	27136.386213517664	96.6	29.897281652527216	74.89108535295352	29.897281652527216	421.63379729047006
11440-142	18902.31593701997	53.8	478.3212817025945	53.7468680389091	53.7468680389091	1306.3903886052105
11440-143	12441.179819508448	92.1	88.08907919461468	774.0991685517004	88.08907919461468	1114.556539630161
11440-144	153290.22848182285	113.1	174.0003397850675	426.7028785118818	174.0003397850675	151.5732415917116
11440-145	153290.22848182285	113.1	446.66311798579466	244.22819425925044	244.22819425925044	483.8149873106862
11440-146	153290.22848182285	113.1	418.54950991432264	468.53882484009324	418.54950991432264	388.03447107951854
11440-147	63303.18120839734	92.7	330.37273735726427	66.83012974952881	66.83012974952881	1816.5875504518756
11440-148	28779.61640424987	82.5	223.56039096643084	20.31250949838608	20.31250949838608	54.384623519088116
11440-149	75609.12770097287		147.0919270273291	160.20969449578456	147.0919270273291	806.7855574655159
11440-15	27850.130024321556	93.9	207.05303717861062	300.4544358293378	207.05303717861062	1597.4602325488984
11440-150	93402.03799283154	103.5	198.72989623199578	351.492938968428	198.72989623199578	2250.437272825255
11440-151	18072.12210701485	51.9	132.44976979725132	207.428940922371	132.44976979725132	1797.6508705941867
11440-152	22047.19398361495	54.8	22.357107692090647	81.34261501154879	22.357107692090647	1771.6853876835519
11440-153	18902.31593701997	53.8	105.03321856905819	21.620105235001024	21.620105235001024	1875.1601613260423
11440-154	153290.22848182285	113.1	213.73811019612796	331.4610990933506	213.73811019612796	719.23766508255
11440-156	33251.827067332306	99.9	254.7652809372735	727.83896276475	254.7652809372735	1683.3355800698478
11440-157	27136.386213517664	96.6	91.16555511434656	99.84161505551742	91.16555511434656	1580.329663435589
11440-158	33251.827067332306	99.9	108.80429446935224	718.6399662262455	108.80429446935224	1391.6321237087889
11440-159	33251.827067332306	99.9	259.51387757523753	929.3128638958075	259.51387757523753	1599.7467721370747
11440-16	27850.130024321556	93.9	108.17640642307664	267.97872635680517	108.17640642307664	1925.939750349432
11440-161	153290.22848182285	113.1	306.41328252513813	520.1856671422362	306.41328252513813	277.1498601636683
11440-162	153290.22848182285	113.1	267.72143001689614	333.33093079206765	267.72143001689614	241.6689074146866
11440-163	12376.291897081413	85.5	149.0021942352751	18.0263046876179	18.0263046876179	87.09154795740355
11440-164	93402.03799283154	103.5	92.1799013419549	126.24905349396575	92.1799013419549	2146.67157714985
11440-165	93402.03799283154	103.5	150.08122898110602	274.7662049797701	150.08122898110602	1912.088439594217
11440-166	93402.03799283154	103.5	129.5845438476888	400.05190909164816	129.5845438476888	2175.084618367504
11440-167	93402.03799283154	103.5	46.78245735294581	450.1312959514973	46.78245735294581	2416.3433481485067
11440-168	12376.291897081413	85.5	417.63217876013096	153.11093943860837	153.11093943860837	507.8687270506391
11440-169	28779.61640424987	82.5	171.98233118558213	99.46598194053846	99.46598194053846	230.4108661252622
11440-17	27850.130024321556	93.9	277.93345288615626	229.381014332427	229.381014332427	1543.878302043094
11440-170	33251.827067332306	99.9	309.67179772650064	406.38821890810556	309.67179772650064	1044.5699137531828
11440-171	12376.291897081413	85.5	394.7327671777246	61.06500417421019	61.06500417421019	320.7964542535848
11440-172	27136.386213517664	96.6	38.95308605125444	132.06572439760757	38.95308605125444	272.99602541990106
11440-173	12441.179819508448	92.1	116.12325118085306	687.1053446897071	116.12325118085306	953.3312796874335
11440-174	12441.179819508448	92.1	130.06335715005324	670.8269496010704	130.06335715005324	958.1102982254471
11440-175	63303.18120839734	92.7	235.42636849798564	529.8981435290533	235.42636849798564	1258.7511811672528
11440-176	63303.18120839734	92.7	131.8029604520969	448.3074700343884	131.8029604520969	1370.248867706741
11440-177	27850.130024321556	93.9	55.40000650417892	115.92631668877027	55.40000650417892	1932.518645582446
11440-178	27850.130024321556	93.9	113.28190329281675	83.52622832724138	83.52622832724138	2068.6286197683567
11440-179	18902.31593701997	53.8	509.45118021644396	395.5135221128188	395.5135221128188	1149.8805601621973
11440-18	63303.18120839734	92.7	156.48637035639032	101.08600638461094	101.08600638461094	1882.041515368009
11440-180	34337.98337173579	110.4	25.341275140596895	75.39392967418048	25.341275140596895	376.1592199804971
11440-181	18902.31593701997	53.8	701.5670968650389	13.24486372642145	13.24486372642145	1224.0247497753087
11440-183	33251.827067332306	99.9	544.3159476921525	147.44656700226935	147.44656700226935	1003.3933807678656
11440-185	93402.03799283154	103.5	150.6790040717354	339.173241690212	150.6790040717354	1852.6343262901182
11440-186	93402.03799283154	103.5	277.26726465313567	387.1212868207463	277.26726465313567	1960.3227261983166
11440-187	33251.827067332306	99.9	205.97919056322274	669.0940006794993	205.97919056322274	1662.530240690672
11440-189	33251.827067332306	99.9	176.17717325144827	775.6513280545394	176.17717325144827	1992.7149452273857
11440-19	27850.130024321556	93.9	388.0991524199185	377.6572706063842	377.6572706063842	1430.540028670996
11440-190	33251.827067332306	99.9	142.94734816144276	751.6074515891353	142.94734816144276	2018.0008398086452
11440-191	33251.827067332306	99.9	163.28459144641275	747.1028169262	163.28459144641275	1998.0089808453624
11440-192	33251.827067332306	99.9	68.63487128060382	854.9949854157464	68.63487128060382	2111.471017427287
11440-193	27136.386213517664	96.6	28.12748305322427	33.90575438268512	28.12748305322427	1460.4980446538023
11440-194	27136.386213517664	96.6	80.94081642182493	92.4904134226012	80.94081642182493	1600.3882887208383
11440-195	27136.386213517664	96.6	77.23643530493858	184.49207593195487	77.23643530493858	1318.2590707682616
11440-196	27136.386213517664	96.6	110.79607190776929	267.18638853663134	110.79607190776929	1275.4317363942707
11440-197	27136.386213517664	96.6	78.50589929275267	206.3769291764642	78.50589929275267	1141.584080564269
11440-198	27136.386213517664	96.6	166.78310786948188	444.05401429053273	166.78310786948188	1312.4706619301842
11440-199	33251.827067332306	99.9	241.50982955137226	898.7661491821573	241.50982955137226	1569.4209506853122
11440-20	27850.130024321556	93.9	198.11281894258562	344.6464413392812	198.11281894258562	1642.5035439230437
11440-200	27136.386213517664	96.6	211.37779041702325	222.7616820075025	211.37779041702325	1515.7446591476353
11440-201	27136.386213517664	96.6	30.52837063702887	68.87676621542899	30.52837063702887	1389.221400864107
11440-202	27136.386213517664	96.6	253.80281384059396	264.7119008928874	253.80281384059396	1537.5874644365101
11440-203	27136.386213517664	96.6	38.05237079481493	38.36432322749667	38.05237079481493	1512.0011470091183
11440-204	27136.386213517664	96.6	276.4364095368471	278.2162636472273	276.4364095368471	1675.8575844558752
11440-205	27136.386213517664	96.6	321.61227034345126	322.5004685536801	321.61227034345126	1648.4735033467757
11440-206	33251.827067332306	99.9	189.25597228358922	660.4951823894738	189.25597228358922	1651.2717464775624
11440-207	27136.386213517664	96.6	64.46102704522536	74.26349024062556	64.46102704522536	1692.18514797891
11440-208	153290.22848182285	113.1	249.61682983809592	511.21390590971674	249.61682983809592	219.17674977656173
11440-209	153290.22848182285	113.1	597.5648281696899	309.2135456283421	309.2135456283421	582.8465535729125
11440-211	27136.386213517664	96.6	220.6968622383988	152.1362375717276	152.1362375717276	682.4618833246617
11440-212	27136.386213517664	96.6	87.22909892566801	49.22746901044726	49.22746901044726	723.7705786840673
11440-213	22047.19398361495	54.8	272.89369437302935	71.73689040576394	71.73689040576394	1616.8427546908495
11440-214	33251.827067332306	99.9	217.21809734789608	499.9750000726869	217.21809734789608	1196.957676501679
11440-215	33251.827067332306	99.9	275.75818615601696	377.29542152555246	275.75818615601696	1360.9266746013445
11440-216	33251.827067332306	99.9	548.5730814107399	168.01603849544236	168.01603849544236	1015.747840942567
11440-217	27136.386213517664	96.6	32.50290435573603	42.52766973554463	32.50290435573603	1659.7639562198797
11440-218	93402.03799283154	103.5	197.37759758004026	287.31916659053843	197.37759758004026	1977.9709813712445
11440-219	12376.291897081413	85.5	337.15772842597926	102.11223606976762	102.11223606976762	272.421693633257
11440-220	153290.22848182285	113.1	319.161092512748	323.62846645910406	319.161092512748	809.6762074636365
11440-221	153290.22848182285	113.1	237.32927647476814	31.90121195256752	31.90121195256752	1026.916901911391
11440-222	93402.03799283154	103.5	147.77460569678243	622.1583173373278	147.77460569678243	2167.4884895375285
11440-223	12441.179819508448	92.1	171.47509973495121	871.6452575050366	171.47509973495121	750.3924188354847
11440-23	18902.31593701997	53.8	406.3243176668754	210.55551509403114	210.55551509403114	1742.4332828140814
11440-24	27850.130024321556	93.9	156.27019867615238	86.0991184870001	86.0991184870001	2142.5527965321335
11440-26	27850.130024321556	93.9	63.1519893908582	158.7830714618165	63.1519893908582	2188.1050125264237
11440-27	27850.130024321556	93.9	95.77655198681698	237.09408509379523	95.77655198681698	1752.88836987132
11440-29	27850.130024321556	93.9	184.44617128569794	157.55845412838144	157.55845412838144	1569.667017425571
11440-3	12441.179819508448	92.1	37.121500433523714	870.7464795006603	37.121500433523714	964.7579315753676
11440-30	27850.130024321556	93.9	200.71105014481736	235.65651389843427	200.71105014481736	1691.4292370116607
11440-31	18902.31593701997	53.8	461.2527230228762	25.424078113926583	25.424078113926583	1699.2419610757825
11440-32	18902.31593701997	53.8	449.52046528048265	228.956313989622	228.956313989622	1746.9401497118017
11440-33	18902.31593701997	53.8	644.9617063793766	196.84740884233076	196.84740884233076	1001.7496166099555
11440-34	18902.31593701997	53.8	622.3274348770334	267.94964519769644	267.94964519769644	1177.7289349714888
11440-35	18902.31593701997	53.8	491.92001673578676	34.47464426218213	34.47464426218213	1644.6427821532357
11440-36	18902.31593701997	53.8	491.63273453237247	383.43909502324505	383.43909502324505	1210.8832669522112
11440-37	75609.12770097287		122.43685188780918	23.77870744905113	23.77870744905113	670.34779460273
11440-3890	18072.12210701485	51.9	31.900057978138115	79.11497200818424	31.900057978138115	981.445490950047
11440-3897	27850.130024321556	93.9	243.41224111777217	92.64190326774995	92.64190326774995	1878.9598805889439
11440-3898	18072.12210701485	51.9	19.38040712174141	66.05031501223232	19.38040712174141	1292.837629503981
11440-39	18902.31593701997	53.8	537.3891306834524	31.150491004103337	31.150491004103337	1392.0742258590608
11440-3901	153290.22848182285	113.1	449.8700021636881	154.69519262928213	154.69519262928213	1069.2289050657994
11440-3902	93402.03799283154	103.5	190.2239821498801	247.14821712317504	190.2239821498801	2260.507090384497
11440-3903	93402.03799283154	103.5	126.172218260002	439.20483331872475	126.172218260002	2216.0482229187446
11440-3904	33251.827067332306	99.9	332.3822371418781	569.0408811974502	332.3822371418781	1801.006484297668
11440-3905	27136.386213517664	96.6	177.27062163087413	510.4711284252183	177.27062163087413	1931.5216302144372
11440-3906	27136.386213517664	96.6	157.63608861314034	504.76950375203626	157.63608861314034	1948.3173868079166
11440-3908	22047.19398361495	54.8	349.1969396077497	216.0614552338098	216.0614552338098	2015.904556147543
11440-3910	27136.386213517664	96.6	98.67201452630229	252.6744290816259	98.67201452630229	1229.061125505797
11440-3911	27136.386213517664	96.6	95.17680690046194	238.89111743696543	95.17680690046194	1211.3184110810107
11440-3912	33251.827067332306	99.9	88.37573691849374	562.1937450301017	88.37573691849374	1306.6033510998025
11440-3915	63303.18120839734	92.7	30.518155403455452	422.4177486256191	30.518155403455452	1486.0966136133804
11440-3920	18072.12210701485	51.9	132.94167134999438	74.47266865038779	74.47266865038779	1099.7124162447071
11440-3924	33251.827067332306	99.9	362.9526582410552	353.6826498563017	353.6826498563017	1241.0854768562588
11440-3927	28779.61640424987	82.5	46.63489541965019	43.13083060804249	43.13083060804249	467.7391691388815
11440-3928	28779.61640424987	82.5	282.95188231087224	253.6255095062985	253.6255095062985	626.1622330542066
11440-3929	28779.61640424987	82.5	400.40128854660054	44.57090118560535	44.57090118560535	404.2669676267214
11440-3930	28779.61640424987	82.5	479.1425869315638	160.9233421985875	160.9233421985875	508.418731278502
11440-3931	34337.98337173579	110.4	346.3957607332806	87.22468270023117	87.22468270023117	735.8542746820127
11440-3932	12441.179819508448	92.1	20.172367900800566	982.0168269660854	20.172367900800566	790.140451665796
11440-3934	12441.179819508448	92.1	366.1059500424097	490.288998755823	366.1059500424097	997.6307989078008
11440-3936	27136.386213517664	96.6	223.40969188480014	480.6812540759944	223.40969188480014	1881.8407329763681
11440-3941	153290.22848182285	113.1	183.13106621069508	335.87597420827643	183.13106621069508	715.22985283504
11440-3993	27850.130024321556	93.9	78.80883068413813	216.65012910570013	78.80883068413813	1866.115169501602
11440-3994	33251.827067332306	99.9	392.40174051420433	28.343234073738586	28.343234073738586	612.9202431492126
11440-3996	28779.61640424987	82.5	222.01642529201706	63.3004548582074	63.3004548582074	102.48328143951034
11440-4	63303.18120839734	92.7	140.61916788936202	171.6743072526046	140.61916788936202	1590.6758167861597
11440-40	75609.12770097287		131.36833442078796	156.3581357983201	131.36833442078796	829.2107296290023
11440-4006	27136.386213517664	96.6	78.2866501007854	99.8255568529182	78.2866501007854	1429.9388615351738
11440-4015	33251.827067332306	99.9	130.7368321226084	581.0803697042478	130.7368321226084	1159.4198374687226
11440-4027	93402.03799283154	103.5	43.93947901720478	154.39559262713928	43.93947901720478	2145.419403574645
11440-4034	153290.22848182285	113.1	458.15174464021413	147.25770804241455	147.25770804241455	560.5748526271045
11440-4037	33251.827067332306	99.9	269.93539152822126	445.30303282219904	269.93539152822126	1054.4016017980598
11440-4038	28779.61640424987	82.5	462.9563078347636	48.790208877438104	48.790208877438104	489.42824516972496
11440-4040	33251.827067332306	99.9	163.1806911079821	616.5929447872452	163.1806911079821	1968.1545544831777
11440-4045	22047.19398361495	54.8	459.0596285102861	78.66761405204839	78.66761405204839	1871.902350743494
11440-4046	18072.12210701485	51.9	385.0822932880744	243.36813455157397	243.36813455157397	1212.4932777436507
11440-4061	18072.12210701485	51.9	385.0822932880744	243.36813455157397	243.36813455157397	1212.4932777436507
11440-4062	18072.12210701485	51.9	385.0822932880744	243.36813455157397	243.36813455157397	1212.4932777436507
11440-4063	18072.12210701485	51.9	385.0822932880744	243.36813455157397	243.36813455157397	1212.4932777436507
11440-4071	63303.18120839734	92.7	79.62191345297877	25.280345466586336	25.280345466586336	1484.7844784897873
11440-4072	14135.91972606247	52.9	342.3683288825565	76.70447272683325	76.70447272683325	1073.783696632877
11440-4074	18902.31593701997	53.8	706.4630692890717	75.49758351679525	75.49758351679525	1329.8754549911446
11440-4078	18072.12210701485	51.9	192.4910380837594	120.75175848618991	120.75175848618991	1201.1332450928442
11440-4083	18072.12210701485	51.9	57.727572643041924	39.47475875844423	39.47475875844423	1425.2685074799733
11440-4086	33251.827067332306	99.9	288.2510190888041	767.9245973009134	288.2510190888041	1698.6441961251517
11440-41	18072.12210701485	51.9	104.96051308871061	39.48932394939313	39.48932394939313	1858.2411276595917
11440-4108	63303.18120839734	92.7	21.24369177361574	137.06741663245145	21.24369177361574	1707.0777054087587
11440-4142	33251.827067332306	99.9	380.5680335456424	915.3518357035462	380.5680335456424	1727.0400520558644
11440-4155	18072.12210701485	51.9	348.44898254245516	206.70185243130422	206.70185243130422	1142.3110024371802
11440-4156	18072.12210701485	51.9	198.69451617762883	165.73952984112336	165.73952984112336	1239.397503186904
11440-4161	33251.827067332306	99.9	75.99720239596635	627.912618636766	75.99720239596635	1201.3543942333708
11440-4164	33251.827067332306	99.9	552.4132963750692	162.94071961146076	162.94071961146076	980.6934040295531
11440-4165	18072.12210701485	51.9	175.30329523921495	93.93882759404772	93.93882759404772	1525.201484604094
11440-4175	153290.22848182285	113.1	196.0022030175515	380.29133690806145	196.0022030175515	133.1577149396535
11440-4187	153290.22848182285	113.1	420.98011801068844	54.26030455413446	54.26030455413446	1003.9724072823122
11440-4192	33251.827067332306	99.9	140.39855433156947	575.8793522797116	140.39855433156947	1217.6146691677557
11440-42	18072.12210701485	51.9	30.040191325463756	288.87256258677104	30.040191325463756	1891.0410056468652
11440-4213	12441.179819508448	92.1	67.13671319436608	630.8887415679397	67.13671319436608	1148.878410704075
11440-4281	18072.12210701485	51.9	30.30642898430028	207.90768674620884	30.30642898430028	1945.0828951787046
11440-43	18072.12210701485	51.9	20.878204379852527	107.58702722150068	20.878204379852527	1934.511501735703
11440-4340	22047.19398361495	54.8	316.5186787517583	253.49246374481953	253.49246374481953	2006.7424977941098
11440-4341	22047.19398361495	54.8	316.5186787517583	253.49246374481953	253.49246374481953	2006.7424977941098
11440-4393	28779.61640424987	82.5	150.1182994640346	432.2061009258124	150.1182994640346	791.7936597336957
11440-44	18072.12210701485	51.9	210.79005348596522	24.166074647518315	24.166074647518315	1609.8624109277953
11440-4462	12441.179819508448	92.1	81.20762858617731	952.5494983242576	81.20762858617731	721.684275133667
11440-4492	12441.179819508448	92.1	38.14617491046688	851.4581975356112	38.14617491046688	1012.3811890895124
11440-4503	27136.386213517664	96.6	127.85102916576137	143.07380504018235	127.85102916576137	1465.8132820147694
11440-452	33251.827067332306	99.9	172.60778221165413	674.9602652212951	172.60778221165413	1972.7161010151765
11440-453	27136.386213517664	96.6	38.76403114135706	168.184785435796	38.76403114135706	1141.4936702657083
11440-454	27136.386213517664	96.6	98.82377452475563	61.80460381290339	61.80460381290339	694.020461682954
11440-4551	63303.18120839734	92.7	291.3001599881218	38.88471094023161	38.88471094023161	1254.8926053983437
11440-4564	27136.386213517664	96.6	87.56823022946116	38.92007036811278	38.92007036811278	242.32634791287398
11440-4583	63303.18120839734	92.7	67.46212571917337	96.38400155285399	67.46212571917337	1686.6635001209368
11440-4586	27136.386213517664	96.6	82.2447203113056	35.776098593766505	35.776098593766505	184.61650107067587
11440-46	75609.12770097287		89.64440058170041	118.38750847937426	89.64440058170041	763.0244780203678
11440-4609	12376.291897081413	85.5	250.51799519651618	123.47096615857002	123.47096615857002	176.81532956266346
11440-4611	63303.18120839734	92.7	310.12701100642676	200.7237114843732	200.7237114843732	1398.4225681029502
11440-4649	18902.31593701997	53.8	449.52046528048265	228.956313989622	228.956313989622	1746.9401497118017
11440-4659	28779.61640424987	82.5	171.48664344397324	58.304014133461656	58.304014133461656	274.53896708289403
11440-4660	28779.61640424987	82.5	303.45023536642185	46.166779621082526	46.166779621082526	382.9788153928172
11440-4686	33251.827067332306	99.9	110.50960343201609	638.6851501141515	110.50960343201609	1357.6489305189862
11440-47	18072.12210701485	51.9	62.086249791101004	67.00209556329666	62.086249791101004	858.1471990431432
11440-4706	18072.12210701485	51.9	419.9409644814785	44.594867075389054	44.594867075389054	1401.0439568750069
11440-4715	18072.12210701485	51.9	112.71434449411042	56.40623830249292	56.40623830249292	1686.657931873927
11440-4755	28779.61640424987	82.5	256.86785625339434	28.56943858007722	28.56943858007722	43.61385933343309
11440-4772	28779.61640424987	82.5	244.63606985746858	176.9645612063741	176.9645612063741	192.7311668081389
11440-4800	28779.61640424987	82.5	140.07278840343076	59.05139527117472	59.05139527117472	496.0557429209896
11440-4801	28779.61640424987	82.5	312.7590710812405	182.62104767376962	182.62104767376962	196.99479802379787
11440-4802	27850.130024321556	93.9	53.03449158283608	139.672690577027	53.03449158283608	2057.090401567758
11440-4816	27850.130024321556	93.9	388.0991524199185	377.6572706063842	377.6572706063842	1430.540028670996
11440-4818	63303.18120839734	92.7	267.71198564191354	71.41872466165957	71.41872466165957	1162.4076452316267
11440-4849	27136.386213517664	96.6	209.33592939132504	199.68977156327466	199.68977156327466	716.2654704347035
11440-4855	12441.179819508448	92.1	268.95152661615367	586.3964755663995	268.95152661615367	1071.105202517999
11440-4872	33251.827067332306	99.9	390.61022048004384	325.7369263218173	325.7369263218173	1175.1091977021788
11440-4876	63303.18120839734	92.7	137.85787239297068	33.67936744843419	33.67936744843419	1475.9037940971666
11440-4886	63303.18120839734	92.7	115.39544938102037	581.0670788512566	115.39544938102037	1047.5878799792454
11440-4887	63303.18120839734	92.7	42.00495721569207	135.81456395782962	42.00495721569207	1418.3270053626425
11440-49	22047.19398361495	54.8	30.488159201517853	35.15381101012221	30.488159201517853	1886.6265870966297
11440-4939	33251.827067332306	99.9	66.82864141912016	997.020551916968	66.82864141912016	2150.6238741466145
11440-5002	18072.12210701485	51.9	255.50589660672657	200.14634072519172	200.14634072519172	1099.0500046491538
11440-5003	63303.18120839734	92.7	203.43718762935853	34.51704205190347	34.51704205190347	1384.3473744795378
11440-5032	153290.22848182285	113.1	450.1515477196768	97.6250370508042	97.6250370508042	858.789993005648
11440-5097	93402.03799283154	103.5	113.301617422846	254.48922099009468	113.301617422846	1759.9682069225207
11440-51	18072.12210701485	51.9	146.13631021704492	75.85494680818857	75.85494680818857	1680.0843180073643
11440-5102	33251.827067332306	99.9	144.3314996684114	860.7996532661183	144.3314996684114	2113.982634848233
11440-5134	28779.61640424987	82.5	396.36959127356687	120.19640800094572	120.19640800094572	461.75916925847133
11440-5144	18902.31593701997	53.8	644.9617063793766	196.84740884233076	196.84740884233076	1001.7496166099555
11440-5145	27850.130024321556	93.9	210.9557766936705	188.96610350793742	188.96610350793742	1663.2053958289646
11440-5176	33251.827067332306	99.9	171.31964278191103	541.3747250263489	171.31964278191103	1130.0136949606347
11440-52	18072.12210701485	51.9	26.03598961424632	220.55424169466772	26.03598961424632	1859.4415156962746
11440-5218	63303.18120839734	92.7	64.78955850827795	276.2650311961868	64.78955850827795	1322.311571623592
11440-5233	12441.179819508448	92.1	40.80082844257982	641.9873193663116	40.80082844257982	770.3175171928315
11440-5249	33251.827067332306	99.9	99.93020829684212	690.8976283460657	99.93020829684212	1373.0533695183763
11440-5286	27136.386213517664	96.6	34.408231818726655	216.64851358378033	34.408231818726655	1202.1212375396194
11440-53	153290.22848182285	113.1	203.07258734692067	368.9700018861063	203.07258734692067	561.6801462976927
11440-5348	18902.31593701997	53.8	739.0612179184094	90.18242965581473	90.18242965581473	1152.1472323800397
11440-5381	34337.98337173579	110.4	26.98381276235078	41.47034430792053	26.98381276235078	404.3081820561425
11440-5406	12441.179819508448	92.1	151.94310349256196	736.5529396438525	151.94310349256196	968.7777462667829
11440-5407	12441.179819508448	92.1	151.94310349256196	736.5529396438525	151.94310349256196	968.7777462667829
11440-5408	12441.179819508448	92.1	151.94310349256196	736.5529396438525	151.94310349256196	968.7777462667829
11440-5410	12441.179819508448	92.1	151.94310349256196	736.5529396438525	151.94310349256196	968.7777462667829
11440-5427	22047.19398361495	54.8	259.20099927936565	86.19909275964152	86.19909275964152	1536.5137074767645
11440-5428	22047.19398361495	54.8	156.32057991417062	107.39030895931718	107.39030895931718	1687.0911249641376
11440-5440	63303.18120839734	92.7	22.18419937566638	272.3264807161946	22.18419937566638	1410.1917249068988
11440-5449	27850.130024321556	93.9	344.5779983791473	212.83687687749412	212.83687687749412	1926.1611790658012
11440-5455	27850.130024321556	93.9	212.88211970200584	17.833265166946948	17.833265166946948	1990.1935428881295
11440-5456	75609.12770097287		21.625599589074504	166.0168595214295	21.625599589074504	380.3394897877283
11440-5457	12441.179819508448	92.1	118.6361032431031	605.4008165123413	118.6361032431031	785.7461759917257
11440-5458	12441.179819508448	92.1	251.1181508031686	725.4022685903601	251.1181508031686	895.7841426717948
11440-5459	27136.386213517664	96.6	60.64763377654086	358.9142139551001	60.64763377654086	1090.525920560165
11440-5495	93402.03799283154	103.5	87.2083446817166	151.85326751875897	87.2083446817166	1964.753270259825
11440-55	33251.827067332306	99.9	271.65288656830137	448.8415128768144	271.65288656830137	1339.5978294040704
11440-5530	63303.18120839734	92.7	252.36001254709868	29.28890196252303	29.28890196252303	1690.8566639772355
11440-5559	18072.12210701485	51.9	219.94688022188367	114.70409593538325	114.70409593538325	1743.2083343183526
11440-56	93402.03799283154	103.5	223.9043920279166	461.62992527207933	223.9043920279166	1551.758691690301
11440-5606	93402.03799283154	103.5	97.18644284884667	252.32863868065388	97.18644284884667	1877.4567943014526
11440-5634	12441.179819508448	92.1	66.02034803260507	825.549034254852	66.02034803260507	843.4988434344366
11440-5657	75609.12770097287		28.337105033260713	178.62659881902073	28.337105033260713	390.9000609984083
11440-5661	12441.179819508448	92.1	66.70695536602067	555.6997714040135	66.70695536602067	709.2791302593394
11440-5673	93402.03799283154	103.5	285.93441567191377	524.2505513843779	285.93441567191377	2032.612370211588
11440-57	93402.03799283154	103.5	183.8903439538292	437.05891495693	183.8903439538292	1578.7463547988143
11440-5725	18902.31593701997	53.8	30.97558274961275	91.09803596190332	30.97558274961275	1966.4268539218053
11440-5727	63303.18120839734	92.7	147.5777131920594	32.55112806278474	32.55112806278474	1752.1108572996882
11440-5754	153290.22848182285	113.1	25.0477902701267	225.77930839340635	25.0477902701267	1275.801958558737
11440-5759	33251.827067332306	99.9	183.25429922521093	950.8152614570567	183.25429922521093	2031.7529660999478
11440-5772	18902.31593701997	53.8	682.5467646269655	224.16696979335316	224.16696979335316	1073.7402955059842
11440-5776	12441.179819508448	92.1	27.023069249100054	1019.2089445440125	27.023069249100054	841.6150627350937
11440-5777	63303.18120839734	92.7	26.52234339725576	365.9838000471199	26.52234339725576	1342.0917938292446
11440-5803	27136.386213517664	96.6	79.68410979806112	432.91870701860825	79.68410979806112	1240.064286524588
11440-5818	18072.12210701485	51.9	108.2290446133815	184.82573187675814	108.2290446133815	1101.0208342306119
11440-5822	27136.386213517664	96.6	234.16844852834143	234.16844852834143	234.16844852834143	1623.6160718049766
11440-5823	18072.12210701485	51.9	244.5762630233958	203.97892617005724	203.97892617005724	1025.7638194574954
11440-5861	34337.98337173579	110.4	86.87052392234817	93.01093557444332	86.87052392234817	461.0921123524205
11440-5862	34337.98337173579	110.4	86.87052392234817	93.01093557444332	86.87052392234817	461.0921123524205
11440-5871	93402.03799283154	103.5	40.29529020922818	267.96253249229187	40.29529020922818	1706.3716792616033
11440-59	33251.827067332306	99.9	520.7947176114618	195.7266131765327	195.7266131765327	1046.8298159419335
11440-5909	63303.18120839734	92.7	238.86912070548817	28.958604082248524	28.958604082248524	1638.3793200092273
11440-5910	63303.18120839734	92.7	179.97852055910138	28.005312543251655	28.005312543251655	1672.7903354704129
11440-5919	27136.386213517664	96.6	29.332899019211517	139.90873139566574	29.332899019211517	1089.284979483618
11440-5944	27136.386213517664	96.6	174.11793103235647	184.76848261437934	174.11793103235647	1643.294795286497
11440-5947	18072.12210701485	51.9	63.05832687407504	144.33986971606856	63.05832687407504	1136.1996943685288
11440-5972	27136.386213517664	96.6	301.42732127858096	417.95952794556734	301.42732127858096	1424.1819175344942
11440-5977	34337.98337173579	110.4	312.6277300040117	150.1597765048408	150.1597765048408	667.2877723706183
11440-6	12441.179819508448	92.1	404.74103987531333	448.9609603975056	404.74103987531333	1001.6268560463889
11440-60	33251.827067332306	99.9	509.6725395274367	206.9031788458453	206.9031788458453	1050.9368468029302
11440-6046	34337.98337173579	110.4	245.6671133974394	145.42028024147552	145.42028024147552	600.3251490667278
11440-6074	27136.386213517664	96.6	169.203066286293	169.3168695960607	169.203066286293	1581.504868582969
11440-6108	20619.506233998978	114.3	19.179118505476485	697.4981033878696	19.179118505476485	460.2270500452168
11440-6132	34337.98337173579	110.4	163.41776592943194	308.1302120519848	163.41776592943194	542.8092038118367
11440-62	93402.03799283154	103.5	76.78679538460455	558.3164265822979	76.78679538460455	2245.8872829648353
11440-6229	18072.12210701485	51.9	319.6067757545944	30.739664236905867	30.739664236905867	1634.54485520489
11440-6234	27136.386213517664	96.6	123.44270541811481	26.10121871877582	26.10121871877582	541.7115453095442
11440-6250	12441.179819508448	92.1	53.79760011883834	744.0532269192247	53.79760011883834	778.9895729368537
11440-63	22047.19398361495	54.8	359.0941837919639	189.19155378853682	189.19155378853682	1942.856694455596
11440-64	93402.03799283154	103.5	225.4757411278384	202.37315652253832	202.37315652253832	2178.0701419739557
11440-6472	18902.31593701997	53.8	566.4422946256693	338.7521509206162	338.7521509206162	1124.7283934040042
11440-6476	63303.18120839734	92.7	140.61916788936202	171.6743072526046	140.61916788936202	1590.6758167861597
11440-66	93402.03799283154	103.5	81.85065492305273	589.3504767327404	81.85065492305273	2237.279790037922
11440-6636	27850.130024321556	93.9	388.0991524199185	377.6572706063842	377.6572706063842	1430.540028670996
11440-67	33251.827067332306	99.9	78.62245215178919	739.6934659680077	78.62245215178919	2074.2555420987146
11440-68	27136.386213517664	96.6	178.0785760590719	312.23095045990766	178.0785760590719	1258.335256989569
11440-69	27136.386213517664	96.6	214.10911900787275	218.23647597154945	214.10911900787275	1566.549220624905
11440-7	12441.179819508448	92.1	225.60591102033123	923.7586920054114	225.60591102033123	968.8776265767013
11440-70	33251.827067332306	99.9	345.13674397515354	806.6259977714902	345.13674397515354	1633.571591179799
11440-71	27136.386213517664	96.6	385.6540893105043	444.49767095696467	385.6540893105043	1724.481959406907
11440-72	27136.386213517664	96.6	407.2095797333843	465.9402692554111	407.2095797333843	1709.6706644470426
11440-74	33251.827067332306	99.9	46.11052132491064	545.6794162189708	46.11052132491064	1266.6365037746366
11440-7481	75609.12770097287		203.65365453478807	35.4563400839949	35.4563400839949	772.8571351525432
11440-7498	63303.18120839734	92.7	27.20070981708866	114.92070631168052	27.20070981708866	1463.364752736909
11440-75	27136.386213517664	96.6	281.5080715142167	382.0368933695949	281.5080715142167	1386.037287605651
11440-7541	27850.130024321556	93.9	136.02344901790582	61.1289376821123	61.1289376821123	2021.8201587520089
11440-7551	18072.12210701485	51.9	340.01071927462164	30.407678175037383	30.407678175037383	1322.437686057218
11440-76	33251.827067332306	99.9	371.1715873639237	600.1593315991347	371.1715873639237	1773.1395857517273
11440-77	27136.386213517664	96.6	381.694972625612	406.72193823891297	381.694972625612	1544.0876957105922
11440-78	33251.827067332306	99.9	248.75296587570162	600.8782480988735	248.75296587570162	1883.870188686358
11440-79	33251.827067332306	99.9	219.4839085368218	628.1621815887382	219.4839085368218	1917.9444060200963
11440-8	63303.18120839734	92.7	115.39544938102037	581.0670788512566	115.39544938102037	1047.5878799792454
11440-80	27136.386213517664	96.6	419.7582945830031	422.50083511329035	419.7582945830031	1680.3799632898022
11440-81	33251.827067332306	99.9	225.79182182210934	930.2902308007024	225.79182182210934	1572.1923086568904
11440-83	27136.386213517664	96.6	235.00463581515154	280.6172780916461	235.00463581515154	1438.74239384874
11440-84	27136.386213517664	96.6	62.04099672999554	114.4968745955532	62.04099672999554	1378.4239892088526
11440-85	27136.386213517664	96.6	88.54210762825612	135.4464211286366	88.54210762825612	1392.104689276117
11440-86	27136.386213517664	96.6	89.85638172313097	125.07451200171712	89.85638172313097	1409.4073179362988
11440-87	27136.386213517664	96.6	63.534081028282486	101.01768645033977	63.534081028282486	1398.7500980167815
11440-88	33251.827067332306	99.9	337.50320214040437	868.7673596390189	337.50320214040437	1909.9854869242047
11440-89	27136.386213517664	96.6	235.08501959531952	266.3684689135508	235.08501959531952	1467.2714920098067
11440-9	63303.18120839734	92.7	219.24780178059197	73.56250641959996	73.56250641959996	1220.634218159056
11440-90	33251.827067332306	99.9	72.35246944260659	806.0208594582358	72.35246944260659	2095.6683746231615
11440-91	33251.827067332306	99.9	69.72015830032431	571.8130037613479	69.72015830032431	2042.7835263204138
11440-92	33251.827067332306	99.9	158.4684351406267	759.0139338372067	158.4684351406267	1444.3897883739655
11440-93	27136.386213517664	96.6	267.33072933206034	416.0704590146606	267.33072933206034	1817.1602216095505
11440-94	153290.22848182285	113.1	398.4354138663626	286.7692490447982	286.7692490447982	416.8477346849056
11440-95	153290.22848182285	113.1	125.15658575384657	204.99069179081317	125.15658575384657	96.54952341145379
11440-96	153290.22848182285	113.1	90.74528627576915	362.23294179170216	90.74528627576915	68.67547039335143
11440-97	153290.22848182285	113.1	224.67478516828552	502.0053181151922	224.67478516828552	192.9842817414328
11440-98	153290.22848182285	113.1	490.02412270102815	445.1456090129355	445.1456090129355	458.5065491686052
11440-99	153290.22848182285	113.1	131.53189940728421	413.0938356140054	131.53189940728421	109.03440734530044
11470-1			672.7900275778121	32.139526968499155	32.139526968499155	3560.1597234430456
11470-10	32915.56184715822	108.2	148.73025279671918	38.25033369557456	38.25033369557456	3119.0920115072436
11470-100	52243.00610599078	82.8	42.160091210646854	725.2633121733928	42.160091210646854	3694.7117145598254
11470-101	19961.728193804403	80.7	471.95939594126025	81.15805424342363	81.15805424342363	2906.3871383480105
11470-102	52796.413357654885	68.2	253.19946623587543	615.4679689393372	253.19946623587543	3470.598984205258
11470-103	52796.413357654885	68.2	24.523533454987756	186.31263286137116	24.523533454987756	3965.10402922887
11470-104	52796.413357654885	68.2	248.34511061483462	85.25962875491854	85.25962875491854	3895.4887651832873
11470-105	52243.00610599078	82.8	212.7052696311647	442.1836202431383	212.7052696311647	4296.346018232258
11470-106	52796.413357654885	68.2	45.61646314795625	120.86103691167484	45.61646314795625	4217.892897241857
11470-108	19961.728193804403	80.7	298.0207863577583	170.61929984619636	170.61929984619636	3190.746465358038
11470-109	19961.728193804403	80.7	28.445316543733192	142.45027798426872	28.445316543733192	2658.5499294414017
11470-11	32915.56184715822	108.2	851.987834881619	118.86772146042959	118.86772146042959	3938.8821055637272
11470-110	19961.728193804403	80.7	52.33122619755146	165.77262885905566	52.33122619755146	2351.6667266410645
11470-111	19961.728193804403	80.7	25.303855960928075	71.73036156708005	25.303855960928075	2437.5145284385585
11470-112	52796.413357654885	68.2	196.20650442110565	532.5111723079901	196.20650442110565	3496.9372732053976
11470-113	19961.728193804403	80.7	435.096988425105	24.523671724194184	24.523671724194184	3065.250808524035
11470-114	52243.00610599078	82.8	180.23296555697164	317.8893348638029	180.23296555697164	3297.6052262724265
11470-115	32915.56184715822	108.2	196.8393069811793	119.93110656775455	119.93110656775455	3153.2101385916667
11470-116	23569.6273937532	96.3	414.77484380202503	16.979324280773923	16.979324280773923	3240.290553907601
11470-117	41884.21516257041	116.7	54.103338850059814	235.41001875701008	54.103338850059814	1704.047518498766
11470-118	19961.728193804403	80.7	606.0447557595437	55.78904858766743	55.78904858766743	2900.8333915719236
11470-119	19961.728193804403	80.7	1400.1390060946474	63.83850883394226	63.83850883394226	2167.3981927202067
11470-12	32915.56184715822	108.2	19.412852604938948	95.85272226527421	19.412852604938948	3266.8288024959206
11470-120	13453.129333077317	102.6	1037.323284979278	50.86088828901066	50.86088828901066	1452.3071078088308
11470-121	13453.129333077317	102.6	1306.220542904002	237.38137574053803	237.38137574053803	1903.0191315463412
11470-122	13453.129333077317	102.6	841.6282846477152	104.50158999806615	104.50158999806615	1965.8067333111035
11470-123	13453.129333077317	102.6	438.5275752875907	162.37420941901186	162.37420941901186	1580.858205327197
11470-124	32915.56184715822	108.2	520.3049954785565	123.5814759732015	123.5814759732015	2421.084597847532
11470-125	32915.56184715822	108.2	749.0279847926022	209.90784631166204	209.90784631166204	2372.9280931368944
11470-126	13453.129333077317	102.6	750.0347461894164	138.17412644441166	138.17412644441166	1283.384361439003
11470-127	13453.129333077317	102.6	745.3542934426383	94.66225425011403	94.66225425011403	1339.2246749537778
11470-128	41884.21516257041	116.7	176.77047295561206	42.63189573884255	42.63189573884255	1867.308085510185
11470-129	23569.6273937532	96.3	53.175242145312836	341.91617726046894	53.175242145312836	3434.8605994645864
11470-13			825.0531518325616	216.50599320625358	216.50599320625358	3739.31872922424
11470-130	32915.56184715822	108.2	417.03681609664727	20.80170187202124	20.80170187202124	2955.8553758745393
11470-131	41884.21516257041	116.7	270.84649546287335	65.56066734607796	65.56066734607796	1981.0874156676653
11470-132	2682.37979390681	102.6	140.8298966137763	44.9608723368483	44.9608723368483	1310.6241120622565
11470-133	32915.56184715822	108.2	595.3116693226627	100.96277497924102	100.96277497924102	2791.684474897161
11470-134	41884.21516257041	116.7	80.083143196531	78.17038423266293	78.17038423266293	1905.2315716896517
11470-135	19961.728193804403	80.7	42.61445700514337	441.8027699299636	42.61445700514337	2037.4151858998632
11470-136	19961.728193804403	80.7	49.421916232382515	35.0420096647592	35.0420096647592	1543.229255875974
11470-137	19961.728193804403	80.7	1111.808155594724	21.692868171103378	21.692868171103378	1910.146768809162
11470-138	19961.728193804403	80.7	1189.7340244813909	44.30050800644912	44.30050800644912	2055.2596818515567
11470-139	19961.728193804403	80.7	985.7881716670582	50.486722240081825	50.486722240081825	1822.2321522605773
11470-14			475.7834324754283	59.79215659405539	59.79215659405539	3175.0044594923334
11470-140	19961.728193804403	80.7	818.7539575011286	113.24151701195292	113.24151701195292	1689.03152709618
11470-141	23569.6273937532	96.3	418.83799385152855	20.309272251615553	20.309272251615553	3205.1418369489415
11470-142	2682.37979390681	102.6	101.76653252917711	122.4818615172474	101.76653252917711	1498.6383136625197
11470-143	23569.6273937532	96.3	125.60417258718826	268.6224639723808	125.60417258718826	3336.2955849929313
11470-144	41884.21516257041	116.7	266.2444525439084	63.29328225550372	63.29328225550372	2101.588719919254
11470-145	23569.6273937532	96.3	712.354200122027	75.96995736310471	75.96995736310471	2939.734301027078
11470-146	23569.6273937532	96.3	909.5783619423955	119.76466715377165	119.76466715377165	2717.3015770870047
11470-147	41884.21516257041	116.7	148.6822869980097	169.63776919373922	148.6822869980097	1743.955124455409
11470-149	41884.21516257041	116.7	259.26935039954463	170.18567076321224	170.18567076321224	1867.301180102299
11470-15	32915.56184715822	108.2	536.8293506798257	24.659577976357017	24.659577976357017	3491.7498366532122
11470-150	19961.728193804403	80.7	396.1245924015819	262.7144781958971	262.7144781958971	2213.0414327334297
11470-151	19961.728193804403	80.7	444.8883170629256	432.60070663714487	432.60070663714487	1924.1373715171183
11470-152	23569.6273937532	96.3	417.0387645921551	18.673071595375017	18.673071595375017	3217.557198271427
11470-153	19961.728193804403	80.7	88.28877531809701	121.11643337377214	88.28877531809701	1478.783076965164
11470-154	41884.21516257041	116.7	56.87203425057629	255.47698663267755	56.87203425057629	1642.7389880410603
11470-155	23569.6273937532	96.3	213.23296980262765	182.45994150882476	182.45994150882476	3346.9897940188225
11470-156	41884.21516257041	116.7	319.73451876485746	24.7621674331578	24.7621674331578	2247.4104702003447
11470-157	41884.21516257041	116.7	178.23543457090292	62.37807885073186	62.37807885073186	2068.411381565738
11470-158	23569.6273937532	96.3	42.98475627797149	351.4704445163385	42.98475627797149	3418.0984854898225
11470-159	32915.56184715822	108.2	122.30435246392969	271.4825860309534	122.30435246392969	3313.3391969674567
11470-16			880.1099860469475	208.4813378438118	208.4813378438118	3762.428434593948
11470-161	23569.6273937532	96.3	194.84446294992426	203.37638576411473	194.84446294992426	3440.9408809568035
11470-162	23569.6273937532	96.3	336.48104086898223	61.88477776628355	61.88477776628355	3295.3927005275846
11470-163	23569.6273937532	96.3	529.3754696425025	133.28779043490832	133.28779043490832	3110.666817479751
11470-164	23569.6273937532	96.3	256.90788336012196	138.33747548605143	138.33747548605143	3280.2027697820076
11470-165	23569.6273937532	96.3	376.9521654409094	20.68974126657832	20.68974126657832	3279.325856092261
11470-166	13453.129333077317	102.6	1238.5804418339446	42.711085723718	42.711085723718	2245.4805348680784
11470-167	19961.728193804403	80.7	573.6670842555757	24.941359789281183	24.941359789281183	2928.357229311545
11470-168	23569.6273937532	96.3	56.5404089053674	342.62756013768734	56.5404089053674	3546.8618345833556
11470-169	23569.6273937532	96.3	121.05193501184073	43.685002144637366	43.685002144637366	3420.638501206988
11470-17			644.7185779145142	49.07351285875679	49.07351285875679	3697.974776250219
11470-170	19961.728193804403	80.7	202.2949027416583	342.08891424076194	202.2949027416583	2153.5897291030205
11470-171	19961.728193804403	80.7	352.73864242986167	117.60530311757915	117.60530311757915	1761.1270947167668
11470-172	13453.129333077317	102.6	600.4786490141857	76.0827852903329	76.0827852903329	1397.258010699693
11470-173	32915.56184715822	108.2	587.7694509028587	48.45194314144617	48.45194314144617	2589.514197237844
11470-174			922.8520039747168	20.845082033330502	20.845082033330502	4304.865845855274
11470-175			956.1229253548532	12.456072866790945	12.456072866790945	4070.382822495063
11470-176			939.0200601348504	111.42170311095492	111.42170311095492	4012.602189527382
11470-177	32915.56184715822	108.2	828.1950012996024	83.53049309835986	83.53049309835986	3936.4604771378185
11470-178	32915.56184715822	108.2	855.7737678242936	83.72776968099188	83.72776968099188	3957.9842021209192
11470-179	32915.56184715822	108.2	826.7441288445702	103.07559680791528	103.07559680791528	3926.222850442125
11470-18			612.4728279519351	127.53260901525285	127.53260901525285	3357.638402480745
11470-180	32915.56184715822	108.2	47.196576197195704	240.1036959445261	47.196576197195704	3335.4044057839437
11470-181	23569.6273937532	96.3	39.58321422312621	360.7569944180384	39.58321422312621	3552.275506360681
11470-182	19961.728193804403	80.7	77.75022144880805	399.4077172594003	77.75022144880805	1998.2149687976464
11470-183	13453.129333077317	102.6	1160.6769626335802	48.77556822040326	48.77556822040326	2183.960394686418
11470-184	41884.21516257041	116.7	32.140910615469124	70.2930857444904	32.140910615469124	1872.1618896441908
11470-185	19961.728193804403	80.7	779.2883268802391	448.3701059517266	448.3701059517266	2397.4071093695784
11470-186	19961.728193804403	80.7	1177.446887436821	55.37590023540935	55.37590023540935	2324.4406072264983
11470-187	41884.21516257041	116.7	390.9178502712696	132.6839965381603	132.6839965381603	2499.460028320678
11470-188	52796.413357654885	68.2	51.711879880139485	297.5033542781052	51.711879880139485	3752.9153567218973
11470-19	41884.21516257041	116.7	309.47519768507465	134.81442252318473	134.81442252318473	3175.496560259972
11470-190	32915.56184715822	108.2	85.75413968452337	33.258047781831166	33.258047781831166	3175.6496809095593
11470-191	19961.728193804403	80.7	502.7932324834765	50.9119358424721	50.9119358424721	3011.2782588099963
11470-192	32915.56184715822	108.2	102.41737771831616	37.792505529811805	37.792505529811805	3236.4547112992755
11470-193	41884.21516257041	116.7	425.4939166391879	51.78904327806564	51.78904327806564	2235.8607364263744
11470-194	52243.00610599078	82.8	118.85275496607704	405.29384487929275	118.85275496607704	3378.8383644213945
11470-195			850.9610824843471	213.91893501636486	213.91893501636486	3750.613898972464
11470-196	52796.413357654885	68.2	53.93100638731835	121.80759717180811	53.93100638731835	4245.512374805375
11470-197	52243.00610599078	82.8	260.6058331048175	611.4663711215388	260.6058331048175	4117.118383083983
11470-198	19961.728193804403	80.7	247.8932627472984	33.00688335085561	33.00688335085561	2458.1875937042632
11470-199	19961.728193804403	80.7	145.7576166403655	194.23887363081312	145.7576166403655	2780.0776747392147
11470-2			600.2401587179152	250.0389374211348	250.0389374211348	3935.7815331591664
11470-20	32915.56184715822	108.2	78.94851035128427	165.08261628146667	78.94851035128427	3068.825876048689
11470-200	19961.728193804403	80.7	93.715728752688	414.15281110641666	93.715728752688	2105.8788354487297
11470-201	19961.728193804403	80.7	62.06342332977001	85.17372095140534	62.06342332977001	2887.939843828459
11470-202	19961.728193804403	80.7	521.9388740657816	47.14909680528383	47.14909680528383	2972.259881940288
11470-203	41884.21516257041	116.7	408.21920352092883	86.98638137595499	86.98638137595499	2344.9716597932243
11470-204	32915.56184715822	108.2	212.73933412176817	94.7954068496491	94.7954068496491	3332.5034579379007
11470-205	23569.6273937532	96.3	710.0386698042079	77.6507222702922	77.6507222702922	2978.651011411711
11470-206			171.20171073320674	317.9142415447393	171.20171073320674	3979.1433658144256
11470-207			819.2798737214623	429.78707955810717	429.78707955810717	3970.8037814112613
11470-208	41884.21516257041	116.7	384.39227701465006	66.28614259175485	66.28614259175485	2019.469022026985
11470-209	13453.129333077317	102.6	247.77698840165613	229.3333105547302	229.3333105547302	1716.138268472225
11470-21			346.74542179740604	96.72734728090805	96.72734728090805	2955.4648132772268
11470-210	41884.21516257041	116.7	273.18999780700574	33.50935533241193	33.50935533241193	2207.9776701582778
11470-211			51.73772108776093	269.80572426249864	51.73772108776093	1308.9932046038496
11470-212	23569.6273937532	96.3	141.88158599859455	253.3198059575162	141.88158599859455	3375.5115680040594
11470-213	23569.6273937532	96.3	87.20375003079819	307.69163235376703	87.20375003079819	3397.301632164861
11470-214	23569.6273937532	96.3	156.95996366174742	237.52717367873444	156.95996366174742	3320.0552775489887
11470-215	32915.56184715822	108.2	224.84176505615906	169.8123455636556	169.8123455636556	3180.7656657783673
11470-217	32915.56184715822	108.2	73.8813242984471	175.12305411372307	73.8813242984471	3283.3215720306894
11470-219	23569.6273937532	96.3	318.4610159689644	76.71851206772355	76.71851206772355	3213.0384999795783
11470-22			374.2678614388585	181.16854341722743	181.16854341722743	2860.021237423126
11470-220	23569.6273937532	96.3	252.81594627756945	142.59396912839333	142.59396912839333	3294.610282386588
11470-221	23569.6273937532	96.3	245.5718323588005	150.00386310642247	150.00386310642247	3311.8282645181607
11470-222	23569.6273937532	96.3	323.9153294486602	73.5296812305946	73.5296812305946	3330.367471023601
11470-223	23569.6273937532	96.3	152.03581899994282	248.64133773604428	152.03581899994282	3438.5195822316628
11470-224	23569.6273937532	96.3	160.97222201909028	239.39194054364637	160.97222201909028	3433.2831267145093
11470-225	23569.6273937532	96.3	390.9124108714416	20.000403633065215	20.000403633065215	3184.2117706954255
11470-226	23569.6273937532	96.3	390.7762008303924	23.199521281288575	23.199521281288575	3180.749169230107
11470-227	23569.6273937532	96.3	414.4135225649094	17.00745056273688	17.00745056273688	3247.2778720750152
11470-228	23569.6273937532	96.3	516.2555813489005	117.67244007475031	117.67244007475031	3104.252209865114
11470-229	23569.6273937532	96.3	742.7840879405928	46.57377419520286	46.57377419520286	2865.3881805031015
11470-23	32915.56184715822	108.2	88.85639112241446	135.43995084400902	88.85639112241446	3070.275594240773
11470-230	32915.56184715822	108.2	479.24527644181927	83.82276952232452	83.82276952232452	2931.4164655661766
11470-231	32915.56184715822	108.2	474.1474321772077	78.52323451560956	78.52323451560956	2928.738272349019
11470-232	32915.56184715822	108.2	479.3667170735799	83.24698753366863	83.24698753366863	2906.324904256176
11470-233	32915.56184715822	108.2	719.5147566964364	28.217153526833094	28.217153526833094	2643.0263241872476
11470-234	23569.6273937532	96.3	872.1494554751669	82.32780483806191	82.32780483806191	2746.3240006483097
11470-235	23569.6273937532	96.3	962.4947231439901	172.11646271607466	172.11646271607466	2647.0931791021476
11470-236	19961.728193804403	80.7	1251.6053836778399	18.79597693755631	18.79597693755631	2252.0329200074207
11470-237	19961.728193804403	80.7	1171.0585871545788	61.560753748537685	61.560753748537685	2234.5250045783505
11470-238	19961.728193804403	80.7	630.8670745083172	24.725434379541184	24.725434379541184	2904.023042722593
11470-239	19961.728193804403	80.7	662.3567371467019	113.97382126359486	113.97382126359486	2841.878525051952
11470-24	41884.21516257041	116.7	76.95530767667806	41.178936632506776	41.178936632506776	2867.274959453678
11470-240	19961.728193804403	80.7	715.7324433794463	153.7038051223473	153.7038051223473	2796.19337992882
11470-241	19961.728193804403	80.7	792.9981037080274	220.60610902982154	220.60610902982154	2722.754218686301
11470-242	19961.728193804403	80.7	863.7370941982234	250.202429285295	250.202429285295	2663.2776567933365
11470-243	19961.728193804403	80.7	814.0677021984721	413.1293017692844	413.1293017692844	2487.18110118804
11470-244	23569.6273937532	96.3	470.65434857258475	75.15679325773486	75.15679325773486	3117.6862060356148
11470-245	19961.728193804403	80.7	601.3120452373671	25.210551924135384	25.210551924135384	2918.8880466313835
11470-246	52243.00610599078	82.8	21.903823317050932	99.80692884095096	21.903823317050932	3523.478674346062
11470-247	13453.129333077317	102.6	238.73435140415125	152.12979973534024	152.12979973534024	1800.640361309069
11470-248	41884.21516257041	116.7	164.18354188376833	156.62577921307746	156.62577921307746	1849.5968491121735
11470-249			416.6513066019277	66.27696577848988	66.27696577848988	3847.6443337867145
11470-25	32915.56184715822	108.2	773.3167654639518	314.04589829593874	314.04589829593874	3791.6200973364716
11470-250			311.8453825835233	23.4479880778722	23.4479880778722	3735.6763196001816
11470-251			620.8360579697852	412.60303432891374	412.60303432891374	4219.20031877327
11470-252	32915.56184715822	108.2	483.85681589695963	39.94201230639166	39.94201230639166	2667.715826132284
11470-253	32915.56184715822	108.2	588.783976919583	88.1245766128417	88.1245766128417	2637.3471462309726
11470-254	32915.56184715822	108.2	598.2134175314598	80.94626310321182	80.94626310321182	2608.308057896444
11470-255			112.49544656485922	471.5796624462319	112.49544656485922	4221.604238275954
11470-256			211.05083358302616	537.6648558766806	211.05083358302616	4214.198600294584
11470-257			360.6829899058125	272.4027622068007	272.4027622068007	4029.717335328012
11470-258			384.4864753458783	546.2620679836199	384.4864753458783	4340.845533948545
11470-259			432.1685410350997	112.20092122737391	112.20092122737391	3906.235924054421
11470-26			806.489034459516	287.10010324284957	287.10010324284957	3773.279454907716
11470-260			334.12503792095987	269.6390723883751	269.6390723883751	4017.1746679788303
11470-261			896.4020323883548	40.46506144238471	40.46506144238471	4320.991457001842
11470-262			916.4064493638091	73.59757501547341	73.59757501547341	4234.784252512591
11470-263	32915.56184715822	108.2	854.6441505232465	101.1507750673768	101.1507750673768	3949.0544929978987
11470-264	32915.56184715822	108.2	760.7267969039023	294.2006085511058	294.2006085511058	3789.6782440938205
11470-265			946.5215278387202	383.24821313715506	383.24821313715506	3906.935700734949
11470-266			632.0052326655983	64.5345241839861	64.5345241839861	3559.405167335304
11470-267	32915.56184715822	108.2	319.86429128015425	24.88106764978642	24.88106764978642	3323.2396402579907
11470-268	32915.56184715822	108.2	299.3848783286336	68.69718061589649	68.69718061589649	3329.408154713055
11470-269	32915.56184715822	108.2	15.135243842581007	70.3166869540781	15.135243842581007	3273.347587550266
11470-27	32915.56184715822	108.2	424.29669361851063	80.89613632752203	80.89613632752203	2740.145402093817
11470-270			822.8761817249656	384.56585068348386	384.56585068348386	3933.1377025912466
11470-271	32915.56184715822	108.2	330.20615925540073	64.22609783936718	64.22609783936718	3348.6361178796014
11470-272			682.3023444534074	388.1069418138794	388.1069418138794	3987.598144730994
11470-273	28635.03779441884	59.3	390.46216721769537	759.4179771192875	390.46216721769537	3332.7766182679507
11470-274	52796.413357654885	68.2	201.63120120660338	572.048686287674	201.63120120660338	3531.6648285041833
11470-275	52796.413357654885	68.2	21.860551496907707	495.5096195110298	21.860551496907707	3688.775230699984
11470-276	52796.413357654885	68.2	50.70749230608319	178.2021382187569	50.70749230608319	3981.3398908985796
11470-277	52796.413357654885	68.2	45.9084604426475	343.7899962443754	45.9084604426475	3788.6643975701404
11470-278	52796.413357654885	68.2	77.8651225583395	285.53711132725437	77.8651225583395	3793.999054170322
11470-279	52796.413357654885	68.2	133.84480291001418	229.01964309154368	133.84480291001418	3847.9754385763563
11470-28			441.25886090363167	63.53124562583646	63.53124562583646	3122.808558990187
11470-280	52796.413357654885	68.2	417.56526041827675	85.5942784830113	85.5942784830113	4095.083404063493
11470-281	52796.413357654885	68.2	213.21879272871854	314.4806423077531	213.21879272871854	4348.531245038285
11470-282	52796.413357654885	68.2	242.6287876463949	300.7010081778393	242.6287876463949	4329.514604155489
11470-283	52796.413357654885	68.2	75.80836454663414	257.5370734410531	75.80836454663414	4328.936170549429
11470-284	52243.00610599078	82.8	111.86799148623399	670.321662723151	111.86799148623399	3643.4394145893248
11470-285	52243.00610599078	82.8	231.05484334856303	832.9359399725327	231.05484334856303	3893.978138642394
11470-286	52243.00610599078	82.8	41.666953601834564	281.84798127829885	41.666953601834564	3254.4879985690054
11470-287	52243.00610599078	82.8	208.17120416410935	308.11556645827636	208.17120416410935	3283.0575330439033
11470-288	52243.00610599078	82.8	227.27252950364044	223.7979094603268	223.7979094603268	3199.5840989842436
11470-289	19961.728193804403	80.7	185.12146227550875	39.47627676445445	39.47627676445445	3014.777906081839
11470-29			482.54632692041116	53.64958628656517	53.64958628656517	3105.9497681601056
11470-290	19961.728193804403	80.7	128.27240589973601	63.569593670381984	63.569593670381984	3037.1805549971104
11470-291	19961.728193804403	80.7	436.5953586102244	54.79234709263943	54.79234709263943	3039.543939592498
11470-292	52243.00610599078	82.8	126.88626281826068	150.061654674831	126.88626281826068	3388.192397053182
11470-293	52243.00610599078	82.8	269.82345691575426	211.211912775486	211.211912775486	3208.4167015359894
11470-294	52243.00610599078	82.8	269.7617453931324	209.87566874473058	209.87566874473058	3209.074325091234
11470-295	52243.00610599078	82.8	300.18348175190636	185.63608073529272	185.63608073529272	3176.3836037081483
11470-296	19961.728193804403	80.7	356.92369123946554	124.94595485042987	124.94595485042987	3121.1049935122273
11470-297	19961.728193804403	80.7	346.48716550459505	122.35444772298688	122.35444772298688	3142.325073768701
11470-298	19961.728193804403	80.7	346.8980460111835	120.71932536097364	120.71932536097364	3143.392332899381
11470-299	19961.728193804403	80.7	364.6784068347972	102.99231076902684	102.99231076902684	3125.660344164488
11470-3			723.7840211983108	214.7765686378649	214.7765686378649	3692.927428592017
11470-30			521.6082571886379	50.57576283949512	50.57576283949512	3097.580233834651
11470-301	19961.728193804403	80.7	348.88821449762014	111.77771513690412	111.77771513690412	3149.04276181554
11470-302	19961.728193804403	80.7	393.67443520876554	65.24070388244111	65.24070388244111	3107.2633612746804
11470-303	19961.728193804403	80.7	368.3479107315805	92.39451542284121	92.39451542284121	3129.6715753077406
11470-305	19961.728193804403	80.7	419.1262538620758	77.80281373988306	77.80281373988306	2906.0540423052603
11470-306	19961.728193804403	80.7	299.81329079804476	26.078231541648	26.078231541648	2952.042684220993
11470-307	19961.728193804403	80.7	232.84082491694346	59.63224290190361	59.63224290190361	2916.9506705732315
11470-308	19961.728193804403	80.7	247.39997710456166	78.76890579988401	78.76890579988401	2898.0886479870387
11470-309	19961.728193804403	80.7	318.9204360222033	135.01512675579926	135.01512675579926	2843.9550875750274
11470-31			466.58616856272073	72.5913950427724	72.5913950427724	3129.444889029919
11470-310	19961.728193804403	80.7	408.9114804997867	24.659847520342392	24.659847520342392	2682.449227323502
11470-311	19961.728193804403	80.7	258.37862526928683	110.58801872777094	110.58801872777094	2692.224577537862
11470-312	19961.728193804403	80.7	82.62430819983263	202.02856302309954	82.62430819983263	2721.5338582488503
11470-313	19961.728193804403	80.7	39.15216857312534	107.33786048932349	39.15216857312534	2624.137453615126
11470-314	19961.728193804403	80.7	30.64411536628724	75.11875431708722	30.64411536628724	2591.463596764437
11470-315	19961.728193804403	80.7	39.105139898698766	51.73756617539515	39.105139898698766	2568.47189761342
11470-316	19961.728193804403	80.7	25.60673063462967	43.528026769939096	25.60673063462967	2472.4724178915067
11470-317	19961.728193804403	80.7	23.58839902251955	90.09331685324379	23.58839902251955	2425.755097439142
11470-318	19961.728193804403	80.7	25.464119661063567	118.66241891007077	25.464119661063567	2397.218512799918
11470-319	19961.728193804403	80.7	25.487242875906244	139.52777971658887	25.487242875906244	2376.3580424536
11470-32	32915.56184715822	108.2	679.9341613021817	189.41781430369116	189.41781430369116	3657.9301917880425
11470-320	19961.728193804403	80.7	56.93269920814383	94.73899639267076	56.93269920814383	2422.8278217863085
11470-322	19961.728193804403	80.7	599.5752212959596	55.66337491340927	55.66337491340927	2720.077771094213
11470-323	19961.728193804403	80.7	209.11966448982002	29.984240063379666	29.984240063379666	2525.0142963106236
11470-324	19961.728193804403	80.7	142.9028731650293	138.63749964139322	138.63749964139322	2748.3166658912382
11470-325	19961.728193804403	80.7	33.592452059539035	49.884343654769744	33.592452059539035	2458.615178798956
11470-326	19961.728193804403	80.7	53.21544984367209	48.42444756568695	48.42444756568695	2458.318404413727
11470-327	19961.728193804403	80.7	207.28504060324173	27.500718642759264	27.500718642759264	2467.682683086774
11470-328	19961.728193804403	80.7	32.44643675394504	94.10381923465208	32.44643675394504	2414.296950455173
11470-329	19961.728193804403	80.7	661.3811410806838	123.46344227946489	123.46344227946489	2688.689352617368
11470-33	41884.21516257041	116.7	309.91481125971876	128.99554529814606	128.99554529814606	1982.7260048829155
11470-330	52796.413357654885	68.2	98.8679296788266	268.4399667617433	98.8679296788266	3845.6862406159053
11470-331	19961.728193804403	80.7	184.69473024944392	370.0548851278629	184.69473024944392	2161.531790508355
11470-332	19961.728193804403	80.7	592.8956968342834	251.02693318158913	251.02693318158913	2498.0355350718064
11470-333	52243.00610599078	82.8	181.72672700039809	301.86431281867004	181.72672700039809	3295.3550456207076
11470-334	28635.03779441884	59.3	301.38519131449834	679.5362203710921	301.38519131449834	3428.3241552965706
11470-335	52243.00610599078	82.8	100.8051103123637	765.5866570715563	100.8051103123637	3737.964767214713
11470-336	19961.728193804403	80.7	247.78735904661153	128.3243280837329	128.3243280837329	2848.6096707119486
11470-337	19961.728193804403	80.7	105.26103168340914	195.37948376801506	105.26103168340914	2716.531251756072
11470-338	52796.413357654885	68.2	73.19821159883212	400.6498892963362	73.19821159883212	3610.73196431498
11470-339			922.4409510010289	325.0658550544877	325.0658550544877	3848.7643045482273
11470-34	32915.56184715822	108.2	417.1938948875505	81.84024716609974	81.84024716609974	2727.398040188745
11470-340	23569.6273937532	96.3	534.5395762669829	136.43780299759342	136.43780299759342	3118.901896724334
11470-341	23569.6273937532	96.3	352.5169446289053	45.71113017170985	45.71113017170985	3288.27710376033
11470-342			450.6454668858277	261.7712258860324	261.7712258860324	4017.613035262593
11470-343			790.014044701758	166.8221128402768	166.8221128402768	3693.9508856218904
11470-344	52796.413357654885	68.2	137.40545387134887	188.55866968678876	137.40545387134887	3817.8607144141165
11470-345	52243.00610599078	82.8	90.05785457666182	365.0116338071973	90.05785457666182	3337.410710888091
11470-346	23569.6273937532	96.3	119.01862189699274	276.3499681414501	119.01862189699274	3405.877281767361
11470-347	23569.6273937532	96.3	119.23618765260917	275.9671612166254	119.23618765260917	3395.097225230579
11470-348			900.3837974232889	365.1284339093899	365.1284339093899	3862.341010059028
11470-35			797.4963098175361	72.08476012571899	72.08476012571899	4209.827204649321
11470-350	52796.413357654885	68.2	246.24562312050395	19.696211071991648	19.696211071991648	4184.379790806696
11470-351	52243.00610599078	82.8	382.0460876009738	459.77622984465364	382.0460876009738	4263.981258416902
11470-353	52243.00610599078	82.8	49.1947487820317	467.9286480599398	49.1947487820317	3442.893524331927
11470-354	52243.00610599078	82.8	74.50627854630596	426.795770789042	74.50627854630596	3405.053741893868
11470-355	52243.00610599078	82.8	298.7190228751781	189.2955119131129	189.2955119131129	3177.4613828659117
11470-356	19961.728193804403	80.7	667.8220076011071	154.6063792916651	154.6063792916651	2658.7006633367114
11470-357	19961.728193804403	80.7	632.5887998262599	110.96029166196185	110.96029166196185	2681.9883094849447
11470-358	19961.728193804403	80.7	241.17711278114848	141.502167036741	141.502167036741	2716.966457839692
11470-359	19961.728193804403	80.7	380.1638887611018	47.80691047034753	47.80691047034753	2933.677570322287
11470-36	32915.56184715822	108.2	393.5707158654663	73.77383593819181	73.77383593819181	3406.744747624809
11470-360			184.80148883203913	111.30673444658362	111.30673444658362	3755.5435558695335
11470-361	19961.728193804403	80.7	24.128614920924907	449.6521151242857	24.128614920924907	2066.0350671995234
11470-37	32915.56184715822	108.2	544.580470233745	77.35169700167428	77.35169700167428	3523.613572505097
11470-38	41884.21516257041	116.7	507.9611770831244	21.07750960397049	21.07750960397049	2488.4189137339813
11470-39	32915.56184715822	108.2	553.6165932305212	226.8154878349486	226.8154878349486	3600.6652160487088
11470-3924	52243.00610599078	82.8	93.9614401938454	168.46620674546222	93.9614401938454	3417.391703907912
11470-3925	13453.129333077317	102.6	215.97687294658522	194.65646445875763	194.65646445875763	1764.6380593624358
11470-3926	32915.56184715822	108.2	742.8225404152497	49.2163373179351	49.2163373179351	2774.8313536967676
11470-3927	19961.728193804403	80.7	240.37223831778098	433.5096629658882	240.37223831778098	1988.3096648742614
11470-3928	19961.728193804403	80.7	240.37223831778098	433.5096629658882	240.37223831778098	1988.3096648742614
11470-3935			885.7766841883956	39.54832735831122	39.54832735831122	4319.979699213477
11470-3936			470.39118055640625	585.1265514285046	470.39118055640625	4240.1028812169925
11470-3937	32915.56184715822	108.2	437.19996738219965	234.13175512752744	234.13175512752744	3513.769985746152
11470-3940	52796.413357654885	68.2	324.0475970928217	18.1192818856476	18.1192818856476	4255.850761165813
11470-3941	52243.00610599078	82.8	124.78845968511966	365.486646799361	124.78845968511966	3351.3224096874005
11470-3942	52243.00610599078	82.8	119.20108849272043	323.8691297210536	119.20108849272043	3374.757787980726
11470-3943	52243.00610599078	82.8	119.5499548978496	303.6543376553371	119.5499548978496	3376.411728101411
11470-3944	19961.728193804403	80.7	590.8966347063928	51.32702169741557	51.32702169741557	2895.434085456098
11470-3945	52243.00610599078	82.8	129.33108825036518	181.08310001307822	129.33108825036518	3154.4318493429278
11470-3946	52243.00610599078	82.8	328.69858291535127	595.5877790671206	328.69858291535127	4127.837997314796
11470-3949	32915.56184715822	108.2	741.6675220571378	49.18717991046574	49.18717991046574	2804.9348130358
11470-3954			826.5358343798466	285.04648724560707	285.04648724560707	3847.008849609379
11470-3956	32915.56184715822	108.2	742.0718871346196	49.160869446351214	49.160869446351214	2790.728087940846
11470-3957	32915.56184715822	108.2	572.8772986827778	48.93867912385755	48.93867912385755	2787.8496340460233
11470-3959	19961.728193804403	80.7	348.5895686597157	105.59775167316455	105.59775167316455	2735.901607433625
11470-3960	52243.00610599078	82.8	207.91033792545258	688.2673400263609	207.91033792545258	4045.1607247904567
11470-3967	19961.728193804403	80.7	541.0987951169316	59.39362952951988	59.39362952951988	2937.4132244338184
11470-3968	52796.413357654885	68.2	41.030753348003984	367.39479335875075	41.030753348003984	3641.667712464412
11470-3984	13453.129333077317	102.6	1055.568722231621	183.739591547609	183.739591547609	1594.5271055349178
11470-3985	19961.728193804403	80.7	141.66189850759238	89.25341024785875	89.25341024785875	1517.5197131061095
11470-3986	13453.129333077317	102.6	751.6211638476444	192.41377938235146	192.41377938235146	1215.2848707596415
11470-3987	19961.728193804403	80.7	983.6523528542784	32.63667406185527	32.63667406185527	1897.647877133807
11470-3988	2682.37979390681	102.6	30.638326019874647	62.40202281519047	30.638326019874647	1510.493686409893
11470-3989	41884.21516257041	116.7	84.29441426636379	90.09181259798606	84.29441426636379	1626.3980630231247
11470-3990	19961.728193804403	80.7	371.77136915080075	328.07811930619215	328.07811930619215	2150.776960374404
11470-3993	32915.56184715822	108.2	73.6272243952754	142.4762682095504	73.6272243952754	3269.035245709859
11470-3997			381.0708412158386	267.0529334337257	267.0529334337257	4032.313967779047
11470-3998			203.91878603407164	72.83199852811147	72.83199852811147	3732.8760876411416
11470-3999	52796.413357654885	68.2	182.3393369817312	27.263444898077346	27.263444898077346	4024.0364027339656
11470-4			833.1917365858892	142.47837505550584	142.47837505550584	3702.538578481446
11470-40	32915.56184715822	108.2	21.70690267887115	146.24491450912947	21.70690267887115	3184.773417716029
11470-4002	19961.728193804403	80.7	138.21100545826783	109.93331765781572	109.93331765781572	2864.1192977757396
11470-4003			903.5397530354852	366.7763929246033	366.7763929246033	3877.368419138024
11470-4004	52796.413357654885	68.2	43.17301519228409	522.288811307807	43.17301519228409	3658.6413663330127
11470-4006			926.5433972820513	374.6635464683455	374.6635464683455	3893.533023513075
11470-4009	52796.413357654885	68.2	287.07113548643963	14.452632124805987	14.452632124805987	4238.372517525649
11470-4010	19961.728193804403	80.7	46.74971998457341	53.86838063042533	46.74971998457341	3026.8630843916885
11470-4014			859.3154318284987	223.17225908628242	223.17225908628242	3796.745205699564
11470-4015	13453.129333077317	102.6	871.5071589305052	40.64507738562511	40.64507738562511	1367.8894189478083
11470-4021	52243.00610599078	82.8	196.86290247610683	647.4697852669708	196.86290247610683	4102.7463783295925
11470-4023	52243.00610599078	82.8	155.43229783743524	647.5662559264545	155.43229783743524	4105.912511697377
11470-4024	52243.00610599078	82.8	166.16964660748275	340.3359879850483	166.16964660748275	3316.8782623747447
11470-4025	52243.00610599078	82.8	76.6184967501495	440.4244706984668	76.6184967501495	3415.368776015253
11470-4026	52243.00610599078	82.8	227.03633899788804	263.4771894180373	227.03633899788804	3239.023581807481
11470-4027	41884.21516257041	116.7	323.6359099220468	73.07250810525922	73.07250810525922	2128.728022278702
11470-4028	19961.728193804403	80.7	194.82118711242998	144.74461996393705	144.74461996393705	2697.1677837026955
11470-4043	28635.03779441884	59.3	263.14586272673523	693.5112562183796	263.14586272673523	3432.4427703352526
11470-4045	41884.21516257041	116.7	600.9193304174145	40.41813568803768	40.41813568803768	2526.528540209014
11470-4046			977.2717414638728	221.96965537121042	221.96965537121042	3997.359006625787
11470-4052			607.6391001264784	144.23596785501476	144.23596785501476	4048.638972036171
11470-4056			482.32142479820266	303.903764181117	303.903764181117	4031.1122836807976
11470-4063	32915.56184715822	108.2	251.73675707735111	143.88436282890896	143.88436282890896	3125.7587197336643
11470-4064	52243.00610599078	82.8	84.4032933804328	782.1722264877283	84.4032933804328	3398.4579471162488
11470-4065	52243.00610599078	82.8	160.79551030694088	752.3653725321635	160.79551030694088	3317.8421076402647
11470-4071	19961.728193804403	80.7	93.55904435005662	99.42726651634675	93.55904435005662	2873.8297901290275
11470-41			598.0375534328524	66.41175313515663	66.41175313515663	3829.359963659356
11470-4115	52243.00610599078	82.8	163.20601888305794	625.6190220081481	163.20601888305794	4126.140181023036
11470-4123	52243.00610599078	82.8	181.65401052709095	626.0026188877512	181.65401052709095	4124.480077946382
11470-4124	52243.00610599078	82.8	144.92031180925133	625.821941251738	144.92031180925133	4127.831968984313
11470-4125	19961.728193804403	80.7	361.25806538504156	102.72457432605889	102.72457432605889	3132.7465435723616
11470-4129	23569.6273937532	96.3	617.2046309698745	170.62549627723553	170.62549627723553	3040.333392734545
11470-4136	52243.00610599078	82.8	273.91009034167956	203.81401947868108	203.81401947868108	3205.504858992847
11470-4145	19961.728193804403	80.7	203.2982375661377	102.81390489880384	102.81390489880384	2771.50107100537
11470-4151	19961.728193804403	80.7	393.2202076910975	101.44042905798798	101.44042905798798	3083.4467887939036
11470-4163	41884.21516257041	116.7	207.76392423237718	21.295513640358084	21.295513640358084	1989.4143505499096
11470-4164	32915.56184715822	108.2	587.5621521326564	137.93641921406302	137.93641921406302	3580.404655071708
11470-4186	19961.728193804403	80.7	557.4541384308058	80.49388836984308	80.49388836984308	2928.693676464536
11470-4194	23569.6273937532	96.3	618.114053234477	169.59841324297824	169.59841324297824	3053.7998118420805
11470-42			879.4773443673025	316.30837229265495	316.30837229265495	3859.3962262545297
11470-4206	52243.00610599078	82.8	115.43411346913815	370.02635737184335	115.43411346913815	3361.0800338277427
11470-4210	52796.413357654885	68.2	129.57898507915266	462.37633015900076	129.57898507915266	3521.8566790043856
11470-4234	19961.728193804403	80.7	570.6561714781928	39.541310928249914	39.541310928249914	2805.803940269719
11470-4241	13453.129333077317	102.6	818.8118313865873	47.578590426426814	47.578590426426814	1374.777187117733
11470-4256	32915.56184715822	108.2	873.2102510916751	78.68900447474199	78.68900447474199	2626.978806170994
11470-4299	52796.413357654885	68.2	49.269976147674306	445.4125095506484	49.269976147674306	4313.226875079148
11470-43			1049.862490273555	12.478875432157626	12.478875432157626	4170.083964258843
11470-4303			476.582764707105	275.44547749797493	275.44547749797493	4015.1350842758693
11470-4305	28635.03779441884	59.3	538.6687557397812	682.3573474186936	538.6687557397812	3102.013627604058
11470-4315	19961.728193804403	80.7	574.7642729610266	102.37696681212944	102.37696681212944	2895.707825516735
11470-4322	52796.413357654885	68.2	445.17492051798234	64.22528165735658	64.22528165735658	4341.689350927616
11470-4324	32915.56184715822	108.2	119.75649193751359	155.47659441742857	119.75649193751359	3235.1948719102716
11470-4342	23569.6273937532	96.3	100.36452868153432	298.2230182159595	100.36452868153432	3505.4169316671223
11470-4349	41884.21516257041	116.7	480.7682465376125	44.34120995754573	44.34120995754573	2615.8712606117456
11470-4350	41884.21516257041	116.7	480.7682465376125	44.34120995754573	44.34120995754573	2615.8712606117456
11470-4378	28635.03779441884	59.3	511.63706840005574	670.4971613961266	511.63706840005574	3205.071834451272
11470-4382	52796.413357654885	68.2	101.06503833862983	475.50157627097053	101.06503833862983	4276.091721963021
11470-4388	52796.413357654885	68.2	25.92144850084721	357.6947709731107	25.92144850084721	3660.8203542938245
11470-44	32915.56184715822	108.2	625.6791061468718	100.68897809566981	100.68897809566981	2562.2331311541475
11470-4405			85.68624915504805	363.72441842401525	85.68624915504805	3985.6515064388414
11470-4409	32915.56184715822	108.2	30.59884968958264	363.2575359800427	30.59884968958264	3408.0134019642746
11470-4414	52796.413357654885	68.2	177.89867948664983	479.55320360866324	177.89867948664983	4264.751245083996
11470-4437	52243.00610599078	82.8	91.2382964388614	443.51030110566165	91.2382964388614	3415.961074957151
11470-4443	13453.129333077317	102.6	679.3797042514964	305.82547190702957	305.82547190702957	1094.763752718362
11470-4472	52796.413357654885	68.2	27.917830167610113	157.59370886433092	27.917830167610113	3990.1072192870097
11470-45	41884.21516257041	116.7	568.6465129780463	51.32239557176067	51.32239557176067	2395.018631312092
11470-4500	52243.00610599078	82.8	293.60421833792805	207.6989049722917	207.6989049722917	3184.624648794119
11470-4501	52243.00610599078	82.8	271.83506524802976	228.0762091539592	228.0762091539592	3206.8059007118654
11470-4532	32915.56184715822	108.2	292.7564472535118	43.502995258951316	43.502995258951316	3310.20936618545
11470-4574	19961.728193804403	80.7	715.2046134014414	435.9969574785861	435.9969574785861	1989.5056652503636
11470-4576			765.7164855483521	67.82807384551307	67.82807384551307	2449.787845774644
11470-4594			1023.0285428378546	109.83726336574877	109.83726336574877	2399.958420632818
11470-46			467.53044424007203	159.36936436195225	159.36936436195225	3562.006098429948
11470-4600			963.698918553607	86.16205165381999	86.16205165381999	2249.40636141935
11470-4601			910.6157749037923	395.231777274177	395.231777274177	1970.4607046960455
11470-4611	32915.56184715822	108.2	126.57783567873064	124.98947081703473	124.98947081703473	3298.5668655282993
11470-4614	19961.728193804403	80.7	132.17166732748754	32.367059873497595	32.367059873497595	2556.1140620504016
11470-47			586.3508753690356	179.28903798419572	179.28903798419572	3400.008737087272
11470-4729	28635.03779441884	59.3	397.02658958972256	773.119477730142	397.02658958972256	3272.9516192726364
11470-4743	19961.728193804403	80.7	628.9827981163775	165.31108426246004	165.31108426246004	2618.826037803334
11470-48	41884.21516257041	116.7	424.7062139351426	24.09395580584076	24.09395580584076	2331.4404245529167
11470-4889	19961.728193804403	80.7	732.2017148132442	52.62478397830508	52.62478397830508	2886.220001843001
11470-4894			879.942632253713	138.15508972284843	138.15508972284843	4202.222385711992
11470-49			599.655001207883	469.867849195013	469.867849195013	4185.227003656087
11470-4925	52796.413357654885	68.2	162.4640738480815	42.50192325882924	42.50192325882924	4016.894936097987
11470-4926	52796.413357654885	68.2	129.9823939654813	36.225339514718286	36.225339514718286	4031.8075365669883
11470-4936	52796.413357654885	68.2	171.29013532090073	544.8106617421106	171.29013532090073	3565.420686668048
11470-4948	52243.00610599078	82.8	43.70409028937132	353.6349160134589	43.70409028937132	3326.159133961457
11470-4958	19961.728193804403	80.7	393.84809722720934	93.24459051309698	93.24459051309698	3082.5087126662565
11470-4981	52243.00610599078	82.8	261.80361807707146	202.81781901115454	202.81781901115454	3230.677854897931
11470-4993	19961.728193804403	80.7	809.711851175514	278.84707263533085	278.84707263533085	2627.3454827780483
11470-5	32915.56184715822	108.2	634.0722832288102	272.4088550885137	272.4088550885137	3676.519130708213
11470-50			604.6569589770146	456.69511669447724	456.69511669447724	4192.084744971392
11470-5010	28635.03779441884	59.3	429.62758263358023	751.9412628629946	429.62758263358023	3277.3012650877713
11470-5095	19961.728193804403	80.7	186.08769072548498	26.51868287790988	26.51868287790988	2949.022259150545
11470-51			608.1177620962931	445.25993538498466	445.25993538498466	4199.551563749649
11470-5141	41884.21516257041	116.7	310.2732043315917	36.96406227827813	36.96406227827813	2084.9893228434235
11470-5160	19961.728193804403	80.7	457.01266801676053	20.391405239133643	20.391405239133643	3088.7581703981805
11470-52	41884.21516257041	116.7	505.3691822822109	46.54149397117873	46.54149397117873	2317.478231830815
11470-5215			418.8255070284753	528.4536604876893	418.8255070284753	4216.965789328303
11470-5271	19961.728193804403	80.7	859.7546194492	74.51560100046423	74.51560100046423	2777.0015980822272
11470-53	41884.21516257041	116.7	502.01832552224874	47.52428201110557	47.52428201110557	2279.635296829541
11470-5311	41884.21516257041	116.7	307.7428685824271	175.45872376168526	175.45872376168526	1898.8374435741
11470-5318			844.5351386814335	48.32416092039061	48.32416092039061	1443.4468350844575
11470-5354	52243.00610599078	82.8	16.791590445806143	808.5992907324292	16.791590445806143	3770.9235085217065
11470-5380	19961.728193804403	80.7	700.0901489518502	32.64824856390669	32.64824856390669	2869.8490747686665
11470-54			83.96401745017673	281.51379906961694	83.96401745017673	3874.36437853015
11470-5416	52796.413357654885	68.2	23.35031186586459	324.4759458773517	23.35031186586459	4403.716296661367
11470-55			97.7022168388314	437.91277313097294	97.7022168388314	4131.064674176846
11470-5515			454.70534413070345	251.34010856901818	251.34010856901818	4068.468423403134
11470-5547	13453.129333077317	102.6	492.7035437224018	229.7423617989628	229.7423617989628	1223.7903077506407
11470-5551			359.4755981557858	22.76090574678236	22.76090574678236	3767.3451514954463
11470-5584	52243.00610599078	82.8	72.21842763597354	103.71752772309414	72.21842763597354	3447.676860431316
11470-5595			103.22751366688487	456.58569373224134	103.22751366688487	4199.884388510785
11470-56			329.62652441615916	293.08339542889513	293.08339542889513	4044.130649032999
11470-5604	52243.00610599078	82.8	90.5411543472224	389.7029617580414	90.5411543472224	3387.701983177934
11470-5614	52796.413357654885	68.2	399.5471729941105	225.9558957907734	225.9558957907734	4228.012023259203
11470-5618	19961.728193804403	80.7	555.1246112915243	23.589195229102053	23.589195229102053	2777.1145649819023
11470-5627	19961.728193804403	80.7	96.79725919626506	102.0820994338319	96.79725919626506	2418.181191704592
11470-5628	19961.728193804403	80.7	140.71552613116182	229.6176041296178	140.71552613116182	2295.1654153129043
11470-5629	19961.728193804403	80.7	494.9632651966491	275.498401833931	275.498401833931	2409.848735391588
11470-5630	19961.728193804403	80.7	488.16686458088856	102.9158995149279	102.9158995149279	2591.021473096322
11470-5633	41884.21516257041	116.7	112.06842228783655	26.242943294247983	26.242943294247983	2010.218133007896
11470-5654	23569.6273937532	96.3	186.40737300548298	136.78070868488723	136.78070868488723	3332.772216508198
11470-5691	19961.728193804403	80.7	838.0944560961401	122.73838837490622	122.73838837490622	2711.3989276790385
11470-5692	19961.728193804403	80.7	838.0944560961401	122.73838837490622	122.73838837490622	2711.3989276790385
11470-57			912.5083234461057	247.50797447484462	247.50797447484462	3933.415926976151
11470-5733	32915.56184715822	108.2	422.3895655898348	28.453059629905653	28.453059629905653	3030.405706126636
11470-5757	19961.728193804403	80.7	1132.6039309769558	98.97466380034342	98.97466380034342	2334.5348768960866
11470-58			774.4849520108281	103.0906872954728	103.0906872954728	3650.9441003298207
11470-5808	23569.6273937532	96.3	359.55997601614575	41.25147771825775	41.25147771825775	3234.3181441315987
11470-5852	19961.728193804403	80.7	438.8985086581776	38.49872118011731	38.49872118011731	3041.9706474762547
11470-5860	19961.728193804403	80.7	163.80013202350162	25.17546052910099	25.17546052910099	2524.0196705194985
11470-5868	41884.21516257041	116.7	66.80004586902537	212.25255512267904	66.80004586902537	1715.062610625423
11470-59	32915.56184715822	108.2	453.4378886904519	86.09862748302682	86.09862748302682	3460.9613646794205
11470-6	41884.21516257041	116.7	498.9683759428128	66.49921760979144	66.49921760979144	2292.6786363305428
11470-60	32915.56184715822	108.2	443.9796674692705	31.43309968865136	31.43309968865136	3430.332823035297
11470-61			430.87249157190155	33.187517617870775	33.187517617870775	3089.914840692503
11470-62	41884.21516257041	116.7	370.7806603729126	110.3158116537233	110.3158116537233	2245.7672385902874
11470-63	52243.00610599078	82.8	158.73548747427816	638.9561825889726	158.73548747427816	4099.759458313813
11470-64	52243.00610599078	82.8	24.64595594728445	743.850118491955	24.64595594728445	3705.712633910207
11470-65	19961.728193804403	80.7	369.8514714014264	165.06690594725396	165.06690594725396	2816.3850551099745
11470-66	19961.728193804403	80.7	255.67779862781356	86.76225320237849	86.76225320237849	2664.9277347531615
11470-67	52243.00610599078	82.8	153.47699598582471	572.371274084335	153.47699598582471	3372.953415215212
11470-6754	52243.00610599078	82.8	18.63362392965994	459.0763435864039	18.63362392965994	3464.53912490919
11470-6755	13453.129333077317	102.6	279.2460997110411	282.7171503479103	279.2460997110411	1647.2946297264766
11470-68	52243.00610599078	82.8	41.39633405451677	773.3609398427856	41.39633405451677	3742.4020100307353
11470-69	19961.728193804403	80.7	496.9903217904284	37.23309157028743	37.23309157028743	3003.8037583489354
11470-7			248.8475661809768	480.22152779872164	248.8475661809768	4195.026675251615
11470-71	19961.728193804403	80.7	488.6748263322227	20.466031123262564	20.466031123262564	3001.8027569248243
11470-72	19961.728193804403	80.7	651.7085247972058	44.02629427157542	44.02629427157542	2840.34885135613
11470-73	52243.00610599078	82.8	93.41135806033698	193.37771969143242	93.41135806033698	3414.5148959418398
11470-77	19961.728193804403	80.7	48.282811726041	300.44491324605656	48.282811726041	2216.838574368314
11470-78	52243.00610599078	82.8	71.34741524464083	366.36342490587884	71.34741524464083	3417.9663106326825
11470-79	23569.6273937532	96.3	213.78632540014576	73.80187036151756	73.80187036151756	3315.2781407260904
11470-8	41884.21516257041	116.7	417.34082290472907	88.89731881603272	88.89731881603272	2174.425142846216
11470-80	52243.00610599078	82.8	253.38577397719973	243.58718170376	243.58718170376	3223.9697253361333
11470-81	19961.728193804403	80.7	251.31576053388176	172.38350251852896	172.38350251852896	2755.714624938725
11470-82	52796.413357654885	68.2	156.56921005920643	560.0468488848232	156.56921005920643	3583.0672272420325
11470-83	19961.728193804403	80.7	300.0045669961098	148.7390844619742	148.7390844619742	2761.4178149079958
11470-85	19961.728193804403	80.7	656.2639862466023	414.5797287727238	414.5797287727238	2367.6146729472066
11470-86	52243.00610599078	82.8	64.67050533515652	758.7649837022864	64.67050533515652	3428.0024682290714
11470-87	19961.728193804403	80.7	426.35834854826544	48.163103424404085	48.163103424404085	3059.455598658784
11470-88	52243.00610599078	82.8	122.04739421077014	350.9123238956866	122.04739421077014	3363.5058410190345
11470-89	52243.00610599078	82.8	56.02445669575545	827.5562614323277	56.02445669575545	3797.3552891730014
11470-9			165.87335069375013	506.47148461800987	165.87335069375013	4178.825370547218
11470-91	19961.728193804403	80.7	488.4356853018121	33.23813944780897	33.23813944780897	3018.965778975659
11470-92	52243.00610599078	82.8	218.44432305627538	689.8576956470489	218.44432305627538	3266.9696230462155
11470-94	52243.00610599078	82.8	44.93693946581631	431.6617106391851	44.93693946581631	3439.039991366948
11470-95	52243.00610599078	82.8	254.11799775877554	235.99048196809088	235.99048196809088	3221.9726777622354
11470-97	52243.00610599078	82.8	130.07467734819988	251.83333799444273	130.07467734819988	3371.80793455951
11470-98	52243.00610599078	82.8	153.6696911832555	588.2709435766803	153.6696911832555	4152.032283222796
11470-99	52796.413357654885	68.2	165.6855459236674	389.92415655932143	165.6855459236674	4354.767682505217
11500-1			367.4129434589257	26.42530952766154	26.42530952766154	3735.9613725165846
11500-10			250.36845209439838	50.62484273303024	50.62484273303024	3494.0820534390964
11500-101	52243.00610599078	82.8	636.5188157271788	16.32752106432469	16.32752106432469	4096.929253289048
11500-10139	44966.20652841782	36.5	39.60728300275778	289.3447766599118	39.60728300275778	1757.4251431036457
11500-10140			18.57619079629065	317.2444623521929	18.57619079629065	3871.7124773157866
11500-10179			78.8329325850717	140.02992928598132	78.8329325850717	3744.874300257203
11500-10188			101.48249548574242	437.16145649134336	101.48249548574242	2704.1172923467493
11500-102	52243.00610599078	82.8	585.1158577304902	467.9544436881828	467.9544436881828	4006.6403314041
11500-103	28635.03779441884	59.3	591.7521332987795	313.437481655248	313.437481655248	3037.164990326585
11500-104	28635.03779441884	59.3	750.4813736246807	147.878089274275	147.878089274275	2821.531940868647
11500-105	52243.00610599078	82.8	982.4576344991052	795.3865591461364	795.3865591461364	4235.033101462305
11500-106	52243.00610599078	82.8	230.41550874661175	138.5530171618016	138.5530171618016	3772.490000418284
11500-107	52243.00610599078	82.8	204.1936192446666	134.86272904787418	134.86272904787418	3779.506097566818
11500-11			259.14346651243255	69.06392071867367	69.06392071867367	3517.311924461754
11500-111	52243.00610599078	82.8	660.3242329640548	460.02319582367545	460.02319582367545	4175.557920534612
11500-112	52243.00610599078	82.8	118.63791903959537	261.8631067059397	118.63791903959537	3714.0168100278124
11500-113	52243.00610599078	82.8	816.6406830066784	721.1937902393131	721.1937902393131	4315.898038890109
11500-114	52796.413357654885	68.2	562.0023483291471	282.9828134087053	282.9828134087053	3925.353519102003
11500-115	52796.413357654885	68.2	569.2919975633511	298.1468572558334	298.1468572558334	3925.924468714775
11500-116	52243.00610599078	82.8	709.8201276899933	212.21605682893687	212.21605682893687	4231.801275906321
11500-117	52243.00610599078	82.8	1136.0419617000246	484.5935116604113	484.5935116604113	4227.1560232486645
11500-118	52243.00610599078	82.8	488.1767022136577	640.830441119921	488.1767022136577	4006.1035253248638
11500-119	52796.413357654885	68.2	42.05342523758389	112.16132029355038	42.05342523758389	3543.6035982008757
11500-12			222.96314783827643	25.831883250859267	25.831883250859267	3465.991305812856
11500-120	28635.03779441884	59.3	818.1522769804039	360.0730114609065	360.0730114609065	2827.2358327276793
11500-121	52243.00610599078	82.8	362.35892418366365	90.15734462782099	90.15734462782099	3906.117547322218
11500-1216	52796.413357654885	68.2	668.6416418478651	790.4216729907467	668.6416418478651	3723.6513773455063
11500-122	23569.6273937532	96.3	232.30708460806957	666.2498910228444	232.30708460806957	3825.776009368282
11500-123	28635.03779441884	59.3	203.9798490942407	665.0094716928846	203.9798490942407	2832.307884476283
11500-124	52243.00610599078	82.8	198.65697467651378	502.66541762930217	198.65697467651378	3713.9831243379276
11500-125	52796.413357654885	68.2	144.99016130345953	843.8842691926138	144.99016130345953	3080.396084662697
11500-126	52796.413357654885	68.2	160.37633650371407	51.83051764826321	51.83051764826321	3643.5059101718825
11500-127	52243.00610599078	82.8	209.76590046565818	380.7294817278701	209.76590046565818	3730.097851642446
11500-128	52243.00610599078	82.8	548.0649293403014	124.33649449285898	124.33649449285898	4081.5460238576356
11500-129	52243.00610599078	82.8	366.5694727030528	74.93601946903249	74.93601946903249	3912.0950114376906
11500-13			227.8081841649695	65.75038391236187	65.75038391236187	3489.4419697142303
11500-130	23569.6273937532	96.3	49.74702403365234	307.90024857774847	49.74702403365234	3656.955688854662
11500-131	52796.413357654885	68.2	159.78285119377534	849.7208920712939	159.78285119377534	3091.8102751161355
11500-132	52796.413357654885	68.2	78.24874276812855	197.09832134129297	78.24874276812855	3334.5610231525357
11500-133	52243.00610599078	82.8	574.2214539704548	440.13997731730507	440.13997731730507	4265.596547000969
11500-134	52796.413357654885	68.2	717.639750457308	786.4908187086701	717.639750457308	3784.123170907402
11500-135	52796.413357654885	68.2	142.25010728262185	376.5221521974473	142.25010728262185	3144.4929851721854
11500-136	52243.00610599078	82.8	392.05178337517964	524.332937392351	392.05178337517964	3907.1750152590807
11500-137	52243.00610599078	82.8	178.3489104536408	356.52572229360027	178.3489104536408	3700.801026396282
11500-138	52243.00610599078	82.8	366.54103099933144	635.095838295177	366.54103099933144	3884.0130163937747
11500-139	28635.03779441884	59.3	679.7970520092291	161.56517712442087	161.56517712442087	2899.34863793927
11500-14			286.13374510409216	137.04824159882526	137.04824159882526	3247.5146990420526
11500-140	28635.03779441884	59.3	499.2435043586424	111.59058084675068	111.59058084675068	3059.298479830586
11500-141	52796.413357654885	68.2	367.4439040120479	377.45477706503533	367.4439040120479	3261.425254555463
11500-143			208.19865762364634	44.83067680325593	44.83067680325593	2443.4292865485377
11500-144			118.47424974948504	60.22345675418796	60.22345675418796	2097.811891304549
11500-145			33.42082512976331	32.51082247106574	32.51082247106574	2267.1235948439535
11500-146			91.97286481902613	379.95330686030303	91.97286481902613	2129.689394675867
11500-147			67.4252753098885	537.2893125874268	67.4252753098885	1901.1563640421919
11500-149			128.64725783648984	448.3324648111002	128.64725783648984	2410.9423522685615
11500-15			403.0942309071615	46.7334706946349	46.7334706946349	3691.2172698757768
11500-150			384.40544042938205	93.77914682959496	93.77914682959496	3000.887774577586
11500-151			147.62023678858284	391.54046840705774	147.62023678858284	1065.0938860231338
11500-152			342.4601630716026	36.00777679165798	36.00777679165798	707.7291674378095
11500-153			287.31314777866663	74.67505054959015	74.67505054959015	2522.4922124522936
11500-154			128.57896023760148	503.00247408139325	128.57896023760148	1298.5825546808462
11500-155			279.45145294402596	151.78017027041682	151.78017027041682	819.3447820980277
11500-156			267.5188816914374	360.6053458331304	267.5188816914374	1345.4411220677398
11500-157			198.07164584616714	433.56072909835996	198.07164584616714	91.95250305685204
11500-1575	52243.00610599078	82.8	260.4606182397404	219.65900162810345	219.65900162810345	3792.479736910594
11500-158			587.0117530894832	420.6894695378304	420.6894695378304	1059.9491486753745
11500-16			400.5522462254597	79.83582407342179	79.83582407342179	3634.9321161855123
11500-160	28635.03779441884	59.3	929.2116969500153	230.34873411382867	230.34873411382867	2661.2205058724876
11500-161	28635.03779441884	59.3	864.028419371014	125.66044879637761	125.66044879637761	2406.0080577371177
11500-162	28635.03779441884	59.3	793.0468054147879	88.17061068198102	88.17061068198102	2341.6017089911925
11500-163	28635.03779441884	59.3	655.8748974695582	236.8934815089447	236.8934815089447	2178.305509825286
11500-164	28635.03779441884	59.3	918.691201199524	336.05667073694565	336.05667073694565	2441.494056691991
11500-165	28635.03779441884	59.3	684.4959246970767	265.7483011410965	265.7483011410965	2208.2291633209798
11500-166	28635.03779441884	59.3	638.2742852516267	369.2767587265252	369.2767587265252	2306.243577304774
11500-17			255.54721114559726	84.27223106126772	84.27223106126772	3835.7170669346374
11500-170	44966.20652841782	36.5	515.1890395706254	334.6214879078946	334.6214879078946	2184.4907243680573
11500-173	28635.03779441884	59.3	567.0404843279671	399.90354536876777	399.90354536876777	2255.683705348583
11500-174	28635.03779441884	59.3	533.2096159830337	415.40827597055477	415.40827597055477	2232.820011228678
11500-175	28635.03779441884	59.3	659.3607048965233	350.1723544116027	350.1723544116027	2318.4476925429753
11500-176	52796.413357654885	68.2	701.2521829834932	789.1655338802165	701.2521829834932	3762.5482305350242
11500-177	44966.20652841782	36.5	269.15873664122154	522.9433616983689	269.15873664122154	2060.9514962681924
11500-178	52796.413357654885	68.2	692.5290026893005	791.4502441164663	692.5290026893005	3750.6109861371942
11500-179	28635.03779441884	59.3	566.7577284182508	349.2858175035097	349.2858175035097	2235.5198116864462
11500-18			87.834287209364	203.07518067037057	87.834287209364	3880.3143681267143
11500-180	28635.03779441884	59.3	721.8602462197723	175.57016643838085	175.57016643838085	2328.968524268949
11500-181	28635.03779441884	59.3	889.8569524121859	99.25961472561538	99.25961472561538	2659.2765178970776
11500-182	44966.20652841782	36.5	452.35547368736064	363.0950591773479	363.0950591773479	2140.0239997915287
11500-183	12126.358589349717	31.0	157.94893416880876	283.5156442978987	157.94893416880876	2146.059783059296
11500-184	12126.358589349717	31.0	57.08617811929675	326.8880237453065	57.08617811929675	2730.337961699032
11500-185	12126.358589349717	31.0	104.61427263524592	349.16020167240345	104.61427263524592	1967.3426389196222
11500-186	13426.340431387609	5.6	350.34257961773693	256.77836802347986	256.77836802347986	2052.503994132545
11500-189			473.916824663171	527.0218769831156	473.916824663171	1193.4511519774126
11500-19			59.72407766551221	414.8411511393273	59.72407766551221	3300.2670706957324
11500-191			487.749749456289	454.1510035180387	454.1510035180387	1135.8626389414603
11500-192	11543.547843061955	10.9	187.60276259592464	177.52043616814808	177.52043616814808	2474.8892713110217
11500-193	13426.340431387609	5.6	291.778197091718	104.56631335125981	104.56631335125981	1264.3339196171396
11500-194	13426.340431387609	5.6	380.2437583628595	100.74109315818507	100.74109315818507	2060.1349227283586
11500-195	13426.340431387609	5.6	237.88658906052135	114.116203673195	114.116203673195	1864.3540067224226
11500-196	13426.340431387609	5.6	376.82134214469227	21.31471708254511	21.31471708254511	1971.3268433770459
11500-197	13426.340431387609	5.6	563.7197595169655	188.68303325356325	188.68303325356325	2173.4196363275564
11500-198			454.0359742601902	116.73785796897931	116.73785796897931	1098.7842573785067
11500-199			191.766589007749	27.13994323129766	27.13994323129766	1358.4916128986704
11500-2			139.22428053315588	193.9309266283956	139.22428053315588	3941.9495364424415
11500-20			55.541224285891616	396.9169892948108	55.541224285891616	3309.4203449159872
11500-200	13426.340431387609	5.6	189.03378538146092	468.01157463595905	189.03378538146092	1447.7473221985604
11500-201			252.96526122399868	290.38995610375	252.96526122399868	2360.381261247524
11500-202	11543.547843061955	10.9	273.75655211616163	114.83631950041595	114.83631950041595	1838.4685842190852
11500-203	11543.547843061955	10.9	423.96617304158195	167.3305261692887	167.3305261692887	2201.829262201992
11500-204			46.53199812559006	366.5944432118655	46.53199812559006	1641.450262644693
11500-208			227.1961224086679	168.48565684134823	168.48565684134823	2412.2727508328203
11500-209	13426.340431387609	5.6	36.09836017437629	49.957758500896524	36.09836017437629	1515.7997849962744
11500-21			331.36160042064057	156.5089336111652	156.5089336111652	3568.1485311549845
11500-210	13426.340431387609	5.6	524.6902195312674	346.3799635400977	346.3799635400977	2349.0562558729916
11500-211	13426.340431387609	5.6	222.02978193298955	556.8482244354145	222.02978193298955	1467.938407802007
11500-213			345.2659890982954	36.464716529431286	36.464716529431286	1204.9973742669517
11500-214	13426.340431387609	5.6	66.65143130649727	84.64760090971588	66.65143130649727	1635.8407545156192
11500-215	13426.340431387609	5.6	45.67468462874426	379.0374075608045	45.67468462874426	1558.95932814533
11500-216	11543.547843061955	10.9	309.61179520572773	282.35474592730407	282.35474592730407	2317.3304425836127
11500-217			229.17138433452587	213.45780883440597	213.45780883440597	1808.789613012777
11500-218			192.4785080821566	320.7744089850263	192.4785080821566	2425.234653713189
11500-219	11543.547843061955	10.9	414.3201455832697	51.85876032814879	51.85876032814879	2302.1905229171903
11500-220	11543.547843061955	10.9	253.5750582906798	81.25708840981751	81.25708840981751	2468.4606786399495
11500-221	11543.547843061955	10.9	418.17350318374105	35.80267372035557	35.80267372035557	1986.2541325374566
11500-222	11543.547843061955	10.9	535.0469495779423	109.31701268983323	109.31701268983323	2127.501948172137
11500-223	11543.547843061955	10.9	441.47369348241756	171.37522158160016	171.37522158160016	2195.971051461463
11500-224			77.06992925472903	247.9737005579752	77.06992925472903	3757.6569625636134
11500-225	28635.03779441884	59.3	690.5389122533338	266.8959361190371	266.8959361190371	2213.349739481157
11500-226	28635.03779441884	59.3	702.9531769922532	272.6834169056765	272.6834169056765	2335.857764029471
11500-227	44966.20652841782	36.5	362.9959679800378	458.10944262304133	362.9959679800378	2107.4837962482407
11500-228			179.23162066231546	232.9094625338667	179.23162066231546	3401.244472112265
11500-229			259.21188468689826	118.22212853913395	118.22212853913395	3114.991819601847
11500-23			211.07825815199294	286.2669511065728	211.07825815199294	3442.746484548747
11500-230			222.95349190710238	81.01689284078762	81.01689284078762	3190.7966421859273
11500-231			199.00872119937	330.7185415142145	199.00872119937	2722.5036538204345
11500-232			191.97092640722198	212.71057085117738	191.97092640722198	3063.1679832455934
11500-233	13426.340431387609	5.6	206.89053831769385	160.49191661626102	160.49191661626102	1784.5781176609735
11500-234			395.3965468204946	17.132621096544877	17.132621096544877	2094.4084048407767
11500-235	11543.547843061955	10.9	536.5995168388456	83.49163932542545	83.49163932542545	2101.4822628835327
11500-236			142.00913231144517	298.10323529244124	142.00913231144517	1728.8063763764392
11500-237			155.21401691439291	167.20731255179217	155.21401691439291	1722.5497760982494
11500-238	11543.547843061955	10.9	266.823206098953	335.91141187211525	266.823206098953	2365.9053567299625
11500-239	52796.413357654885	68.2	399.32203489276407	42.434685639944426	42.434685639944426	3851.4071704608737
11500-24			284.4124403764511	21.885131854004467	21.885131854004467	3734.996105491978
11500-240	52796.413357654885	68.2	398.89001221289567	21.15150128313467	21.15150128313467	3856.3979590036497
11500-241	52796.413357654885	68.2	190.34157462248933	158.39133176101188	158.39133176101188	3804.6675502425746
11500-242			43.21249963801002	708.195195492574	43.21249963801002	2247.7321955000816
11500-243	52796.413357654885	68.2	218.49460787267304	44.52655240092211	44.52655240092211	3697.9856293727935
11500-244	52796.413357654885	68.2	243.21265804248105	41.600826340148785	41.600826340148785	3721.3062472408847
11500-245	52243.00610599078	82.8	937.9810746733699	587.0941123902666	587.0941123902666	4166.338255092941
11500-246			405.3699065266274	891.9639647048995	405.3699065266274	3061.190579976996
11500-249	52243.00610599078	82.8	695.9081866571719	79.54783604188923	79.54783604188923	4229.5669132322655
11500-25			360.7148867898855	40.129015885792384	40.129015885792384	3608.6281953059947
11500-250	52243.00610599078	82.8	699.6210923834032	63.01801387239616	63.01801387239616	4234.923908507503
11500-251			489.7039647861221	146.92521400044714	146.92521400044714	541.3022543908903
11500-252	28635.03779441884	59.3	633.695171324787	137.84588874528765	137.84588874528765	2233.611576380209
11500-253	28635.03779441884	59.3	647.2476861949636	214.93052032959753	214.93052032959753	2266.0650857982937
11500-254	28635.03779441884	59.3	690.4944233658543	277.8238776062615	277.8238776062615	2212.4103027340484
11500-255	28635.03779441884	59.3	811.7192303350073	210.1339899429909	210.1339899429909	2342.229866264357
11500-256	28635.03779441884	59.3	713.8856967509704	287.06362824428777	287.06362824428777	2237.943249335072
11500-257	28635.03779441884	59.3	773.7800405503367	45.839296576310694	45.839296576310694	2348.565381238347
11500-258	28635.03779441884	59.3	975.943920669849	256.20594737193915	256.20594737193915	2503.268884147244
11500-259	28635.03779441884	59.3	869.1636909662134	154.02013034643193	154.02013034643193	2698.476700999863
11500-26			219.21767884178286	77.26098011078152	77.26098011078152	3776.8901404145076
11500-260	44966.20652841782	36.5	382.1941012265329	303.5657585459854	303.5657585459854	2055.9160387670545
11500-262			49.77801180039932	603.1062096087443	49.77801180039932	2157.641732283234
11500-263			738.413670033653	46.574847214542636	46.574847214542636	3922.007015029719
11500-264	52243.00610599078	82.8	393.3295996615254	220.6573944933315	220.6573944933315	3921.9156860870007
11500-265	52243.00610599078	82.8	799.5507814062576	512.2094734311878	512.2094734311878	4208.040414855855
11500-266	12126.358589349717	31.0	119.3582233384793	301.3871193792983	119.3582233384793	2485.0851072088153
11500-267			166.73946439008233	175.93104062808683	166.73946439008233	1389.104311181831
11500-268	11543.547843061955	10.9	542.4858737447537	96.51499722109845	96.51499722109845	2118.3965219205497
11500-269			376.4711908101501	128.16639239947588	128.16639239947588	1176.7333826289935
11500-27			53.779416725584376	204.86754139158478	53.779416725584376	3338.240720694311
11500-270			386.00317147794794	60.960897440716245	60.960897440716245	3655.175853061761
11500-271	23569.6273937532	96.3	49.002742069675676	470.23916605374967	49.002742069675676	3688.7960421390876
11500-272	52243.00610599078	82.8	49.48069916305149	216.9326337401548	49.48069916305149	3641.238133440117
11500-273	52243.00610599078	82.8	50.44735592910814	168.83799183835703	50.44735592910814	3635.5524324334233
11500-274	52243.00610599078	82.8	197.66162352638563	256.4208539882414	197.66162352638563	3727.624993553748
11500-275	52243.00610599078	82.8	42.85152392931738	439.8554504817005	42.85152392931738	3561.8200818669216
11500-276	52243.00610599078	82.8	41.62756238098678	473.52941384991027	41.62756238098678	3558.717334367394
11500-277	52243.00610599078	82.8	156.87914285968077	283.0750714447317	156.87914285968077	3685.3077014341097
11500-278	52243.00610599078	82.8	272.71775046504877	262.50541274389786	262.50541274389786	3800.55899437099
11500-279	52243.00610599078	82.8	280.2304597185742	278.68179565364045	278.68179565364045	3806.5900158687887
11500-28			94.23273078684042	114.38645534618173	94.23273078684042	3381.6312008723175
11500-280	52243.00610599078	82.8	301.8398201227292	214.59495857620303	214.59495857620303	3833.276447202291
11500-281	52243.00610599078	82.8	299.7202534137808	421.64394539995516	299.7202534137808	3816.4249905054335
11500-282	28635.03779441884	59.3	438.4466354409958	63.292916520028896	63.292916520028896	3070.1981328709103
11500-283	52796.413357654885	68.2	395.53984155309996	57.045049816358535	57.045049816358535	3110.233113171978
11500-284	28635.03779441884	59.3	584.4696134550325	123.71852040868147	123.71852040868147	2982.5739084321362
11500-285	52243.00610599078	82.8	180.96466364495024	238.95445019935985	180.96466364495024	3712.9373581836703
11500-286	44966.20652841782	36.5	347.0443527194989	52.11485858739757	52.11485858739757	1915.455020987685
11500-287	12126.358589349717	31.0	144.73717456163575	233.46308022222377	144.73717456163575	2206.9613300651395
11500-288	52796.413357654885	68.2	673.6796178521903	810.0725232486259	673.6796178521903	3715.6954415172104
11500-289	52243.00610599078	82.8	178.59906190100133	210.24356880441184	178.59906190100133	3713.580204063584
11500-29			385.3258010828652	77.93152944973492	77.93152944973492	3673.520622220659
11500-290			116.43496414935522	1068.1404394358544	116.43496414935522	2552.8735966398986
11500-291	28635.03779441884	59.3	969.3986984536273	213.78442228834132	213.78442228834132	2500.300067748762
11500-292	52796.413357654885	68.2	84.26115044395868	678.0693748995435	84.26115044395868	3140.405724914421
11500-293	12126.358589349717	31.0	95.79559876045582	286.6852808270209	95.79559876045582	2471.3313303963882
11500-294			395.62940344793213	120.39881416922437	120.39881416922437	3522.4229172098153
11500-296			266.9859558278995	96.85889058080973	96.85889058080973	3527.3326275838463
11500-298			280.40869952002095	169.59207518600135	169.59207518600135	3562.3468662827895
11500-299			238.86856920393512	225.55876982113088	225.55876982113088	3524.967703014635
11500-3			487.51628330502183	47.4309508260618	47.4309508260618	3294.4979571387503
11500-30			148.53401939387052	57.020593394703255	57.020593394703255	3427.802093226988
11500-300			669.0363528172159	377.86345894284307	377.86345894284307	3554.5436949874525
11500-301			356.3390058448762	130.3853229500811	130.3853229500811	3601.813499290255
11500-302	32915.56184715822	108.2	891.8346916355225	194.12924954873864	194.12924954873864	4127.391699725518
11500-303			217.75409137428912	180.25917724706332	180.25917724706332	3540.3177849480358
11500-304	52796.413357654885	68.2	69.87373332979027	672.7987771787741	69.87373332979027	3129.500318657604
11500-305	52796.413357654885	68.2	63.521447552318975	651.9030026211632	63.521447552318975	3139.3176654524086
11500-306	52796.413357654885	68.2	93.48486601037474	660.2532494109547	93.48486601037474	3164.082795788625
11500-307	52796.413357654885	68.2	232.38259857959952	718.124215549347	232.38259857959952	3271.6918005387106
11500-308	52796.413357654885	68.2	248.8534190401071	881.5952352193485	248.8534190401071	3164.277444503432
11500-309	52796.413357654885	68.2	267.88257079910085	718.9803357500986	267.88257079910085	3311.4152935439515
11500-310	52796.413357654885	68.2	131.84032077286534	457.0572619582044	131.84032077286534	3359.886962280344
11500-311	52243.00610599078	82.8	338.0048699906645	146.93075690702054	146.93075690702054	3875.6228193877746
11500-312	52243.00610599078	82.8	455.7158597089016	56.57841882219237	56.57841882219237	4000.207949921948
11500-313	52243.00610599078	82.8	344.2161772313171	82.90045104732711	82.90045104732711	3889.51855455324
11500-314	52243.00610599078	82.8	393.4548346917923	64.62236314721783	64.62236314721783	3939.284837203133
11500-315	52243.00610599078	82.8	408.94214312572655	58.32764549917288	58.32764549917288	3954.987025255255
11500-316	52243.00610599078	82.8	346.9769555277018	55.76019157571977	55.76019157571977	3895.638713016173
11500-317	52243.00610599078	82.8	377.037269478022	155.80197912651983	155.80197912651983	3912.3789533834083
11500-318	52243.00610599078	82.8	563.2781862174177	277.960311604484	277.960311604484	4084.150732435485
11500-319	52243.00610599078	82.8	529.7111198334974	624.7941555962731	529.7111198334974	4047.5802868031597
11500-32			128.8490664864127	222.83391331534298	128.8490664864127	3965.2774752930172
11500-320	52796.413357654885	68.2	430.05006123175474	17.293561620793003	17.293561620793003	3923.505926001483
11500-321	52796.413357654885	68.2	313.7021904969402	67.75611271941852	67.75611271941852	3855.7072526423162
11500-322	52796.413357654885	68.2	311.63237179260005	72.19360820332629	72.19360820332629	3849.9564492912054
11500-323	52796.413357654885	68.2	309.9494076716736	76.62616420441344	76.62616420441344	3845.1896571380726
11500-324	52796.413357654885	68.2	235.87760776529782	156.53965117505098	156.53965117505098	3735.2900582153243
11500-325	52796.413357654885	68.2	244.50286159791733	156.8415490164929	156.8415490164929	3755.313296355587
11500-326	52796.413357654885	68.2	243.23201252865812	155.84788600312444	155.84788600312444	3751.1937784542824
11500-327	52243.00610599078	82.8	915.1138018122839	616.5053765819692	616.5053765819692	4123.665739964432
11500-328	52243.00610599078	82.8	551.1526971051042	546.2997106739174	546.2997106739174	4068.3063943264497
11500-329	32915.56184715822	108.2	41.29147668165525	190.56612516393452	41.29147668165525	3415.347959846434
11500-33			733.7652231138233	283.6520663473178	283.6520663473178	3684.983873701472
11500-330	32915.56184715822	108.2	88.02781547456438	330.67056885634827	88.02781547456438	3521.666285581091
11500-332	52243.00610599078	82.8	318.16179727474906	341.0142428312026	318.16179727474906	3839.28805724016
11500-333	52243.00610599078	82.8	271.7699552391425	595.1141002778955	271.7699552391425	3787.627654261618
11500-335	52243.00610599078	82.8	40.06129249520361	561.7774116876	40.06129249520361	3555.138839722411
11500-336			268.0253854342164	993.2198560826936	268.0253854342164	2904.6157186035753
11500-337	28635.03779441884	59.3	359.64041380538015	745.3615543473704	359.64041380538015	2473.0735541523695
11500-338	28635.03779441884	59.3	492.01333323622475	147.01897788582187	147.01897788582187	3076.2162298862945
11500-339	52796.413357654885	68.2	394.84416482951883	214.00547360106125	214.00547360106125	3183.8161789477135
11500-34			347.3783774418152	88.49431585195758	88.49431585195758	3073.887755793031
11500-340	52796.413357654885	68.2	155.61649500401055	148.84327638872216	148.84327638872216	3293.926073604049
11500-341	52796.413357654885	68.2	103.15365475168248	263.5799554677786	103.15365475168248	3682.499815696325
11500-342	52796.413357654885	68.2	101.33078608531238	58.833101023545915	58.833101023545915	3589.0261683859862
11500-343	52796.413357654885	68.2	49.18763509282074	51.67142604991174	49.18763509282074	3515.157801666221
11500-344	52796.413357654885	68.2	184.38198127215267	171.68665343247756	171.68665343247756	3783.64398159555
11500-345			276.3034952755891	862.8829498082764	276.3034952755891	2828.079965199734
11500-346	32915.56184715822	108.2	49.08483332152128	367.61838843047497	49.08483332152128	3506.415958809932
11500-347	28635.03779441884	59.3	311.66855280025396	824.375811209362	311.66855280025396	2462.1654594870656
11500-348			75.33715529069876	645.026933814645	75.33715529069876	2722.6224900641178
11500-3483	52243.00610599078	82.8	49.28685841166586	254.23884732647278	49.28685841166586	3647.139606170131
11500-349	52243.00610599078	82.8	830.3678099284192	492.5546058323834	492.5546058323834	4224.3256237295645
11500-35			645.9480932596048	144.10091145838663	144.10091145838663	1525.5738146045503
11500-350	44966.20652841782	36.5	293.86292118284894	895.7271366025565	293.86292118284894	2401.3875697168332
11500-351			407.8931294591545	29.969784998078964	29.969784998078964	650.2732622372955
11500-352			280.66852320784403	109.08540405972268	109.08540405972268	2515.2774984797625
11500-353			562.3646133282947	35.21748772166485	35.21748772166485	765.6955176193152
11500-354			513.4292965007236	151.7855926802807	151.7855926802807	346.33511084828405
11500-355	44966.20652841782	36.5	377.92572058349225	201.32235190769876	201.32235190769876	2016.2409844151882
11500-357	28635.03779441884	59.3	547.041062343419	84.07983184285479	84.07983184285479	2137.4872103365074
11500-358	28635.03779441884	59.3	571.2946221192169	167.83383128250043	167.83383128250043	2183.3694971277137
11500-359	28635.03779441884	59.3	619.1191150705124	200.5828375122715	200.5828375122715	2236.2523626570883
11500-36			741.7398747345107	130.03842769765328	130.03842769765328	1336.5045359617704
11500-360	28635.03779441884	59.3	633.3748257479862	99.71672596950407	99.71672596950407	2179.1952281757904
11500-361	28635.03779441884	59.3	635.8012496274422	197.38697880037162	197.38697880037162	2167.3370890707165
11500-362	28635.03779441884	59.3	614.0696298426316	218.97484066431693	218.97484066431693	2141.603179351348
11500-363	28635.03779441884	59.3	594.9370775173364	177.52555646931808	177.52555646931808	2117.366212623513
11500-364	28635.03779441884	59.3	766.3132255096989	359.2813258817811	359.2813258817811	2288.159073433893
11500-365	28635.03779441884	59.3	844.4676462882429	393.4956405308519	393.4956405308519	2367.0605982114043
11500-366	28635.03779441884	59.3	802.1601965606336	308.6537879409669	308.6537879409669	2325.3701968383634
11500-367	28635.03779441884	59.3	753.6362351188803	210.28528102731934	210.28528102731934	2283.873932262891
11500-368	28635.03779441884	59.3	686.8437848600001	212.05178599272384	212.05178599272384	2216.5189967715623
11500-369	28635.03779441884	59.3	713.9884459996168	214.84176192854187	214.84176192854187	2243.5855089693196
11500-37			260.8174111845523	509.3360520356774	260.8174111845523	3174.0659036086518
11500-370	28635.03779441884	59.3	976.5282410972394	236.60815935484595	236.60815935484595	2505.4372144762256
11500-371	28635.03779441884	59.3	1030.6857531646237	274.17705052374697	274.17705052374697	2556.9872763013204
11500-372	28635.03779441884	59.3	887.6135919034132	45.68363556991937	45.68363556991937	2443.872442526783
11500-373	28635.03779441884	59.3	845.6563317896167	101.70617120168136	101.70617120168136	2706.60398412355
11500-374	28635.03779441884	59.3	860.5979406206283	436.8517066602845	436.8517066602845	2382.6294035151222
11500-375	11543.547843061955	10.9	417.65532042432454	33.58790185436723	33.58790185436723	1984.2979100703212
11500-376			244.20109148553345	200.44134541302054	200.44134541302054	1820.0680252606426
11500-377			185.99398252250992	367.71545243494916	185.99398252250992	2428.24281209369
11500-378	11543.547843061955	10.9	525.3509181750185	237.6622947775828	237.6622947775828	2259.40794082778
11500-379	11543.547843061955	10.9	525.3509181750185	237.6622947775828	237.6622947775828	2259.40794082778
11500-380	13426.340431387609	5.6	409.17765489991365	40.01012852277998	40.01012852277998	1981.6824426582634
11500-381	52243.00610599078	82.8	78.03366012763382	565.5687509623826	78.03366012763382	3593.0711383834837
11500-382	28635.03779441884	59.3	212.0220534061246	679.0148742951362	212.0220534061246	2798.3883400963077
11500-383	28635.03779441884	59.3	986.9866341369491	361.4766502137441	361.4766502137441	2509.9769196620337
11500-385	13426.340431387609	5.6	153.25828278500404	237.17319795528093	153.25828278500404	1811.211265916256
11500-3856	52796.413357654885	68.2	369.18730674664914	56.02303100957083	56.02303100957083	3134.1958790232834
11500-386			398.62832133234457	27.31403618397705	27.31403618397705	2028.8773128895386
11500-388			404.5959504810071	19.925472805814152	19.925472805814152	2040.0149497059897
11500-39			128.6447425974692	137.40441017587045	128.6447425974692	2405.072662168198
11500-4			361.2496185596764	163.1388209219067	163.1388209219067	3497.985866447038
11500-40			229.25909372247895	89.98201399704024	89.98201399704024	3571.2121275942886
11500-41			584.6482883242471	255.5288885459726	255.5288885459726	1260.2714386602045
11500-413	52243.00610599078	82.8	837.5806209294327	782.3055329078594	782.3055329078594	3930.2772793445206
11500-417	52796.413357654885	68.2	90.23436256084328	110.04581802682422	90.23436256084328	3535.3592534753757
11500-42			339.5290304270805	54.34771705642993	54.34771705642993	3254.164184817645
11500-421	52243.00610599078	82.8	643.874899576528	680.4153577034685	643.874899576528	4245.055245658767
11500-4229			83.87913465463048	148.22402459899627	83.87913465463048	2314.9679205024827
11500-4231			282.5505258852863	236.32557030009602	236.32557030009602	2877.431172300793
11500-427	52796.413357654885	68.2	237.91649047555262	156.86980157485547	156.86980157485547	3740.365437724499
11500-428	52243.00610599078	82.8	772.9710206259367	507.8822019384075	507.8822019384075	4031.025149734082
11500-4288	44966.20652841782	36.5	465.11101996144424	303.9288487086578	303.9288487086578	2128.980060892735
11500-43	32915.56184715822	108.2	928.8967446895886	32.152574596034086	32.152574596034086	4077.249722475494
11500-431	52243.00610599078	82.8	563.817110155591	514.3971925915391	514.3971925915391	4176.566204330583
11500-432	52243.00610599078	82.8	583.2485142127123	521.9627782075207	521.9627782075207	4196.024835190843
11500-44			283.57184105246705	197.97991563745975	197.97991563745975	2576.598726995528
11500-4419	28635.03779441884	59.3	761.207321563232	260.6662319198864	260.6662319198864	2287.2565345325024
11500-45	44966.20652841782	36.5	94.04248470777252	397.0824849059347	94.04248470777252	1693.4594661146987
11500-451	28635.03779441884	59.3	642.3740154066136	319.0786449004514	319.0786449004514	2292.6972902783864
11500-46			93.76665614563117	595.4098219477305	93.76665614563117	1968.6240178950839
11500-463			257.97350420269186	108.37432184995886	108.37432184995886	3839.3289610919414
11500-464			156.2813846504668	214.72218153541303	156.2813846504668	3917.4924244124704
11500-465			138.79186678575022	190.97863768214836	138.79186678575022	3919.0899517305875
11500-466			269.13766820264146	193.39533616811835	193.39533616811835	3557.2775289932792
11500-47			235.2903632243008	323.7421954003738	235.2903632243008	2586.307874456046
11500-470	52796.413357654885	68.2	300.74138406568926	774.2260139708359	300.74138406568926	3305.4979376473334
11500-471	52796.413357654885	68.2	377.08731008184304	18.991113574620517	18.991113574620517	3876.782718044368
11500-472	52243.00610599078	82.8	693.4675148178468	220.59862827495067	220.59862827495067	4215.245617628173
11500-473	52243.00610599078	82.8	266.8025458926256	314.1226718616132	266.8025458926256	3790.756385279312
11500-475			89.48111915032776	745.9146059977822	89.48111915032776	2416.62426044184
11500-476	44966.20652841782	36.5	82.92807550355442	387.8516694311718	82.92807550355442	1842.584801012843
11500-477	44966.20652841782	36.5	157.14877407413343	26.786177499887117	26.786177499887117	1760.296191484732
11500-478	44966.20652841782	36.5	162.47083421634267	523.7470541392337	162.47083421634267	1976.3695207192204
11500-4789	13426.340431387609	5.6	33.060632278756046	286.73042701923555	33.060632278756046	1695.9444878736278
11500-48			61.60443738139753	445.48042768398795	61.60443738139753	2903.9009750889745
11500-480	28635.03779441884	59.3	579.0770525542212	206.70779420480872	206.70779420480872	2201.011347129787
11500-481	28635.03779441884	59.3	683.8497374340167	266.8121290230326	266.8121290230326	2206.0277173215723
11500-482			120.19962506864493	27.23247867881383	27.23247867881383	1430.064581199652
11500-483			146.2997410005299	26.657943711613	26.657943711613	1403.9640617505977
11500-484			24.0452308038542	407.0712173245634	24.0452308038542	1642.2359337488317
11500-485	52796.413357654885	68.2	267.76306323359285	824.2357272404172	267.76306323359285	3227.832551131255
11500-486	52796.413357654885	68.2	176.71751141699997	692.4877350920568	176.71751141699997	3228.5010063744176
11500-487	52796.413357654885	68.2	231.29892417852338	702.4924854189697	231.29892417852338	3282.811219504963
11500-489	52796.413357654885	68.2	256.5646547456974	725.4696530164641	256.5646547456974	3293.5828283513433
11500-49			416.28591406568927	86.93080041556054	86.93080041556054	2854.5442960575992
11500-490	52796.413357654885	68.2	269.09039162881135	731.2938484410225	269.09039162881135	3303.31521229345
11500-491	52796.413357654885	68.2	457.8319751053964	120.21112106038623	120.21112106038623	3884.9544665395165
11500-492	52243.00610599078	82.8	828.357749032251	578.4902171168094	578.4902171168094	4343.518622725315
11500-493			222.3977881020777	969.6235297037673	222.3977881020777	2410.6564211983878
11500-494			227.45182211816496	1011.6724992061542	227.45182211816496	2847.0137057911115
11500-495			197.61450630702396	270.224663598559	197.61450630702396	3442.2703881592483
11500-5			150.08098311479986	114.63062721892153	114.63062721892153	3778.3657922870784
11500-5079	11543.547843061955	10.9	360.04398634539683	212.31897759943826	212.31897759943826	2403.9852573321054
11500-5080	13426.340431387609	5.6	488.08511033569187	153.41920317491446	153.41920317491446	2131.5317486547
11500-51			1018.0261538686672	22.79127754504981	22.79127754504981	4257.985492386393
11500-5101			403.69227702148135	119.93075883684308	119.93075883684308	3495.7667901179807
11500-5102			251.59111719654737	80.57086718529168	80.57086718529168	3826.9124027645125
11500-5104			48.281377308859845	193.40012327992878	48.281377308859845	3823.362518740792
11500-5105			376.19604934564705	158.7778134292447	158.7778134292447	3279.904627622392
11500-5107			98.63182280822468	51.37396115619204	51.37396115619204	3345.425292844524
11500-5108			157.99100607528533	122.41490262053081	122.41490262053081	3198.877715198751
11500-5110			588.5877057371415	820.3412241928709	588.5877057371415	3342.753787536791
11500-5117	52243.00610599078	82.8	442.74702598424415	236.60926156629316	236.60926156629316	4021.409967845155
11500-5118	52243.00610599078	82.8	443.6994003925555	223.22921516843002	223.22921516843002	4020.811853912338
11500-5121	52243.00610599078	82.8	879.0797657189686	814.8303038208978	814.8303038208978	4346.249515838319
11500-5123	52243.00610599078	82.8	868.7210258322165	624.3055463168306	624.3055463168306	4313.397325913798
11500-5131	28635.03779441884	59.3	34.32152924736532	1123.267416733791	34.32152924736532	2771.848764524922
11500-5132	52796.413357654885	68.2	353.35336202477913	61.59114353482794	61.59114353482794	3147.249224118949
11500-5135			273.6678679681412	925.6797687552755	273.6678679681412	2861.934113854378
11500-5136			278.1761751226361	940.4211376480382	278.1761751226361	2876.825900776845
11500-5137	52243.00610599078	82.8	773.4394669989789	171.58496845640678	171.58496845640678	4178.568535176916
11500-5138	28635.03779441884	59.3	176.29855028166259	639.2245774341508	176.29855028166259	2901.972951949428
11500-5139	28635.03779441884	59.3	372.0396700575748	746.0413303937461	372.0396700575748	2443.628768225106
11500-5140			571.1039411695957	332.51322122728027	332.51322122728027	1022.2211743739156
11500-5141			305.12781370526926	340.5621255257813	305.12781370526926	167.49983618538468
11500-5142	28635.03779441884	59.3	571.0615726083621	251.2640273707065	251.2640273707065	2206.4652384347755
11500-5144	28635.03779441884	59.3	990.8642482422279	153.12489619137364	153.12489619137364	2529.425016071255
11500-5145	28635.03779441884	59.3	554.4315553709282	121.08996292055582	121.08996292055582	2155.2565875552796
11500-5146	44966.20652841782	36.5	456.7915642778716	128.6030217573463	128.6030217573463	2067.0523849789024
11500-5147	44966.20652841782	36.5	516.3661945989578	202.70902260557622	202.70902260557622	2142.349440401614
11500-5164	11543.547843061955	10.9	271.5913486377165	307.10144623419546	271.5913486377165	2349.2638784902033
11500-5165			138.53147191883016	127.23527925502434	127.23527925502434	1413.9719777199846
11500-5166			283.7326728827102	222.1972393112059	222.1972393112059	1277.678422498829
11500-5167	11543.547843061955	10.9	281.8114253180789	310.42216624421286	281.8114253180789	2345.4600147484484
11500-5172	28635.03779441884	59.3	419.04899731911	381.4073886874884	381.4073886874884	3218.2735607970644
11500-5179	28635.03779441884	59.3	803.9408211874909	253.6194138853986	253.6194138853986	2330.699381042776
11500-518			365.6988797664632	84.13475191430892	84.13475191430892	3646.224279822049
11500-5181			224.37354947413598	176.61404243918443	176.61404243918443	3630.4406060916094
11500-5184			192.0826197681312	200.5395399189006	192.0826197681312	3478.0032991879098
11500-5188	28635.03779441884	59.3	870.5162190539866	447.32247164677983	447.32247164677983	2392.5563821677215
11500-5195	28635.03779441884	59.3	547.1543638876298	180.18780105480593	180.18780105480593	2164.348712211145
11500-52			207.86529362752407	310.11566672923516	207.86529362752407	2803.5953576511897
11500-5202			261.0197239054075	202.35207203593612	202.35207203593612	3508.2222537315633
11500-5206			94.93756724441857	255.54410172881995	94.93756724441857	3752.485100854513
11500-5207	52796.413357654885	68.2	405.02895904522387	844.0686330238905	405.02895904522387	3371.69119051169
11500-5210	32915.56184715822	108.2	37.88079140516753	220.19680720295455	37.88079140516753	3426.913238050664
11500-5212			369.37462785906314	256.2086959509837	256.2086959509837	1386.3925548235159
11500-5213	44966.20652841782	36.5	130.490217223635	463.0413225354803	130.490217223635	1919.6199481591095
11500-5214	44966.20652841782	36.5	404.95254126965676	158.43038958005897	158.43038958005897	2027.7491692868489
11500-5220	52243.00610599078	82.8	686.2626555412867	726.8514981717007	686.2626555412867	4265.007557268001
11500-5222			371.40474298121455	198.5240534360736	198.5240534360736	888.2798153008815
11500-5226			230.18782959410422	172.45723273581476	172.45723273581476	3677.2042568274983
11500-5227	28635.03779441884	59.3	35.71742749531496	1095.5954572454107	35.71742749531496	2797.2573715860776
11500-5228			435.62061015319154	212.52572502390626	212.52572502390626	459.0913618318817
11500-5229			432.2029031384598	189.16459328296713	189.16459328296713	483.5900081493131
11500-5234			454.0060720016601	80.64830048535391	80.64830048535391	3373.693690359503
11500-5236	28635.03779441884	59.3	768.8315261368424	345.76000446105775	345.76000446105775	2291.545292919789
11500-5247			307.0985697458493	142.05729038803588	142.05729038803588	3565.2108187361405
11500-5250	52796.413357654885	68.2	383.748685318658	520.2813098501272	383.748685318658	3591.4072881672205
11500-5251	28635.03779441884	59.3	280.5793811084774	582.4165334869447	280.5793811084774	2802.0694586030754
11500-5254	52243.00610599078	82.8	368.13495773994833	39.77548312728739	39.77548312728739	3927.8313723207457
11500-5256			263.46991936088375	93.06999915335993	93.06999915335993	3831.241818871701
11500-5259	52243.00610599078	82.8	36.78530504512259	266.57301586115045	36.78530504512259	3569.4281842967107
11500-5260	52243.00610599078	82.8	836.052097893837	750.2476177714728	750.2476177714728	4374.683726021908
11500-5261	52243.00610599078	82.8	632.2344030092764	409.04049058824813	409.04049058824813	4147.311836008496
11500-5262	28635.03779441884	59.3	708.5109851153944	268.0777862734125	268.0777862734125	2424.964768479984
11500-5263	32915.56184715822	108.2	889.3409831813915	207.94240627904983	207.94240627904983	4132.367993843327
11500-5266	11543.547843061955	10.9	393.3150779392159	84.59431093736433	84.59431093736433	2288.6705309816284
11500-5267	52796.413357654885	68.2	348.6736385569756	39.46279920173588	39.46279920173588	3803.750420336992
11500-5270			338.82474593164295	346.9514554481398	338.82474593164295	1245.538579839537
11500-5271	52796.413357654885	68.2	165.48249997711767	356.422182595863	165.48249997711767	3137.8685737379283
11500-5281			248.46674497412693	262.3688355744501	248.46674497412693	2841.119008830145
11500-5282	44966.20652841782	36.5	206.83960446811707	508.163563053116	206.83960446811707	2003.503613960241
11500-5283			250.87312576293243	263.01200146541055	250.87312576293243	2824.057980111221
11500-5284			248.79227911948675	967.6683861588228	248.79227911948675	2386.2553974095763
11500-5285			269.1140317855888	290.751697986167	269.1140317855888	2346.019118752701
11500-5286	23569.6273937532	96.3	233.67950210542062	452.42613342426284	233.67950210542062	3701.197866940229
11500-5287	52243.00610599078	82.8	943.2043289467101	691.2221572022137	691.2221572022137	4327.547593197515
11500-5290	44966.20652841782	36.5	387.8318283836437	254.39944217599702	254.39944217599702	2042.7186909427267
11500-5291	52243.00610599078	82.8	422.53358755442775	217.3104824403693	217.3104824403693	3999.7799052589708
11500-5296	28635.03779441884	59.3	420.25809032436655	114.31040784514833	114.31040784514833	3131.9716559457447
11500-5297			206.51766009506264	244.89730730003112	206.51766009506264	3490.4739199092105
11500-5299	44966.20652841782	36.5	453.7007875725683	173.92109148091728	173.92109148091728	2076.737085534565
11500-53			588.1130780319814	119.54034658733211	119.54034658733211	1665.1069912023902
11500-5306	28635.03779441884	59.3	428.2092455671727	136.33019748767003	136.33019748767003	3131.1813879337287
11500-5310			247.55873961039444	144.3390512244968	144.3390512244968	3807.5648483259956
11500-5311			252.41363116985926	136.80233813422595	136.80233813422595	3818.608075643143
11500-5326	26238.841922683056	31.9	622.5729202000011	130.66541067702565	130.66541067702565	2170.618192093701
11500-5329	52796.413357654885	68.2	360.82545191006164	19.813759207706227	19.813759207706227	3842.707246434527
11500-5345	32915.56184715822	108.2	71.29011277539092	234.6774182935282	71.29011277539092	3462.584561980784
11500-5346			210.13086531300667	185.1951695308277	185.1951695308277	3497.651581356459
11500-5349	26238.841922683056	31.9	522.3604848030393	63.483749203304725	63.483749203304725	2462.2012998221735
11500-5364	28635.03779441884	59.3	507.5950825087015	134.09144430347123	134.09144430347123	2639.8530240531936
11500-5371	28635.03779441884	59.3	624.6265449263019	262.71778725953095	262.71778725953095	2146.8264447140764
11500-5383	28635.03779441884	59.3	712.1838268403384	311.3519031768419	311.3519031768419	2359.1738328273486
11500-5389	28635.03779441884	59.3	359.64041380538015	745.3615543473704	359.64041380538015	2473.0735541523695
11500-5392			212.69549455007038	49.39907727478437	49.39907727478437	3603.918900547463
11500-54			785.3693621919073	154.74590388977967	154.74590388977967	1066.2378792361833
11500-5401			164.09639422618466	140.64194437768708	140.64194437768708	3171.95239646809
11500-5404	52796.413357654885	68.2	32.38700994869067	694.002104588744	32.38700994869067	3073.8431215499595
11500-5406			309.67609450126974	55.76858291736963	55.76858291736963	3786.8792593194603
11500-5412	28635.03779441884	59.3	982.0448421182342	323.904081104608	323.904081104608	2505.1253061328816
11500-5415			307.8058183000492	39.37469792749089	39.37469792749089	3785.095200461854
11500-5419	28635.03779441884	59.3	429.76901936355193	411.70337772256363	411.70337772256363	2769.8042744814297
11500-5429	52243.00610599078	82.8	290.7764848720857	166.79659242955475	166.79659242955475	3827.580327589867
11500-5437	26238.841922683056	31.9	376.9781793194921	240.08642134383285	240.08642134383285	2514.8169302341867
11500-5441	52243.00610599078	82.8	245.44158356110162	391.1417120419062	245.44158356110162	3764.558067580605
11500-55	44966.20652841782	36.5	296.14460062621924	152.9826052537531	152.9826052537531	1406.646187852661
11500-5510	52243.00610599078	82.8	397.6882833435559	79.30032160142471	79.30032160142471	3941.505671389781
11500-5547	28635.03779441884	59.3	731.5555294168654	180.7730042879224	180.7730042879224	2415.219295476567
11500-5552			391.4488061438212	323.0655172623669	323.0655172623669	1189.3582340100224
11500-5561	11543.547843061955	10.9	352.2121745940544	98.50136798641134	98.50136798641134	2326.194824287593
11500-56	44966.20652841782	36.5	351.0078192641862	473.0745723985028	351.0078192641862	1559.8607743901848
11500-5621			381.58329278633636	55.10043291728131	55.10043291728131	3684.9519775094
11500-5625	11543.547843061955	10.9	465.36978230533265	115.76492292775404	115.76492292775404	2210.293665841901
11500-5639	28635.03779441884	59.3	483.22893692544415	58.84816195837144	58.84816195837144	3059.6655537800557
11500-5641			68.32756691288034	225.9416202916432	68.32756691288034	1491.2953181699838
11500-57			245.3131995065319	245.624017895169	245.3131995065319	2058.4687634012425
11500-5728	28635.03779441884	59.3	733.0694646100416	320.6120128002509	320.6120128002509	2254.934491476451
11500-5741	28635.03779441884	59.3	89.36476057227192	137.42207613280016	89.36476057227192	2984.9622843114885
11500-58			317.5580138177663	411.0456335023339	317.5580138177663	1777.1550881459061
11500-5838	52243.00610599078	82.8	378.21468073358676	86.13094260798641	86.13094260798641	3921.8988418744743
11500-5846	52243.00610599078	82.8	190.68183906010515	422.9507225769829	190.68183906010515	3708.7131760867105
11500-5848	52243.00610599078	82.8	262.84234417896766	469.5444415758071	262.84234417896766	3778.428202602805
11500-5851	12126.358589349717	31.0	49.24736805661542	52.21959765964976	49.24736805661542	2644.698080264114
11500-5852			23.426911518158935	175.17712424190609	23.426911518158935	1591.778704591997
11500-5853			36.97633200111329	223.65242463914362	36.97633200111329	1609.8009527413303
11500-5856			361.55280251994077	50.90125345164979	50.90125345164979	3673.857339051392
11500-5883	28635.03779441884	59.3	596.7637675249498	352.03976443030257	352.03976443030257	2263.1805171006135
11500-5893	13426.340431387609	5.6	62.39898580228237	262.93701168134805	62.39898580228237	1739.8935484990395
11500-5896			378.3618485510187	48.9287997485832	48.9287997485832	3696.3163508995985
11500-59			423.45772515745006	27.975904684578254	27.975904684578254	3247.441770126527
11500-5908	52243.00610599078	82.8	251.44553990136353	414.4021466145301	251.44553990136353	3769.1462517229384
11500-5918			255.58170533465852	262.1412722271291	255.58170533465852	2801.117055169128
11500-5933			327.0487947027603	136.6971097000894	136.6971097000894	3614.794298235854
11500-5966			330.30801472613143	115.7780841832294	115.7780841832294	3218.4224665013417
11500-6			55.07058952992076	378.55751932272454	55.07058952992076	3321.4516034307194
11500-60			337.4959919800506	289.59717327588226	289.59717327588226	3434.5512544464195
11500-6006	28635.03779441884	59.3	855.2772895470752	295.7614856337374	295.7614856337374	2763.1798868829715
11500-6007	32915.56184715822	108.2	610.851859877118	333.5363004547978	333.5363004547978	3969.318603286019
11500-6029	52243.00610599078	82.8	330.4401239714583	104.94298989591705	104.94298989591705	3873.4510361274442
11500-6048			35.8549477151118	831.979406710925	35.8549477151118	2511.523226919305
11500-6063			37.54503741626847	767.6269437758963	37.54503741626847	2478.628310978331
11500-61			300.67456573677003	68.59018185757317	68.59018185757317	3306.5045640769135
11500-6124	52243.00610599078	82.8	234.89968132344114	214.7501107581366	214.7501107581366	3768.0067845254334
11500-6173	52243.00610599078	82.8	391.273065009744	42.39487730575979	42.39487730575979	3940.0271231431834
11500-62			122.20656070614923	441.3652958844455	122.20656070614923	2595.9008799488015
11500-6212			354.6181382167767	92.69704322278676	92.69704322278676	3616.6133606844523
11500-63			119.69251587851102	435.84182484029924	119.69251587851102	2629.821531162786
11500-6307			47.7288425656649	321.25102830401886	47.7288425656649	3067.954298100549
11500-6327	52243.00610599078	82.8	347.4969744246065	586.0763949770791	347.4969744246065	3864.251925909195
11500-6338			119.32169044715127	34.23888177287953	34.23888177287953	3346.820878496705
11500-6350	28635.03779441884	59.3	705.5784448715115	281.9982939075916	281.9982939075916	2228.4913052208776
11500-6370	52796.413357654885	68.2	113.3048095796513	756.4033900158278	113.3048095796513	3110.2598104692765
11500-6389	52796.413357654885	68.2	122.63781316470936	656.1813204110072	122.63781316470936	3198.045522020224
11500-64			40.28452556870876	356.11136079256113	40.28452556870876	2379.073758209508
11500-6421	52243.00610599078	82.8	279.456562818397	391.43316803556826	279.456562818397	3798.04007278834
11500-6424	52796.413357654885	68.2	107.84259212362751	651.4590822934708	107.84259212362751	3186.0811692036486
11500-6436	52243.00610599078	82.8	217.69870763127804	486.3756109503682	217.69870763127804	3733.193600705771
11500-6444	52796.413357654885	68.2	139.39566513323533	663.1089374903135	139.39566513323533	3210.6452834687243
11500-6457	52243.00610599078	82.8	226.89186711401584	111.25149271921421	111.25149271921421	3798.4988489224825
11500-6462	52243.00610599078	82.8	155.33795408420087	313.4196312124148	155.33795408420087	3681.290030133894
11500-6464	52243.00610599078	82.8	219.10908999447753	624.2253665270399	219.10908999447753	3736.0514383892623
11500-6478	52243.00610599078	82.8	202.38155187309113	631.2064449438212	202.38155187309113	3719.4487184608606
11500-6487	52243.00610599078	82.8	320.01288606457007	120.63818339832461	120.63818339832461	3889.4737394729736
11500-6491	52243.00610599078	82.8	220.26660027373583	606.2358477359105	220.26660027373583	3735.8602131254793
11500-65			214.1934979193699	25.92013870020873	25.92013870020873	3331.1988632889916
11500-6501	52243.00610599078	82.8	203.29606047361193	285.6320406518189	203.29606047361193	3730.6113444635857
11500-6509	52243.00610599078	82.8	259.0321171332718	438.3785417377427	259.0321171332718	3775.4388782862547
11500-6548	52243.00610599078	82.8	304.9923682576027	291.67223864657916	291.67223864657916	3829.8694778497843
11500-6571	52243.00610599078	82.8	264.25486094505766	533.9884174486127	264.25486094505766	3779.282191786077
11500-6594			480.5966725945909	240.72538432639345	240.72538432639345	1086.5119395461945
11500-66			306.2224223830051	193.31620829217454	193.31620829217454	2892.6581837959734
11500-6611	52796.413357654885	68.2	91.97870491271061	646.3871691399827	91.97870491271061	3173.4599974812822
11500-6612	52796.413357654885	68.2	126.14928998950268	670.3416101026265	126.14928998950268	3190.5597829716626
11500-6622			94.66082008549125	697.0827334076433	94.66082008549125	2576.0345330423565
11500-6624			29.6991590222123	786.4414371046915	29.6991590222123	2552.338740223408
11500-6647	52243.00610599078	82.8	209.6964922804637	69.40110625938796	69.40110625938796	3777.014868853878
11500-6652	52796.413357654885	68.2	132.2421068782005	226.805621709414	132.2421068782005	3726.4840740203745
11500-6654	52243.00610599078	82.8	284.8752037591331	463.9126588608351	284.8752037591331	3800.458983648423
11500-6655	52243.00610599078	82.8	345.31962151539256	438.2359810119105	345.31962151539256	3861.0731993759487
11500-6657	52243.00610599078	82.8	212.32416422879936	398.6985217272064	212.32416422879936	3731.485151276089
11500-6671	52243.00610599078	82.8	257.3708036422866	201.8301588051416	201.8301588051416	3791.2474245353574
11500-6675			45.65546280379239	99.92637509854077	45.65546280379239	2614.103860031582
11500-6678	52243.00610599078	82.8	290.491698749812	375.5123490102831	290.491698749812	3809.8553822773447
11500-6679	52243.00610599078	82.8	249.6906893534713	568.915461864995	249.6906893534713	3764.872840161595
11500-6680	52243.00610599078	82.8	261.46011150207187	461.2448244212915	261.46011150207187	3777.210114950515
11500-6689	52243.00610599078	82.8	199.09459093128152	433.53619435240813	199.09459093128152	3716.4606900633694
11500-67			252.98310720108205	241.41177553629439	241.41177553629439	2932.079194843201
11500-6715	52243.00610599078	82.8	279.95815595139766	425.89556085221045	279.95815595139766	3796.7074356785847
11500-6746	52243.00610599078	82.8	211.49544809923023	536.0776179491992	211.49544809923023	3726.534152674439
11500-6753			479.32215966859417	144.89042587866427	144.89042587866427	1406.6208249305464
11500-6763	52796.413357654885	68.2	49.84595812699618	83.48971063302872	49.84595812699618	3506.1557660560725
11500-6776	52796.413357654885	68.2	325.01396092518075	26.643893099221604	26.643893099221604	3930.115675132233
11500-6787	52243.00610599078	82.8	288.71021190728845	450.0769564051211	288.71021190728845	3804.544015429788
11500-6789	11543.547843061955	10.9	333.79218391085533	129.7550227428339	129.7550227428339	2402.822529218713
11500-68			244.21194068364474	258.27298678505673	244.21194068364474	2887.617253019858
11500-6801	52243.00610599078	82.8	311.1099042497502	194.9866212856812	194.9866212856812	3844.207784799634
11500-6804	52243.00610599078	82.8	281.06342777543966	436.84662900781103	281.06342777543966	3797.288662916588
11500-6813	52243.00610599078	82.8	250.15623586000643	623.5905390949811	250.15623586000643	3767.3261561383124
11500-6825	52243.00610599078	82.8	258.9429156215267	371.00702579529883	258.9429156215267	3779.1061786254127
11500-6830	52243.00610599078	82.8	329.77040286382294	44.60612788916284	44.60612788916284	3880.5536851646143
11500-6839	11543.547843061955	10.9	458.6491950929428	180.3262405373995	180.3262405373995	2199.0459366417585
11500-6844	52796.413357654885	68.2	76.89705146549832	640.4448217056772	76.89705146549832	3162.3837195347232
11500-6867	26238.841922683056	31.9	238.12418046282252	38.198038197703774	38.198038197703774	1812.5004780057118
11500-6868	26238.841922683056	31.9	200.1080666253475	227.7693923109558	200.1080666253475	1859.3950119897138
11500-6874	52243.00610599078	82.8	284.4053664808519	510.68344099373536	284.4053664808519	3799.468750616385
11500-6884			461.1630906874352	52.594227194756705	52.594227194756705	3421.7339725378365
11500-6888	52243.00610599078	82.8	342.2744004237612	420.69162994790224	342.2744004237612	3858.4880384306744
11500-6892			491.7632833544706	330.21682406136574	330.21682406136574	1293.8296196827264
11500-6893			260.79904931956906	681.9025968362729	260.79904931956906	1510.4902575763106
11500-6898			386.3578537554949	493.5119787342241	386.3578537554949	1241.996835813473
11500-69			695.0913220366715	72.34726634054034	72.34726634054034	1442.218515004291
11500-6900			659.540559369204	350.13966215786587	350.13966215786587	986.5139554145615
11500-6901			138.98081917858056	542.887073449997	138.98081917858056	1490.7019986908138
11500-6902			246.87234743670413	535.3820983203665	246.87234743670413	1387.7514944715153
11500-6908			54.57449887881752	477.290414890586	54.57449887881752	1688.9076953259257
11500-6919	28635.03779441884	59.3	684.4144475668911	78.4015180913733	78.4015180913733	2798.527061121467
11500-7			217.30776488663085	43.28626988321778	43.28626988321778	3511.3853703787636
11500-70			718.8558094043574	397.1692451594023	397.1692451594023	3569.3316080341433
11500-7007	52243.00610599078	82.8	193.5632038324594	352.23041886754214	193.5632038324594	3716.0748189452693
11500-7012	52243.00610599078	82.8	366.94603884806736	621.6175321410359	366.94603884806736	3884.3166789408497
11500-7039	52243.00610599078	82.8	370.5469332940107	646.3379153956292	370.5469332940107	3888.143201020404
11500-7090	52243.00610599078	82.8	237.29875783614204	345.54015841442396	237.29875783614204	3759.5754146425224
11500-7098	52243.00610599078	82.8	418.0833456714098	69.71264339303775	69.71264339303775	3962.3476897338796
11500-71			934.4819993632442	45.17259755709983	45.17259755709983	4227.548267419727
11500-7109	52243.00610599078	82.8	276.3730935481142	81.34196229966548	81.34196229966548	3824.2374395354777
11500-7164	52243.00610599078	82.8	320.2230668380131	601.7942919702382	320.2230668380131	3837.3088574325825
11500-7165	11543.547843061955	10.9	488.15854792640346	35.37206272845215	35.37206272845215	2057.264042765261
11500-7167	52243.00610599078	82.8	255.73488446149995	342.62361688018643	255.73488446149995	3777.8819065437206
11500-7223	52243.00610599078	82.8	442.4637526036841	64.42081306445797	64.42081306445797	3986.46987844762
11500-7244			176.67896948717552	597.949335940069	176.67896948717552	1646.089904756742
11500-7248			25.104053694042914	654.8436930232534	25.104053694042914	2027.621385861746
11500-7276	52796.413357654885	68.2	76.78108026755834	80.01579501889007	76.78108026755834	3532.2944290270993
11500-73	23569.6273937532	96.3	48.85137236486274	481.94670185066764	48.85137236486274	3579.116390818921
11500-7318	52243.00610599078	82.8	280.7414917410356	307.49973716553075	280.7414917410356	3804.9170167134353
11500-7370	52243.00610599078	82.8	308.8518661877929	266.26937582826383	266.26937582826383	3835.604214729796
11500-7377	52243.00610599078	82.8	247.1389768929367	521.0547781228663	247.1389768929367	3762.1991450044834
11500-74	52243.00610599078	82.8	102.78012591854979	388.60828638691083	102.78012591854979	3624.1804012341804
11500-7402			117.75942869504925	403.1369282618121	117.75942869504925	2796.591219137833
11500-7410	52243.00610599078	82.8	277.821671243263	360.8549569747412	277.821671243263	3798.330754546861
11500-7411	52243.00610599078	82.8	256.9712005844891	275.99465762348535	256.9712005844891	3784.0366623779614
11500-7419			218.4489359682699	646.0143224301083	218.4489359682699	1628.312548239663
11500-7435	26238.841922683056	31.9	140.04221036762482	591.0680666800278	140.04221036762482	1970.306720087456
11500-7449	52243.00610599078	82.8	191.7791472180673	304.7364023673577	191.7791472180673	3717.7688038931396
11500-7467	26238.841922683056	31.9	81.48753523297349	536.858043798689	81.48753523297349	1896.7936422394332
11500-7468	26238.841922683056	31.9	75.72410998308719	300.8126198859345	75.72410998308719	1776.2750005427977
11500-7481	52243.00610599078	82.8	297.5823602134282	388.7000807516483	297.5823602134282	3816.0563529335036
11500-7495	52243.00610599078	82.8	246.4053762994776	539.5113440614332	246.4053762994776	3761.4334208012347
11500-75	52243.00610599078	82.8	106.61098112646998	414.5178776951496	106.61098112646998	3626.2338378417567
11500-7595	52243.00610599078	82.8	342.5812141480739	500.43964066024523	342.5812141480739	3857.6238630252064
11500-7596	26238.841922683056	31.9	121.98355844824721	761.6122642193343	121.98355844824721	2275.756409099682
11500-76	52243.00610599078	82.8	613.2444515909244	337.3148259226664	337.3148259226664	4297.055318234827
11500-7611	52243.00610599078	82.8	241.097206589908	181.9857688661	181.9857688661	3777.61336799809
11500-7633	52796.413357654885	68.2	93.6155166181032	89.0676683313066	89.0676683313066	3545.2693351991406
11500-7652	52243.00610599078	82.8	267.30302742347465	126.96066202310503	126.96066202310503	3839.3790831459337
11500-7666	52243.00610599078	82.8	245.45155057196223	78.33780814831013	78.33780814831013	3794.696619024344
11500-7668	52243.00610599078	82.8	252.14129633955017	111.15110237249459	111.15110237249459	3822.832220790729
11500-77	52243.00610599078	82.8	220.36690076940695	701.5831659284238	220.36690076940695	3738.2551105670004
11500-7708	52243.00610599078	82.8	248.5970105309374	90.83921149296584	90.83921149296584	3796.10841784798
11500-7716	13426.340431387609	5.6	286.54537688170694	121.1877621291537	121.1877621291537	1965.0200333980638
11500-7721	52243.00610599078	82.8	424.55833386143155	51.88969226405369	51.88969226405369	3970.8307144511787
11500-7724	52243.00610599078	82.8	300.3454120184735	612.5118769205027	300.3454120184735	3817.5348469002593
11500-7730	52243.00610599078	82.8	185.8908348396348	407.7090283230259	185.8908348396348	3704.861146946366
11500-7733	52243.00610599078	82.8	305.7149437215284	153.46809978119134	153.46809978119134	3843.5996495783465
11500-7742	52796.413357654885	68.2	124.91310861664368	50.4764400148306	50.4764400148306	3586.1000533377605
11500-7752	52243.00610599078	82.8	343.5344196068068	453.47836732241154	343.5344196068068	3859.021143614876
11500-7782	52243.00610599078	82.8	292.2715115507742	91.82839941857097	91.82839941857097	3838.259623545956
11500-7784	11543.547843061955	10.9	421.29431292519655	209.7414263122105	209.7414263122105	2233.069667943171
11500-78	52243.00610599078	82.8	733.2245918590844	92.75238194870425	92.75238194870425	4161.103634490052
11500-7821	52243.00610599078	82.8	213.64330068133762	88.71089997406295	88.71089997406295	3762.5465397740713
11500-7835	52243.00610599078	82.8	314.94192495932066	560.0642788447102	314.94192495932066	3830.208237793879
11500-7858			191.36207563792092	27.480201907956793	27.480201907956793	2441.1735254087057
11500-7875	52243.00610599078	82.8	299.81193283660485	477.4226275426216	299.81193283660485	3815.1272364973984
11500-7876	52243.00610599078	82.8	278.44431126910536	129.13273829646894	129.13273829646894	3820.2241399541545
11500-7886	52243.00610599078	82.8	440.37315399318356	44.69846801263609	44.69846801263609	3986.9536627859466
11500-79	52243.00610599078	82.8	941.2747541489935	731.0448588549648	731.0448588549648	4317.870956294474
11500-7907			44.07472088060356	295.7903641100695	44.07472088060356	4047.2294540881107
11500-7910	52796.413357654885	68.2	363.8888209944222	136.8748431228845	136.8748431228845	3187.994709940883
11500-7916			384.9855052918893	219.66876245963505	219.66876245963505	440.82190956218517
11500-7919			32.72311041038436	490.0233367783578	32.72311041038436	2422.6910543187105
11500-7927			65.7228055600483	267.848467909787	65.7228055600483	4015.683902115499
11500-7954	52243.00610599078	82.8	197.19676427336822	469.5706947484054	197.19676427336822	3713.116963015461
11500-7956	52243.00610599078	82.8	209.31081153619576	369.4603094969252	209.31081153619576	3730.4072386677512
11500-7975	52796.413357654885	68.2	53.07344822912797	144.06623309593155	53.07344822912797	3463.6364575668713
11500-7976	52796.413357654885	68.2	52.60044246151683	126.79073491916894	52.60044246151683	3460.1386484637624
11500-7992	28635.03779441884	59.3	32.84926566326595	1117.3916372656108	32.84926566326595	2664.164740241787
11500-80	52243.00610599078	82.8	164.11224159217915	409.92410878261006	164.11224159217915	3683.2395693045437
11500-8014	12126.358589349717	31.0	172.9856493238918	268.1218462115544	172.9856493238918	2596.8035788362668
11500-8025	52243.00610599078	82.8	302.3760237149555	493.2766880831745	302.3760237149555	3817.5188361810833
11500-8035	52243.00610599078	82.8	299.1441906879346	514.2371237703467	299.1441906879346	3814.1814158320412
11500-8040	52243.00610599078	82.8	311.4606917548698	509.72409770918006	311.4606917548698	3826.5010502216596
11500-8042	52243.00610599078	82.8	373.8760536280629	659.6483513214955	373.8760536280629	3891.6668809541757
11500-8044			46.587784574321596	57.53352216113364	46.587784574321596	3534.3613707700238
11500-8049			91.24483672081153	421.94064662897546	91.24483672081153	2863.45312835461
11500-8050			93.26837199289716	411.1239532918804	93.26837199289716	2910.65309009464
11500-8078			462.5256713300289	49.13613097234868	49.13613097234868	3744.8850816926656
11500-81	52243.00610599078	82.8	182.8293503115063	387.97578209307915	182.8293503115063	3703.081261020416
11500-8101			25.01183109092666	117.00502705585359	25.01183109092666	3639.1469560179066
11500-8116	52243.00610599078	82.8	210.80416208851406	58.1680738564374	58.1680738564374	3776.7705029598515
11500-8132			21.391917039697436	343.9750402006023	21.391917039697436	3899.723984706293
11500-8134	11543.547843061955	10.9	376.78147059077264	209.06030205446183	209.06030205446183	2277.7387488025174
11500-8142	26238.841922683056	31.9	184.48068113438495	705.4263407544278	184.48068113438495	1767.272105729682
11500-8150	44966.20652841782	36.5	86.35904459963766	333.7241570652053	86.35904459963766	1665.5787251880245
11500-8189	52796.413357654885	68.2	228.97858503644977	808.5830673822951	228.97858503644977	3195.4470129659708
11500-8192	28635.03779441884	59.3	604.6456870118654	28.142680167686866	28.142680167686866	2935.798319534219
11500-8195			197.48042954425398	226.1553996457753	197.48042954425398	1363.501909490162
11500-82	23569.6273937532	96.3	48.908262509275325	483.4597511013264	48.908262509275325	3706.66866322721
11500-8207	52243.00610599078	82.8	264.4439105446541	237.58778556352027	237.58778556352027	3794.670048944656
11500-8214	13426.340431387609	5.6	60.91729792212485	48.116663433415326	48.116663433415326	1624.7840384883482
11500-8228	44966.20652841782	36.5	88.13635260977802	227.6770417474541	88.13635260977802	1611.5811959244484
11500-8238	52796.413357654885	68.2	30.975894022071266	241.4356997171316	30.975894022071266	3561.9033302886055
11500-8242			397.3370707021259	31.23420453012082	31.23420453012082	2018.1598305844977
11500-8253			53.708178987198934	364.27596268514856	53.708178987198934	1736.7457399675045
11500-8261			103.0412510177609	470.60362146858904	103.0412510177609	2544.3261826577955
11500-8272			84.6364896288567	93.20898167685775	84.6364896288567	1648.9899016555132
11500-83	32915.56184715822	108.2	472.7169482241406	43.11316468467836	43.11316468467836	3715.4815635762975
11500-8312			241.33457010155456	27.081980143691254	27.081980143691254	3707.4549454355156
11500-8330	28635.03779441884	59.3	653.1127344948223	230.97253876056658	230.97253876056658	2175.8019332831354
11500-8361	52796.413357654885	68.2	423.2837218836329	132.93383552621137	132.93383552621137	3067.468682334098
11500-8362	11543.547843061955	10.9	373.1193685517881	20.564721849603924	20.564721849603924	1938.480017801372
11500-8366	52796.413357654885	68.2	620.9192530440802	200.5175612784469	200.5175612784469	4149.212732679867
11500-8375	44966.20652841782	36.5	77.8222023551494	544.2782612092705	77.8222023551494	1921.3769043341188
11500-8377	28635.03779441884	59.3	1037.563726385683	340.88793417820546	340.88793417820546	2563.5425335403147
11500-84			297.0848052622179	825.2573896337447	297.0848052622179	2876.221039109265
11500-8462			347.39764370119116	50.925879581142674	50.925879581142674	3536.889402586553
11500-8472			38.06106940623888	183.29629400632774	38.06106940623888	3784.9619004330298
11500-8482	28635.03779441884	59.3	1013.4193263179122	212.11043090736214	212.11043090736214	2566.056085558478
11500-8497			129.54704086500973	1132.563840717612	129.54704086500973	2797.8926071885767
11500-85	23569.6273937532	96.3	51.43610080035838	485.5508339831183	51.43610080035838	3683.1344743116742
11500-8519	12126.358589349717	31.0	31.576865164898148	476.1296546667119	31.576865164898148	2116.26024149789
11500-86	28635.03779441884	59.3	784.4454548582999	157.32156789714972	157.32156789714972	2788.8210730969577
11500-87	28635.03779441884	59.3	764.6121900967584	176.3173082024468	176.3173082024468	2816.0403380579833
11500-88	28635.03779441884	59.3	681.9856731661229	88.26961062765112	88.26961062765112	2874.505599867073
11500-9			209.63718383532103	24.02295116794461	24.02295116794461	3458.1465974004022
11500-92	52243.00610599078	82.8	345.3614528915339	96.64180075957073	96.64180075957073	3888.8965431292245
11500-94	52243.00610599078	82.8	171.22646322863162	499.01293233029537	171.22646322863162	3686.692873991684
11500-95	52796.413357654885	68.2	373.8161062110009	388.99879738308795	373.8161062110009	3260.1295596727473
11500-96	52243.00610599078	82.8	138.42780985442926	234.22532463392565	138.42780985442926	3671.8461103997333
11500-98	52796.413357654885	68.2	248.33143776033398	258.5686858277052	248.33143776033398	3323.2338034336694
11530-1			100.7099572470692	81.47569705810915	81.47569705810915	234.22386489417786
11530-10	66213.60946620583	88.2	140.04295339499512	569.6177727133863	140.04295339499512	1202.301558433428
11530-100	18251.434562211984	101.6	242.984206269263	280.1582704699138	242.984206269263	202.65750412207336
11530-101			54.06481094049698	305.87147384582613	54.06481094049698	211.67989009883806
11530-102			487.39003003968986	51.3987807498527	51.3987807498527	643.2517321357574
11530-103			78.52663530542009	247.09627296265234	78.52663530542009	156.8490985849081
11530-105			127.3976279530582	89.88965528043623	89.88965528043623	25.807366001711788
11530-108			43.81168132147875	56.40308053691072	43.81168132147875	62.589372097511934
11530-11			180.11326206074708	190.1490280837511	180.11326206074708	41.269676198296324
11530-111			53.355396285545275	20.500224913017128	20.500224913017128	161.24513351189006
11530-112			52.64070095086061	131.8342205260166	52.64070095086061	184.16130796358345
11530-113	18251.434562211984	101.6	173.59025021994987	461.5553884852371	173.59025021994987	380.7608326392162
11530-114			387.5935865428227	21.223511331752743	21.223511331752743	511.2120925986917
11530-115			227.22443244160803	33.92042765274941	33.92042765274941	119.78810164441613
11530-1193	28510.213466461853	91.0	514.0982680976186	221.44766023472104	221.44766023472104	626.2054553027966
11530-1198	28510.213466461853	91.0	503.1061030774642	199.04262916462602	199.04262916462602	604.1011586532078
11530-12	106947.13209165387	78.1	92.01462761542354	105.62920186749618	92.01462761542354	1475.4070825982026
11530-1200	28510.213466461853	91.0	506.1105420485425	189.91978889067934	189.91978889067934	595.1084956903206
11530-123	18251.434562211984	101.6	907.989321361048	632.3763263434963	632.3763263434963	650.5157104872708
11530-127			30.291545543715742	316.37234640624104	30.291545543715742	117.20840216714069
11530-128			30.291545543715742	316.37234640624104	30.291545543715742	117.20840216714069
11530-129			262.49499825357674	214.9098561288684	214.9098561288684	536.0980824789062
11530-13	66213.60946620583	88.2	789.0064809484205	167.11571959364056	167.11571959364056	427.5334455023862
11530-130	2682.37979390681	102.6	323.069529694471	528.2024883153291	323.069529694471	654.0534480052792
11530-131	96064.19628136202	128.6	146.30080155560964	212.07213658122234	146.30080155560964	286.9344473492209
11530-132	96064.19628136202	128.6	240.32163125963416	276.44585789938037	240.32163125963416	379.28616091966904
11530-133			161.6913289007765	19.228369035041347	19.228369035041347	582.2178518555604
11530-134	96064.19628136202	128.6	66.30960733581438	189.19915119206792	66.30960733581438	78.36014461576798
11530-1346	28510.213466461853	91.0	350.5078665007104	153.77520452907146	153.77520452907146	557.5179985341967
11530-135	2682.37979390681	102.6	266.63962356144253	368.1685304307059	266.63962356144253	754.478717722289
11530-136	2682.37979390681	102.6	343.71378808136325	368.63854050484014	343.71378808136325	572.8657208961715
11530-137			83.48695888788406	60.79354972420902	60.79354972420902	344.16567092299914
11530-1379	28510.213466461853	91.0	318.8594417345411	148.57354577438056	148.57354577438056	551.4729781063979
11530-138	66213.60946620583	88.2	38.944403550310696	342.4069265495882	38.944403550310696	1357.5316455200707
11530-139	2682.37979390681	102.6	281.23773069471156	297.410671041057	281.23773069471156	503.91112966688496
11530-140	2682.37979390681	102.6	254.02648324869088	277.47228978797483	254.02648324869088	588.7079100778229
11530-1407	28510.213466461853	91.0	325.55439805995115	28.910019049428236	28.910019049428236	433.73731492548046
11530-1408	28510.213466461853	91.0	348.19760517134637	45.45418749947146	45.45418749947146	449.67427373809824
11530-141	2682.37979390681	102.6	210.85591474794063	280.30857158290485	210.85591474794063	704.6458793818347
11530-142			40.78888256771194	318.5200928569596	40.78888256771194	228.34625166602345
11530-143	28510.213466461853	91.0	43.90809993415872	275.9560771739737	43.90809993415872	847.9211880203512
11530-1436	28510.213466461853	91.0	591.3661957207685	412.05703652736213	412.05703652736213	785.2961447011023
11530-144	66213.60946620583	88.2	189.84505179884746	68.64543384666774	68.64543384666774	913.1929446715485
11530-145	66213.60946620583	88.2	152.9352908728531	65.16995390900547	65.16995390900547	951.5543807311918
11530-146	106947.13209165387	78.1	125.82990054259012	401.5728429014779	125.82990054259012	1104.3004365883912
11530-147	66213.60946620583	88.2	26.430156353250737	360.22780352045953	26.430156353250737	1362.5906710879285
11530-148	96064.19628136202	128.6	123.15451772008527	100.31963009191409	100.31963009191409	490.3742340339235
11530-149	66213.60946620583	88.2	111.58568801630325	143.68590403075046	111.58568801630325	1126.0573984214254
11530-15			201.69490705899278	20.232846808216458	20.232846808216458	721.6014519221054
11530-150			292.4297016025402	395.1992301401855	292.4297016025402	391.259626362253
11530-151			23.10967395574796	295.5125266623886	23.10967395574796	119.34201258621522
11530-152	21871.894982078855	109.9	360.47447658364456	42.05491729211041	42.05491729211041	263.2769943063654
11530-153	21871.894982078855	109.9	354.6255586773538	83.88287200891652	83.88287200891652	47.74579309356897
11530-155	13453.129333077317	102.6	936.6702266921233	208.9443044052829	208.9443044052829	1256.703223364868
11530-159	18251.434562211984	101.6	965.5830410280787	94.12429948088283	94.12429948088283	788.6953355918348
11530-16	66213.60946620583	88.2	293.0428520409701	434.73685758228754	293.0428520409701	1116.7323872915886
11530-160	18251.434562211984	101.6	986.0295900044138	93.20611475793712	93.20611475793712	809.613770897306
11530-161	106947.13209165387	78.1	51.9561138544266	21.479804085522712	21.479804085522712	1409.7859857073795
11530-162			239.80393928196435	67.8919007535835	67.8919007535835	751.1931087249856
11530-163	96064.19628136202	128.6	110.38451496481207	287.48608339564	110.38451496481207	272.9707645684781
11530-164			120.4461500843951	200.02566296674632	120.4461500843951	109.43822009141427
11530-165	18251.434562211984	101.6	147.1351585643846	475.94204069540507	147.1351585643846	407.38969173567375
11530-166	13453.129333077317	102.6	934.7406468172638	57.094895592510376	57.094895592510376	1317.7908826177916
11530-167			186.8184101854199	69.43326236852953	69.43326236852953	417.73527078605116
11530-168	2682.37979390681	102.6	338.32038535891473	348.07875907202396	338.32038535891473	463.6280719858485
11530-169	96064.19628136202	128.6	150.51399301792443	111.74929799456125	111.74929799456125	509.4789820459259
11530-1694	13453.129333077317	102.6	923.7624608594714	222.97696229865414	222.97696229865414	1261.7530209607485
11530-17	96064.19628136202	128.6	279.94858282857535	207.41770357874202	207.41770357874202	112.80418282526121
11530-170			343.20680170431103	66.99528361475114	66.99528361475114	499.0028002500468
11530-171	66213.60946620583	88.2	367.0590186774346	491.78787722048645	367.0590186774346	1043.1671828063268
11530-172	66213.60946620583	88.2	534.1440678642617	213.3138767335725	213.3138767335725	757.75910508885
11530-173	66213.60946620583	88.2	515.9563342783335	222.3254145324038	222.3254145324038	776.3176820529347
11530-174	28510.213466461853	91.0	665.1887615577426	26.114774494816007	26.114774494816007	192.9652461555239
11530-175			630.7139188748797	58.55811011681348	58.55811011681348	201.68491103012116
11530-176	66213.60946620583	88.2	232.57720664060747	330.3091400866922	232.57720664060747	1174.746748061105
11530-178	13453.129333077317	102.6	895.4178660902502	113.78647420565973	113.78647420565973	1150.7381155057733
11530-179	13453.129333077317	102.6	881.8718208106121	125.18597675487703	125.18597675487703	1137.0302392691895
11530-18			175.70843078474832	57.893183077418165	57.893183077418165	30.44685405022639
11530-180			100.44084791467634	60.78674893974523	60.78674893974523	353.9127606119939
11530-181			95.78549032308742	197.31930491569182	95.78549032308742	240.52233889821764
11530-182			288.52849419651807	359.68631160721765	288.52849419651807	432.70838843814175
11530-183			292.76806781711576	298.4428068696704	292.76806781711576	443.81001848029456
11530-184			302.790522794023	336.1159789511839	302.790522794023	454.73642301509517
11530-185	41427.43330773169	123.3	895.2531991385541	277.33942270451195	277.33942270451195	1028.5364636597376
11530-186	41427.43330773169	123.3	1004.3523448353804	199.26330664857002	199.26330664857002	1125.388651197712
11530-187			118.94270764697339	393.33437415085797	118.94270764697339	1098.2539689212228
11530-188			520.99635419362	336.1714021368358	336.1714021368358	520.6586921100861
11530-189	21871.894982078855	109.9	490.65905824701207	101.51313048534526	101.51313048534526	18.905079664855826
11530-19	66213.60946620583	88.2	414.6814358391241	56.642290503570976	56.642290503570976	797.8760861813039
11530-190			51.475852212956966	86.89126047781495	51.475852212956966	36.73227341161287
11530-191			348.8070316918085	32.55816146832112	32.55816146832112	234.2758785051645
11530-192	18251.434562211984	101.6	878.8432338802812	590.8298138932086	590.8298138932086	604.2130649408336
11530-193			250.12961839279743	595.1887623362604	250.12961839279743	366.50955267759355
11530-2	66213.60946620583	88.2	507.7352066860231	403.35435573885076	403.35435573885076	828.8156171057772
11530-21			280.7024801569791	280.6400628806273	280.6400628806273	159.5473558501751
11530-22			170.08286168448365	323.263603316505	170.08286168448365	48.00857298707344
11530-223	41427.43330773169	123.3	899.9088259217008	137.97932272449378	137.97932272449378	1016.0572153561196
11530-23			108.69841694228153	90.87251210732774	90.87251210732774	224.44843380499697
11530-231	66213.60946620583	88.2	185.44788743195232	55.559228399762965	55.559228399762965	1042.5450465286376
11530-232	66213.60946620583	88.2	156.00679304492823	68.01638107242799	68.01638107242799	1071.9184425462279
11530-236			28.937070108174208	521.2030716259825	28.937070108174208	30.377168095065038
11530-238			148.91048351748125	210.78822705218465	148.91048351748125	244.93341385323427
11530-239			52.28688776089887	312.62665083958444	52.28688776089887	34.24404127877038
11530-24	96064.19628136202	128.6	393.0169093552576	71.46731659652713	71.46731659652713	275.4615535285718
11530-241	18251.434562211984	101.6	871.4096393463028	522.3118260057707	522.3118260057707	535.7623554330062
11530-242			209.20040664346956	26.361515828739705	26.361515828739705	313.70334628612557
11530-243	28510.213466461853	91.0	360.60340440174866	149.2402494049015	149.2402494049015	553.2555461760815
11530-244	28510.213466461853	91.0	357.4608778861899	156.99382884884326	156.99382884884326	560.6790495051388
11530-245	28510.213466461853	91.0	344.85799738277063	136.81508195473808	136.81508195473808	540.6500320700501
11530-246	28510.213466461853	91.0	346.89806563815097	144.7056695624849	144.7056695624849	548.3893995296206
11530-247	28510.213466461853	91.0	340.2637623688146	143.25967140564325	143.25967140564325	547.0178746474672
11530-248	28510.213466461853	91.0	338.05179508394326	137.19349665225766	137.19349665225766	540.9093916104741
11530-25			332.2694714617933	67.55314021429861	67.55314021429861	521.4469409355047
11530-250	28510.213466461853	91.0	341.8670729608683	32.04868943370221	32.04868943370221	372.65589117027474
11530-251	28510.213466461853	91.0	337.16520571509386	33.956823792896614	33.956823792896614	370.7329382893559
11530-252	28510.213466461853	91.0	332.3824878046181	35.68355776303243	35.68355776303243	369.0310777785314
11530-254	28510.213466461853	91.0	330.4531500022735	43.91721672643559	43.91721672643559	360.7810446034927
11530-256	28510.213466461853	91.0	344.9131838766391	38.07614467983698	38.07614467983698	366.48587815147897
11530-257	28510.213466461853	91.0	318.5381587804761	60.60244697457179	60.60244697457179	344.1055703991488
11530-258	28510.213466461853	91.0	291.104622474833	83.51614978054113	83.51614978054113	321.2111959721129
11530-259	28510.213466461853	91.0	297.9605454566332	80.1427876273148	80.1427876273148	324.54530185891844
11530-26			127.11677378805867	101.81471223983041	101.81471223983041	561.5314629247407
11530-260	28510.213466461853	91.0	315.8483978964322	70.92795906616801	70.92795906616801	333.8054087038409
11530-261	28510.213466461853	91.0	321.0474864569446	69.03349375763008	69.03349375763008	335.439898073
11530-262	28510.213466461853	91.0	313.20765036052774	82.63721287577512	82.63721287577512	321.5609235986752
11530-263	28510.213466461853	91.0	308.0600829814063	84.5929379438758	84.5929379438758	319.93662436654864
11530-264	28510.213466461853	91.0	302.01266629578583	87.132474911256	87.132474911256	317.5980662626915
11530-265	28510.213466461853	91.0	296.46947093020464	89.44478038429003	89.44478038429003	315.2698384266422
11530-267	28510.213466461853	91.0	294.18565020570753	108.65083224462573	108.65083224462573	295.40479682142
11530-269	28510.213466461853	91.0	266.92382506042077	130.97183363029967	130.97183363029967	273.76058282867376
11530-27	66213.60946620583	88.2	220.44507158565528	492.54672034096194	220.44507158565528	1165.5696894450998
11530-270	28510.213466461853	91.0	254.46639328151818	145.3011745120106	145.3011745120106	259.4263115839532
11530-271	28510.213466461853	91.0	262.8462604031851	142.0826277892519	142.0826277892519	262.4790614384456
11530-272	28510.213466461853	91.0	268.06851588834644	140.12304865912816	140.12304865912816	264.12596461533144
11530-275	28510.213466461853	91.0	286.0923475553166	142.41376544193355	142.41376544193355	259.42886116839975
11530-276	28510.213466461853	91.0	270.3759389159225	149.7297345611198	149.7297345611198	253.7360036513918
11530-278	28510.213466461853	91.0	258.7012780677393	154.1208906900133	154.1208906900133	250.04313063933765
11530-28			295.7434566523488	169.68799143660632	169.68799143660632	156.82194870587705
11530-280	28510.213466461853	91.0	245.46760252049378	170.05690286647143	170.05690286647143	234.22357580033795
11530-281	28510.213466461853	91.0	683.9125097291276	310.87723710673225	310.87723710673225	675.135313437626
11530-283	28510.213466461853	91.0	397.24306561085587	51.600794345898905	51.600794345898905	456.5286156098351
11530-286	28510.213466461853	91.0	501.1331389432218	128.6585300475003	128.6585300475003	526.6032485216367
11530-287	28510.213466461853	91.0	469.014418085513	98.81568321092358	98.81568321092358	500.79483166637584
11530-288	28510.213466461853	91.0	505.0804731216805	118.73152830372092	118.73152830372092	511.2585585590067
11530-289	28510.213466461853	91.0	596.8851934886136	200.84187852847452	200.84187852847452	583.92030504748
11530-29			342.04845843067665	324.84756828484063	324.84756828484063	350.6773711120153
11530-291	28510.213466461853	91.0	567.0155804088395	181.5604609562329	181.5604609562329	568.6933611386944
11530-293	28510.213466461853	91.0	555.1857192518031	173.76124509766666	173.76124509766666	562.6800041665501
11530-294	28510.213466461853	91.0	540.5977224178	163.3784308689647	163.3784308689647	555.5623250533251
11530-295	28510.213466461853	91.0	528.3063662313962	154.31655223942448	154.31655223942448	548.9965690504755
11530-299	28510.213466461853	91.0	543.8745206477029	151.9744126392618	151.9744126392618	539.4673298523094
11530-3	66213.60946620583	88.2	91.71509512527585	28.48531471847097	28.48531471847097	829.8020012023375
11530-30			260.86671996161715	466.145080807582	260.86671996161715	108.04789443017056
11530-302	28510.213466461853	91.0	586.7661511453811	186.55879090457927	186.55879090457927	569.5440810435839
11530-303	28510.213466461853	91.0	598.9949348551742	193.54585585845234	193.54585585845234	574.7267269130979
11530-31			322.08328462733795	176.39979171146737	176.39979171146737	52.600561163856696
11530-310	28510.213466461853	91.0	572.878241285357	178.4296693460554	178.4296693460554	563.4279756905541
11530-311	28510.213466461853	91.0	549.6367842842516	155.2605957669736	155.2605957669736	541.862247547063
11530-312	28510.213466461853	91.0	627.8997724414843	220.83684345934876	220.83684345934876	599.7650529726702
11530-3134	19961.728193804403	80.7	707.2022328026164	417.1045306137477	417.1045306137477	1359.3742275338966
11530-3136			152.6137794421374	60.06197307630014	60.06197307630014	724.1181892955425
11530-3137			162.8902982801695	35.491257571465255	35.491257571465255	698.1063316962978
11530-314	28510.213466461853	91.0	637.8191955656711	266.73318105736814	266.73318105736814	651.713585116469
11530-3141	41427.43330773169	123.3	1284.1527643862714	223.07434893240713	223.07434893240713	1301.1696865923511
11530-3146			43.069883091658554	79.78889775605397	43.069883091658554	75.105442240046
11530-3148			337.365038317101	38.21558532500014	38.21558532500014	77.26535941671565
11530-3149	18251.434562211984	101.6	169.26310708761977	465.6089584996361	169.26310708761977	384.05816782041006
11530-315	28510.213466461853	91.0	644.5441851048934	270.49470983935305	270.49470983935305	654.4562197793482
11530-3174			74.27510354882345	44.22612641121102	44.22612641121102	57.61520397648005
11530-318	28510.213466461853	91.0	637.345804597259	251.5754369359239	251.5754369359239	633.83643752249
11530-3183	28510.213466461853	91.0	481.91282056446306	312.91853503377456	312.91853503377456	716.557790157247
11530-3204	66213.60946620583	88.2	200.3143488937479	30.234224712397065	30.234224712397065	815.1903014824974
11530-3208	18251.434562211984	101.6	619.2749487722867	145.3826289003061	145.3826289003061	452.08530259456967
11530-3213			430.24452880113057	341.20810105880963	341.20810105880963	506.34787677148796
11530-3214	76176.6573092678	97.6	207.54439986237713	20.933601655589477	20.933601655589477	376.79850268973246
11530-3215	18251.434562211984	101.6	711.211723294554	141.76471462157295	141.76471462157295	539.976102677637
11530-322	28510.213466461853	91.0	621.7763045518676	254.5991447335741	254.5991447335741	641.5170752393075
11530-3222	18251.434562211984	101.6	746.4375104806608	172.04303479278363	172.04303479278363	586.2990402359667
11530-3223	18251.434562211984	101.6	725.0273629569175	175.2764311356572	175.2764311356572	565.1015449407494
11530-3224			72.17501640766545	366.3155606816492	72.17501640766545	291.4150697871202
11530-3225			444.95190195753923	69.08986074862915	69.08986074862915	550.9580157796696
11530-3226	18251.434562211984	101.6	694.4868251864755	179.36752479838063	179.36752479838063	534.6967504880179
11530-3229			226.68191469166575	168.26814331325423	168.26814331325423	67.60775379042595
11530-3233			38.31925572436067	177.40812833134086	38.31925572436067	49.02146641613255
11530-324	28510.213466461853	91.0	600.7023181837467	242.30023816588746	242.30023816588746	635.0905371384705
11530-3246			118.44664156871549	29.090032164589744	29.090032164589744	678.6438131149228
11530-3247	18251.434562211984	101.6	671.7893492342052	173.57474614884978	173.57474614884978	510.1425882871376
11530-3248	28510.213466461853	91.0	424.0276085061335	75.26156868958321	75.26156868958321	480.04277688000104
11530-3249	28510.213466461853	91.0	555.2278447783731	416.1386713544127	416.1386713544127	819.0791377796837
11530-325	28510.213466461853	91.0	580.3862491798853	227.9091025861754	227.9091025861754	625.1719618828436
11530-3253	18251.434562211984	101.6	655.7942935314243	197.03739287156236	197.03739287156236	501.794303388636
11530-3262	18251.434562211984	101.6	274.92189647959407	131.45254342735973	131.45254342735973	62.1641622511941
11530-3263	18251.434562211984	101.6	143.79469701421743	455.23882896778497	143.79469701421743	409.9164354978356
11530-3264	18251.434562211984	101.6	140.6928924141533	438.4123588545677	140.6928924141533	397.1074947345132
11530-3268			653.4504974937779	165.90838833470403	165.90838833470403	81.77133061939344
11530-3269			499.1945286528188	140.7282253792932	140.7282253792932	319.7935837267904
11530-3270			424.25824153157043	137.53836005951857	137.53836005951857	255.6007985067441
11530-3276	18251.434562211984	101.6	633.2480314217438	313.95709002433114	313.95709002433114	383.8526422162951
11530-328	28510.213466461853	91.0	549.2091378556078	202.34762304441767	202.34762304441767	604.7624834547612
11530-3282	28510.213466461853	91.0	483.7542333223292	521.9282042593759	483.7542333223292	926.7530786122786
11530-3283	28510.213466461853	91.0	584.0910515511274	421.14259242504625	421.14259242504625	825.4916655471014
11530-3287	18251.434562211984	101.6	218.20095036465463	558.2384247401845	218.20095036465463	383.33203018450865
11530-3288	66213.60946620583	88.2	272.005637219048	69.5464020592105	69.5464020592105	964.4461318324531
11530-3289			161.9083459069287	433.980537338465	161.9083459069287	29.46347829543181
11530-3291			61.8750161548477	115.79625843954283	61.8750161548477	183.39787599108223
11530-3292	13453.129333077317	102.6	845.1254472322338	89.31053322514016	89.31053322514016	1100.5660459391522
11530-33			210.68597599338372	398.90943002114324	210.68597599338372	82.14387314106136
11530-3308	66213.60946620583	88.2	801.3170786916571	125.02351400481925	125.02351400481925	430.2757083548723
11530-331	28510.213466461853	91.0	596.4222577802539	230.96542321955118	230.96542321955118	621.4504710996504
11530-3311	18251.434562211984	101.6	165.90103273151507	467.5885716857618	165.90103273151507	386.04634703096843
11530-3319	106947.13209165387	78.1	192.3093593292164	249.94566473682997	192.3093593292164	1329.153860725142
11530-332	28510.213466461853	91.0	607.7225667805676	235.9204471973634	235.9204471973634	622.8749325439148
11530-3323	13453.129333077317	102.6	619.2071537203901	206.5706558507776	206.5706558507776	1052.412749323647
11530-3327	18251.434562211984	101.6	353.6650576295729	196.14814518049522	196.14814518049522	114.65017534749032
11530-333	28510.213466461853	91.0	603.3712844755105	226.92401394527005	226.92401394527005	613.2717920396802
11530-334	28510.213466461853	91.0	590.8562651294551	221.1579771207342	221.1579771207342	610.597740713127
11530-3343	96064.19628136202	128.6	58.49401852416126	204.39275367021173	58.49401852416126	217.18288995648487
11530-3348			355.7446032743935	68.66364002007502	68.66364002007502	478.33547250771863
11530-335	28510.213466461853	91.0	578.7762488730021	212.5132286668907	212.5132286668907	604.6878897290871
11530-3354			26.164212841050016	155.5086592147693	26.164212841050016	103.78002602768188
11530-3359	18251.434562211984	101.6	429.7957720171517	167.75525678220944	167.75525678220944	84.63122044566566
11530-3362	18251.434562211984	101.6	900.9130532426135	574.5329407282701	574.5329407282701	588.1160550716669
11530-337	28510.213466461853	91.0	566.039722926394	205.75898609571752	205.75898609571752	601.6306207047043
11530-3371	66213.60946620583	88.2	130.2386355413721	347.3745267730414	130.2386355413721	1155.0654835128746
11530-3372	18251.434562211984	101.6	249.3217619476405	555.1915449158414	249.3217619476405	410.4440865240247
11530-3373	13453.129333077317	102.6	1227.8752451509545	62.12491532317486	62.12491532317486	1507.0252501632842
11530-3374	18251.434562211984	101.6	563.0730382861656	177.24929531356898	177.24929531356898	410.1998002541917
11530-3375	18251.434562211984	101.6	591.0226780668348	180.8325115430738	180.8325115430738	437.06694709496344
11530-338	28510.213466461853	91.0	559.8335198123186	201.49809840606096	201.49809840606096	598.6943717858799
11530-3385	13453.129333077317	102.6	874.5962705560514	64.98456764456749	64.98456764456749	1269.5238368229654
11530-3386	13453.129333077317	102.6	867.2993938596597	118.92056490939994	118.92056490939994	1302.1435687878613
11530-339	28510.213466461853	91.0	554.2438046708307	197.58131192585319	197.58131192585319	595.9419861914483
11530-3391	18251.434562211984	101.6	933.0277088991292	611.797448180921	611.797448180921	627.4837143359898
11530-3397	66213.60946620583	88.2	113.17754820021642	35.447758230694	35.447758230694	1102.7063800101087
11530-34	66213.60946620583	88.2	92.34490784357989	30.594539156421146	30.594539156421146	764.0225603152785
11530-3402	18251.434562211984	101.6	794.4495938636043	486.257971778845	486.257971778845	506.35706916179464
11530-341	28510.213466461853	91.0	542.3277873764505	188.93306007519732	188.93306007519732	589.66788973744
11530-3416	66213.60946620583	88.2	551.3506447884239	249.55442596959722	249.55442596959722	750.8022462391716
11530-343	28510.213466461853	91.0	598.4762729428866	217.69481784930824	217.69481784930824	603.5351773493229
11530-3437	13453.129333077317	102.6	868.7614272081062	109.37433513376948	109.37433513376948	1121.503310732964
11530-3438			319.2110270436996	64.8855625304463	64.8855625304463	542.9645217725994
11530-344	28510.213466461853	91.0	611.9787520651566	222.38728465823075	222.38728465823075	605.6495557673118
11530-345	28510.213466461853	91.0	573.3719425951881	194.22401194635427	194.22401194635427	582.1567667426642
11530-3459			454.2062081700819	60.104660708535164	60.104660708535164	881.8507932667259
11530-346	28510.213466461853	91.0	594.8253689199607	234.36947833620218	234.36947833620218	627.0158209436102
11530-3469	21871.894982078855	109.9	1600.9399221838146	54.67749372686084	54.67749372686084	1236.5068989889073
11530-347	28510.213466461853	91.0	514.1688994604978	181.8013682086466	181.8013682086466	586.6035650515128
11530-3470	21871.894982078855	109.9	829.8259601266327	121.90658283759639	121.90658283759639	455.833522035249
11530-3472	18251.434562211984	101.6	627.1185267012024	182.73905590871416	182.73905590871416	470.92298171761206
11530-348	28510.213466461853	91.0	496.4543666174384	168.68340227129553	168.68340227129553	573.630936575605
11530-3480	96064.19628136202	128.6	60.54984737841117	280.7732646491501	60.54984737841117	74.57796033690147
11530-3485	21871.894982078855	109.9	1421.2538412795373	60.547232393168905	60.547232393168905	1071.1699518994167
11530-3489	21871.894982078855	109.9	1312.654772638872	339.50723865627975	339.50723865627975	914.6211630327956
11530-3496			220.93330522159135	606.2993970475599	220.93330522159135	351.91525525804883
11530-3499	66213.60946620583	88.2	69.69492774316043	32.0318443984818	32.0318443984818	763.4068281147474
11530-35			206.02454532210055	197.7033792093042	197.7033792093042	135.97691700578514
11530-3509	28510.213466461853	91.0	737.5860355980499	242.8861489426951	242.8861489426951	598.4098428432555
11530-351	28510.213466461853	91.0	480.2545683171782	149.54804261390933	149.54804261390933	554.4920248799465
11530-3514	21871.894982078855	109.9	658.3027152545951	100.55241707254078	100.55241707254078	290.63620336221396
11530-3515	21871.894982078855	109.9	1082.0698215174884	182.29177046809045	182.29177046809045	701.8106107094022
11530-353	28510.213466461853	91.0	496.573807421104	159.6790220896495	159.6790220896495	564.4517691071817
11530-3536	66213.60946620583	88.2	142.61807688204502	42.378166100964535	42.378166100964535	1079.6393574440815
11530-354	28510.213466461853	91.0	503.80871254901297	167.70283108597627	167.70283108597627	572.467184036388
11530-355	28510.213466461853	91.0	514.4681699502498	176.62042085829705	176.62042085829705	581.3220173458377
11530-356	28510.213466461853	91.0	515.3007863547333	171.23550404819554	171.23550404819554	575.9419828955598
11530-3565	18251.434562211984	101.6	226.87850112836753	554.5721368557781	226.87850112836753	400.9696164026635
11530-357	28510.213466461853	91.0	521.2820709476309	181.72031322801797	181.72031322801797	586.4126189287181
11530-358	28510.213466461853	91.0	524.960610393592	177.63034678550073	177.63034678550073	582.1886907809128
11530-3583			364.3394673392357	66.06638925711	66.06638925711	460.098766307592
11530-359	28510.213466461853	91.0	489.1135131708682	141.4736573094669	141.4736573094669	546.1760270630745
11530-36	66213.60946620583	88.2	65.87545150847188	30.14920065629066	30.14920065629066	1113.24202985182
11530-3600	96064.19628136202	128.6	161.1755543198388	125.18829931567407	125.18829931567407	485.8332325490759
11530-3601	96064.19628136202	128.6	88.18353751570362	71.90126800871178	71.90126800871178	605.2398939218239
11530-361	28510.213466461853	91.0	472.2086535197612	125.84791420625496	125.84791420625496	530.5329313641912
11530-3616	18251.434562211984	101.6	964.6891702943318	169.47910495476668	169.47910495476668	811.6859724918199
11530-3618	18251.434562211984	101.6	935.5681250808111	167.0858746109344	167.0858746109344	780.9053667675729
11530-362	28510.213466461853	91.0	465.104174363815	120.68795137650555	120.68795137650555	525.4200378183461
11530-3622	13453.129333077317	102.6	831.5913792509581	27.16055568995302	27.16055568995302	1163.3327867394937
11530-363	28510.213466461853	91.0	423.60787568500916	109.59650238891932	109.59650238891932	514.546727952566
11530-3641	66213.60946620583	88.2	303.4897680489983	38.54226902740574	38.54226902740574	929.8795283387336
11530-365	28510.213466461853	91.0	431.19398997687085	96.99357311311414	96.99357311311414	502.0299484083466
11530-3652	66213.60946620583	88.2	300.17034359164154	68.05541819791387	68.05541819791387	938.3723794165749
11530-366	28510.213466461853	91.0	434.87881384784447	107.81921311806425	107.81921311806425	513.027188398741
11530-3660	66213.60946620583	88.2	217.92443914637576	67.11787584192348	67.11787584192348	884.0682459729627
11530-367	28510.213466461853	91.0	437.64046280237835	116.16986907854516	116.16986907854516	521.3589593736612
11530-368	28510.213466461853	91.0	424.9053892158561	106.88359029271169	106.88359029271169	511.9668318496508
11530-3689	21871.894982078855	109.9	281.1936926296712	20.379614845591085	20.379614845591085	164.690821021441
11530-37	76176.6573092678	97.6	94.16691565471469	27.15615220447913	27.15615220447913	258.032409306272
11530-3700	66213.60946620583	88.2	149.69697613889815	52.14009549697107	52.14009549697107	1014.203324914456
11530-3719			65.80340607673045	115.35839000683386	65.80340607673045	192.57847302064076
11530-372	28510.213466461853	91.0	412.44656890448795	97.81597919091567	97.81597919091567	502.72654615323546
11530-3725	21871.894982078855	109.9	284.6325620824313	20.981945660280722	20.981945660280722	146.33991119881028
11530-373	28510.213466461853	91.0	411.1962346198097	106.85905915669785	106.85905915669785	511.4392388000928
11530-3730	96064.19628136202	128.6	108.58602105499014	65.71546093214306	65.71546093214306	597.1196328476292
11530-3734	21871.894982078855	109.9	294.28856619642784	21.286547220614672	21.286547220614672	117.51190510160906
11530-3740	18251.434562211984	101.6	447.65371599984064	190.89869658252633	190.89869658252633	308.0806339742781
11530-375	28510.213466461853	91.0	377.98628226612436	62.265151664895896	62.265151664895896	467.0274416613854
11530-3757	21871.894982078855	109.9	769.1319724949562	68.77904131902075	68.77904131902075	471.1616291960585
11530-376	28510.213466461853	91.0	364.9059147501028	52.01578235018438	52.01578235018438	456.61972519367055
11530-3762	66213.60946620583	88.2	231.4936657030083	37.27687536843024	37.27687536843024	996.8049211513443
11530-3775	21871.894982078855	109.9	1134.973981943193	142.34095049176685	142.34095049176685	865.9584104892044
11530-3783	66213.60946620583	88.2	187.33098430612978	52.37040049546075	52.37040049546075	1003.3652424154487
11530-379	28510.213466461853	91.0	388.6801269134917	80.69111583036525	80.69111583036525	485.2668627956592
11530-3798			44.42316511442144	23.035497756783553	23.035497756783553	668.8165391587434
11530-3799			60.418887187902364	343.52513185467615	60.418887187902364	247.53529512381485
11530-38			327.77428119852937	310.7687454598539	310.7687454598539	229.44803371382685
11530-380	28510.213466461853	91.0	363.7300381908136	66.29217838160942	66.29217838160942	470.70283414756284
11530-3802	66213.60946620583	88.2	128.78828108388117	67.35771811503008	67.35771811503008	1097.3774283142036
11530-3818			43.59977491267872	206.45904178638915	43.59977491267872	107.5518089101025
11530-3822			236.7584284696978	215.0083991548058	215.0083991548058	255.47961465439556
11530-383	28510.213466461853	91.0	451.57426979838414	144.9710453963034	144.9710453963034	549.8364316670865
11530-384	28510.213466461853	91.0	451.3907198250075	150.40169400422536	150.40169400422536	555.089522209286
11530-385	28510.213466461853	91.0	406.93071006321185	112.97965414293112	112.97965414293112	517.2105554308212
11530-387	28510.213466461853	91.0	376.3004577358599	90.18446683726599	90.18446683726599	495.198984342706
11530-3873	21871.894982078855	109.9	1224.4005855515304	291.37770245034125	291.37770245034125	830.0427157300378
11530-388	28510.213466461853	91.0	394.75698869736243	109.06664425307594	109.06664425307594	513.9315056526816
11530-39			383.6306474705485	357.20364128676187	357.20364128676187	145.99667680295366
11530-390	28510.213466461853	91.0	453.76443520509395	162.93757652156648	162.93757652156648	567.3183465861083
11530-3900	18251.434562211984	101.6	428.14267816294904	63.90455742859965	63.90455742859965	76.97439168901435
11530-391	28510.213466461853	91.0	433.00731164160317	143.84362000364098	143.84362000364098	548.119676294403
11530-393	28510.213466461853	91.0	429.359103259596	144.83658119541275	144.83658119541275	549.4445290666688
11530-394	28510.213466461853	91.0	408.5202145739965	125.22453816979564	125.22453816979564	530.11069582351
11530-395	28510.213466461853	91.0	410.4723395479163	130.6292875808237	130.6292875808237	535.6991498902061
11530-3957	66213.60946620583	88.2	122.52719751084821	33.62340482282596	33.62340482282596	976.0617777942073
11530-396	28510.213466461853	91.0	412.9956813137449	136.43754408136607	136.43754408136607	541.5792924278851
11530-397	28510.213466461853	91.0	387.59964732579647	118.60524663400389	118.60524663400389	524.0279824777739
11530-3973	66213.60946620583	88.2	126.653386688961	33.6410353242684	33.6410353242684	1036.9126064912753
11530-398	28510.213466461853	91.0	385.9055285900596	113.21749998585611	113.21749998585611	518.5568520760423
11530-399	28510.213466461853	91.0	383.9908236010401	107.68573417511246	107.68573417511246	512.9444075485256
11530-4	96064.19628136202	128.6	99.62097307817731	77.9760465472568	77.9760465472568	560.9879020743997
11530-40			192.11134725148557	519.400009595378	192.11134725148557	17.134279600486657
11530-400	28510.213466461853	91.0	474.39363105632356	196.9288435345064	196.9288435345064	601.5567111607693
11530-4009			73.51810941962138	48.76071079303125	48.76071079303125	29.917905780779012
11530-401	28510.213466461853	91.0	466.9438711137991	198.01177694871424	198.01177694871424	603.1330138099878
11530-4014	66213.60946620583	88.2	322.86183357185723	67.70400132213267	67.70400132213267	917.5374385337499
11530-402	28510.213466461853	91.0	454.66321498276534	194.1287182636907	194.1287182636907	599.5011401808148
11530-403	28510.213466461853	91.0	444.15933206699685	180.88860126538236	180.88860126538236	586.2345739979875
11530-404	28510.213466461853	91.0	443.19021853119466	185.49202563987697	185.49202563987697	590.9772605558392
11530-405	28510.213466461853	91.0	428.03355833851117	174.06099452890362	174.06099452890362	579.6523966967649
11530-406	28510.213466461853	91.0	420.9162813861163	163.99848537044	163.99848537044	569.5865912057225
11530-407	28510.213466461853	91.0	402.8118955091331	149.1844548266424	149.1844548266424	554.6423285731821
11530-408	28510.213466461853	91.0	395.9369849893398	145.1600258196327	145.1600258196327	550.4694077213787
11530-41			250.1035132196933	52.39838135472472	52.39838135472472	671.2610029754023
11530-410	28510.213466461853	91.0	541.2516148982637	222.78791870532996	222.78791870532996	627.7680138108026
11530-411	28510.213466461853	91.0	530.756451924494	219.7771707615973	219.7771707615973	624.9809764676955
11530-4123	21871.894982078855	109.9	1493.0237585229374	344.99307608264013	344.99307608264013	1092.5046373711048
11530-414	28510.213466461853	91.0	523.5145106629905	215.5728215814388	215.5728215814388	620.7613052659461
11530-416	28510.213466461853	91.0	508.28775449283717	199.86396058217835	199.86396058217835	605.055515464705
11530-417	28510.213466461853	91.0	495.01357314396546	190.295853540475	190.295853540475	595.3320852714377
11530-419	28510.213466461853	91.0	517.8808648138861	213.14750941800108	213.14750941800108	618.3051742186192
11530-42			333.62197589198644	32.816363005076234	32.816363005076234	469.8080198952827
11530-420	28510.213466461853	91.0	516.3980161446099	218.98203825443773	218.98203825443773	623.9019049352462
11530-4223			164.24078641670786	43.95820376429936	43.95820376429936	19.95795660103576
11530-423	28510.213466461853	91.0	532.368655027187	230.48421337212184	230.48421337212184	635.6292443419877
11530-424	28510.213466461853	91.0	548.2690738723179	242.17667054893323	242.17667054893323	647.3798535457895
11530-425	28510.213466461853	91.0	543.7153242459646	246.50811503261275	246.50811503261275	651.5661483340409
11530-427	28510.213466461853	91.0	520.2689703141648	231.55911340411143	231.55911340411143	636.2256522322962
11530-428	28510.213466461853	91.0	507.89422660182663	222.6151087195549	222.6151087195549	627.1081750626346
11530-4285	13453.129333077317	102.6	856.4034576693741	57.74772833407133	57.74772833407133	1090.7827288254118
11530-4297	96064.19628136202	128.6	107.78013494109204	180.9001361028999	107.78013494109204	35.531302100221936
11530-43	66213.60946620583	88.2	159.34769154940867	29.68205780792774	29.68205780792774	1031.4746750711413
11530-430	28510.213466461853	91.0	496.72467411401993	183.14926566145948	183.14926566145948	588.3384694939976
11530-431	28510.213466461853	91.0	490.26278117775155	178.42744125007795	178.42744125007795	583.6186221685956
11530-4316	66213.60946620583	88.2	342.55258969275417	69.51590120486603	69.51590120486603	899.8859786927549
11530-432	28510.213466461853	91.0	499.8717014541765	179.82968620426547	179.82968620426547	584.9311268465192
11530-4325			1056.069865206128	201.4194611810645	201.4194611810645	284.1707365714476
11530-433	28510.213466461853	91.0	512.7345020241262	189.4291476313403	189.4291476313403	594.4092198489067
11530-434	28510.213466461853	91.0	586.6303442422872	273.479424339066	273.479424339066	678.4138398178894
11530-4349	21871.894982078855	109.9	280.1049382386849	230.41368979826925	230.41368979826925	155.11616850857942
11530-435	28510.213466461853	91.0	580.5003407922457	270.05830167189913	270.05830167189913	675.0643857001998
11530-4350	21871.894982078855	109.9	872.4999684367942	153.8708550943672	153.8708550943672	233.16950660991566
11530-436	28510.213466461853	91.0	574.0875792827869	267.7706252557387	267.7706252557387	672.9179660507541
11530-4363			683.7517047523594	170.39684004405794	170.39684004405794	88.15442636233873
11530-4373			1180.1277394694257	318.1161299315818	318.1161299315818	401.242406044147
11530-439	28510.213466461853	91.0	573.5513620840828	246.7924455314603	246.7924455314603	651.511118729126
11530-4392			620.304994305963	264.7807875397429	264.7807875397429	181.5932245016741
11530-44			560.5127210833676	87.69660088835555	87.69660088835555	333.8630592733192
11530-440	28510.213466461853	91.0	574.6433500403172	242.30484262355165	242.30484262355165	647.005769657731
11530-4403			1058.8563235308347	68.61146255694834	68.61146255694834	292.43891883033257
11530-4404			717.2132159842369	13.810728653034174	13.810728653034174	274.0196946730458
11530-4408			57.326165287277455	26.992370987129796	26.992370987129796	161.91634776476124
11530-442	28510.213466461853	91.0	559.119499224356	228.44624517496777	228.44624517496777	633.1407318965827
11530-4422	28510.213466461853	91.0	71.41672766492675	18.948471997865312	18.948471997865312	216.70299386215757
11530-4424			1054.6909018843323	80.20820276345638	80.20820276345638	155.0672467695495
11530-443	28510.213466461853	91.0	562.1368774784486	227.4097061412624	227.4097061412624	632.1114640293094
11530-4438			102.33674692094941	217.65906670519095	102.33674692094941	74.54335700382669
11530-444	28510.213466461853	91.0	629.8472397529282	301.0077521160367	301.0077521160367	701.9101277732569
11530-446	28510.213466461853	91.0	609.7590807181064	280.84764305564914	280.84764305564914	683.7531166250649
11530-4466			43.27156787496187	90.12813851483952	43.27156787496187	164.37544625199166
11530-448	28510.213466461853	91.0	598.8380523635022	275.5326775457194	275.5326775457194	680.2372070678061
11530-449	28510.213466461853	91.0	606.3489875521084	283.3944797992323	283.3944797992323	688.0836041888856
11530-450	28510.213466461853	91.0	618.676278150191	296.0149768005858	296.0149768005858	700.3204607169666
11530-451	28510.213466461853	91.0	626.5332231991447	304.02484062361833	304.02484062361833	707.5928025389635
11530-453	28510.213466461853	91.0	623.6052454294758	287.9633518323467	287.9633518323467	687.0013207890948
11530-4536	28510.213466461853	91.0	549.8733408871365	163.79753288458025	163.79753288458025	552.0139268079726
11530-454	28510.213466461853	91.0	604.1223079382129	266.26092890573784	266.26092890573784	666.4427836811296
11530-4543			401.8203532758031	334.02623787480286	334.02623787480286	387.64331082964355
11530-4548	66213.60946620583	88.2	270.5353571208668	35.69675239368272	35.69675239368272	933.1584827222164
11530-458	28510.213466461853	91.0	422.2996172269264	157.07059053553516	157.07059053553516	562.452406503019
11530-459	28510.213466461853	91.0	594.9018607777432	291.33422157638455	291.33422157638455	696.4571576786149
11530-4593			470.92805209716124	55.21651313895983	55.21651313895983	727.9806721615311
11530-4594			193.38254806514544	51.691023156118035	51.691023156118035	446.76192206646004
11530-46	106947.13209165387	78.1	32.212214816221234	358.81474881877097	32.212214816221234	949.174901744565
11530-460	28510.213466461853	91.0	612.4013645793939	303.77997437464717	303.77997437464717	708.7173562247172
11530-461	28510.213466461853	91.0	612.8463406796172	308.44115366084253	308.44115366084253	713.4576835406942
11530-463	28510.213466461853	91.0	606.4287402732565	313.93630719319145	313.93630719319145	719.1278315735458
11530-4660			195.22008735741923	32.801882364125426	32.801882364125426	432.5878434262173
11530-467	28510.213466461853	91.0	585.1480383337476	301.07967392087016	301.07967392087016	705.9439656394175
11530-468	28510.213466461853	91.0	578.7128672133629	299.1220326285445	299.1220326285445	703.8113959039124
11530-4683			179.50594566282837	109.82167584362321	109.82167584362321	67.92892455926871
11530-4685	28510.213466461853	91.0	313.18002992614737	218.77441433815335	218.77441433815335	631.4068852893026
11530-4688			113.87570556698732	212.6514053597485	113.87570556698732	459.08322510071866
11530-47			384.6383389134416	135.46230077739497	135.46230077739497	663.4474253354832
11530-471	28510.213466461853	91.0	589.6412782115585	296.2932293663863	296.2932293663863	701.4647965755133
11530-472	28510.213466461853	91.0	578.7843816212311	285.58495016282336	285.58495016282336	690.7027288423054
11530-473	28510.213466461853	91.0	569.3965514335152	274.67399702810343	274.67399702810343	679.7899442997073
11530-474	28510.213466461853	91.0	591.7026441542763	294.1918895805763	294.1918895805763	699.3793209809955
11530-476	28510.213466461853	91.0	544.2760372838924	259.21256592297505	259.21256592297505	663.8916082823874
11530-477	28510.213466461853	91.0	560.1917418808334	277.6580983114319	277.6580983114319	682.3418939121984
11530-48	13453.129333077317	102.6	796.5256410403639	151.76056116055423	151.76056116055423	1231.973981842817
11530-480	28510.213466461853	91.0	516.0909048463812	240.60887665409976	240.60887665409976	644.9639677136495
11530-481	28510.213466461853	91.0	502.81062844332666	225.8644207310653	225.8644207310653	630.2531166079548
11530-482	28510.213466461853	91.0	603.9709887572102	389.9781931837567	389.9781931837567	795.1674151156
11530-483	28510.213466461853	91.0	596.1150053217734	405.78465599014305	405.78465599014305	811.3343131943313
11530-484	28510.213466461853	91.0	603.8186203927332	398.03550140875535	398.03550140875535	803.6007257150336
11530-485	28510.213466461853	91.0	598.7115270484469	347.3429489832594	347.3429489832594	752.3867589625571
11530-486	28510.213466461853	91.0	597.212543577242	359.5977388239168	359.5977388239168	764.9833256738075
11530-487	28510.213466461853	91.0	599.4365042294386	366.23164498710156	366.23164498710156	771.716017734007
11530-488	28510.213466461853	91.0	614.5992145111104	389.94444984093593	389.94444984093593	794.5890908270532
11530-489	28510.213466461853	91.0	606.0928099843151	397.1798514833561	397.1798514833561	802.3335388576654
11530-49			808.1727079542709	92.44756298961845	92.44756298961845	1039.4703149537877
11530-490	28510.213466461853	91.0	601.693862428084	401.0423903194361	401.0423903194361	806.346382956324
11530-491	28510.213466461853	91.0	609.8272423347106	370.0858258232622	370.0858258232622	775.371503952966
11530-493	28510.213466461853	91.0	575.1215225326665	347.22550008303824	347.22550008303824	752.7614311991877
11530-494	28510.213466461853	91.0	569.3145841907508	330.4277388926885	330.4277388926885	735.8889232548772
11530-495	28510.213466461853	91.0	555.9176390935345	308.4832125191358	308.4832125191358	713.787625690145
11530-496	28510.213466461853	91.0	558.9736452477055	321.8010142706796	321.8010142706796	727.3433916441767
11530-497	28510.213466461853	91.0	569.8643832434358	353.18952379833576	353.18952379833576	758.2728859984353
11530-499	28510.213466461853	91.0	551.9566649507744	318.19433580453693	318.19433580453693	723.7868369720081
11530-5			273.30294028578356	254.37733718003832	254.37733718003832	251.8136001900287
11530-50	19961.728193804403	80.7	296.19655357701436	335.8673692927661	296.19655357701436	1302.6512119831516
11530-500	28510.213466461853	91.0	549.6137537575296	311.2602153246533	311.2602153246533	716.8096105015647
11530-501	28510.213466461853	91.0	545.6684158176599	299.33715009916665	299.33715009916665	704.7075411398597
11530-502	28510.213466461853	91.0	537.1369685757356	292.18875499493663	292.18875499493663	697.6253725538752
11530-503	28510.213466461853	91.0	541.6100928998515	304.6123034610565	304.6123034610565	710.2073707117497
11530-504	28510.213466461853	91.0	543.8779415158893	311.3746104770318	311.3746104770318	716.8941993306552
11530-505	28510.213466461853	91.0	548.5924191987875	325.01413444353545	325.01413444353545	730.2276021797037
11530-506	28510.213466461853	91.0	537.4460572327417	315.8245783311823	315.8245783311823	720.8972110981554
11530-507	28510.213466461853	91.0	532.4775384920008	300.6592966117449	300.6592966117449	706.0841974394515
11530-509	28510.213466461853	91.0	524.8777782167899	297.41425501669084	297.41425501669084	702.6298737903211
11530-51			655.0305246608863	147.17522146440305	147.17522146440305	860.5012562907268
11530-511	28510.213466461853	91.0	554.2992720398599	359.5730924278619	359.5730924278619	764.0240924852253
11530-512	28510.213466461853	91.0	591.6896198926662	386.03355261398497	386.03355261398497	790.8352857015497
11530-513	28510.213466461853	91.0	587.201699030823	387.41642211603096	387.41642211603096	792.1327437478394
11530-514	28510.213466461853	91.0	505.4380176035025	329.1133439745162	329.1133439745162	732.8317113144896
11530-515	28510.213466461853	91.0	504.1250371868328	317.67812381444674	317.67812381444674	721.6223806558498
11530-517	28510.213466461853	91.0	501.38148390079476	309.7165250596243	309.7165250596243	713.8177217606461
11530-519	28510.213466461853	91.0	484.89042487993834	304.5334257455212	304.5334257455212	708.2352110807424
11530-52			288.2109114655586	140.20462899812463	140.20462899812463	721.7747854662837
11530-520	28510.213466461853	91.0	480.7105877945761	293.84936576631543	293.84936576631543	697.6976977325786
11530-522	28510.213466461853	91.0	475.30777931998074	297.7301010961146	297.7301010961146	701.4841263603325
11530-523	28510.213466461853	91.0	466.4837959865654	297.7355662729857	297.7355662729857	701.3141777830072
11530-526	28510.213466461853	91.0	449.25316634376316	296.4055422179484	296.4055422179484	699.3030142593562
11530-527	28510.213466461853	91.0	490.5175801982073	316.36000569034564	316.36000569034564	720.1252415898306
11530-528	28510.213466461853	91.0	493.5678111291014	264.8859182435861	264.8859182435861	669.9577207404781
11530-529	28510.213466461853	91.0	501.428400787933	274.77646714926567	274.77646714926567	679.8197293943878
11530-53	13453.129333077317	102.6	531.7738466120788	345.2399877998827	345.2399877998827	957.442948634686
11530-530	28510.213466461853	91.0	507.6880086771691	285.7076619583988	285.7076619583988	690.6136432560128
11530-533	28510.213466461853	91.0	500.0101779167192	290.5166040270349	290.5166040270349	695.1630939894515
11530-535	28510.213466461853	91.0	478.0730934895535	274.83315340926424	274.83315340926424	679.1781097706479
11530-536	28510.213466461853	91.0	469.0330959410887	273.3467041823734	273.3467041823734	677.4137188731256
11530-537	28510.213466461853	91.0	437.25199174152766	246.55206812721363	246.55206812721363	650.3080337836135
11530-539	28510.213466461853	91.0	477.8512713783285	269.26642686494984	269.26642686494984	673.7753473300451
11530-54	13453.129333077317	102.6	832.060561947042	412.5183689889674	412.5183689889674	1422.21476810671
11530-540	28510.213466461853	91.0	476.33868819341694	264.41899465058873	264.41899465058873	669.0234263071978
11530-541	28510.213466461853	91.0	451.87723642196926	246.4794606451612	246.4794606451612	650.7615985281064
11530-542	28510.213466461853	91.0	449.37283317082	240.64129731202252	240.64129731202252	645.0140113184846
11530-543	28510.213466461853	91.0	474.3429041817269	258.90270608656095	258.90270608656095	663.5994404742155
11530-545	28510.213466461853	91.0	448.0277263522909	235.33111750293776	235.33111750293776	639.8196328022962
11530-548	28510.213466461853	91.0	446.4588211200305	229.0967007503322	229.0967007503322	633.7215421703415
11530-549	28510.213466461853	91.0	463.46076774706137	242.1526968941873	242.1526968941873	646.8906743038476
11530-55	13453.129333077317	102.6	744.0665056321508	388.85145861846723	388.85145861846723	1314.6864026585947
11530-550	28510.213466461853	91.0	472.9517233031413	249.34272395693722	249.34272395693722	654.1136295508558
11530-552	28510.213466461853	91.0	495.74617421207614	275.12761041132035	275.12761041132035	679.9102533007149
11530-553	28510.213466461853	91.0	492.269198935852	257.14339989765404	257.14339989765404	662.4489644543235
11530-555	28510.213466461853	91.0	476.40527525894953	245.58659329498474	245.58659329498474	650.6346426461367
11530-556	28510.213466461853	91.0	467.35249641735254	238.53738394838786	238.53738394838786	643.4555160772236
11530-558	28510.213466461853	91.0	450.4764488520914	225.08918469253487	225.08918469253487	629.8451151977608
11530-559	28510.213466461853	91.0	441.9429195694083	218.07349860429434	218.07349860429434	622.8046257219612
11530-56			642.4675210478875	68.04064066321925	68.04064066321925	925.7183158803579
11530-560	28510.213466461853	91.0	433.7449920430732	211.72952856368624	211.72952856368624	616.4296294618105
11530-561	28510.213466461853	91.0	425.4916445400684	204.8584111360965	204.8584111360965	609.4806535208426
11530-562	28510.213466461853	91.0	417.4399200428581	198.9484929112268	198.9484929112268	603.4648019206032
11530-564	28510.213466461853	91.0	404.047753455445	220.78621095497897	220.78621095497897	624.5008879070184
11530-565	28510.213466461853	91.0	392.90667851400434	212.43916226214756	212.43916226214756	616.0492806182971
11530-566	28510.213466461853	91.0	397.1882786700268	209.87855883851918	209.87855883851918	613.6437856058046
11530-5664			128.62679501858264	32.21417601478395	32.21417601478395	255.6106523325458
11530-5665	28510.213466461853	91.0	313.18002992614737	218.77441433815335	218.77441433815335	631.4068852893026
11530-5667			163.13550525737418	360.27063730182664	163.13550525737418	87.9862984141719
11530-5675	21871.894982078855	109.9	571.3932080839006	38.1414151929369	38.1414151929369	226.03341736294362
11530-568	28510.213466461853	91.0	384.5370033508379	194.0819141492141	194.0819141492141	597.8381576709492
11530-5687	96064.19628136202	128.6	322.1528097281525	110.3504082467856	110.3504082467856	332.672081014866
11530-569	28510.213466461853	91.0	394.43872154273527	198.83298659765128	198.83298659765128	602.5288752480186
11530-57			290.64383880513526	225.2317456334229	225.2317456334229	722.761782765824
11530-570	28510.213466461853	91.0	381.9252553771555	186.1483226626665	186.1483226626665	589.8453408167566
11530-571	28510.213466461853	91.0	392.1362094312243	175.82249132848662	175.82249132848662	580.1465012608821
11530-572	28510.213466461853	91.0	385.90856212200924	178.5489559322949	178.5489559322949	582.5656705074555
11530-574	28510.213466461853	91.0	371.69732540005555	158.78483082587152	158.78483082587152	562.9027986487373
11530-575	28510.213466461853	91.0	431.96122613531253	284.41239766285406	284.41239766285406	687.3842622626455
11530-576	28510.213466461853	91.0	403.44484241752474	249.5205090128146	249.5205090128146	652.4657528501692
11530-577	28510.213466461853	91.0	410.8606215408792	259.27419822027235	259.27419822027235	662.2322412317468
11530-578	28510.213466461853	91.0	413.3144654424787	265.44909401990293	265.44909401990293	668.4402870948993
11530-579	28510.213466461853	91.0	416.34864375356597	272.06979830039415	272.06979830039415	675.0941513020521
11530-58	13453.129333077317	102.6	746.059449539158	60.07202211091175	60.07202211091175	1167.7349121530572
11530-580	28510.213466461853	91.0	419.2821801337215	278.2790986937964	278.2790986937964	681.3355317393072
11530-581	28510.213466461853	91.0	396.2231377235783	240.41155845118587	240.41155845118587	643.3480481501429
11530-582	28510.213466461853	91.0	403.7559555271576	258.35907491289373	258.35907491289373	661.3867768059745
11530-585	28510.213466461853	91.0	401.0962013008421	251.97505007051674	251.97505007051674	654.9691096249805
11530-586	28510.213466461853	91.0	383.41292762580537	234.20345687251807	234.20345687251807	637.2191969781206
11530-588	28510.213466461853	91.0	382.75113295334836	242.27469789797394	242.27469789797394	645.3783932576608
11530-59			176.08087399832033	67.39384222196617	67.39384222196617	551.2813996552497
11530-590	28510.213466461853	91.0	384.9850533412793	251.87457338270727	251.87457338270727	655.0591579311691
11530-592	28510.213466461853	91.0	372.2989299044422	221.33785395119367	221.33785395119367	624.3511030489694
11530-594	28510.213466461853	91.0	386.2490071549123	225.55374356872068	225.55374356872068	628.4564511833894
11530-595	28510.213466461853	91.0	382.00301580597227	227.9755326442874	227.9755326442874	630.9471784140252
11530-596	28510.213466461853	91.0	361.29649227199354	220.20190508763267	220.20190508763267	623.3245566277308
11530-597	28510.213466461853	91.0	365.29225152002346	228.71802177973004	228.71802177973004	631.8838463948723
11530-6	66213.60946620583	88.2	393.77171250419616	40.143815855492996	40.143815855492996	847.0925232514797
11530-60	13453.129333077317	102.6	837.5581887212093	42.26354840401998	42.26354840401998	1056.5355378809857
11530-600	28510.213466461853	91.0	377.68537680162376	263.41741835133337	263.41741835133337	666.5842597870416
11530-601	28510.213466461853	91.0	369.2467490321411	249.22684004172206	249.22684004172206	652.4059436105686
11530-602	28510.213466461853	91.0	366.1890951953269	242.5099582930715	242.5099582930715	645.7013521904627
11530-604	28510.213466461853	91.0	354.12984526502686	220.04547950841337	220.04547950841337	623.2514881492991
11530-605	28510.213466461853	91.0	351.84539890402107	215.425263425173	215.425263425173	618.6079946181462
11530-606	28510.213466461853	91.0	333.9684129939101	198.2832715138077	198.2832715138077	601.4944526553406
11530-607	28510.213466461853	91.0	334.82955876111157	203.26343157451407	203.26343157451407	606.473406327353
11530-608	28510.213466461853	91.0	347.04620652264936	224.34798415356573	224.34798415356573	627.5305868641975
11530-609	28510.213466461853	91.0	357.8600565799915	240.54028271253057	240.54028271253057	643.7065607792994
11530-61			152.57702685296653	131.5033648745828	131.5033648745828	506.99465227606055
11530-610	28510.213466461853	91.0	331.08322366607825	191.90836711689502	191.90836711689502	595.0871098968902
11530-611	28510.213466461853	91.0	340.9029208582196	167.81307834975667	167.81307834975667	570.6576957060685
11530-612	28510.213466461853	91.0	337.6040494983533	176.12295120174304	176.12295120174304	579.0803002655322
11530-614	28510.213466461853	91.0	327.1825675402971	146.71436870648293	146.71436870648293	549.5118993913543
11530-615	28510.213466461853	91.0	307.18830926483093	130.11412292488802	130.11412292488802	532.9689447624272
11530-616	28510.213466461853	91.0	322.8075180331532	156.68041455703968	156.68041455703968	559.6124463388624
11530-617	28510.213466461853	91.0	326.3130766016499	164.97409894289268	164.97409894289268	567.9472221147296
11530-618	28510.213466461853	91.0	328.4067858699776	170.45716928323324	170.45716928323324	573.4599045519851
11530-62			420.8991351430966	308.9534062376871	308.9534062376871	835.5823513258592
11530-621	28510.213466461853	91.0	369.19107417133574	177.78619874932556	177.78619874932556	581.5508001598914
11530-622	28510.213466461853	91.0	374.7895311594048	191.3630752815308	191.3630752815308	594.9752431629233
11530-625	28510.213466461853	91.0	376.9284725696181	203.99813498225424	203.99813498225424	606.870496510244
11530-626	28510.213466461853	91.0	376.2184198374088	209.4583949311766	209.4583949311766	612.3161419633187
11530-627	28510.213466461853	91.0	363.0275580588977	183.65901534085825	183.65901534085825	586.9155058948284
11530-628	28510.213466461853	91.0	350.0488845599335	171.39273567996963	171.39273567996963	574.3723769208116
11530-629	28510.213466461853	91.0	359.77159360658874	175.34735681469502	175.34735681469502	578.9183259818539
11530-63			295.28679081737465	98.27317913769195	98.27317913769195	724.8957192208084
11530-630	28510.213466461853	91.0	353.7415638568292	165.12745499910028	165.12745499910028	568.7821433735896
11530-631	28510.213466461853	91.0	320.41774571691843	128.6419127125745	128.6419127125745	532.2477359502363
11530-632	28510.213466461853	91.0	313.83014109175576	109.43476868590373	109.43476868590373	513.1522870632656
11530-633	28510.213466461853	91.0	307.05435198312415	121.36505023367611	121.36505023367611	524.3021359424775
11530-634	28510.213466461853	91.0	289.3474743369154	89.86362905114345	89.86362905114345	493.5336922986165
11530-635	28510.213466461853	91.0	349.4914895326413	105.51457327952635	105.51457327952635	510.2956200200141
11530-636	28510.213466461853	91.0	378.2504533953234	130.25032483791932	130.25032483791932	535.3485402572677
11530-637	28510.213466461853	91.0	368.0747219967503	119.74470308234405	119.74470308234405	524.7937005207266
11530-638	28510.213466461853	91.0	245.25023492320776	22.68136530886384	22.68136530886384	426.4726552080054
11530-639	28510.213466461853	91.0	264.3306403655869	33.54609738725339	33.54609738725339	437.68539490092536
11530-64	13453.129333077317	102.6	965.2341726807183	32.84239273216367	32.84239273216367	1265.527271783429
11530-640	28510.213466461853	91.0	310.7457823325556	60.24074810628301	60.24074810628301	465.0261632446226
11530-641	28510.213466461853	91.0	285.8571220240736	54.61807607472884	54.61807607472884	458.87779039519546
11530-642	28510.213466461853	91.0	280.09572245052567	44.528500578262154	44.528500578262154	448.8934047513317
11530-643	28510.213466461853	91.0	356.609067274065	87.95771957360847	87.95771957360847	493.5071534195288
11530-644	28510.213466461853	91.0	331.6442973310275	69.92216785445115	69.92216785445115	475.25282657551645
11530-646	28510.213466461853	91.0	296.561792047545	49.02665834533419	49.02665834533419	453.76694970354754
11530-649	28510.213466461853	91.0	350.1009574786995	75.80329208913503	75.80329208913503	481.240224368377
11530-65	13453.129333077317	102.6	985.0818457262294	30.68323989632949	30.68323989632949	1244.806890021616
11530-650	28510.213466461853	91.0	337.5139465389177	66.24611972683104	66.24611972683104	471.8048274647046
11530-651	28510.213466461853	91.0	334.79430570694115	59.091385942468804	59.091385942468804	464.5525890274439
11530-654	28510.213466461853	91.0	352.5968237650478	65.11886262705103	65.11886262705103	470.22563084969426
11530-657	28510.213466461853	91.0	303.1233521617797	16.54426924073364	16.54426924073364	421.8618427816198
11530-659	28510.213466461853	91.0	318.0186051240659	33.802264072324654	33.802264072324654	439.1204303929362
11530-66	13453.129333077317	102.6	820.208294659683	402.3919000904269	402.3919000904269	1366.0647323992534
11530-661	28510.213466461853	91.0	342.8191427187337	52.33470093441543	52.33470093441543	457.39062428917237
11530-664	28510.213466461853	91.0	331.50357106663114	39.314537888519844	39.314537888519844	444.3698555295447
11530-665	28510.213466461853	91.0	319.1791802172286	30.052986974174967	30.052986974174967	435.2472808419372
11530-668			618.7781626735582	102.34371883606443	102.34371883606443	739.4602703536169
11530-669	21871.894982078855	109.9	237.34694216859882	92.45442548800355	92.45442548800355	170.0834802498359
11530-67			466.84832186095906	127.7173135664786	127.7173135664786	776.1954361561869
11530-69			157.27799134064873	398.4373471071297	157.27799134064873	37.82468853050597
11530-7	66213.60946620583	88.2	40.53368920248977	361.69820870248185	40.53368920248977	1239.6595804467847
11530-70			534.4090526813798	449.04754712630256	449.04754712630256	644.6427971342509
11530-71			239.37808297740162	47.88847902447237	47.88847902447237	701.056410973225
11530-72			347.15612867781414	52.438993628837835	52.438993628837835	586.2583246618931
11530-73			485.67211608687984	206.45625162605987	206.45625162605987	805.1261740271989
11530-75	41427.43330773169	123.3	1351.2883059474611	159.80063025746588	159.80063025746588	1377.0231447955669
11530-76			233.5895215328731	103.99598447668792	103.99598447668792	145.4470290108363
11530-77			38.5249161580784	138.8422822900829	38.5249161580784	39.75767177100153
11530-79			85.96288930660526	88.86959581537324	85.96288930660526	19.155733811715734
11530-8			266.5536483413891	34.23964235428138	34.23964235428138	598.8209946141789
11530-80			108.02791431516286	136.06045571048065	108.02791431516286	23.734423764080375
11530-81			51.89664201615263	373.3154869272709	51.89664201615263	20.67138428564635
11530-82			35.264597712717084	96.91433398801506	35.264597712717084	205.270802034888
11530-84			91.37298639243906	261.96417519488716	91.37298639243906	156.8252030630291
11530-85			112.53990872107569	402.8626326372124	112.53990872107569	1071.3060575776656
11530-86			453.55753888368565	460.7275593319971	453.55753888368565	549.9382177610946
11530-87			229.81502887313624	322.77292798277654	229.81502887313624	976.7880412544682
11530-88			156.06886660432775	296.0417131961852	156.06886660432775	93.29889401433684
11530-89			31.09355481457129	253.4144937871121	31.09355481457129	262.95869348070033
11530-9	28510.213466461853	91.0	591.3661957207685	412.05703652736213	412.05703652736213	785.2961447011023
11530-90	41427.43330773169	123.3	938.0407635623344	491.40366874888747	491.40366874888747	1036.4899442254466
11530-91			69.62866985255936	279.88141478883205	69.62866985255936	158.1904522173031
11530-92			142.98198396940285	413.36287600951096	142.98198396940285	218.69806386108377
11530-93			95.10448225892335	134.6477601903082	95.10448225892335	232.98613519535323
11530-94			105.40074223761656	49.570831470228796	49.570831470228796	19.46288670584727
11530-95			81.09306749837435	419.62053824347174	81.09306749837435	340.1198375186887
11530-96			47.90376959670335	355.9684799712725	47.90376959670335	316.19751066422384
11530-97			34.1402873912996	247.39617251840755	34.1402873912996	185.01123487092798
11530-98			301.77150778253457	92.01784228574653	92.01784228574653	132.87924147228418
11530-99			557.8365105938844	279.7326652433874	279.7326652433874	382.46570860999685
11545-1	106947.13209165387	78.1	187.77114711286768	283.8990672243909	187.77114711286768	935.5161592357958
11545-10	106947.13209165387	78.1	336.3474198442984	43.67620957902231	43.67620957902231	1644.310007272059
11545-100	106947.13209165387	78.1	368.42269465828934	15.885849932552198	15.885849932552198	1701.3277489557395
11545-101	106947.13209165387	78.1	375.8029069085776	15.995315129984162	15.995315129984162	1817.5867059526734
11545-102	106947.13209165387	78.1	389.74713467441063	10.769047708226793	10.769047708226793	1939.8174142287512
11545-104	106947.13209165387	78.1	552.9316214153828	130.20138683528805	130.20138683528805	1554.0996725671241
11545-105	106947.13209165387	78.1	577.8662196411818	155.13554821618615	155.13554821618615	1577.2274165339975
11545-106			258.2056464133741	107.97108056776946	107.97108056776946	1042.522671059076
11545-107			276.82760673878386	89.75008565839534	89.75008565839534	1059.7767719854269
11545-108			145.60125510236097	99.24316310864084	99.24316310864084	98.47147998917869
11545-109			795.2156933791937	66.30958428613297	66.30958428613297	1280.0843533180146
11545-11	106947.13209165387	78.1	331.8688145254043	45.46329189449303	45.46329189449303	1612.0643410242053
11545-110			589.1809818318756	138.73119637869334	138.73119637869334	1526.5517312895706
11545-111			381.3297998532286	94.60802980200745	94.60802980200745	867.5563065608246
11545-112			145.17416168761525	414.41033296402077	145.17416168761525	345.39552062949593
11545-113			785.9893713161669	260.9887550886155	260.9887550886155	1300.21932446973
11545-12			378.09460620417866	210.7128721886856	210.7128721886856	242.89216593826757
11545-1393			1308.8039678456973	479.9749378175441	479.9749378175441	1822.3361903988239
11545-14	106947.13209165387	78.1	99.43516287813415	272.8602586186457	99.43516287813415	1381.3674238008607
11545-1404			308.86737547683254	53.38994495787823	53.38994495787823	413.53905936673
11545-1410			114.52756584350949	88.89894558370713	88.89894558370713	996.9176874261358
11545-1415			672.8020278609783	448.5129041883878	448.5129041883878	243.8041909770922
11545-1421			685.676776621583	170.80008693411085	170.80008693411085	1198.3586543455472
11545-1435	106947.13209165387	78.1	139.31771280158728	207.14748014293485	139.31771280158728	1432.8350220583754
11545-1440			633.3746571393158	259.0744081520339	259.0744081520339	1107.8526623735404
11545-1452	76176.6573092678	97.6	561.2196576812853	385.089683205316	385.089683205316	66.8626428238069
11545-1471			694.7264762785221	269.43543503192717	269.43543503192717	1192.2493365807818
11545-1476			136.2026946818204	400.7624129506959	136.2026946818204	44.42554287523136
11545-148			607.6506229485235	287.46189765044977	287.46189765044977	406.3172303083482
11545-1487			382.50786241878586	56.69971037551409	56.69971037551409	647.277290211405
11545-149			347.5037209794707	31.559886884423403	31.559886884423403	83.37762922043117
11545-15			440.1375469722268	84.09456049674615	84.09456049674615	204.82468649882455
11545-150			507.82041538090124	373.7553863678593	373.7553863678593	975.0924211150419
11545-151			590.9595452095662	338.2321834168257	338.2321834168257	379.16400141988044
11545-152	106947.13209165387	78.1	329.0590333733342	65.22881244384868	65.22881244384868	1871.0429907301823
11545-153	106947.13209165387	78.1	327.62539284673244	65.6091808530763	65.6091808530763	1851.3607045662127
11545-1536			125.0671492658037	245.93297693563983	125.0671492658037	726.6015044065492
11545-154	106947.13209165387	78.1	326.1796672797596	66.02228455320753	66.02228455320753	1832.0698865602062
11545-155	106947.13209165387	78.1	376.8246529895416	15.824444127955458	15.824444127955458	1833.5103793680423
11545-156	106947.13209165387	78.1	360.50657317117765	40.12816088068908	40.12816088068908	1945.705636476509
11545-1560	106947.13209165387	78.1	91.70020929585687	332.25499556661975	91.70020929585687	1220.871060679736
11545-157	106947.13209165387	78.1	362.1164293046847	40.428190959835796	40.428190959835796	1968.644587629643
11545-158	106947.13209165387	78.1	467.1712106677395	46.19879045984413	46.19879045984413	2118.672266483855
11545-159	76176.6573092678	97.6	582.6705724769516	392.7116834143127	392.7116834143127	91.13215300339988
11545-16			339.3237717469951	83.16368334924692	83.16368334924692	1276.7069012447976
11545-160	106947.13209165387	78.1	85.70306063353058	210.88122389442773	85.70306063353058	1451.2312016055937
11545-161	106947.13209165387	78.1	408.0446241267596	24.76774002882141	24.76774002882141	1585.2022768227282
11545-162	106947.13209165387	78.1	514.4303430551684	91.73731080429383	91.73731080429383	1529.0710240557637
11545-164	106947.13209165387	78.1	402.05145714334975	20.557865888835714	20.557865888835714	1404.9549926719862
11545-1642			195.37375852305613	195.37936070699826	195.37375852305613	263.85574031814565
11545-165	106947.13209165387	78.1	504.52345054829755	81.79420425387765	81.79420425387765	1509.0929416728784
11545-166	106947.13209165387	78.1	528.9341437458046	106.2045791295693	106.2045791295693	1531.651759254543
11545-167	106947.13209165387	78.1	641.9202835649219	219.96564884429168	219.96564884429168	1567.9742475854287
11545-168	106947.13209165387	78.1	670.9358821883379	248.94863662269987	248.94863662269987	1593.5820106605981
11545-169	106947.13209165387	78.1	520.625421958944	98.67659613663585	98.67659613663585	1473.9838154139188
11545-17			156.9378304146267	416.9968352486468	156.9378304146267	497.85793960530594
11545-170			371.950794360699	18.645991319131383	18.645991319131383	1015.4429165798774
11545-171			807.0885087780605	246.70470164070107	246.70470164070107	1298.604831071526
11545-1716			94.92369316742982	187.68037528711366	94.92369316742982	334.9923391958463
11545-172			807.9912933616588	258.2112645791967	258.2112645791967	1339.4491418200546
11545-1734			37.274818841406734	26.530413078895	26.530413078895	542.0961606128624
11545-1739			99.55273091779625	83.62003044635028	83.62003044635028	606.6533719506305
11545-174			317.4975705120275	197.52455115382463	197.52455115382463	830.9016458402116
11545-1745			110.79418601611945	272.12011821426347	110.79418601611945	336.5285075871271
11545-175			81.0730597806525	215.6091011194317	81.0730597806525	571.9676285629337
11545-176			249.94080005522207	493.5698151146472	249.94080005522207	550.0262449979654
11545-177			284.5439410306473	422.0497545996366	284.5439410306473	533.2335786234013
11545-178			178.34377298717385	256.8612352215284	178.34377298717385	287.4730075062847
11545-18			531.8358739794139	295.7375521515604	295.7375521515604	302.37086228358856
11545-1825	76176.6573092678	97.6	38.528589710309035	53.99040727579877	38.528589710309035	600.2703124451999
11545-1860	76176.6573092678	97.6	91.82480197109174	20.098663728452127	20.098663728452127	528.2256679125717
11545-1863			841.2283695831517	67.48661273718594	67.48661273718594	1432.0450316315075
11545-19			457.10855286784096	138.13542379861505	138.13542379861505	160.75198773300343
11545-1921			50.47581769021614	159.07423199465157	50.47581769021614	689.2730879254271
11545-1957	76176.6573092678	97.6	126.2793795838499	77.8630819011956	77.8630819011956	469.439403458503
11545-2	76176.6573092678	97.6	315.51320664493693	101.08762919397934	101.08762919397934	515.6974349486321
11545-20			531.1819662802559	410.1229422750203	410.1229422750203	349.1883797523183
11545-21			408.05612324198444	204.9864531745494	204.9864531745494	381.96463696220167
11545-22			158.3637340192981	181.82443232539478	158.3637340192981	410.23376588687347
11545-2262			158.22480758750288	388.49764797843244	158.22480758750288	71.86204713809921
11545-2267			418.75600858431176	182.4481264823804	182.4481264823804	210.94639905018815
11545-2270			47.82004418212588	186.38873828039533	47.82004418212588	558.7142257522875
11545-23			130.6343715603269	405.3864922803943	130.6343715603269	25.627185460949395
11545-2332	76176.6573092678	97.6	216.47194263543574	102.07385975652616	102.07385975652616	476.1298859581033
11545-2369			124.8918255758806	353.4311886013046	124.8918255758806	58.00457268888777
11545-24			171.31361916817932	380.27501111784284	171.31361916817932	716.0347050203155
11545-2427			32.6129250232142	46.83380391607886	32.6129250232142	189.683516906934
11545-2452	76176.6573092678	97.6	186.62952201073256	50.22018408226844	50.22018408226844	529.8825402239731
11545-2459			66.93701965360664	154.53381429460475	66.93701965360664	301.0524314401157
11545-2479			141.03945515174848	661.9237492367705	141.03945515174848	376.44983159326904
11545-25			621.1951505034989	231.467575788046	231.467575788046	1422.4194056544843
11545-2525	106947.13209165387	78.1	298.098439272136	26.074288260092864	26.074288260092864	1552.6428479234576
11545-2541			133.5560688082705	468.62615018452516	133.5560688082705	191.44073404539458
11545-2587			112.47969248181043	50.05447272366845	50.05447272366845	556.6318372626232
11545-26			785.7778026044062	348.9183267599329	348.9183267599329	1409.5018036870927
11545-2630	76176.6573092678	97.6	157.26386878970072	350.7562165772467	157.26386878970072	52.43095794819082
11545-2633			74.44888268146002	166.7448567293398	74.44888268146002	410.6876869523647
11545-2652			237.5640366569387	183.12094330289085	183.12094330289085	1216.0177528996442
11545-2676	76176.6573092678	97.6	51.57152602564172	23.868187613827992	23.868187613827992	440.799996354914
11545-2690			32.31439346712287	115.94062622395676	32.31439346712287	407.2754301769162
11545-27	106947.13209165387	78.1	101.48061886299416	322.70503026609316	101.48061886299416	1286.6013115217334
11545-2722	76176.6573092678	97.6	142.14229473125386	19.29814655369722	19.29814655369722	550.3153785402022
11545-2737	76176.6573092678	97.6	33.21207872431705	27.455196138594406	27.455196138594406	455.4996084937099
11545-28			290.69014833330715	41.888942182484335	41.888942182484335	545.9811795380893
11545-2805			238.48491631278497	393.3870516543416	238.48491631278497	316.1724683585446
11545-2820	106947.13209165387	78.1	490.3681606454328	99.71091472305521	99.71091472305521	1695.860085713323
11545-2839	106947.13209165387	78.1	382.762478226249	39.41558279473713	39.41558279473713	1361.4897395103153
11545-29			100.19410021338096	93.87312746606068	93.87312746606068	838.435935739073
11545-2917			524.8042281295551	96.37297979979706	96.37297979979706	1627.8122603665356
11545-3			480.04483461974127	208.46751488148456	208.46751488148456	508.37638092113434
11545-30			529.3563796028704	88.24338316947025	88.24338316947025	1036.1255768038984
11545-31			901.3289766364073	343.1241828718686	343.1241828718686	1443.1971387576548
11545-3181			524.8042281295551	96.37297979979706	96.37297979979706	1627.8122603665356
11545-32			105.22356843126286	358.2134279690371	105.22356843126286	383.1443714456885
11545-33			93.2144003314321	269.674187242568	93.2144003314321	275.85382764649944
11545-34			663.5864751633954	102.07047906734465	102.07047906734465	1144.2046589235695
11545-35			192.11760505432673	229.24028782832107	192.11760505432673	270.95817414291525
11545-36			247.19975691988532	422.15092841679785	247.19975691988532	217.99090638734305
11545-37			79.6612748059176	289.3752983292063	79.6612748059176	218.11224789086995
11545-38			116.25960069311405	295.81541773993035	116.25960069311405	376.05252682907116
11545-3846			286.8591622719044	475.0714386609984	286.8591622719044	372.29695026279126
11545-39			682.1472155382828	210.8462782160464	210.8462782160464	1884.9540471475204
11545-4			347.38855569830554	28.909798241294464	28.909798241294464	688.6232926596099
11545-40			794.4275133495361	295.8774892525091	295.8774892525091	1848.7583467113432
11545-41			1007.2842609519436	450.8551183334417	450.8551183334417	1551.512584150698
11545-42			236.38855258559252	387.0179521467485	236.38855258559252	487.34573424786925
11545-44			187.63789544103668	446.8665454489487	187.63789544103668	159.64026729350564
11545-45			601.3930669845751	142.70580207478227	142.70580207478227	1111.5831977449059
11545-46			603.4701104376537	33.168094398282555	33.168094398282555	1088.1331628850232
11545-47			62.01530981653855	194.36487805036094	62.01530981653855	422.01136504428786
11545-48			981.1904190692462	435.29734753005033	435.29734753005033	1507.760041753391
11545-5			427.49101257218024	62.594464227753136	62.594464227753136	306.03163244459626
11545-51			821.7148690002084	371.0880336710426	371.0880336710426	1319.8256804950197
11545-52			1058.8984186210648	391.9469156205128	391.9469156205128	1550.9881592039947
11545-54			1276.159591594252	541.7788920778637	541.7788920778637	1795.645188240912
11545-55			377.3430603170973	24.505984076362278	24.505984076362278	1947.6713687041902
11545-57			552.3344976370875	117.92457533937967	117.92457533937967	1057.8567843159294
11545-58			186.99884670916222	399.1986780599877	186.99884670916222	461.6357686227529
11545-59			162.45940650048675	433.39011597995767	162.45940650048675	459.5682879867571
11545-60			167.24144325866862	237.29431711771326	167.24144325866862	367.49455869808685
11545-61			138.30571127026886	237.3035462008579	138.30571127026886	383.6390035653986
11545-63			702.5213475794834	108.18804277878178	108.18804277878178	1391.1320969432222
11545-64			203.9277451301939	121.27978860991213	121.27978860991213	695.2804369196925
11545-66	76176.6573092678	97.6	171.56387936323614	50.269676984647326	50.269676984647326	649.4227813529234
11545-68			348.0766101331028	181.08536252646846	181.08536252646846	575.664133876979
11545-69			152.13200550846892	239.27778835996278	152.13200550846892	1162.875983066634
11545-7			719.9170840419805	314.1234601867191	314.1234601867191	1541.8259051685843
11545-71			130.461953462672	213.19090557076416	130.461953462672	1132.6549872111734
11545-72			130.8804657602703	238.61204254806782	130.8804657602703	1143.1885987371788
11545-73	106947.13209165387	78.1	574.6216875616174	152.46495657195507	152.46495657195507	1535.8574959640644
11545-74	106947.13209165387	78.1	574.5030359816479	152.12578494462383	152.12578494462383	1548.944675838051
11545-75			836.2757960450932	117.22617766463638	117.22617766463638	1322.1253153208363
11545-76			1003.3112567716126	463.31767638915255	463.31767638915255	1524.3505949695098
11545-77			1000.1024755396193	457.1980072985531	457.1980072985531	1523.5705091382629
11545-78			857.8072168914015	325.38471206032347	325.38471206032347	1375.2153286514226
11545-79			25.906671483428337	179.72470916633827	25.906671483428337	461.45361754000413
11545-8			273.2111185323335	71.43862142044155	71.43862142044155	454.30444387312826
11545-80			727.9034016308321	307.58736319946706	307.58736319946706	1583.3493758236132
11545-81			596.002571656618	211.14878600844875	211.14878600844875	1387.6202215339329
11545-83	106947.13209165387	78.1	403.66271811407574	18.433259502673405	18.433259502673405	1624.4485965794936
11545-84	106947.13209165387	78.1	404.1706329887462	18.112108589342903	18.112108589342903	1640.3653861080452
11545-85	106947.13209165387	78.1	411.231574954565	23.40209385906356	23.40209385906356	1667.7527238490406
11545-86	106947.13209165387	78.1	408.8408785285755	19.97939710195868	19.97939710195868	1682.6016499112704
11545-87	106947.13209165387	78.1	147.81377394707576	275.97070454895083	147.81377394707576	1298.8135899004228
11545-88			284.4538158969239	402.6005716646237	284.4538158969239	531.1151733600936
11545-89			285.8721743665657	422.5629618700148	285.8721743665657	553.8784497772766
11545-9			142.4366097148748	431.9905896613387	142.4366097148748	37.20583473899856
11545-91			140.45740791182124	494.4801959773281	140.45740791182124	199.48383152860424
11545-92			170.1683351939032	505.58119362535285	170.1683351939032	229.51803940553256
11545-93			22.38236642716837	186.8278512189484	22.38236642716837	533.48626134982
11545-94	106947.13209165387	78.1	403.20920842927285	18.896375313696346	18.896375313696346	1606.8336860445438
11545-95			647.3618780665496	319.13913969599633	319.13913969599633	369.7892641483362
11545-96			204.23842985085474	194.88101119856168	194.88101119856168	883.6476640603976
11545-97	106947.13209165387	78.1	166.6078090462748	241.47437451386173	166.6078090462748	929.2341327632054
11545-98			719.7301852855692	297.00989997357317	297.00989997357317	1586.2463661309434
11545-99	106947.13209165387	78.1	407.3551561380352	16.196401648453683	16.196401648453683	1715.0927605844583
11560-1	9835.600115207373	126.5	245.37538743954727	124.86917105451847	124.86917105451847	64.83029428259887
11560-10	27903.898604710703	96.4	201.2420483606537	261.08940661236124	201.2420483606537	913.6116810348758
11560-100			44.13522742462055	371.8870178894792	44.13522742462055	3545.1653806769855
11560-101	22409.591385048643	80.2	252.56374868211248	54.341131949988394	54.341131949988394	715.3255045810236
11560-102	9835.600115207373	126.5	223.8480119066446	33.14203950998257	33.14203950998257	143.36745298728118
11560-103	22409.591385048643	80.2	234.72269249509827	185.6876909230306	185.6876909230306	1458.6934344764845
11560-105			114.7429566678408	136.6117572533487	114.7429566678408	55.21822491834599
11560-106	22409.591385048643	80.2	19.23289070229777	277.271559131281	19.23289070229777	2021.3500555356607
11560-107	22409.591385048643	80.2	567.0508895641518	36.70404092583346	36.70404092583346	1210.0008241257449
11560-108	13340.578885048642	78.5	177.87253738849012	272.48650913480554	177.87253738849012	801.6972384093241
11560-109	9835.600115207373	126.5	704.5235879137763	319.9642307993023	319.9642307993023	857.0201206600591
11560-11			313.18975302340914	154.70900255492907	154.70900255492907	583.8570498964468
11560-110	22409.591385048643	80.2	160.36081555901953	163.38635621075608	160.36081555901953	1304.8591990139894
11560-111	96064.19628136202	128.6	161.55886129508804	27.428807180195342	27.428807180195342	636.9051755311511
11560-112	22409.591385048643	80.2	94.43929787677405	219.63155136898555	94.43929787677405	1945.5250063549804
11560-113	22409.591385048643	80.2	283.21782433512305	56.318059155878494	56.318059155878494	1830.1195797816613
11560-114	9835.600115207373	126.5	365.1554023552042	86.00124849980205	86.00124849980205	284.66685314535414
11560-115	22409.591385048643	80.2	452.1434463799049	68.67209211297403	68.67209211297403	646.3789017572235
11560-116	22409.591385048643	80.2	57.31352710940156	210.12862494395173	57.31352710940156	1985.389069153199
11560-117			58.74753807921022	184.61745015120624	58.74753807921022	104.73981825834537
11560-118	13340.578885048642	78.5	218.3989427746649	75.06230530551142	75.06230530551142	1025.354876326261
11560-119	66213.60946620583	88.2	544.0681159619331	139.58396419647008	139.58396419647008	1891.093317784097
11560-12	27903.898604710703	96.4	435.23016991684693	34.69252936574758	34.69252936574758	1296.6186747760123
11560-120	47950.73958653354	70.1	109.21192728027232	87.71404141502026	87.71404141502026	2215.0956248292546
11560-121	106947.13209165387	78.1	144.3771316379944	306.55827280739163	144.3771316379944	1930.579297679433
11560-1213	23481.635087045568	107.2	205.9380870549098	71.46640333335247	71.46640333335247	1096.3577223680495
11560-1214	23481.635087045568	107.2	177.75105244313136	42.25653485033413	42.25653485033413	1151.2901964693174
11560-1215	44506.30778929851	121.1	642.2220779217143	169.03723039543854	169.03723039543854	796.5536025949164
11560-1216	15089.440034562213	120.2	424.28033817805425	140.7728596486663	140.7728596486663	1581.9251203719566
11560-122	66213.60946620583	88.2	34.07091079354485	213.3905938448356	34.07091079354485	1493.829933550736
11560-1221	15089.440034562213	120.2	118.06660933405288	381.2040832101565	118.06660933405288	1890.3655222916368
11560-1228	22409.591385048643	80.2	60.388440991523076	26.42102770617229	26.42102770617229	1560.0275091602161
11560-123	66213.60946620583	88.2	328.1889421647386	120.60590476996182	120.60590476996182	1211.1899821097772
11560-1230	13340.578885048642	78.5	22.888512115059694	95.62947719696251	22.888512115059694	1578.8591239923362
11560-1232	13340.578885048642	78.5	30.99102527355159	166.61242134071367	30.99102527355159	1995.0551144023104
11560-1233	22409.591385048643	80.2	161.44859179106038	18.772333317561984	18.772333317561984	2076.2944615170245
11560-1238	22409.591385048643	80.2	466.542576994264	209.6378492225726	209.6378492225726	1787.1062635732876
11560-124	96064.19628136202	128.6	161.72983105552413	28.161718834674176	28.161718834674176	662.9527397838807
11560-1246	23481.635087045568	107.2	253.62570766689484	85.90491274431184	85.90491274431184	1300.455466512613
11560-1247			89.78164731516415	336.44256083470356	89.78164731516415	640.3206888092593
11560-125	66213.60946620583	88.2	31.82157907981277	59.31097589568113	31.82157907981277	1162.38434701569
11560-1254			37.40098645821308	122.56400864308601	37.40098645821308	2476.8262187973714
11560-1256			224.07309416637818	410.0614985872042	224.07309416637818	471.91387391056844
11560-126	66213.60946620583	88.2	467.22972551897595	458.84095413609134	458.84095413609134	1628.6154846315326
11560-127	96064.19628136202	128.6	35.65019934435719	355.863236805162	35.65019934435719	274.5404657649702
11560-1277			224.07309416637818	410.0614985872042	224.07309416637818	471.91387391056844
11560-1278			224.07309416637818	410.0614985872042	224.07309416637818	471.91387391056844
11560-128	96064.19628136202	128.6	74.70490874703344	31.646894019721255	31.646894019721255	705.8838751360594
11560-1286			38.110519159185195	309.92438372394895	38.110519159185195	722.020233048305
11560-129	22409.591385048643	80.2	502.4534490246966	117.89614444685311	117.89614444685311	1869.6145721479534
11560-1297	9835.600115207373	126.5	183.1968102616108	146.37946851677196	146.37946851677196	16.21273959995804
11560-1299	44506.30778929851	121.1	553.6521445172266	221.3396957940595	221.3396957940595	704.5311250836645
11560-13	54740.05256656426	103.1	447.3456226721152	43.54270530031678	43.54270530031678	609.7422205818085
11560-130	22409.591385048643	80.2	291.0881411418956	120.1622102895275	120.1622102895275	2145.6960880114793
11560-131	66213.60946620583	88.2	523.845601104832	410.2235685712067	410.2235685712067	1669.1854974956325
11560-132	96064.19628136202	128.6	34.752285754523626	107.20662989288017	34.752285754523626	768.6793967646022
11560-1321	15089.440034562213	120.2	354.4958419655509	135.83219340398892	135.83219340398892	1653.698698611071
11560-133	96064.19628136202	128.6	110.17176270194926	231.5511197031689	110.17176270194926	395.54290541630627
11560-1336	22409.591385048643	80.2	484.93414312116806	141.70726536583342	141.70726536583342	1845.3046968377218
11560-1337	23481.635087045568	107.2	139.54539318272185	38.29321937664959	38.29321937664959	1094.652965791631
11560-134	23481.635087045568	107.2	89.97361878156462	46.13411189153015	46.13411189153015	794.7674569283427
11560-1340	13340.578885048642	78.5	50.27995318129299	68.72586281975867	50.27995318129299	1598.990784097922
11560-135			205.40930210581766	37.92404132338959	37.92404132338959	477.3133584658146
11560-1350	106947.13209165387	78.1	141.5307531837022	226.59571052746398	141.5307531837022	1820.2833618663535
11560-1351	106947.13209165387	78.1	71.08994093989772	161.96706119098098	71.08994093989772	1782.3069623216165
11560-136			144.19812015315415	35.35859544950896	35.35859544950896	445.0674317077651
11560-1363	44506.30778929851	121.1	587.1779417793599	72.0179101702454	72.0179101702454	712.1926899472161
11560-1364	22409.591385048643	80.2	273.45648493456315	86.31391763591618	86.31391763591618	1149.5056298076267
11560-1365	66213.60946620583	88.2	304.86925364429936	85.23719058988364	85.23719058988364	1164.9173444490968
11560-1369			240.6113356574026	49.44950457239736	49.44950457239736	460.4629071213588
11560-137	44506.30778929851	121.1	671.9777394316525	150.01602985259515	150.01602985259515	1009.4069339566526
11560-1372	2682.37979390681	102.6	94.14703605878894	62.72042734623737	62.72042734623737	618.7493380078733
11560-1373	96064.19628136202	128.6	96.34078253753862	61.886393286910405	61.886393286910405	463.24743332096216
11560-138	38072.564080901175	112.9	309.87152568600027	49.180142474649195	49.180142474649195	1899.24243312809
11560-1381	15089.440034562213	120.2	114.18585891644605	339.5399420873834	114.18585891644605	1892.0929058445056
11560-1382	22409.591385048643	80.2	377.90032595764757	39.42578725413673	39.42578725413673	1227.5822832089834
11560-1385	106947.13209165387	78.1	156.78321507815457	238.1162515323426	156.78321507815457	2282.2987324240576
11560-139	53157.816954685106	114.6	212.86883311775424	201.14864524904164	201.14864524904164	1185.7703430122117
11560-1398	106947.13209165387	78.1	113.24510936944984	113.40514295061935	113.24510936944984	1639.3342541931147
11560-140	38072.564080901175	112.9	104.9782150243071	48.00834234594867	48.00834234594867	1582.8652796065107
11560-141	23481.635087045568	107.2	92.96523992199486	46.590855991192036	46.590855991192036	1095.8308731549837
11560-1418	53157.816954685106	114.6	51.3771468893124	197.24381286749778	51.3771468893124	2001.5195517280572
11560-143	23481.635087045568	107.2	61.32597937736078	80.77302497566859	61.32597937736078	1016.1959773647399
11560-144	23481.635087045568	107.2	43.787797926044156	118.10056755875503	43.787797926044156	1018.7175026174679
11560-1444	53157.816954685106	114.6	262.0064315665751	230.2499690432985	230.2499690432985	1591.622530323967
11560-1445	13340.578885048642	78.5	523.9548059611581	271.19992311056615	271.19992311056615	947.154262574686
11560-1446	53157.816954685106	114.6	117.3171965707113	236.8948320385559	117.3171965707113	1459.872103172618
11560-1449	23481.635087045568	107.2	212.89322018684402	144.90050784109107	144.90050784109107	713.1402117890316
11560-145	15089.440034562213	120.2	321.0497194546924	110.1819550704974	110.1819550704974	1697.2345688769972
11560-1453	53157.816954685106	114.6	180.64019011019866	139.60470623173558	139.60470623173558	1757.2428297154158
11560-146			151.01955504826114	136.2993503018121	136.2993503018121	2578.8618753078695
11560-147			168.11000164673635	303.2579808979536	168.11000164673635	359.4795409849993
11560-148	22409.591385048643	80.2	63.19272820701548	139.3252972738363	63.19272820701548	1158.871910147568
11560-1483	66213.60946620583	88.2	64.26683400304914	26.170551965586245	26.170551965586245	1083.5658366677196
11560-149	13340.578885048642	78.5	97.09058515403761	21.26212339112108	21.26212339112108	1646.1509935272225
11560-15	27903.898604710703	96.4	367.6116123472194	174.5229052044059	174.5229052044059	1081.8223467513947
11560-150	13340.578885048642	78.5	18.972881846621856	117.63646636974502	18.972881846621856	1599.2522494969544
11560-151	23481.635087045568	107.2	39.43257955426345	96.52059070539565	39.43257955426345	807.5706574373366
11560-1518	9835.600115207373	126.5	150.52770584571067	105.34429205630805	105.34429205630805	16.53408203274083
11560-152	44506.30778929851	121.1	847.3116145851451	104.23271007292045	104.23271007292045	1104.9648990070282
11560-1527	53157.816954685106	114.6	31.18110069355495	146.13158872541948	31.18110069355495	1995.463292803756
11560-153	38072.564080901175	112.9	217.71923475713163	27.81204985813506	27.81204985813506	1634.843316457206
11560-1530	23481.635087045568	107.2	52.58539960058723	19.956827023302548	19.956827023302548	994.6349139941306
11560-154	23481.635087045568	107.2	215.0103084355684	81.77480626828141	81.77480626828141	1258.8380364248735
11560-1546	106947.13209165387	78.1	95.51118466276198	228.46840482109977	95.51118466276198	1687.8372097514716
11560-1549	9835.600115207373	126.5	129.4962670764251	34.66366243553625	34.66366243553625	16.60181105178324
11560-155	96064.19628136202	128.6	145.28841468065514	204.29241090120763	145.28841468065514	406.0777577689911
11560-1558	9835.600115207373	126.5	85.33997530844002	42.14543495799168	42.14543495799168	130.70450253181323
11560-156	44506.30778929851	121.1	536.4329857798049	151.94383442804244	151.94383442804244	782.0422619119098
11560-1560	38072.564080901175	112.9	125.16971548542779	25.10861691148072	25.10861691148072	1608.5272598128106
11560-1562	23481.635087045568	107.2	322.4157048067984	161.16424838300182	161.16424838300182	430.51001297333494
11560-1564	23481.635087045568	107.2	110.60567592450404	23.658068498766013	23.658068498766013	1306.6626892988202
11560-157	15089.440034562213	120.2	199.46894755739044	225.840436938891	199.46894755739044	1810.2746665804962
11560-1573	38072.564080901175	112.9	116.30243399332839	136.85394824988916	116.30243399332839	2229.9499639001483
11560-1574	9835.600115207373	126.5	13.628509023478475	274.74016963483024	13.628509023478475	59.51770761992414
11560-1577	23481.635087045568	107.2	153.9078508210185	27.34039786267471	27.34039786267471	1186.4313212533718
11560-158			296.61466967485234	69.08627759765	69.08627759765	2685.113566782289
11560-1580	23481.635087045568	107.2	156.2274757062287	22.983780983758532	22.983780983758532	1210.7241357620485
11560-1581	9835.600115207373	126.5	202.2374996937947	115.75641460235867	115.75641460235867	383.1367657332595
11560-1582	23481.635087045568	107.2	127.16004995196488	26.854845017446667	26.854845017446667	1076.9427450059811
11560-1586	9835.600115207373	126.5	172.6015641661041	128.62840922952986	128.62840922952986	12.849110371354113
11560-159			51.184245846624734	196.46577557186444	51.184245846624734	121.17536040356286
11560-16			81.004969255961	233.86210284462473	81.004969255961	547.2048666547088
11560-1602	66213.60946620583	88.2	300.3037299386068	441.81688073402114	300.3037299386068	1555.3931139564813
11560-1604	38072.564080901175	112.9	169.71445837432518	18.773957107279923	18.773957107279923	1487.4913107128127
11560-1606	66213.60946620583	88.2	526.097870886878	280.5067411692266	280.5067411692266	1754.7593868211768
11560-1607	9835.600115207373	126.5	98.4949986286094	101.97813051509019	98.4949986286094	71.83648515578493
11560-1608	38072.564080901175	112.9	279.1942714272343	47.46270051634253	47.46270051634253	1790.2481865991394
11560-1609	22409.591385048643	80.2	608.9557277649452	28.729942690869127	28.729942690869127	967.1858602059912
11560-161	22409.591385048643	80.2	129.74895970683036	56.596502451186005	56.596502451186005	1197.9931453117738
11560-1611	23481.635087045568	107.2	96.46815612439441	18.12895800685886	18.12895800685886	1040.4206897130077
11560-162	13340.578885048642	78.5	39.4096520701346	157.86346006303077	39.4096520701346	1519.8479129953253
11560-1626	9835.600115207373	126.5	677.8394853795699	33.726229148388725	33.726229148388725	518.9228227575547
11560-163	13340.578885048642	78.5	61.92851411701819	65.97329361524247	61.92851411701819	1794.6424906693314
11560-1637	9835.600115207373	126.5	23.405975535480135	130.85720068088426	23.405975535480135	68.95744390213204
11560-1639	9835.600115207373	126.5	309.70433681407195	26.280879867888373	26.280879867888373	131.91998800861637
11560-164	9835.600115207373	126.5	370.5767742195437	33.17504366126798	33.17504366126798	229.43706971341666
11560-1643	9835.600115207373	126.5	110.12068417014359	44.613530697293605	44.613530697293605	116.32446441896423
11560-165	38072.564080901175	112.9	298.8775448039788	44.740984514785616	44.740984514785616	1947.994392434512
11560-1656			49.465942869626765	397.9142171727536	49.465942869626765	3495.471427325952
11560-166	9835.600115207373	126.5	239.15577278702034	24.414293747536053	24.414293747536053	76.36424160651171
11560-1665	96064.19628136202	128.6	377.02431825448775	104.40302667722035	104.40302667722035	170.80334135863495
11560-168	54740.05256656426	103.1	386.29447469145515	43.61358972443349	43.61358972443349	698.3744808151303
11560-1680	23481.635087045568	107.2	125.80279757431613	97.94896925980106	97.94896925980106	213.769779699814
11560-1681	53157.816954685106	114.6	296.665907767794	204.15652583334466	204.15652583334466	1198.1039358296398
11560-1682	53157.816954685106	114.6	205.89688142921216	250.86467744968095	205.89688142921216	1234.7830322759241
11560-1689	53157.816954685106	114.6	264.8318388414758	219.6853740581712	219.6853740581712	1211.6092654019437
11560-1696	22409.591385048643	80.2	117.1632333104915	153.8741498490079	117.1632333104915	2001.3977525275036
11560-17	27903.898604710703	96.4	275.6029272141662	101.92260298629893	101.92260298629893	1376.9761815498978
11560-1711			101.3906303235892	402.08373297263654	101.3906303235892	3500.0225164445606
11560-1732	23481.635087045568	107.2	159.37572382554552	22.787539116977165	22.787539116977165	1130.7081976050122
11560-1762	44506.30778929851	121.1	814.805796245031	191.59414518294224	191.59414518294224	1069.735387493347
11560-1778	53157.816954685106	114.6	136.62964933188826	164.57614793153897	136.62964933188826	1420.4232185004796
11560-1793	22409.591385048643	80.2	539.8647577951664	83.17783051265029	83.17783051265029	1070.3739102954921
11560-18	27903.898604710703	96.4	380.39671453866606	378.42063366604793	378.42063366604793	977.4445279872659
11560-1868	23481.635087045568	107.2	212.77097217734794	79.24861977990253	79.24861977990253	559.7270564109923
11560-1875	22409.591385048643	80.2	370.92739844142693	36.08909620617433	36.08909620617433	2058.2981192025313
11560-1887	23481.635087045568	107.2	155.11036344498584	20.805645363365894	20.805645363365894	1178.613570894378
11560-1892	23481.635087045568	107.2	212.50608243655978	78.63985568548128	78.63985568548128	479.42097356136514
11560-19			230.24266802257515	48.616765387260024	48.616765387260024	1614.7084796164954
11560-1942	106947.13209165387	78.1	36.781096438967545	182.15011799791873	36.781096438967545	1896.2858956201792
11560-1955	23481.635087045568	107.2	189.61491159546978	105.5954149315965	105.5954149315965	823.3523483348548
11560-1957	23481.635087045568	107.2	183.8594717545014	49.10063599638023	49.10063599638023	674.8511413906419
11560-1968	13340.578885048642	78.5	30.35196653592999	194.66892364458695	30.35196653592999	1593.1550070571577
11560-1971	2682.37979390681	102.6	293.1778431326354	175.15618400596705	175.15618400596705	993.626186857019
11560-1983	15089.440034562213	120.2	66.73367532579378	330.1502597793369	66.73367532579378	1950.4087363449682
11560-2	96064.19628136202	128.6	311.7968530640618	342.25935893788784	311.7968530640618	120.58370406288944
11560-20	27903.898604710703	96.4	118.3527422718274	151.04571820429956	118.3527422718274	805.355397839121
11560-2004	38072.564080901175	112.9	268.4325566676606	99.23501850322212	99.23501850322212	1468.9921995689317
11560-2006	22409.591385048643	80.2	37.59628219683386	144.67629678564245	37.59628219683386	1606.5470376569467
11560-2043	106947.13209165387	78.1	44.2166659142012	227.06157957173224	44.2166659142012	1642.5770259472442
11560-2052	23481.635087045568	107.2	114.10627128580842	39.23757379502513	39.23757379502513	804.5308519589806
11560-2071	22409.591385048643	80.2	281.7785212008676	28.150805983271358	28.150805983271358	929.1089823180458
11560-2073	15089.440034562213	120.2	499.2535881042766	72.78207581280961	72.78207581280961	1507.6466169324497
11560-2082			240.72456548864892	23.959798263946023	23.959798263946023	55.221165026434086
11560-21			173.0596507334709	171.72308428978153	171.72308428978153	504.1449152922316
11560-2107	54740.05256656426	103.1	257.72244534654806	56.37664661601359	56.37664661601359	395.44607868733283
11560-2113	13340.578885048642	78.5	360.2959421843265	43.059234735736396	43.059234735736396	1213.713175786199
11560-2118	22409.591385048643	80.2	396.7623244047917	159.8243322325604	159.8243322325604	1152.5873273768625
11560-2123	38072.564080901175	112.9	446.4760477891002	158.7503566541333	158.7503566541333	1644.2403138241586
11560-2141	22409.591385048643	80.2	354.65647255541217	32.68750083140898	32.68750083140898	1996.6119323899381
11560-2150	15089.440034562213	120.2	287.5441686160079	301.4777852786524	287.5441686160079	1345.9733600813468
11560-2151	22409.591385048643	80.2	358.1892411822894	65.37122606041714	65.37122606041714	1290.8446974909432
11560-2153	9835.600115207373	126.5	74.14049038356092	29.938036348400022	29.938036348400022	73.31564873549287
11560-2164	23481.635087045568	107.2	181.15547718311754	36.8985899555314	36.8985899555314	864.1303357748682
11560-2171	22409.591385048643	80.2	256.9230500165527	274.4853675893919	256.9230500165527	1482.073435807932
11560-2186	15089.440034562213	120.2	378.01466129419146	76.0812993912905	76.0812993912905	1639.3829324930196
11560-22	27903.898604710703	96.4	243.3929967531769	205.43759561575442	205.43759561575442	978.0469278862283
11560-2203	96064.19628136202	128.6	259.00895664657344	30.034733382132067	30.034733382132067	563.8827159924782
11560-2213	9835.600115207373	126.5	160.750167913813	215.23983934034808	160.750167913813	23.543192889703423
11560-2224	96064.19628136202	128.6	145.50788313467328	21.25073564387865	21.25073564387865	589.6820170275863
11560-2256	13340.578885048642	78.5	524.5033153248719	343.1488168670319	343.1488168670319	877.8346748194027
11560-2266	66213.60946620583	88.2	399.346264580198	304.58923932627994	304.58923932627994	1431.3370245794908
11560-2267	106947.13209165387	78.1	76.52724758136284	151.66204003268436	76.52724758136284	2082.6615210618183
11560-2270	9835.600115207373	126.5	55.92926134474742	33.236050216327676	33.236050216327676	254.38766542907757
11560-2281	9835.600115207373	126.5	46.38740035616009	40.17750230725925	40.17750230725925	142.59465776837584
11560-23			87.65016033383928	168.62524330868496	87.65016033383928	472.6949466712907
11560-2383	66213.60946620583	88.2	293.0627712857221	180.6104132061066	180.6104132061066	924.6971401814153
11560-2386	9835.600115207373	126.5	310.89249151771423	74.62166338350634	74.62166338350634	219.854273191638
11560-2391	27903.898604710703	96.4	373.53271121859603	390.16018358681464	373.53271121859603	1123.1716788515268
11560-24			253.60748308571087	95.29194367520775	95.29194367520775	523.9244086513502
11560-2431	22409.591385048643	80.2	707.8731384220567	67.35441992726945	67.35441992726945	927.0782797008173
11560-2432	23481.635087045568	107.2	326.75356614528306	192.9196986496185	192.9196986496185	554.2480166755594
11560-2435	22409.591385048643	80.2	33.230460944204815	64.75324683861018	33.230460944204815	1593.0542305515762
11560-26	27903.898604710703	96.4	219.5882069482806	383.9752406636281	219.5882069482806	853.8943691119467
11560-27	27903.898604710703	96.4	50.29087631299037	244.9936699619563	50.29087631299037	828.5815871024859
11560-28			187.13057476047783	35.30139734130127	35.30139734130127	338.9518806753862
11560-29	44506.30778929851	121.1	748.3032518176609	40.185943457950316	40.185943457950316	971.8752619605576
11560-3	9835.600115207373	126.5	218.95548041179484	98.31310638482559	98.31310638482559	31.906578917363973
11560-30	44506.30778929851	121.1	614.4594314945791	98.47926737557069	98.47926737557069	749.5624296340944
11560-31	53157.816954685106	114.6	457.35748940997644	121.4561699823946	121.4561699823946	1331.0151184561353
11560-32	53157.816954685106	114.6	60.35300420816391	133.45982377322883	60.35300420816391	1662.8083783442553
11560-34	23481.635087045568	107.2	124.41937273952625	69.64425711976745	69.64425711976745	1154.8982235311776
11560-35	53157.816954685106	114.6	51.50563583669995	27.196864671349363	27.196864671349363	1596.8073257723995
11560-36	53157.816954685106	114.6	149.70381186906226	190.11336476568763	149.70381186906226	1843.2592877931188
11560-3666	53157.816954685106	114.6	640.2776543724958	83.24665732473723	83.24665732473723	1372.323452786456
11560-3677			207.9492534112682	23.117723920462623	23.117723920462623	87.34803392361553
11560-3691	38072.564080901175	112.9	201.22523236854596	47.958521183773506	47.958521183773506	2118.4359594871457
11560-37	38072.564080901175	112.9	208.22549715313073	76.92021444067885	76.92021444067885	1409.3802670787927
11560-3701	15089.440034562213	120.2	280.85740812254136	221.72168776985094	221.72168776985094	1730.0970392749075
11560-3715	15089.440034562213	120.2	218.194324618926	280.1251626809916	218.194324618926	1791.9504425471264
11560-38	38072.564080901175	112.9	165.9049593996718	244.50280918269135	165.9049593996718	1981.0356472608346
11560-39	53157.816954685106	114.6	84.18447486407602	165.715742509426	84.18447486407602	1789.4312948505265
11560-4	23481.635087045568	107.2	454.2944420742865	65.35039473721348	65.35039473721348	541.4170214266643
11560-40	38072.564080901175	112.9	367.8361870359011	14.791490217026205	14.791490217026205	1770.9995324492866
11560-41	38072.564080901175	112.9	160.40223558861732	149.49973138897113	149.49973138897113	1426.6254384523647
11560-42	38072.564080901175	112.9	395.8159728868698	64.94004892300724	64.94004892300724	1750.2841105576495
11560-44	38072.564080901175	112.9	245.50392031901592	65.08769565580435	65.08769565580435	2130.326009573139
11560-45	38072.564080901175	112.9	249.87551304444148	161.4200084851782	161.4200084851782	2033.0613191072166
11560-47	38072.564080901175	112.9	483.518948090599	154.25740273602662	154.25740273602662	1737.0097105018347
11560-48	38072.564080901175	112.9	317.6929839244259	90.62295306772221	90.62295306772221	2056.228297103728
11560-49	38072.564080901175	112.9	28.683461199144787	173.38902380157631	28.683461199144787	2049.7568388438194
11560-5	23481.635087045568	107.2	343.4464933396714	153.8476955773292	153.8476955773292	659.903426918027
11560-50	38072.564080901175	112.9	82.85077579127288	70.63454653570417	70.63454653570417	1535.1095332296356
11560-51	38072.564080901175	112.9	64.34637800777236	88.61264545097248	64.34637800777236	1590.3910928123805
11560-53	96064.19628136202	128.6	180.308361981292	308.6566296371101	180.308361981292	72.22718453966885
11560-54	96064.19628136202	128.6	309.1175060442584	91.83213912809566	91.83213912809566	276.0464303055041
11560-55	96064.19628136202	128.6	147.58843793635694	245.9913811691603	147.58843793635694	332.44915267484987
11560-56	96064.19628136202	128.6	94.56268266165534	62.84197913279312	62.84197913279312	368.6408749944814
11560-57	44506.30778929851	121.1	514.1077477457088	138.62761393992622	138.62761393992622	692.8552848435627
11560-58	44506.30778929851	121.1	675.6033551014015	237.11972757447236	237.11972757447236	910.7218759871917
11560-59	44506.30778929851	121.1	269.0155960121363	24.444783930263107	24.444783930263107	399.5901897460998
11560-6	23481.635087045568	107.2	157.32193175968214	76.07689989356503	76.07689989356503	1024.3479838030462
11560-60	44506.30778929851	121.1	308.3593210466933	259.38329375272167	259.38329375272167	467.75441262471264
11560-61	44506.30778929851	121.1	390.75247131522343	27.793731865691882	27.793731865691882	571.0152952750719
11560-62	44506.30778929851	121.1	539.2598733164565	111.98909696344077	111.98909696344077	714.6884185196474
11560-63	2682.37979390681	102.6	92.93526880366294	58.98136228803743	58.98136228803743	577.3199102535823
11560-64	2682.37979390681	102.6	261.1702756440818	205.35683538682906	205.35683538682906	999.0587229587466
11560-65	2682.37979390681	102.6	336.65075747747574	47.505611063577824	47.505611063577824	911.2424482516282
11560-66	2682.37979390681	102.6	195.51619374516682	331.9944527029093	195.51619374516682	1066.438638548427
11560-67	2682.37979390681	102.6	73.4447390490625	293.54797556057866	73.4447390490625	956.8932184948675
11560-68	2682.37979390681	102.6	81.1243981151497	485.7337733038418	81.1243981151497	1205.6026295785953
11560-69	2682.37979390681	102.6	63.87574513361364	479.3101225206435	63.87574513361364	1300.8972747222533
11560-7	38072.564080901175	112.9	350.6791644016269	49.67224218762982	49.67224218762982	1524.3334589801286
11560-70	15089.440034562213	120.2	384.13004943692744	264.718369166426	264.718369166426	1260.8177544243197
11560-71	44506.30778929851	121.1	482.97020256074717	28.51860890142351	28.51860890142351	1009.0978724048998
11560-72	2682.37979390681	102.6	229.58905027934924	386.1584455753722	229.58905027934924	1242.5805777330133
11560-73	15089.440034562213	120.2	513.5297889792622	174.0322198784248	174.0322198784248	1318.637160647866
11560-74	2682.37979390681	102.6	144.4282485191737	420.8888009357305	144.4282485191737	1325.1180963783345
11560-75	2682.37979390681	102.6	75.29482568779743	349.9798171879681	75.29482568779743	1441.8843957770234
11560-76	2682.37979390681	102.6	105.0939512237143	429.6778940372015	105.0939512237143	1343.9779436303024
11560-77	2682.37979390681	102.6	152.99584836293295	449.54430012656525	152.99584836293295	1242.180839729547
11560-78	15089.440034562213	120.2	447.56083592047804	43.287768588570486	43.287768588570486	1568.0666487909573
11560-79	15089.440034562213	120.2	466.1586067164668	42.87546301827145	42.87546301827145	1480.188757229357
11560-8	27903.898604710703	96.4	176.15164415625256	147.79037576178555	147.79037576178555	1420.3419551271331
11560-80	15089.440034562213	120.2	525.7357966092519	93.37429698992248	93.37429698992248	1393.4886090853715
11560-81	15089.440034562213	120.2	82.2636831566078	123.69380825483363	82.2636831566078	1654.6086204527055
11560-82	15089.440034562213	120.2	165.97103239297823	44.309822461480394	44.309822461480394	1759.2952221084563
11560-83	15089.440034562213	120.2	44.503181260825286	43.87225071768245	43.87225071768245	1756.0684640129298
11560-84	15089.440034562213	120.2	31.44978148658475	121.92749489044395	31.44978148658475	1905.479796052464
11560-85			103.6666757091014	207.44650105823726	103.6666757091014	2168.424664260613
11560-87	15089.440034562213	120.2	87.65793344547176	345.0488076222896	87.65793344547176	1927.1850412666286
11560-88	53157.816954685106	114.6	134.5997971501788	81.76825498097683	81.76825498097683	1831.2691329614672
11560-89	15089.440034562213	120.2	107.53362372977148	251.4135590677531	107.53362372977148	1909.7493549026879
11560-9	54740.05256656426	103.1	246.4517928736416	84.82181396908129	84.82181396908129	423.9954864805418
11560-90	38072.564080901175	112.9	58.77795406442194	255.6874546531522	58.77795406442194	2024.3992338634819
11560-91			60.81462915605479	268.96742800831527	60.81462915605479	2148.461489146404
11560-92	38072.564080901175	112.9	55.093577225006904	355.5182983717427	55.093577225006904	2103.5619683024647
11560-93			93.32639436310089	100.82817091576781	93.32639436310089	2410.189632866281
11560-94			195.3696786285735	119.15031820117214	119.15031820117214	2636.2096034924866
11560-95			153.25023349260363	303.7016559990284	153.25023349260363	2356.505366613352
11560-96			34.554981064861536	76.52855704943859	34.554981064861536	2449.6218099541397
11560-97			28.520423775707407	121.86530730647871	28.520423775707407	2872.7960344566927
11560-98			193.08846191753022	124.68984738725436	124.68984738725436	3045.235095162087
11560-99			148.67747071818476	282.6752038810292	148.67747071818476	3328.033613391339
11590-1	23290.6886968766	106.1	156.36924618563617	516.6482683354386	156.36924618563617	820.8006995624329
11590-100	23290.6886968766	106.1	43.638659479885334	419.6639098942559	43.638659479885334	1666.1449765435764
11590-101	23290.6886968766	106.1	82.09535943355127	282.10001353365715	82.09535943355127	1050.8803095677504
11590-102	26669.650096006142	113.0	364.68709048629717	1123.7302169213938	364.68709048629717	2101.20263429321
11590-103	22409.591385048643	80.2	79.8876720293291	345.2510526135092	79.8876720293291	2147.0855720034183
11590-104	106947.13209165387	78.1	48.14210422656629	127.57429604270311	48.14210422656629	2188.792723881742
11590-105	26669.650096006142	113.0	608.78641296408	1118.2889989133562	608.78641296408	1949.7952859713855
11590-106	26669.650096006142	113.0	623.1949679433075	1007.5153619103554	623.1949679433075	1864.1035336519847
11590-107	28300.528885048643	93.3	615.5513396840098	546.6168838109198	546.6168838109198	2229.65614006261
11590-108	21228.567357910906	123.0	36.67688383686094	984.7695439392061	36.67688383686094	3586.6376937174177
11590-11	17903.696806195596	99.7	818.0890563193922	248.83978104335395	248.83978104335395	1947.4977023854708
11590-110	32338.5770609319	129.6	264.5670823523857	891.5954897105779	264.5670823523857	4227.533119621009
11590-111	21228.567357910906	123.0	180.84730100261916	1127.3896006356895	180.84730100261916	4696.394286526844
11590-112	53007.668830005125	129.2	141.51647278211095	1065.1439382586238	141.51647278211095	4720.936467938559
11590-113	28300.528885048643	93.3	353.8198465160744	360.17363115187123	353.8198465160744	1129.3702355823946
11590-114	28300.528885048643	93.3	356.9341363108835	375.8261953665664	356.9341363108835	1122.8971721946177
11590-115	13340.578885048642	78.5	203.5581310287977	207.07086114754173	203.5581310287977	1025.6350928694599
11590-116	13340.578885048642	78.5	120.25410822484005	162.87421675577278	120.25410822484005	938.5215285832294
11590-117	13340.578885048642	78.5	45.94600706493772	58.094769880444666	45.94600706493772	1000.5298925009785
11590-118	28300.528885048643	93.3	317.5974904226853	360.97038048121766	317.5974904226853	1159.0688842914894
11590-12	23290.6886968766	106.1	586.4031943305826	112.96858775142951	112.96858775142951	1857.595278612254
11590-121	17903.696806195596	99.7	628.6390802384616	153.82185660912126	153.82185660912126	1633.4331957528034
11590-123	23290.6886968766	106.1	383.2977539580042	566.8138444540475	383.2977539580042	1411.8042195863636
11590-125	28300.528885048643	93.3	478.6546324945552	651.2345816705127	478.6546324945552	1805.7246580587337
11590-126	23290.6886968766	106.1	465.0613837698966	93.91468741443475	93.91468741443475	1481.3607463669582
11590-127	26669.650096006142	113.0	312.3776563267619	618.7512644961968	312.3776563267619	1663.4894810170672
11590-128			257.07337634921527	677.4837479679406	257.07337634921527	642.8225595659527
11590-13	26669.650096006142	113.0	135.12090696225692	923.2272428892682	135.12090696225692	2501.273381979664
11590-130			236.26382322546633	792.8524345636337	236.26382322546633	572.7469541866832
11590-135			377.2144820979764	1143.960589988821	377.2144820979764	1238.5954421696285
11590-136			155.3903655124507	1124.7802963352149	155.3903655124507	3666.2349990937914
11590-137	26669.650096006142	113.0	28.295582176670205	945.2401906404933	28.295582176670205	2919.9730563370003
11590-138	21228.567357910906	123.0	529.3056538241112	1469.0139865722756	529.3056538241112	3353.827731284143
11590-139			146.47021560864937	565.9691036697722	146.47021560864937	192.8770366942227
11590-140	28300.528885048643	93.3	202.54409820804216	317.38878816790555	202.54409820804216	822.561551799965
11590-141	28300.528885048643	93.3	91.76210553294726	103.50031812862274	91.76210553294726	1392.1307822748545
11590-143	17903.696806195596	99.7	161.84481868468302	22.024930990849807	22.024930990849807	1136.346612160505
11590-144	53007.668830005125	129.2	473.0918941745639	782.7100013240587	473.0918941745639	4266.397891862625
11590-146	28300.528885048643	93.3	139.3169555276563	202.42503578631496	139.3169555276563	1371.4636445907145
11590-147	53007.668830005125	129.2	28.364101145258925	1080.4612448628304	28.364101145258925	4826.080278039733
11590-148	53007.668830005125	129.2	171.9229335241416	962.276986869129	171.9229335241416	4674.671134943037
11590-149	53007.668830005125	129.2	157.29892385810086	940.7512316763953	157.29892385810086	4684.561601830725
11590-15	26669.650096006142	113.0	78.66038276753876	994.8198393836158	78.66038276753876	2538.5274934053664
11590-150	21228.567357910906	123.0	464.3724655662587	911.888458348842	464.3724655662587	4277.46842995317
11590-155	23290.6886968766	106.1	190.35100732991134	498.67464736930805	190.35100732991134	1622.4048202223332
11590-156	26669.650096006142	113.0	145.50599511280916	638.141798873282	145.50599511280916	1789.7966717227873
11590-164	23290.6886968766	106.1	161.01338833021367	389.65575724038433	161.01338833021367	1236.7783219529442
11590-17	23290.6886968766	106.1	512.4291498228043	38.52392050115167	38.52392050115167	1702.8960114063023
11590-170			336.8154813788387	1038.6475205011398	336.8154813788387	3220.7472168250692
11590-171			336.8154813788387	1038.6475205011398	336.8154813788387	3220.7472168250692
11590-173			386.57471578560825	1202.4516475868077	386.57471578560825	3437.2708705221653
11590-18	26669.650096006142	113.0	91.93626607492043	965.8238665910008	91.93626607492043	2719.754585723279
11590-19	26669.650096006142	113.0	73.63896795855153	740.1723047102703	73.63896795855153	2575.748931573561
11590-193	135574.62505760367	144.6	136.64249735613532	1126.1511696213845	136.64249735613532	4738.8483066560475
11590-194			68.0027973463978	341.1307267505978	68.0027973463978	18.210735441359834
11590-2	17903.696806195596	99.7	272.5614903444205	151.73398287199035	151.73398287199035	695.1740148779184
11590-20	23290.6886968766	106.1	45.81300634666845	350.321303211205	45.81300634666845	1602.5195365016987
11590-204	28300.528885048643	93.3	118.91541966038785	120.04331122951322	118.91541966038785	1621.101306496136
11590-208	53007.668830005125	129.2	493.68101980821285	725.3215718321635	493.68101980821285	4034.6354840427894
11590-209	13340.578885048642	78.5	48.82707077118102	248.5923259640741	48.82707077118102	1535.0273544981637
11590-21	23290.6886968766	106.1	431.50025307106523	123.73655134115774	123.73655134115774	1714.5125463526401
11590-210	17903.696806195596	99.7	231.95394387859167	127.90746098135625	127.90746098135625	735.3539540820886
11590-212	26669.650096006142	113.0	74.15804139232988	716.6208597728294	74.15804139232988	2597.5617149048708
11590-213	26669.650096006142	113.0	98.13538454099775	688.3398410394117	98.13538454099775	2609.352814918546
11590-214	23290.6886968766	106.1	43.184456109222076	272.52568586597107	43.184456109222076	1529.6840880000404
11590-215	28300.528885048643	93.3	605.8229328546787	658.632263147441	605.8229328546787	1989.0047829376329
11590-216	28300.528885048643	93.3	648.4013502848	560.4951141363945	560.4951141363945	2203.631522658351
11590-217	28300.528885048643	93.3	720.9884700950437	653.4980928456462	653.4980928456462	2123.1512725795037
11590-218	28300.528885048643	93.3	756.3333548731634	622.4384637927486	622.4384637927486	2201.012393639113
11590-22	17903.696806195596	99.7	350.5120691203426	544.2754537001861	350.5120691203426	921.6459531571932
11590-220	26669.650096006142	113.0	82.98425513557208	785.4218132816369	82.98425513557208	2088.643549584449
11590-221	23290.6886968766	106.1	199.66908783761968	534.2392166893017	199.66908783761968	1653.1863686528227
11590-222	23290.6886968766	106.1	243.7653975135546	424.64602613503905	243.7653975135546	1497.317125729846
11590-223	23290.6886968766	106.1	114.70869671677693	294.87970700050823	114.70869671677693	1463.9779990204556
11590-224	23290.6886968766	106.1	236.88185016202178	348.7730219292535	236.88185016202178	1394.4479615935024
11590-225	23290.6886968766	106.1	218.69322837370893	326.39799666681085	218.69322837370893	1401.1594256657497
11590-227	23290.6886968766	106.1	191.90810661995485	503.50006567600417	191.90810661995485	1177.417145040065
11590-228	23290.6886968766	106.1	37.00905084414684	593.9118636556307	37.00905084414684	936.8188850667086
11590-23	23290.6886968766	106.1	920.7158323849977	88.3001283340121	88.3001283340121	2057.551281442471
11590-231	21228.567357910906	123.0	404.00641533115953	1345.211519554604	404.00641533115953	3264.7007541729945
11590-232	21228.567357910906	123.0	170.685237801219	863.061463266198	170.685237801219	3596.3432500886174
11590-233	21228.567357910906	123.0	303.3006093041401	910.3997048774249	303.3006093041401	3952.5550539836618
11590-234	21228.567357910906	123.0	346.45714499475304	969.2858495336882	346.45714499475304	4388.587096671699
11590-235	13340.578885048642	78.5	168.54914007315878	226.3860713156719	168.54914007315878	908.5093348273634
11590-236	28300.528885048643	93.3	413.8252609641758	98.50643368812473	98.50643368812473	2148.113863877727
11590-237	13340.578885048642	78.5	305.60885957163697	330.31304877220265	305.60885957163697	1889.5343581419372
11590-24			32.754243330952136	619.4051446239696	32.754243330952136	915.5295836330996
11590-25	26669.650096006142	113.0	98.24602157887215	620.8498876357577	98.24602157887215	1795.236815071519
11590-26	23290.6886968766	106.1	274.05845282386736	508.86543760521397	274.05845282386736	1568.8887773466904
11590-27	23290.6886968766	106.1	292.9049889866529	446.340244046472	292.9049889866529	1473.3874143988467
11590-28			106.62573080570716	1011.5891285286259	106.62573080570716	537.9272331890023
11590-2833			477.73256324076675	1137.1070110360226	477.73256324076675	3190.585456862452
11590-29			103.61156608451134	839.5397207192008	103.61156608451134	642.3341688465201
11590-3			250.72146929697158	439.34089593588493	250.72146929697158	327.2026962589574
11590-30			19.58034397587941	970.5794144846978	19.58034397587941	214.41657089188305
11590-31			23.109331450614434	1122.5603566439406	23.109331450614434	546.6072324379771
11590-32			212.36701507666157	1362.0167192537826	212.36701507666157	1552.0218371053138
11590-3276	21228.567357910906	123.0	235.82343050150328	1116.5102986977572	235.82343050150328	4200.333319318908
11590-3279	21228.567357910906	123.0	48.31150552052593	1087.303449976295	48.31150552052593	3621.7778976810014
11590-3281	13340.578885048642	78.5	152.57705722445866	217.5874595962761	152.57705722445866	1638.6074495408145
11590-3282			68.03124767345126	222.4415092174721	68.03124767345126	45.15078248575154
11590-3285	47950.73958653354	70.1	266.17461520435984	339.90423366944617	266.17461520435984	2548.0441293382883
11590-3291	23290.6886968766	106.1	222.9057537273644	463.14141383928535	222.9057537273644	804.6502774475356
11590-3294			284.26004829627584	887.8796127314123	284.26004829627584	2995.7875339804273
11590-3295	26669.650096006142	113.0	149.23612411469955	798.4092267725831	149.23612411469955	2645.7905939991597
11590-33			215.72173461915773	1677.2235032877247	215.72173461915773	1910.6815282814796
11590-3313	135574.62505760367	144.6	149.2242738786436	787.4373503171892	149.2242738786436	4608.274374895058
11590-3317	21228.567357910906	123.0	436.9682896728599	776.5154211249846	436.9682896728599	3994.208142828322
11590-3322	4648.0782066052225	66.8	178.46359513066633	428.52057284411006	178.46359513066633	2421.1122800507314
11590-3323			23.308695903977384	114.88748888709549	23.308695903977384	172.33112834930367
11590-3324	106369.11694828469	94.7	130.4825990699328	167.99276234376612	130.4825990699328	2427.043467803412
11590-3338			51.68741015177285	733.673615370154	51.68741015177285	861.5127880184584
11590-3339			66.24474435093283	762.4407024722151	66.24474435093283	858.8311203224545
11590-3349	28300.528885048643	93.3	298.10210507586737	396.1596623522598	298.10210507586737	1774.727495707898
11590-3351	106947.13209165387	78.1	90.7652324806531	54.079809758404885	54.079809758404885	2252.407775509306
11590-3356	28300.528885048643	93.3	678.6344323404614	607.2617102195571	607.2617102195571	2198.7358160401404
11590-3358	28300.528885048643	93.3	704.6473602175464	676.1333324232962	676.1333324232962	2232.394391818875
11590-3366			212.6300763880112	834.657557456229	212.6300763880112	501.264659122781
11590-3367	23290.6886968766	106.1	452.60665030044805	609.0902463526497	452.60665030044805	1512.4427608841524
11590-3369	21228.567357910906	123.0	398.28179849978744	498.0897311693684	398.28179849978744	3456.1746005367845
11590-3372	21228.567357910906	123.0	186.84128328465974	1218.6658514294588	186.84128328465974	4277.324176778945
11590-3382	28300.528885048643	93.3	352.63254296336726	355.532814973245	352.63254296336726	1132.4585971915844
11590-3387	28300.528885048643	93.3	214.66946618290885	388.8802532551746	214.66946618290885	1230.2175923697332
11590-3388	26669.650096006142	113.0	339.3915648484617	966.2884127233451	339.3915648484617	2012.8903202020183
11590-3394	26669.650096006142	113.0	134.00176960210007	673.9274651908299	134.00176960210007	2604.777681257791
11590-34			47.83643509540385	1371.4649759830015	47.83643509540385	1541.0441226814958
11590-3412	23290.6886968766	106.1	390.41127416609845	139.76856611114525	139.76856611114525	1399.7250177555838
11590-3418	28300.528885048643	93.3	128.07421766283665	431.3745141005898	128.07421766283665	1270.5454740091566
11590-3441	23290.6886968766	106.1	113.63159756872611	415.6958278657798	113.63159756872611	881.3918668753839
11590-35			664.0123583429456	1336.6033035314367	664.0123583429456	1976.0280715286017
11590-3500	13340.578885048642	78.5	155.43824300451962	202.5203895476166	155.43824300451962	926.2245075697334
11590-3577	23290.6886968766	106.1	233.25629900977341	157.4986595403631	157.4986595403631	1237.5745024858002
11590-3579	21228.567357910906	123.0	445.2420430643606	951.4709331685772	445.2420430643606	4415.435751012415
11590-36			57.02118363137239	1556.2723875097502	57.02118363137239	1722.9595666881698
11590-3643			674.7326516324031	1145.855686049667	674.7326516324031	2985.087603383065
11590-3669			33.62478284559167	1112.2468971595204	33.62478284559167	1106.3910873889831
11590-3671	28300.528885048643	93.3	783.569406248873	579.5106060182409	579.5106060182409	2149.125403129319
11590-3677	17903.696806195596	99.7	350.5120691203426	544.2754537001861	350.5120691203426	921.6459531571932
11590-37	4648.0782066052225	66.8	177.64726818622418	468.9421772979484	177.64726818622418	2470.060352731518
11590-3713			254.9769359193028	1335.0087250274516	254.9769359193028	1574.189398786466
11590-3714	17903.696806195596	99.7	45.32641548235984	256.9374641497889	45.32641548235984	1014.276683440536
11590-3742			372.6509197128542	314.4398928794092	314.4398928794092	423.43656033001116
11590-3743	28300.528885048643	93.3	439.0167458293739	120.66086842143514	120.66086842143514	1932.263215287458
11590-3744	23290.6886968766	106.1	675.8087345777546	49.63125144334519	49.63125144334519	1886.8913805457616
11590-3752	28300.528885048643	93.3	814.439937924915	522.4831775879429	522.4831775879429	2192.027129777444
11590-3754	17903.696806195596	99.7	784.6971704223648	291.94370282674373	291.94370282674373	1934.7017532946054
11590-3763	32338.5770609319	129.6	34.02610027289831	964.7038026602443	34.02610027289831	3873.32503969335
11590-3769			206.21192092295323	693.4916309607293	206.21192092295323	1049.942201306663
11590-3773			268.2631243002741	1501.8604402714423	268.2631243002741	1834.8794197992966
11590-38			573.7587991021863	1230.753867431218	573.7587991021863	3227.493239502581
11590-3828	21228.567357910906	123.0	120.30837176149548	1331.0366586488237	120.30837176149548	3858.968281892841
11590-3831			58.36065879858961	1018.3996552841407	58.36065879858961	395.16989016403505
11590-3842	28300.528885048643	93.3	24.17857469233472	56.93205955907234	24.17857469233472	1459.1768737753102
11590-3863			115.37912814953658	94.33068807628777	94.33068807628777	155.41522030677436
11590-3869	21228.567357910906	123.0	184.19896365330465	1410.9104573609077	184.19896365330465	3818.868952984801
11590-3873	28300.528885048643	93.3	792.8992021553786	565.5707520117804	565.5707520117804	2191.3787736908557
11590-3874	28300.528885048643	93.3	792.8992021553786	565.5707520117804	565.5707520117804	2191.3787736908557
11590-39	21228.567357910906	123.0	355.2524251804511	1511.856616603929	355.2524251804511	3655.2667196269326
11590-3954	26669.650096006142	113.0	104.94457999807616	711.8913041212194	104.94457999807616	2028.3536214278693
11590-3955	23290.6886968766	106.1	179.09102360107616	307.5439859109972	179.09102360107616	1340.0919373464717
11590-3964			52.420353273001744	326.19922465160545	52.420353273001744	79.54585597103508
11590-3965			305.31851506098405	1645.445101092384	305.31851506098405	1997.7367814928953
11590-3991	26669.650096006142	113.0	81.76045144897849	666.7648405439647	81.76045144897849	1959.396959004579
11590-4	23290.6886968766	106.1	222.9057537273644	463.14141383928535	222.9057537273644	804.6502774475356
11590-40	21228.567357910906	123.0	70.2111772989065	1010.3973690980678	70.2111772989065	3433.9425132671736
11590-4002			734.347904058335	988.9923386970454	734.347904058335	1652.639720803673
11590-4023			60.81485480535116	576.4432408922466	60.81485480535116	2732.9926191318314
11590-4078	26669.650096006142	113.0	479.71125414080876	457.7056995656145	457.7056995656145	2189.878130431289
11590-4095	21228.567357910906	123.0	558.5157005703139	1534.2449790030112	558.5157005703139	3401.6181166230836
11590-41	21228.567357910906	123.0	244.81214502918982	1132.1099219469252	244.81214502918982	4623.683565493882
11590-4206	23290.6886968766	106.1	260.26183270645987	238.790622877788	238.790622877788	1239.4210993142271
11590-43	21228.567357910906	123.0	233.4651197577872	706.9526252238969	233.4651197577872	3268.487354278377
11590-4302	135574.62505760367	144.6	36.07136205854237	648.7513395193835	36.07136205854237	4696.333268093744
11590-4322	21228.567357910906	123.0	17.89517415330251	954.1697985315809	17.89517415330251	3504.15239882811
11590-44			234.74638030497178	811.7974077677306	234.74638030497178	2921.962432238871
11590-4413			89.64640682579352	127.31192141042871	89.64640682579352	131.49480691999076
11590-4495	17903.696806195596	99.7	98.45294327161486	270.22767630854634	98.45294327161486	1068.5802334577857
11590-45	21228.567357910906	123.0	169.113008391895	829.2148437652991	169.113008391895	3543.3201989260315
11590-4502	53007.668830005125	129.2	27.369347734673028	1120.7909862815804	27.369347734673028	4834.599812234856
11590-4526	17903.696806195596	99.7	64.74428350275629	118.0887200064327	64.74428350275629	962.6851274571422
11590-4559	17903.696806195596	99.7	42.44512182190233	198.51384974453623	42.44512182190233	925.0113330272047
11590-4568	21228.567357910906	123.0	22.237969171827533	918.3256761173428	22.237969171827533	3247.283572700603
11590-4642	17903.696806195596	99.7	70.13743142060481	50.99056130784357	50.99056130784357	901.5782578296198
11590-47			413.2393403651951	1147.628944018748	413.2393403651951	3309.440277137084
11590-4728	28300.528885048643	93.3	269.2592889746073	486.2412342228249	269.2592889746073	1670.3895679973841
11590-4792			131.37251800823825	738.1318700719391	131.37251800823825	939.5308768573378
11590-4827	21228.567357910906	123.0	408.31626147685193	1547.4119385896547	408.31626147685193	3605.1382247221554
11590-4875			602.0875753615445	1063.9536840366566	602.0875753615445	1605.5024534828137
11590-4876			56.1713969407216	1253.673436454802	56.1713969407216	1357.7038110687743
11590-4879	23290.6886968766	106.1	47.47277623799312	212.72653315745404	47.47277623799312	1048.5478409227353
11590-49			465.0571919348066	1338.8516217612537	465.0571919348066	3529.1712040603543
11590-4933	23290.6886968766	106.1	233.95564307557675	690.1218847577895	233.95564307557675	1084.7185365511477
11590-4948	26669.650096006142	113.0	63.08767025972888	926.7074958436216	63.08767025972888	2838.155922602085
11590-4973			108.20340995515934	141.71746827432023	108.20340995515934	147.78683927820666
11590-4993	23290.6886968766	106.1	305.0426917854052	33.93492378646196	33.93492378646196	1502.5845834930292
11590-5			322.69506904210823	585.9176457009254	322.69506904210823	471.0956942111515
11590-50	21228.567357910906	123.0	20.848710116138342	901.108185195943	20.848710116138342	3170.817011803583
11590-5016			257.22570138290183	796.6094808547036	257.22570138290183	2852.421366739812
11590-5026	28300.528885048643	93.3	159.598337980249	246.68884840153936	159.598337980249	1634.4196718596845
11590-5033	13340.578885048642	78.5	28.036882334811857	68.7410369113036	28.036882334811857	971.4877941345028
11590-5037			58.19193594148036	389.5482906826171	58.19193594148036	2463.9885795271675
11590-5055	106947.13209165387	78.1	72.2127111054822	232.19545239492615	72.2127111054822	2083.0186545194288
11590-5076	21228.567357910906	123.0	335.1451539441249	874.5271850277168	335.1451539441249	3941.1359910224596
11590-51	21228.567357910906	123.0	267.8667754196409	1006.8470458143773	267.8667754196409	4065.983117699777
11590-5152			584.2825527608645	1385.2896713898788	584.2825527608645	1966.4999544922543
11590-5176	28300.528885048643	93.3	22.187257267035946	323.36663630342554	22.187257267035946	1498.264810372477
11590-5184	17903.696806195596	99.7	613.7791484280019	339.03577911131475	339.03577911131475	1724.310848011333
11590-5186			52.28663178034934	39.7684062715821	39.7684062715821	92.83736225600737
11590-5189	17903.696806195596	99.7	613.7791484280019	339.03577911131475	339.03577911131475	1724.310848011333
11590-52	21228.567357910906	123.0	256.8961203997685	1300.233295696951	256.8961203997685	3650.334477685977
11590-5207	28300.528885048643	93.3	119.69920539993144	32.80456601965309	32.80456601965309	1603.7223516163256
11590-53	21228.567357910906	123.0	256.8961203997685	1300.233295696951	256.8961203997685	3650.334477685977
11590-54	21228.567357910906	123.0	291.1052092288826	1230.372921130632	291.1052092288826	3405.979533242839
11590-55	21228.567357910906	123.0	114.87919012918168	851.6812910831339	114.87919012918168	3492.7041094483493
11590-56	21228.567357910906	123.0	274.2458135589809	738.1894010237467	274.2458135589809	3560.234928438231
11590-57			230.58889945142624	504.40780396915613	230.58889945142624	633.3694130258004
11590-59			134.34173294253128	322.5329355491873	134.34173294253128	370.741274330005
11590-6	23290.6886968766	106.1	265.3468529163598	496.66474143138055	265.3468529163598	784.3153456159836
11590-60			151.25028125955842	602.5120843090656	151.25028125955842	194.46371473626542
11590-6091	28300.528885048643	93.3	573.3836916466645	196.01007806977384	196.01007806977384	2078.383289068366
11590-61			25.096508360997195	298.9605217879521	25.096508360997195	52.979182347410955
11590-6105	32338.5770609319	129.6	55.49623243174242	756.7713817604736	55.49623243174242	4068.6950737231946
11590-6106	17903.696806195596	99.7	31.152247639759526	125.674703620743	31.152247639759526	935.9891008349945
11590-6122			70.74345908071369	198.34546089217343	70.74345908071369	108.99591739627616
11590-63			361.1080406218271	545.4002441488153	361.1080406218271	394.0683749759607
11590-64			34.95425799847498	309.3416696421836	34.95425799847498	64.56742554510946
11590-65			261.982974201194	558.4484799134977	261.982974201194	297.5286627030524
11590-66	22409.591385048643	80.2	22.6745025517316	246.77759474053673	22.6745025517316	2088.3452710285214
11590-67	106369.11694828469	94.7	94.97824893007585	104.40598959180844	94.97824893007585	2465.688570011316
11590-68	13340.578885048642	78.5	141.3795836698696	156.58175743656176	141.3795836698696	1768.7239086016375
11590-69	106369.11694828469	94.7	72.21394148630017	73.996586553213	72.21394148630017	2488.142053582331
11590-70	106369.11694828469	94.7	135.80755020977412	139.2265528118951	135.80755020977412	2423.607569187495
11590-71	28300.528885048643	93.3	263.081265394935	126.67588914681427	126.67588914681427	2295.4195829891887
11590-72	13340.578885048642	78.5	221.81265618095273	228.03073331804973	221.81265618095273	2337.0007517570307
11590-73	13340.578885048642	78.5	275.8746779672642	281.3626875658472	275.8746779672642	2282.262041861116
11590-74	28300.528885048643	93.3	342.41763229537713	38.31761320539152	38.31761320539152	1823.5541351837464
11590-75	13340.578885048642	78.5	356.55095846215596	326.1742843443193	326.1742843443193	1833.8451191925362
11590-76	47950.73958653354	70.1	258.60595134402104	276.2355477378785	258.60595134402104	2546.10957871029
11590-77	28300.528885048643	93.3	212.571914920326	162.47115474414915	162.47115474414915	2344.7817852138264
11590-78	13340.578885048642	78.5	99.41190009574919	299.29415232325965	99.41190009574919	2105.7089887062666
11590-79	22409.591385048643	80.2	12.866341967928983	266.3913038025223	12.866341967928983	2124.7118050774757
11590-8	26669.650096006142	113.0	28.448485213356733	852.8582725611128	28.448485213356733	2057.1927865917914
11590-80	28300.528885048643	93.3	495.697623979078	216.06028684061974	216.06028684061974	1970.6622362334926
11590-81	47950.73958653354	70.1	62.63235470701814	211.70979751759734	62.63235470701814	2448.2417947851773
11590-82	106369.11694828469	94.7	148.9100364811809	156.93004962532945	148.9100364811809	2410.535067461544
11590-83	13340.578885048642	78.5	165.76503969082995	369.6560214910442	165.76503969082995	2174.7792416788475
11590-84			68.70456944228374	501.75459749503005	68.70456944228374	103.89800220241781
11590-85	26669.650096006142	113.0	213.86351623015506	764.8499889183063	213.86351623015506	2450.3848000807416
11590-86	21228.567357910906	123.0	46.61154374313347	1039.9431533190755	46.61154374313347	3544.6272278608812
11590-87			422.01845185954136	1224.7909297298381	422.01845185954136	3425.8478544588743
11590-88			477.73256324076675	1137.1070110360226	477.73256324076675	3190.585456862452
11590-89			592.9196352368139	1272.7648830966557	592.9196352368139	3282.5946170856773
11590-9	23290.6886968766	106.1	156.36924618563617	516.6482683354386	156.36924618563617	820.8006995624329
11590-90	47950.73958653354	70.1	43.876652043030184	109.93016051794044	43.876652043030184	2299.0279055363253
11590-91	17903.696806195596	99.7	593.2951479269805	658.3463123094385	593.2951479269805	633.2892113877999
11590-92	13340.578885048642	78.5	19.909026799968238	230.78414277856137	19.909026799968238	804.0646063431294
11590-93			126.22015637351807	542.1592134520627	126.22015637351807	162.41199841797985
11590-94			57.670559575919555	379.02298858997807	57.670559575919555	87.47016034649585
11590-95			334.6493300854206	878.9656526532598	334.6493300854206	2892.6505805204933
11590-96			153.7260162934783	914.606040946684	153.7260162934783	869.7246717162258
11590-97	21228.567357910906	123.0	541.6678218077473	1483.1920652037988	541.6678218077473	3311.68518758027
11590-98	53007.668830005125	129.2	224.08818338549779	827.1052437288081	224.08818338549779	4578.239458565987
11590-99	28300.528885048643	93.3	214.66946618290885	388.8802532551746	214.66946618290885	1230.2175923697332
11620-1	88623.79087301588	119.1	59.68412569568255	398.9191751975071	59.68412569568255	4397.601577829964
11620-10	53007.668830005125	129.2	86.61447868263191	187.82146389982012	86.61447868263191	4376.5643897109485
11620-100	106369.11694828469	94.7	1427.411038745458	527.9007773547243	527.9007773547243	3296.5826745195445
11620-101	106369.11694828469	94.7	1416.6742583748253	125.76883237767977	125.76883237767977	2549.3117190372836
11620-102	26669.650096006142	113.0	244.12597503862133	539.8271556934978	244.12597503862133	3106.064666904345
11620-103	135574.62505760367	144.6	332.5018069492513	1294.5729625597728	332.5018069492513	5360.112273194507
11620-104	47950.73958653354	70.1	239.8669289594082	205.20773779315735	205.20773779315735	2407.1425499263596
11620-105	47950.73958653354	70.1	128.22844226900386	93.72118143958777	93.72118143958777	2428.39497754843
11620-106	45939.43330773169	106.5	400.01163008525447	61.34086203977286	61.34086203977286	3114.3949700574485
11620-108	47950.73958653354	70.1	363.36095926768354	71.53982394001561	71.53982394001561	2438.6306888367026
11620-11	45939.43330773169	106.5	61.671200778059465	269.8336024191967	61.671200778059465	3342.8104642901317
11620-110	26669.650096006142	113.0	42.69459471700354	376.3252971146722	42.69459471700354	2996.824254929575
11620-111	53007.668830005125	129.2	331.98821468806335	393.9900792757453	331.98821468806335	3820.216013310598
11620-112	53007.668830005125	129.2	230.7710195807558	402.27916361902567	230.7710195807558	4195.87608030421
11620-113	53007.668830005125	129.2	193.1956469012351	389.25576768428834	193.1956469012351	4237.626086387653
11620-114	53007.668830005125	129.2	95.81883719085032	1347.2438396858179	95.81883719085032	5500.199467128448
11620-115	88623.79087301588	119.1	308.4011830128689	147.68875841662708	147.68875841662708	3265.936766858682
11620-116	88623.79087301588	119.1	537.1826571833943	80.15979526574696	80.15979526574696	3016.737272138062
11620-117	106369.11694828469	94.7	350.14510195800244	439.53053903253823	350.14510195800244	2581.7985021934096
11620-118	28300.528885048643	93.3	589.1399920010693	612.8096362488814	589.1399920010693	2293.2791600432197
11620-119	88623.79087301588	119.1	31.285404604966757	252.65579300603275	31.285404604966757	3706.0173431834837
11620-12	106369.11694828469	94.7	78.35089249930341	134.76988154273377	78.35089249930341	2479.3875416010524
11620-120	45939.43330773169	106.5	232.0196968383344	50.991844909403355	50.991844909403355	3804.350458664842
11620-121	106369.11694828469	94.7	290.050042247042	363.56431617292833	290.050042247042	2657.2142000649733
11620-122	45939.43330773169	106.5	183.65713607129592	153.5414151409531	153.5414151409531	3660.3055487047463
11620-123	45939.43330773169	106.5	258.325816036019	305.84666780459895	258.325816036019	3625.108745325741
11620-126	88623.79087301588	119.1	22.738679166409543	483.7144725384265	22.738679166409543	4488.565959700915
11620-127	88623.79087301588	119.1	94.81898396924389	118.67595756888436	94.81898396924389	4097.463847892175
11620-128	88623.79087301588	119.1	46.2902479415144	97.79410752624968	46.2902479415144	3905.2134628553426
11620-129	88623.79087301588	119.1	127.11246776444628	150.6000800479054	127.11246776444628	4112.910557494091
11620-13	45939.43330773169	106.5	222.61653773028905	324.2514637834638	222.61653773028905	3592.305166090205
11620-130	88623.79087301588	119.1	120.52155952372924	189.14748809265532	120.52155952372924	4168.370040802189
11620-131	88623.79087301588	119.1	161.12152728127768	347.8515408081067	161.12152728127768	4327.153814295032
11620-132	88623.79087301588	119.1	192.85825181158498	373.9734582588207	192.85825181158498	4343.37010128346
11620-133	88623.79087301588	119.1	253.99482556916806	389.91354961538946	253.99482556916806	4408.582291431093
11620-135	88623.79087301588	119.1	293.32280493988026	225.04756116739256	225.04756116739256	4266.018155505952
11620-136	88623.79087301588	119.1	202.80366729948148	134.37894454373588	134.37894454373588	4185.26545417332
11620-138	53007.668830005125	129.2	106.93307045655447	278.62316497730535	106.93307045655447	4452.729578945341
11620-139	53007.668830005125	129.2	118.7648007378059	908.8302908990967	118.7648007378059	4895.790773961954
11620-14	28300.528885048643	93.3	548.2497695398837	22.051843371968484	22.051843371968484	2030.4564232987505
11620-140	53007.668830005125	129.2	52.972563702212064	1009.6656463821517	52.972563702212064	4891.290165883729
11620-141	88623.79087301588	119.1	120.62156881130562	203.0442432213841	120.62156881130562	3922.35197094972
11620-142	53007.668830005125	129.2	56.77599308364159	700.0559432772851	56.77599308364159	4630.391609091898
11620-144	88623.79087301588	119.1	537.2715781838501	81.19119026092294	81.19119026092294	3032.658022604015
11620-145	45939.43330773169	106.5	526.6079854889846	110.76303484077556	110.76303484077556	2908.197439508716
11620-146	45939.43330773169	106.5	1014.5914528749124	20.952525515727462	20.952525515727462	3638.759261913773
11620-147	45939.43330773169	106.5	1010.0710046275877	20.60565695181241	20.60565695181241	3622.875993589085
11620-148	47950.73958653354	70.1	856.4609013608787	419.2699117159249	419.2699117159249	2176.9079123508322
11620-15	45939.43330773169	106.5	305.92132290271576	196.44501185564982	196.44501185564982	2842.853484536947
11620-157	45939.43330773169	106.5	705.9280169962321	71.22086045676117	71.22086045676117	3476.731503195664
11620-158	135574.62505760367	144.6	120.96255348564539	589.4473319582963	120.96255348564539	5133.710620057517
11620-159	135574.62505760367	144.6	258.54537278846016	719.3288505987933	258.54537278846016	5183.548117638825
11620-16	45939.43330773169	106.5	191.22684143904564	20.01801305528992	20.01801305528992	3077.4207040371884
11620-160	135574.62505760367	144.6	185.46469713939342	642.0902221264731	185.46469713939342	5126.754600055677
11620-161	135574.62505760367	144.6	122.48938211307008	584.6202298761705	122.48938211307008	5113.8290180934055
11620-162	135574.62505760367	144.6	118.82844567395713	595.6886720072367	118.82844567395713	5155.86448831735
11620-163	135574.62505760367	144.6	116.97744683675195	602.0463455980134	116.97744683675195	5174.11118184465
11620-164	135574.62505760367	144.6	216.12073372946526	706.7514544027905	216.12073372946526	5244.122458201878
11620-166	135574.62505760367	144.6	228.80554609569785	919.9181856198547	228.80554609569785	5354.770236192208
11620-167	135574.62505760367	144.6	153.37314660643833	668.2125697214068	153.37314660643833	5257.099824764453
11620-168	53007.668830005125	129.2	72.2937629225458	1121.5659622886633	72.2937629225458	4933.901217016485
11620-169	53007.668830005125	129.2	90.55190646549582	1133.1584060318553	90.55190646549582	4952.189105430655
11620-17	88623.79087301588	119.1	34.35506590163614	245.1478136712337	34.35506590163614	4245.761455439079
11620-170	53007.668830005125	129.2	134.9761656138468	1155.648419597506	134.9761656138468	4995.26280032534
11620-171	135574.62505760367	144.6	88.10136552439532	1202.7747846645975	88.10136552439532	4965.297152055707
11620-173	135574.62505760367	144.6	349.3210098063141	1234.9500871963571	349.3210098063141	5214.689978181742
11620-174	135574.62505760367	144.6	332.8412150257439	1212.7885757127526	332.8412150257439	5202.347695324987
11620-175	135574.62505760367	144.6	315.1903013429116	1189.609642681601	315.1903013429116	5188.586681383744
11620-176	135574.62505760367	144.6	302.7208757606252	1174.4384478596185	302.7208757606252	5178.557215234336
11620-178	135574.62505760367	144.6	266.27583513422354	1243.3230608264762	266.27583513422354	5130.908799551609
11620-179	135574.62505760367	144.6	296.0049739315072	809.439664445051	296.0049739315072	5064.642440006377
11620-1794	88623.79087301588	119.1	133.48372471486968	333.3828166518101	133.48372471486968	4321.851391568304
11620-18	88623.79087301588	119.1	194.4756156066159	89.22955412904004	89.22955412904004	3841.371766250367
11620-180	135574.62505760367	144.6	292.31606807431456	779.1909930651418	292.31606807431456	5057.484785588407
11620-181	88623.79087301588	119.1	65.44890440490914	298.71314401823514	65.44890440490914	3081.277430529122
11620-182	106369.11694828469	94.7	209.8103532566968	193.09643508898066	193.09643508898066	2790.0943577947087
11620-183	106947.13209165387	78.1	161.0969698533435	250.16000762217718	161.0969698533435	2109.2550037132673
11620-185	53007.668830005125	129.2	319.48350075911276	809.3796682212811	319.48350075911276	4950.342727576986
11620-186	53007.668830005125	129.2	174.35573131253253	1127.5899521838617	174.35573131253253	5318.616956953037
11620-187	53007.668830005125	129.2	173.96978947908687	1095.8430391685508	173.96978947908687	5293.978892047729
11620-188	53007.668830005125	129.2	130.4887264746994	1096.8182116707594	130.4887264746994	5305.74289258706
11620-189	45939.43330773169	106.5	173.50680789958423	86.43988184061028	86.43988184061028	2947.702058943908
11620-19	88623.79087301588	119.1	222.9050637723542	194.62480892913595	194.62480892913595	3316.4848824675964
11620-190	28300.528885048643	93.3	595.3639597732381	630.5966366854979	595.3639597732381	2296.556251828272
11620-191	88623.79087301588	119.1	143.42589191755	172.51882580645915	143.42589191755	4128.83143678085
11620-192	26669.650096006142	113.0	838.7954409109486	133.3307236464767	133.3307236464767	2421.1039976740108
11620-193	45939.43330773169	106.5	427.54125064095217	178.67016606325004	178.67016606325004	4416.575275635075
11620-194	47950.73958653354	70.1	56.40702383548304	21.41884669292737	21.41884669292737	2630.571560201844
11620-196			1490.5056349389283	56.44352168701116	56.44352168701116	2391.850975295627
11620-197	47950.73958653354	70.1	829.4001971622115	134.5568888429011	134.5568888429011	2461.4722290249324
11620-198	135574.62505760367	144.6	270.0555905908627	742.9235380307359	270.0555905908627	5230.145746820885
11620-199	135574.62505760367	144.6	244.31736501204333	829.7106403205502	244.31736501204333	5308.021752463438
11620-2	88623.79087301588	119.1	27.87288353627872	194.83684177570356	27.87288353627872	4195.575348732625
11620-201	135574.62505760367	144.6	61.42520946784215	723.9276998915972	61.42520946784215	4827.225872247733
11620-203	135574.62505760367	144.6	192.7908798876015	958.1657288436184	192.7908798876015	5011.681054792448
11620-204	135574.62505760367	144.6	392.3410368561105	1042.593775383807	392.3410368561105	5222.338309992617
11620-2044	28300.528885048643	93.3	263.05915138421767	126.70586254465161	126.70586254465161	2295.440422760366
11620-205	135574.62505760367	144.6	369.5358218964085	1216.8730815608774	369.5358218964085	5337.263328329444
11620-21	88623.79087301588	119.1	415.8689940706876	423.28623348907036	415.8689940706876	3603.5722440239224
11620-22	53007.668830005125	129.2	223.7969526607385	918.520190976918	223.7969526607385	5130.602714405748
11620-23	53007.668830005125	129.2	351.27159468400407	858.3068515642755	351.27159468400407	5045.374005623788
11620-24	53007.668830005125	129.2	119.90086429897173	1114.2686713619592	119.90086429897173	5340.353958098449
11620-25	26669.650096006142	113.0	283.44073030873176	318.33354123779026	283.44073030873176	2921.4912606601765
11620-26	28300.528885048643	93.3	407.1810665766903	179.98617322167323	179.98617322167323	2231.4628905142145
11620-27	106369.11694828469	94.7	130.4825990699328	167.99276234376612	130.4825990699328	2427.043467803412
11620-28	26669.650096006142	113.0	154.4823920590381	944.3544430119168	154.4823920590381	2674.0846254913013
11620-29	53007.668830005125	129.2	246.38128192185908	721.5984014851413	246.38128192185908	4850.8054403417445
11620-30	45939.43330773169	106.5	418.33854392365464	18.856700392864035	18.856700392864035	3876.388506095277
11620-31	88623.79087301588	119.1	48.0517589663237	489.83676146011726	48.0517589663237	4495.919754902978
11620-32	53007.668830005125	129.2	87.22526013519604	905.7631954930837	87.22526013519604	4872.47827852931
11620-33	53007.668830005125	129.2	50.67398087307591	657.6724299763699	50.67398087307591	4602.788343113913
11620-34	88623.79087301588	119.1	140.75442323962668	473.4176170471449	140.75442323962668	4466.272157642065
11620-35	88623.79087301588	119.1	64.80021565731376	414.83280097985005	64.80021565731376	4419.451475926752
11620-37	47950.73958653354	70.1	489.51938562266025	57.54695151606759	57.54695151606759	2269.1464822319895
11620-38	106369.11694828469	94.7	1166.9032048950053	190.2881362603724	190.2881362603724	2523.5283001215666
11620-39	45939.43330773169	106.5	241.85900809698566	402.98682963912034	241.85900809698566	4382.071357675806
11620-3965	88623.79087301588	119.1	304.28031056128856	305.9159133276978	304.28031056128856	3543.19775595666
11620-3983	45939.43330773169	106.5	39.659467421286	343.1692974834124	39.659467421286	3451.0999986195034
11620-4	26669.650096006142	113.0	325.8298997812702	394.90422334741805	325.8298997812702	2804.2428765089867
11620-40	106369.11694828469	94.7	522.0630659606709	155.79759250143687	155.79759250143687	3733.167180776201
11620-4027	53007.668830005125	129.2	54.86645290891785	679.4593122724021	54.86645290891785	4616.1021456873
11620-4046	47950.73958653354	70.1	792.3700550117672	264.4397022519326	264.4397022519326	2334.949593525252
11620-4049	106947.13209165387	78.1	87.79190525557065	265.47745861742635	87.79190525557065	1461.811798746307
11620-41	45939.43330773169	106.5	334.4123604411023	280.8429377408573	280.8429377408573	4428.566312058096
11620-42	45939.43330773169	106.5	547.8783061221361	242.73959482987928	242.73959482987928	4198.601478328067
11620-4215	53007.668830005125	129.2	167.02209014615545	1116.8567760604728	167.02209014615545	5312.489079571252
11620-4225	45939.43330773169	106.5	193.27110813922818	94.21018847381605	94.21018847381605	3167.892629607725
11620-4227	53007.668830005125	129.2	25.413645087032485	965.1733696208407	25.413645087032485	4853.295274876804
11620-4230	53007.668830005125	129.2	50.542473789214796	826.7173151759517	50.542473789214796	4720.391609523629
11620-4231	53007.668830005125	129.2	40.739148939320835	1227.8758044502788	40.739148939320835	5435.36064975499
11620-4232	88623.79087301588	119.1	347.46194901463963	349.57244615966	347.46194901463963	3625.7848784964845
11620-4233	106369.11694828469	94.7	181.94721239515994	34.89125409468525	34.89125409468525	3400.5294773509604
11620-4238	47950.73958653354	70.1	588.5286569606244	52.03305369486912	52.03305369486912	2629.9270922234373
11620-4246	45939.43330773169	106.5	832.8678455234793	17.222421332720955	17.222421332720955	3404.3826034729314
11620-4249	135574.62505760367	144.6	384.58597221271435	1321.2431807995613	384.58597221271435	5302.313889588615
11620-4273	88623.79087301588	119.1	32.22680065564942	152.16772476977033	32.22680065564942	3659.085380492554
11620-4291	135574.62505760367	144.6	239.30275217066193	850.0630770362236	239.30275217066193	5319.663184851111
11620-4298	45939.43330773169	106.5	735.8343297004897	381.4444151113434	381.4444151113434	4246.618048708229
11620-43	106369.11694828469	94.7	875.9008266687098	105.00019338854231	105.00019338854231	2985.163470554709
11620-4300	47950.73958653354	70.1	579.430440284515	72.82020674627694	72.82020674627694	2651.3536240455587
11620-4307	47950.73958653354	70.1	976.5905834052325	168.14894273521006	168.14894273521006	2462.380674849936
11620-4308	88623.79087301588	119.1	123.89025205181801	347.1765113007376	123.89025205181801	4339.385588192875
11620-4322	135574.62505760367	144.6	397.4297904016619	1123.4644562672236	397.4297904016619	5299.843034205329
11620-4326	88623.79087301588	119.1	145.46838219465266	111.85653524100087	111.85653524100087	3671.1892230979997
11620-4327	53007.668830005125	129.2	26.937815654458493	686.1672461431507	26.937815654458493	4643.221550475478
11620-4331	135574.62505760367	144.6	295.2637776055308	782.9957337591928	295.2637776055308	5250.379271649496
11620-4336	28300.528885048643	93.3	209.50765962627068	124.10742744381335	124.10742744381335	2349.3306852191213
11620-4340	88623.79087301588	119.1	127.26358250707041	136.02185419077318	127.26358250707041	3165.586958299117
11620-4341	45939.43330773169	106.5	398.8284217746038	115.97902205596594	115.97902205596594	3964.9406107713094
11620-4342	53007.668830005125	129.2	28.78849248544032	704.0753626006456	28.78849248544032	4655.414623621663
11620-4343	135574.62505760367	144.6	331.7874564001945	779.4148435579222	331.7874564001945	5155.582656589534
11620-4344	45939.43330773169	106.5	362.25280002962	79.26808712947457	79.26808712947457	3943.816680551635
11620-4347			1156.6123923497676	66.52655396737624	66.52655396737624	2364.5724229585558
11620-4348			1336.0005565412396	141.10373916490454	141.10373916490454	2479.5700270864
11620-4349			1316.5981315536092	63.98492992907913	63.98492992907913	2335.191401841591
11620-4351	106369.11694828469	94.7	1048.5835879797999	444.02803164315344	444.02803164315344	3161.6036487238302
11620-4353	88623.79087301588	119.1	191.63718918889813	64.05967337095866	64.05967337095866	3279.470665616689
11620-4356	88623.79087301588	119.1	304.4420937213988	21.18590056591644	21.18590056591644	3919.2401069451175
11620-4360	53007.668830005125	129.2	226.20479595163962	1206.8834604850133	226.20479595163962	5084.068601652523
11620-4362	88623.79087301588	119.1	152.1525200801875	435.5448196281474	152.1525200801875	4423.879659954996
11620-4366	53007.668830005125	129.2	84.24618301517329	689.1414345538374	84.24618301517329	4599.543392752493
11620-4371	88623.79087301588	119.1	264.25501060060463	35.802799764616594	35.802799764616594	3226.253926057368
11620-4378	88623.79087301588	119.1	40.93031037937457	182.30463304400908	40.93031037937457	3849.3843089301836
11620-4379	88623.79087301588	119.1	37.926753365613486	129.7679847871797	37.926753365613486	3899.6554886125987
11620-4396	45939.43330773169	106.5	314.5461915763204	23.14698214106188	23.14698214106188	3049.6934516782135
11620-44	45939.43330773169	106.5	447.2354547759288	537.0356390251598	447.2354547759288	3961.3020245541807
11620-4416	53007.668830005125	129.2	88.72505499115478	717.0957576174116	88.72505499115478	4617.59835177301
11620-4417	45939.43330773169	106.5	46.6564042074168	247.98495930381458	46.6564042074168	3276.689702418815
11620-4419	88623.79087301588	119.1	242.37758222438882	36.60374829784308	36.60374829784308	3236.545519418827
11620-4449	106369.11694828469	94.7	1283.3004532936297	233.00501770324854	233.00501770324854	2465.770952937904
11620-4460	53007.668830005125	129.2	406.22792203167194	1291.1915745723697	406.22792203167194	5252.466195537099
11620-4467	53007.668830005125	129.2	113.3046855290187	719.7211544150147	113.3046855290187	4599.002202126992
11620-45	45939.43330773169	106.5	160.6185580429209	136.77813557037808	136.77813557037808	4640.569652524823
11620-4509	45939.43330773169	106.5	481.1014966335967	68.34867832865736	68.34867832865736	2953.311234573376
11620-4516	88623.79087301588	119.1	245.01882989050267	63.76106863402243	63.76106863402243	3255.6717386875025
11620-4517	88623.79087301588	119.1	218.93029813080813	63.28959918764832	63.28959918764832	3266.8261745347468
11620-4520	106369.11694828469	94.7	1609.204379143544	32.49206881355881	32.49206881355881	2439.7305635232997
11620-4521	106369.11694828469	94.7	1584.4344448935328	19.533386809077246	19.533386809077246	2409.770529267229
11620-4533	88623.79087301588	119.1	134.3208543050689	200.3598965228104	134.3208543050689	3116.4441376885484
11620-4534	88623.79087301588	119.1	425.769219012673	478.45401774739696	425.769219012673	3529.558298368299
11620-4535	45939.43330773169	106.5	252.34829501383442	95.06850544975617	95.06850544975617	3213.792773032744
11620-4536	26669.650096006142	113.0	670.0990771808355	312.85062244600385	312.85062244600385	2575.8860731186505
11620-4537	26669.650096006142	113.0	235.64793591291408	568.5673069597094	235.64793591291408	3028.9541210212055
11620-4538	45939.43330773169	106.5	834.0442572931934	105.41886255385324	105.41886255385324	2486.8245681934986
11620-4540			1455.337263985152	45.21183183454458	45.21183183454458	2361.636328340279
11620-4543	45939.43330773169	106.5	204.78244166056118	78.20269189596466	78.20269189596466	3771.1861583043774
11620-4549	88623.79087301588	119.1	482.97872268391956	30.501647390534416	30.501647390534416	3093.6465858840033
11620-4551	106947.13209165387	78.1	234.65834686876377	210.50243150024824	210.50243150024824	2114.9934424252187
11620-4553	53007.668830005125	129.2	373.0323749450808	748.6535920112992	373.0323749450808	4927.168331591355
11620-4558	88623.79087301588	119.1	35.98402570622283	58.34667476128463	35.98402570622283	3595.5105238965934
11620-4562	135574.62505760367	144.6	158.44999029048395	640.5078501136178	158.44999029048395	5190.925514070809
11620-4565	47950.73958653354	70.1	99.63793608376525	64.68248305117609	64.68248305117609	2357.9854683199655
11620-4567	45939.43330773169	106.5	75.43262648455766	291.61802596138966	75.43262648455766	3526.1500000535175
11620-4568	45939.43330773169	106.5	77.12050885310195	270.2844559565417	77.12050885310195	3539.939597487792
11620-4569	45939.43330773169	106.5	104.55211073941229	274.58790191502527	104.55211073941229	3551.1795187969756
11620-4570	45939.43330773169	106.5	105.33286021173447	252.5044655402449	105.33286021173447	3564.4905959037756
11620-4571	45939.43330773169	106.5	105.79161144588271	297.8403783537507	105.79161144588271	3538.0878848212033
11620-4572	45939.43330773169	106.5	77.05979154534039	311.24787415565976	77.05979154534039	3514.761271599853
11620-4573	88623.79087301588	119.1	80.51099645449361	80.72053732681367	80.51099645449361	4032.0957133609154
11620-4583	47950.73958653354	70.1	66.8411556615997	29.998876517559335	29.998876517559335	2587.063413430134
11620-46	106947.13209165387	78.1	1117.8727057668498	641.1579737400326	641.1579737400326	1987.7752326591196
11620-4609	135574.62505760367	144.6	360.5279035080899	1079.7770861710555	360.5279035080899	5209.908193549691
11620-4610	106369.11694828469	94.7	291.10458579015545	229.78219743956123	229.78219743956123	2879.5746405992263
11620-4684	106369.11694828469	94.7	215.3991722861719	80.60155021797368	80.60155021797368	3041.701506098383
11620-4694	88623.79087301588	119.1	47.66601543455492	203.75516852528767	47.66601543455492	3747.4939799879426
11620-47	106369.11694828469	94.7	887.5879603150233	50.462997081519084	50.462997081519084	3382.971721015912
11620-4703	88623.79087301588	119.1	23.137400440094076	365.40887346176	23.137400440094076	4369.59175468757
11620-4719	47950.73958653354	70.1	61.832223785396174	21.696480216082627	21.696480216082627	2799.6472786049035
11620-4720	88623.79087301588	119.1	36.98461819705012	241.51941566341847	36.98461819705012	3721.6257518306215
11620-4732	106369.11694828469	94.7	112.51761497738953	52.44235176436288	52.44235176436288	2859.4033966565025
11620-4759	106369.11694828469	94.7	63.815740111145175	134.60275903876075	63.815740111145175	2859.243537492629
11620-4780	106369.11694828469	94.7	169.96493392937793	110.67641667614971	110.67641667614971	3046.1095562491782
11620-4792	88623.79087301588	119.1	56.635919970119716	130.61728588236133	56.635919970119716	3865.867285320703
11620-4794	45939.43330773169	106.5	26.80445826601509	72.976196782102	26.80445826601509	3563.029948409618
11620-48	45939.43330773169	106.5	823.4706251649113	80.67871804772548	80.67871804772548	4134.283058831448
11620-4818	88623.79087301588	119.1	149.90846300586875	104.88620362545974	104.88620362545974	3864.3241713937964
11620-4853	88623.79087301588	119.1	171.4493954705843	86.63163731781573	86.63163731781573	3875.769181855692
11620-4875	47950.73958653354	70.1	44.77829537186043	131.11574105630672	44.77829537186043	2518.3072366870892
11620-49	106369.11694828469	94.7	309.9829945454569	55.143659878890034	55.143659878890034	3545.5836030608248
11620-4902	106369.11694828469	94.7	218.71161346981498	118.66494566826775	118.66494566826775	2875.441256763141
11620-4925	135574.62505760367	144.6	180.50599251531906	775.3024429506703	180.50599251531906	4949.290916335888
11620-4929	45939.43330773169	106.5	439.2534160188104	23.222781066768295	23.222781066768295	3065.322927823112
11620-4932	47950.73958653354	70.1	143.50174547989175	40.13890670200106	40.13890670200106	2590.972242949537
11620-4979	45939.43330773169	106.5	1059.1837123571477	21.036944533994546	21.036944533994546	4057.6468384576947
11620-4997	88623.79087301588	119.1	96.72374836973441	271.79090281921833	96.72374836973441	4268.292065661572
11620-5	26669.650096006142	113.0	325.8298997812702	394.90422334741805	325.8298997812702	2804.2428765089867
11620-50	47950.73958653354	70.1	469.2229421511987	31.394018645230755	31.394018645230755	2374.9350327916213
11620-5002	106369.11694828469	94.7	79.26571504490981	135.96269430321348	79.26571504490981	3138.766271230886
11620-5011	88623.79087301588	119.1	100.78183666182818	183.69410287789788	100.78183666182818	3798.103093825157
11620-5091	106369.11694828469	94.7	59.17149218475751	17.452258944216826	17.452258944216826	3300.336415476585
11620-51	47950.73958653354	70.1	823.7452684200578	90.4374281536618	90.4374281536618	2505.6318782864428
11620-5115	88623.79087301588	119.1	145.97128386934435	312.5041969854583	145.97128386934435	3265.912616693684
11620-5183	88623.79087301588	119.1	31.47627793036785	105.9046222408577	31.47627793036785	3540.7006278429717
11620-5185	106369.11694828469	94.7	243.05455006289296	200.07008535626844	200.07008535626844	2822.6182170350608
11620-5194	53007.668830005125	129.2	458.89606740095786	532.7493162127938	458.89606740095786	3846.1919218418952
11620-52	106947.13209165387	78.1	101.55994735376518	141.8177073237871	101.55994735376518	1730.7078971195624
11620-5206	26669.650096006142	113.0	138.7496085357404	444.77464586768923	138.7496085357404	3100.369913066687
11620-5276	106369.11694828469	94.7	106.86237057993415	221.37936793776993	106.86237057993415	3089.2042413423264
11620-5304	88623.79087301588	119.1	91.70585479645702	69.05344074779126	69.05344074779126	3662.252795490871
11620-5334	45939.43330773169	106.5	55.95485309698002	19.086558885290565	19.086558885290565	3049.7075739824336
11620-54	106369.11694828469	94.7	1001.9579563240904	28.021538379575077	28.021538379575077	2814.495092359386
11620-5481	88623.79087301588	119.1	79.53214124006173	188.97865622440074	79.53214124006173	3500.072403292596
11620-5487	135574.62505760367	144.6	291.3099234360189	929.2921637842342	291.3099234360189	5308.9946381526315
11620-5532	45939.43330773169	106.5	506.2099642207217	146.5652206493253	146.5652206493253	4346.75104580079
11620-5546	135574.62505760367	144.6	78.74973755400727	507.35199295419335	78.74973755400727	4956.456730318054
11620-5553	106369.11694828469	94.7	150.592745641202	52.57886939434584	52.57886939434584	2914.871909084994
11620-5554	88623.79087301588	119.1	313.42807040770776	347.9479902314111	313.42807040770776	3800.0295028021765
11620-56	45939.43330773169	106.5	57.57631118956368	293.9056429056714	57.57631118956368	3327.4625674631
11620-5627	88623.79087301588	119.1	27.480303683678375	98.55122176938124	27.480303683678375	3680.6648304682717
11620-57	45939.43330773169	106.5	178.79557230488388	676.9618942923036	178.79557230488388	4193.045111268443
11620-5740	47950.73958653354	70.1	22.13015027305848	263.007114796254	22.13015027305848	2391.6800424324683
11620-58	106369.11694828469	94.7	985.2345180137479	186.16785179885818	186.16785179885818	3956.6551559018735
11620-5814	88623.79087301588	119.1	76.55499171588956	205.68580229122773	76.55499171588956	3465.992064938193
11620-5860	88623.79087301588	119.1	172.53384064671167	36.561522005864305	36.561522005864305	3923.4978598410494
11620-59	106369.11694828469	94.7	262.68804561315994	333.02392566160825	262.68804561315994	3469.978126907904
11620-5916	47950.73958653354	70.1	22.06684060419126	278.9211670308213	22.06684060419126	2375.855068193127
11620-5925	45939.43330773169	106.5	542.8577280901995	260.56753220928397	260.56753220928397	4066.3299861828195
11620-5926	45939.43330773169	106.5	607.2062150857198	324.79381048662367	324.79381048662367	4133.583497142115
11620-5950	88623.79087301588	119.1	153.2662137273081	130.8327113317841	130.8327113317841	3832.4594753040847
11620-5966	53007.668830005125	129.2	31.42479058741067	934.9199856694378	31.42479058741067	4788.338852205994
11620-5968	88623.79087301588	119.1	96.91161044455143	140.88557605204596	96.91161044455143	3938.612114010993
11620-5987	45939.43330773169	106.5	541.7803112457699	224.873130573904	224.873130573904	4052.0774223601675
11620-5993	45939.43330773169	106.5	951.3793733391389	20.84497162601167	20.84497162601167	4242.770418331084
11620-6	106369.11694828469	94.7	196.30891330309737	153.491803653547	153.491803653547	2875.3405232948176
11620-60	47950.73958653354	70.1	916.4327722408991	462.7651638794422	462.7651638794422	2133.7714524858347
11620-6003	106369.11694828469	94.7	122.4246697686895	92.49239399644404	92.49239399644404	2908.0974327837966
11620-6014	106369.11694828469	94.7	189.29100840034152	78.406084432958	78.406084432958	3012.3974421331477
11620-6036	135574.62505760367	144.6	93.79838992908752	536.1500158309422	93.79838992908752	5022.547206788493
11620-6050	135574.62505760367	144.6	96.14334555063894	542.343888687715	96.14334555063894	5038.1958236816645
11620-6055	45939.43330773169	106.5	996.2019077922886	21.348043942943136	21.348043942943136	4140.371149278671
11620-6063	106947.13209165387	78.1	31.305055772912684	61.41187972836061	31.305055772912684	1651.3589713601762
11620-6068	47950.73958653354	70.1	47.731927593718645	88.09400212578421	47.731927593718645	2589.262469374547
11620-6088	106369.11694828469	94.7	183.61034497791212	99.34452429071241	99.34452429071241	3016.932346909632
11620-61	47950.73958653354	70.1	157.30207559393338	100.77423369650973	100.77423369650973	2796.4161434084954
11620-6102	45939.43330773169	106.5	377.98152494282215	104.53548081782164	104.53548081782164	3810.497893090497
11620-6128	106947.13209165387	78.1	116.67728287355786	76.13729615229808	76.13729615229808	1974.2746878444411
11620-62	47950.73958653354	70.1	215.52274002727108	249.3270020277647	215.52274002727108	2284.3661082939343
11620-63	106369.11694828469	94.7	1234.94025694993	352.92205429548807	352.92205429548807	3141.2853279468713
11620-6363	53007.668830005125	129.2	22.554128484757417	1006.1995433733373	22.554128484757417	4865.6080359639745
11620-6373	53007.668830005125	129.2	19.61211794936089	987.5394183143434	19.61211794936089	4856.9608256677575
11620-6396	106369.11694828469	94.7	65.34947518389656	119.67776901067207	65.34947518389656	3151.242041582518
11620-6397	88623.79087301588	119.1	54.44921154657499	94.62862770225713	54.44921154657499	3319.050534855868
11620-64	45939.43330773169	106.5	285.45292492316526	330.9311382020222	285.45292492316526	4422.093915798683
11620-6410	88623.79087301588	119.1	54.44921154657499	94.62862770225713	54.44921154657499	3319.050534855868
11620-6448	26669.650096006142	113.0	836.1141182762536	75.31436155844932	75.31436155844932	2639.6950930821286
11620-65	47950.73958653354	70.1	896.4764583547671	282.03461003441925	282.03461003441925	2315.394393983978
11620-66	106369.11694828469	94.7	130.01934839818506	36.70612538720857	36.70612538720857	3074.16494480003
11620-6621	45939.43330773169	106.5	834.0442572931934	105.41886255385324	105.41886255385324	2486.8245681934986
11620-6643	26669.650096006142	113.0	670.0990771808355	312.85062244600385	312.85062244600385	2575.8860731186505
11620-67	106369.11694828469	94.7	970.7128301474932	25.52201137846984	25.52201137846984	3450.2794951531864
11620-68	47950.73958653354	70.1	973.8354744819172	219.63580605305324	219.63580605305324	2402.2207808242
11620-6823	26669.650096006142	113.0	235.64793591291408	568.5673069597094	235.64793591291408	3028.9541210212055
11620-6826			1455.337263985152	45.21183183454458	45.21183183454458	2361.636328340279
11620-69	45939.43330773169	106.5	400.26721213768616	527.4537528969619	400.26721213768616	3935.4209143282446
11620-7	53007.668830005125	129.2	334.44675982996847	298.4097874656613	298.4097874656613	4514.27512936502
11620-70	47950.73958653354	70.1	569.5592383453251	51.26927581836046	51.26927581836046	2517.117630501871
11620-71	106369.11694828469	94.7	1386.7716024491579	374.22366972786864	374.22366972786864	3496.205928063941
11620-72	106369.11694828469	94.7	964.2449893583223	369.80862637147476	369.80862637147476	3680.9659386604517
11620-73	106369.11694828469	94.7	950.4353884359525	319.3830288388146	319.3830288388146	3764.1170156710004
11620-74	106947.13209165387	78.1	97.91346457579222	61.79470411179655	61.79470411179655	2166.8162109477653
11620-75	47950.73958653354	70.1	102.40750816587935	71.86291078643771	71.86291078643771	2690.2180515892987
11620-76	106369.11694828469	94.7	82.49826284857726	240.7616067569797	82.49826284857726	3384.493939159495
11620-77	47950.73958653354	70.1	736.8603549966292	237.44752295927634	237.44752295927634	2348.8305427231753
11620-78	47950.73958653354	70.1	872.8013143473161	446.52299551247256	446.52299551247256	2131.8580678203703
11620-79	106369.11694828469	94.7	410.9898562296179	75.94196838030561	75.94196838030561	3327.072696357564
11620-8	53007.668830005125	129.2	288.79315746310937	441.6473460790671	288.79315746310937	4147.702900549556
11620-80	47950.73958653354	70.1	106.32288195218433	70.89833956071203	70.89833956071203	2292.2138363941604
11620-81	135574.62505760367	144.6	357.8021771303101	892.4346040946905	357.8021771303101	5140.678985863069
11620-82	135574.62505760367	144.6	269.00002230158793	749.0460799589606	269.00002230158793	5248.756804747636
11620-83	135574.62505760367	144.6	257.2544343708571	723.1390499272538	257.2544343708571	5201.846937072813
11620-8379	45939.43330773169	106.5	565.2317063333135	31.25503556978658	31.25503556978658	3391.4346539635762
11620-84	135574.62505760367	144.6	220.85088109109077	677.1705650677525	220.85088109109077	5144.413244361192
11620-8407	45939.43330773169	106.5	565.2317063333135	31.25503556978658	31.25503556978658	3391.4346539635762
11620-8465	45939.43330773169	106.5	565.2317063333135	31.25503556978658	31.25503556978658	3391.4346539635762
11620-8466	88623.79087301588	119.1	161.75724293692397	215.78231194234098	161.75724293692397	3450.3808064398186
11620-85	135574.62505760367	144.6	226.4574011068268	687.622465896228	226.4574011068268	5167.356771556817
11620-86	135574.62505760367	144.6	186.8807692296848	678.2054539002183	186.8807692296848	5228.658568592375
11620-87	135574.62505760367	144.6	23.879350966125973	670.0720156123984	23.879350966125973	4786.158863823398
11620-88	135574.62505760367	144.6	170.79829468761343	1220.656087137517	170.79829468761343	5040.4470170794275
11620-9	26669.650096006142	113.0	179.57471266484	381.23846966021256	179.57471266484	2902.3267221863484
11620-90	135574.62505760367	144.6	346.51531196752416	1275.3562077290064	346.51531196752416	5204.728230626784
11620-91	135574.62505760367	144.6	320.50508731272583	931.7044566234914	320.50508731272583	5119.343802518425
11620-92	135574.62505760367	144.6	319.61911046020657	1235.7013049909294	319.61911046020657	5384.51793809743
11620-93	88623.79087301588	119.1	67.27427526819969	449.7878215317742	67.27427526819969	4454.3666614639205
11620-94	26669.650096006142	113.0	774.2966213716654	199.96435343107908	199.96435343107908	2409.416611965595
11620-95	45939.43330773169	106.5	489.9811132328838	39.34816262870214	39.34816262870214	2968.7913303075848
11620-96	45939.43330773169	106.5	511.58431083557855	380.4418105097331	380.4418105097331	2668.1941883251725
11620-97	45939.43330773169	106.5	112.01595279348994	149.71283094950644	112.01595279348994	3217.2153858645156
11620-98	45939.43330773169	106.5	758.6378849766031	56.942961980087965	56.942961980087965	3477.214190221966
11620-99	106369.11694828469	94.7	42.57169541740606	218.82422277591468	42.57169541740606	3240.2883969913983
11650-1	41191.95138248848	127.3	261.2093083001494	224.78889907329727	224.78889907329727	3817.1253491696966
11650-101	35615.34488607271	79.9	224.39026410563434	121.51819865415717	121.51819865415717	1976.3105565168487
11650-102	12673.485215053763	93.7	477.2925651031602	115.33434482515248	115.33434482515248	1674.6415265098683
11650-103	11365.429653097797	72.8	114.40378383612362	29.845879372952304	29.845879372952304	1067.9635382894296
11650-105	11365.429653097797	72.8	55.55414270723733	284.9718561036841	55.55414270723733	1760.4622705486931
11650-106	11365.429653097797	72.8	200.1014438342554	29.924865605753833	29.924865605753833	1264.6733063920885
11650-107	53077.45426907323	71.3	131.32694054172148	41.081183763467465	41.081183763467465	1710.2293672057544
11650-108	11365.429653097797	72.8	103.28922039762998	278.59436339420125	103.28922039762998	1611.8431948375676
11650-109	12673.485215053763	93.7	228.24689161873886	93.27710049617828	93.27710049617828	1809.7829884901578
11650-11	86956.750140809	117.8	34.057528998424885	527.0351454340615	34.057528998424885	3452.106782377111
11650-110	53077.45426907323	71.3	126.76868438683191	151.03414249741067	126.76868438683191	1358.0811036954167
11650-113	11365.429653097797	72.8	44.185278552805016	39.72586173053027	39.72586173053027	998.771816854036
11650-114	11365.429653097797	72.8	114.4301625576692	181.466855127323	114.4301625576692	1768.1891917748774
11650-115	53077.45426907323	71.3	70.00571561779316	48.38358726331518	48.38358726331518	1070.8367826680094
11650-116	11365.429653097797	72.8	276.0952459516389	177.07553369214506	177.07553369214506	1243.1737827786817
11650-117	11365.429653097797	72.8	99.13667174739665	180.91339684341554	99.13667174739665	1209.2172404258092
11650-118	12673.485215053763	93.7	405.78199172809275	226.74689063494455	226.74689063494455	1635.803760972435
11650-120	11365.429653097797	72.8	277.4809123450328	45.84483185381288	45.84483185381288	1322.2486121104084
11650-122	11365.429653097797	72.8	150.19334735425784	54.76684420390281	54.76684420390281	1107.467308965901
11650-123	11365.429653097797	72.8	335.9587252595534	235.04391438402993	235.04391438402993	1314.0497174427335
11650-124	11365.429653097797	72.8	130.07916481195713	36.7398442969675	36.7398442969675	1082.8285819756122
11650-125	12673.485215053763	93.7	330.14486952231044	110.6675275538892	110.6675275538892	1434.0451398940713
11650-128	11365.429653097797	72.8	298.70005317601806	150.45999699988127	150.45999699988127	1311.9038146200098
11650-129	11365.429653097797	72.8	256.00124378727	332.5083537001096	256.00124378727	1584.8977329850595
11650-132	11365.429653097797	72.8	166.65513001101945	47.25780387988661	47.25780387988661	1352.2174702508396
11650-133	11365.429653097797	72.8	145.25456076152074	40.679685400844264	40.679685400844264	1208.4639681449858
11650-135	11365.429653097797	72.8	97.06102635236516	266.47699114603483	97.06102635236516	1764.709130907356
11650-136	11365.429653097797	72.8	42.66080180393512	35.00470183188243	35.00470183188243	1012.6774121378501
11650-137	132183.58543906812	93.9	258.1776507766302	176.2026482169964	176.2026482169964	1377.3055729273087
11650-138	12673.485215053763	93.7	308.2977150922439	26.492297129147587	26.492297129147587	1849.609283245475
11650-139	132183.58543906812	93.9	239.1926947730322	220.06257739048232	220.06257739048232	1367.9510531887643
11650-14	59691.513773681516	64.1	51.350874242415145	130.2487983669783	51.350874242415145	4132.440633664352
11650-141	11365.429653097797	72.8	133.7247849875203	33.437180188703195	33.437180188703195	1111.1957119789959
11650-142	11365.429653097797	72.8	294.9206815656356	53.0970308846584	53.0970308846584	1377.2180258323672
11650-144	53077.45426907323	71.3	71.08719096733529	115.92023674404346	71.08719096733529	997.5604607580756
11650-145	11365.429653097797	72.8	203.9051702307778	19.386117205486844	19.386117205486844	1154.0499281744378
11650-146	11365.429653097797	72.8	209.85994257701734	107.01388279859981	107.01388279859981	1199.4155020397607
11650-147	11365.429653097797	72.8	251.14358589310635	148.68579773165882	148.68579773165882	1237.731966880387
11650-148	11365.429653097797	72.8	132.81112605871934	35.52231960672357	35.52231960672357	1094.856917066208
11650-149	12673.485215053763	93.7	378.40513692172465	131.71816858541382	131.71816858541382	1732.1174503893687
11650-150	11365.429653097797	72.8	241.85073758724923	63.30377197706956	63.30377197706956	1322.871624065966
11650-152	11365.429653097797	72.8	162.19032531671704	84.67022502683899	84.67022502683899	1136.787357070577
11650-153	11365.429653097797	72.8	388.0459398662665	285.11438285037997	285.11438285037997	1373.317925163334
11650-154	53077.45426907323	71.3	210.52831592118153	70.20785378329417	70.20785378329417	1202.0995298268842
11650-155	53077.45426907323	71.3	162.7825512384297	35.65157733376635	35.65157733376635	1160.165860696497
11650-156	11365.429653097797	72.8	101.60496374987555	71.9349802378552	71.9349802378552	1475.4956160828945
11650-157	53077.45426907323	71.3	149.65832546099264	246.76653745601246	149.65832546099264	1781.341233357071
11650-160			65.74784879561501	467.1785350362421	65.74784879561501	2244.5859254916368
11650-161			144.55310616985815	555.7856408433177	144.55310616985815	2487.716071285124
11650-162			148.35293108176677	429.66289841473804	148.35293108176677	2513.839031233187
11650-163			459.52800779798343	114.64426765965986	114.64426765965986	2575.7348672149283
11650-168			332.89224463013153	168.20824061445157	168.20824061445157	2449.0291161626565
11650-169			135.91986066672214	548.1870097918334	135.91986066672214	2344.437319190274
11650-171	41191.95138248848	127.3	489.88004396413703	681.1897996857155	489.88004396413703	2724.1174566151994
11650-172	132183.58543906812	93.9	410.00268514258624	308.6551928524605	308.6551928524605	2534.6866043334094
11650-173	132183.58543906812	93.9	75.05291609190225	326.10281688667646	75.05291609190225	2190.7455105423624
11650-175			57.901976220988	376.46999563448827	57.901976220988	1549.4623099864757
11650-176			320.5699316210312	20.661592243099786	20.661592243099786	1765.671712258125
11650-177			222.7419961204009	636.5894069579235	222.7419961204009	2435.252497064292
11650-184			145.7357972888667	400.0035782560171	145.7357972888667	2513.162554238556
11650-187			117.92890215056673	315.70885273023174	117.92890215056673	2681.932446692242
11650-196			91.97911881543853	56.82091155836136	56.82091155836136	2248.895234261119
11650-197			292.13902278900696	705.779525832311	292.13902278900696	2502.6389877924676
11650-198			269.122103927798	682.3000336802111	269.122103927798	2478.3038358286644
11650-199	86956.750140809	117.8	510.88682907781345	189.52172838245207	189.52172838245207	2676.4404574997266
11650-2	32634.622343830004	133.6	454.66994009415856	69.85341263715591	69.85341263715591	4334.4123070628875
11650-209			278.199150714192	160.26534061488954	160.26534061488954	2077.3018863856496
11650-21	152320.85196492577	99.7	149.1947352097868	646.0459124736728	149.1947352097868	3407.3527151956046
11650-212	41191.95138248848	127.3	538.7454329703095	603.3319923901028	538.7454329703095	2825.9106137303065
11650-213			482.93155832394734	226.1180534389985	226.1180534389985	2598.7261981524034
11650-22	41191.95138248848	127.3	438.72830200277735	77.59322180462883	77.59322180462883	3852.839921862206
11650-221			390.2958150671468	771.482114196381	390.2958150671468	2612.171435152491
11650-224			159.54747176612327	586.6123217672225	159.54747176612327	2411.4682102585484
11650-228			136.78375086935085	562.3130579275611	136.78375086935085	2385.4235083858302
11650-231			332.9413279453298	44.68152119487727	44.68152119487727	1916.4323383570852
11650-232			207.3089306059462	610.3004427329224	207.3089306059462	2392.8052985908357
11650-236	132183.58543906812	93.9	68.54901930627673	460.188278168207	68.54901930627673	2228.61620769551
11650-237			391.45393118102476	778.4570806171591	391.45393118102476	2630.1240200270736
11650-24	86956.750140809	117.8	164.414609713732	365.50222869827184	164.414609713732	3630.41094893449
11650-252			350.18844293226044	762.90218995664	350.18844293226044	2564.3307172487434
11650-253	41191.95138248848	127.3	375.18031760928494	617.2161905277668	375.18031760928494	2744.718224720739
11650-254			335.70233643145036	651.1305668253037	335.70233643145036	2645.921472567632
11650-255			38.29413355636902	504.89959174279966	38.29413355636902	2380.318121704086
11650-256	41191.95138248848	127.3	557.9769117327902	635.8879672466304	557.9769117327902	2812.346826090844
11650-257	41191.95138248848	127.3	556.2431594291066	619.567405842679	556.2431594291066	2819.3142232135206
11650-258	35615.34488607271	79.9	181.31415512398436	87.5949309713117	87.5949309713117	2143.171097275933
11650-259			64.08579559369043	261.4135464967638	64.08579559369043	2250.967333945052
11650-260			249.08728310062926	431.87273856372593	249.08728310062926	2488.186566455229
11650-261	35615.34488607271	79.9	54.19887041657126	100.97462047658368	54.19887041657126	2102.8730993668087
11650-264	32634.622343830004	133.6	359.9959966946622	143.11903076717314	143.11903076717314	4711.958909290529
11650-265			411.2540966244512	184.42035772938704	184.42035772938704	2832.1173447066412
11650-266	27532.617236303122	127.1	422.82730755787355	383.1521657939413	383.1521657939413	3032.565152948934
11650-268	27532.617236303122	127.1	528.1751848811582	406.258655628577	406.258655628577	2926.6717101515906
11650-271	135574.62505760367	144.6	133.35676645627407	342.648969543178	133.35676645627407	4835.308813849002
11650-272	32634.622343830004	133.6	626.6578632062766	27.051348489283768	27.051348489283768	4397.279055670035
11650-273	135574.62505760367	144.6	160.55823956605042	113.89224998000167	113.89224998000167	4618.126781426249
11650-274	27532.617236303122	127.1	378.5037760805298	313.56870507066765	313.56870507066765	2746.015696577276
11650-275	27532.617236303122	127.1	394.0614878244598	253.04678677915683	253.04678677915683	2944.2068135110903
11650-28			326.6411008694523	304.6704549342278	304.6704549342278	2770.6847868647615
11650-281	135574.62505760367	144.6	206.66573919282527	126.55843292075745	126.55843292075745	4572.224436416197
11650-283	27532.617236303122	127.1	533.8785518471191	474.4711664122372	474.4711664122372	2875.562423299673
11650-285	32634.622343830004	133.6	583.6320748635873	133.1204178458074	133.1204178458074	4397.122773417933
11650-286	32634.622343830004	133.6	566.2110609865654	146.66905728449635	146.66905728449635	4401.84184649497
11650-288	27532.617236303122	127.1	436.2238892068795	488.02246791483685	436.2238892068795	2998.5588386144886
11650-290			85.11127377760712	717.3633102855565	85.11127377760712	3323.64443469433
11650-291	27532.617236303122	127.1	65.73460312511115	263.58177901414314	65.73460312511115	3674.6136072969293
11650-294	27532.617236303122	127.1	302.6676002155021	239.5259828051988	239.5259828051988	3180.605813474207
11650-297	27532.617236303122	127.1	430.66783247260344	260.70360572769613	260.70360572769613	3054.2127544403725
11650-30			86.05270036439838	556.4201175100574	86.05270036439838	2931.6741683959017
11650-300	27532.617236303122	127.1	556.7236184312593	205.4580707564488	205.4580707564488	2950.936937469297
11650-301	27532.617236303122	127.1	451.34272902080187	171.9090276430158	171.9090276430158	3059.0773887408
11650-302	27532.617236303122	127.1	389.0079246416542	49.27978273252262	49.27978273252262	3186.534275815144
11650-303	27532.617236303122	127.1	278.93309748083414	225.1336298902507	225.1336298902507	3206.612480620715
11650-3031	59691.513773681516	64.1	53.652576345801975	65.33776871260994	53.652576345801975	4348.890186362075
11650-304	27532.617236303122	127.1	336.33800444925726	303.11514742345145	303.11514742345145	3133.3582618863043
11650-305	32634.622343830004	133.6	361.09749689069133	176.8168532196585	176.8168532196585	4590.867923577394
11650-309			333.7294822460495	159.38609398458954	159.38609398458954	2667.843170361095
11650-31	152320.85196492577	99.7	262.68435709391025	284.28461788678607	262.68435709391025	3818.41646792447
11650-310			181.642975043057	49.68462560049472	49.68462560049472	2522.0385117142982
11650-311			257.0793622330186	183.5680141111418	183.5680141111418	2571.5162107699452
11650-315	32634.622343830004	133.6	371.05802048383146	92.92113478453359	92.92113478453359	4682.469488638259
11650-3169	135574.62505760367	144.6	90.11654542140231	340.5308417175713	90.11654542140231	4861.737297648878
11650-3170	135574.62505760367	144.6	89.30953219286171	370.31228273228305	89.30953219286171	4876.3048333290435
11650-3171	135574.62505760367	144.6	89.70132970584149	395.47238035041295	89.70132970584149	4887.89968823948
11650-3172	32634.622343830004	133.6	91.58172316615136	428.2666374527655	91.58172316615136	4902.019900813714
11650-3173	32634.622343830004	133.6	88.42913365980607	452.73584401933635	88.42913365980607	4915.5047978416305
11650-3174	32634.622343830004	133.6	88.06108003272182	481.13624447401065	88.06108003272182	4929.149365405754
11650-3181			390.68958096568645	90.91839831714968	90.91839831714968	2735.9449945028223
11650-3183	27532.617236303122	127.1	512.5366839588615	511.2725746798736	511.2725746798736	2920.7929014254933
11650-3184	27532.617236303122	127.1	495.48149296480506	398.3051943581019	398.3051943581019	2959.709746106647
11650-319	32634.622343830004	133.6	581.4223750084448	28.716246292239905	28.716246292239905	4388.848393718587
11650-3191			40.315601722578954	809.470476482205	40.315601722578954	3678.1842633256765
11650-32	152320.85196492577	99.7	85.46268463033243	128.76636027410626	85.46268463033243	4017.9482942220206
11650-3201	27532.617236303122	127.1	52.843538846643355	234.74734589197996	52.843538846643355	3653.68467351049
11650-3203	32634.622343830004	133.6	683.6423679583896	101.90817668112913	101.90817668112913	4414.927521345865
11650-3205	71506.71362647209	48.6	28.960804373332515	685.6417337770496	28.960804373332515	5240.093460479804
11650-321			87.00449478982868	786.8964071882058	87.00449478982868	3630.6645729820525
11650-3212	41191.95138248848	127.3	350.53409334177707	700.0345291078334	350.53409334177707	2656.7626766025464
11650-3217			54.711094950496935	181.97357750394238	54.711094950496935	3031.196494889482
11650-3218	152320.85196492577	99.7	49.870731207485896	152.16529468362535	49.870731207485896	4297.418798679979
11650-3219	59691.513773681516	64.1	90.61907433481656	299.7475746771386	90.61907433481656	4702.05723445973
11650-322	32634.622343830004	133.6	655.3147648787533	43.82344248574348	43.82344248574348	4292.9673456205865
11650-3220	59691.513773681516	64.1	192.53546540028705	134.3449117554386	134.3449117554386	4411.809137039238
11650-3221	59691.513773681516	64.1	186.81730084677505	28.638514612614703	28.638514612614703	4303.54512824129
11650-3223	59691.513773681516	64.1	163.41898238805823	324.4613296799432	163.41898238805823	4549.148768483179
11650-3224	32634.622343830004	133.6	38.14090715880557	102.61350553102436	38.14090715880557	4745.021539078242
11650-3225	32634.622343830004	133.6	206.36620027440577	107.5346503083489	107.5346503083489	4572.4676575631565
11650-3226	59691.513773681516	64.1	239.40145105237383	198.11545768167045	198.11545768167045	4424.775407497124
11650-3227	59691.513773681516	64.1	183.67854192004978	111.6018368116119	111.6018368116119	4341.949509349838
11650-3228	41191.95138248848	127.3	399.6053175004211	35.5510010525058	35.5510010525058	3753.162879708832
11650-3229	41191.95138248848	127.3	218.30043287441777	225.37643314402538	218.30043287441777	3966.417263768694
11650-323			56.38028212563374	98.44060147088872	56.38028212563374	2404.3779867317653
11650-3230	59691.513773681516	64.1	393.73320882596363	28.903192749897823	28.903192749897823	4210.328853171656
11650-3235	152320.85196492577	99.7	125.5886180263483	278.71256281578417	125.5886180263483	3862.8576136435554
11650-3238	71506.71362647209	48.6	312.81692270816797	163.39114946484432	163.39114946484432	4635.470997051358
11650-3241	41191.95138248848	127.3	236.52816460285464	254.79901900550288	236.52816460285464	3626.452319528696
11650-3243	86956.750140809	117.8	268.39694611936426	300.30199105510087	268.39694611936426	3656.3964705788912
11650-3244	27532.617236303122	127.1	332.57148827275034	424.64088841656655	332.57148827275034	2691.778485157503
11650-3245	32338.5770609319	129.6	53.110732991984804	875.8721034704911	53.110732991984804	3781.858202555223
11650-3246	32338.5770609319	129.6	107.99850819694699	838.6822161186437	107.99850819694699	3840.9194479257435
11650-3247	32634.622343830004	133.6	627.873674650721	147.38845278669672	147.38845278669672	4241.398873805363
11650-325	32634.622343830004	133.6	402.6131497907956	24.97685623412494	24.97685623412494	4514.290721304147
11650-3250	71506.71362647209	48.6	43.401158934410574	382.59962600330186	43.401158934410574	4916.514791483255
11650-3251	59691.513773681516	64.1	258.60413873912864	225.00088503457323	225.00088503457323	4449.628945495164
11650-3252	32634.622343830004	133.6	630.2098431657297	25.851951936885264	25.851951936885264	4017.2168306527733
11650-3254	32634.622343830004	133.6	719.6829015074885	112.05299489670566	112.05299489670566	4111.163264974331
11650-3255	27532.617236303122	127.1	39.87633341301038	485.5968919765257	39.87633341301038	3455.81125276738
11650-3257	59691.513773681516	64.1	211.54188103659376	84.37050651200202	84.37050651200202	4363.522118595825
11650-3260	41191.95138248848	127.3	185.23399981273963	234.41794652198524	185.23399981273963	3694.8537803212803
11650-3261	32634.622343830004	133.6	504.1031652543412	68.90542022487696	68.90542022487696	3962.080744464665
11650-3262	86956.750140809	117.8	314.9764659696424	257.83376794379245	257.83376794379245	3697.504429787496
11650-3263	32634.622343830004	133.6	259.62487480847966	135.22746252758694	135.22746252758694	4510.63681199531
11650-3268	71506.71362647209	48.6	127.56629166986346	1182.381676080547	127.56629166986346	5780.963787534207
11650-3269	71506.71362647209	48.6	135.16813098910714	1181.66207128668	135.16813098910714	5804.688416223293
11650-3270	11365.429653097797	72.8	50.65042958140824	161.0267943603029	50.65042958140824	1665.3753589663663
11650-3271			234.84005202672452	647.509544730822	234.84005202672452	2443.0577641659015
11650-3272	59691.513773681516	64.1	267.54004750232946	103.08992384775921	103.08992384775921	4476.384734069821
11650-3276	59691.513773681516	64.1	211.92737341879695	37.600306542067884	37.600306542067884	4456.5591064639875
11650-3277	41191.95138248848	127.3	297.866330674282	243.8210277688582	243.8210277688582	3926.2550791343747
11650-3278	86956.750140809	117.8	38.147403545946936	421.4428652729272	38.147403545946936	3441.124763350264
11650-3279	71506.71362647209	48.6	79.59872191541481	991.0579446484828	79.59872191541481	5855.811505568775
11650-3280	41191.95138248848	127.3	179.1030070393292	226.39932104567285	179.1030070393292	3668.5148262327994
11650-3281	27532.617236303122	127.1	415.07995836386164	200.18446276995883	200.18446276995883	2777.146835777484
11650-3284	59691.513773681516	64.1	163.6688771875484	124.0783467940011	124.0783467940011	4516.760885130925
11650-3286	86956.750140809	117.8	56.12089437247834	484.07850032673366	56.12089437247834	3532.779591233414
11650-3289			32.611549572612454	921.1964978708477	32.611549572612454	3629.1115888352642
11650-329	27532.617236303122	127.1	470.4045935205271	367.7093367471618	367.7093367471618	2831.869630730087
11650-3293	32634.622343830004	133.6	677.791070641117	63.31202930127404	63.31202930127404	4089.633194042476
11650-3299			162.90043545128242	525.5620807145323	162.90043545128242	3070.279748713091
11650-33	86956.750140809	117.8	223.71022428108702	296.932962729087	223.71022428108702	3612.640210022588
11650-330	27532.617236303122	127.1	327.7738986396419	52.98238408314562	52.98238408314562	3244.2296958954457
11650-3300	152320.85196492577	99.7	66.08157951853713	649.2582793888757	66.08157951853713	3109.192041965024
11650-3301	71506.71362647209	48.6	60.47034423999471	225.32079320055803	60.47034423999471	4652.198197565563
11650-3304	71506.71362647209	48.6	125.58410188393702	807.9780330776133	125.58410188393702	5397.312704592111
11650-3305	71506.71362647209	48.6	93.29658245954899	813.3783342710886	93.29658245954899	5393.202440143191
11650-3306	27532.617236303122	127.1	342.7220469107921	354.4344001207337	342.7220469107921	2709.468709987406
11650-3308	41191.95138248848	127.3	248.8044816876807	248.80755855012816	248.8044816876807	3911.383110086739
11650-3309	41191.95138248848	127.3	206.53207733178948	253.293510789138	206.53207733178948	3651.796289348994
11650-331	135574.62505760367	144.6	36.46310068279137	398.95196709052703	36.46310068279137	5003.621253286271
11650-3311			28.802891448553957	948.3832981420217	28.802891448553957	3675.2533235792703
11650-3313			214.61277870491085	411.85623048277614	214.61277870491085	2579.7586754255676
11650-3316	59691.513773681516	64.1	119.14497198074348	149.52206495542282	119.14497198074348	4385.802765900212
11650-3317			108.98913245327485	242.81715389230652	108.98913245327485	2461.1704989770496
11650-3320	86956.750140809	117.8	383.5975049258544	91.19464491149036	91.19464491149036	3720.431298500064
11650-3321	59691.513773681516	64.1	94.62539935866106	168.38307615500858	94.62539935866106	4242.180765189131
11650-3322	59691.513773681516	64.1	51.65276202516486	157.57646521572613	51.65276202516486	4258.862709053534
11650-3323	35615.34488607271	79.9	72.8440555165815	53.20685858866173	53.20685858866173	2067.5310436012956
11650-3325	135574.62505760367	144.6	37.19322632230053	376.71936648646204	37.19322632230053	4606.678852241407
11650-3328			289.9751271471786	716.4502004599454	289.9751271471786	2501.1408579020135
11650-3329	59691.513773681516	64.1	231.75078119343468	52.75450228649317	52.75450228649317	4172.853894463476
11650-3330	59691.513773681516	64.1	52.075716795122	186.86933082252105	52.075716795122	4230.136238982744
11650-3331	86956.750140809	117.8	37.33403074347607	477.69218060752956	37.33403074347607	3447.8989233357474
11650-3332	135574.62505760367	144.6	125.07877492253162	62.42803503392207	62.42803503392207	4715.431041153972
11650-3338	32634.622343830004	133.6	711.7472137106687	59.49872670736106	59.49872670736106	4271.581271822112
11650-3339	41191.95138248848	127.3	40.128052193429625	361.4810736230987	40.128052193429625	3372.8260897973423
11650-3341	152320.85196492577	99.7	125.87626409829211	358.6600873736672	125.87626409829211	3786.167199849954
11650-3343	32338.5770609319	129.6	55.63929004947116	914.2609345742952	55.63929004947116	3680.089977976045
11650-3344			74.38164964206831	471.204186595324	74.38164964206831	2437.6428657038623
11650-3347	71506.71362647209	48.6	40.168439839640605	686.8768122798555	40.168439839640605	5281.648569302519
11650-335	27532.617236303122	127.1	531.9513646226769	521.2972093131448	521.2972093131448	2865.8537237760647
11650-3350	135574.62505760367	144.6	403.5506700487018	47.26786296929536	47.26786296929536	4481.632737534786
11650-3353			196.5008737443284	479.98069229133426	196.5008737443284	2551.6310938431034
11650-3355	27532.617236303122	127.1	414.32787826453756	401.03854632987907	401.03854632987907	2773.713370218794
11650-3356	27532.617236303122	127.1	377.05652569746246	344.97279218408516	344.97279218408516	2743.6597568545963
11650-3358	32634.622343830004	133.6	522.4873280348354	100.5708658592326	100.5708658592326	4043.9304964963185
11650-336	32634.622343830004	133.6	185.13654181262112	159.92301749632358	159.92301749632358	4681.061685151613
11650-3361	59691.513773681516	64.1	115.25023472454212	130.89317962421032	115.25023472454212	4367.392212622092
11650-3362	59691.513773681516	64.1	292.6702699443219	139.21093306429614	139.21093306429614	4247.241448001537
11650-3369	27532.617236303122	127.1	416.7987744048017	417.9550495212036	416.7987744048017	3030.685684938614
11650-337	27532.617236303122	127.1	383.26856629554544	117.58700913874898	117.58700913874898	3138.3500707675357
11650-338	27532.617236303122	127.1	525.2462101569796	223.400660831321	223.400660831321	2975.220881952767
11650-3385			102.92106335646027	401.5880596407418	102.92106335646027	2469.6876660942826
11650-3393			99.4279315479186	172.34327436713104	99.4279315479186	2941.02860951261
11650-34	32634.622343830004	133.6	193.58620333740157	28.5662223494557	28.5662223494557	4611.959114849402
11650-3406	41191.95138248848	127.3	374.9818211875344	37.12260547720906	37.12260547720906	3735.856107656729
11650-3407			253.0473612371396	440.4951923879121	253.0473612371396	2613.1824555888365
11650-341	32634.622343830004	133.6	94.55394993759333	122.28372525930368	94.55394993759333	4864.203746812948
11650-3414	27532.617236303122	127.1	475.8558928622963	176.39003203622966	176.39003203622966	3034.8844923672646
11650-3416	27532.617236303122	127.1	367.06040408384297	388.1860319674014	367.06040408384297	2729.590307935025
11650-342	32634.622343830004	133.6	37.19914762083453	203.48925700349733	37.19914762083453	4889.2924883222
11650-343	32338.5770609319	129.6	331.1145163252836	459.4759724725388	331.1145163252836	4159.09867002203
11650-3430	27532.617236303122	127.1	476.33797255896326	599.9343509609256	476.33797255896326	2795.6126831115835
11650-3431			149.28027342901348	462.67010107711735	149.28027342901348	2510.438949520029
11650-3436	27532.617236303122	127.1	457.173045037614	404.8145200954254	404.8145200954254	2994.8934841319847
11650-3437	27532.617236303122	127.1	160.81044874123225	85.33065190845701	85.33065190845701	3408.568876285331
11650-3443	41191.95138248848	127.3	297.0142615795846	704.8004119428524	297.0142615795846	2643.7329193490605
11650-3446	59691.513773681516	64.1	80.35908471608408	321.2073263352281	80.35908471608408	4561.594279727165
11650-3450	12673.485215053763	93.7	448.0119974737097	21.94793537198648	21.94793537198648	1687.2261117113276
11650-3451	41191.95138248848	127.3	494.6883861585763	709.0546668238624	494.6883861585763	2764.161023361713
11650-3452			236.23841058829348	207.9291401436039	207.9291401436039	2590.043177625308
11650-3456	32634.622343830004	133.6	192.29091589269194	233.97749886997596	192.29091589269194	4699.802122911615
11650-3458	27532.617236303122	127.1	355.1911769515238	231.5956478107488	231.5956478107488	2717.6794655942504
11650-3471			251.17173133497053	456.4840608534119	251.17173133497053	3144.7988196393253
11650-3483	41191.95138248848	127.3	172.3575139160916	174.47685305921368	172.3575139160916	3935.0727674527434
11650-35	152320.85196492577	99.7	122.28299869539447	455.46062744509504	122.28299869539447	3653.8936183743344
11650-350	135574.62505760367	144.6	37.990378572053345	308.1816430882088	37.990378572053345	4882.528669847596
11650-3500	12673.485215053763	93.7	325.67701960732603	24.844923644158417	24.844923644158417	1881.7685992280506
11650-3501	59691.513773681516	64.1	186.5517907560696	163.35412008297737	163.35412008297737	4524.571962522994
11650-3515			69.01223491649367	496.0701359188386	69.01223491649367	2826.118537074037
11650-3525	53077.45426907323	71.3	100.07595121088916	97.35029079635346	97.35029079635346	1006.441816786781
11650-3526	27532.617236303122	127.1	335.08129003748013	247.42649320284218	247.42649320284218	3147.971889634291
11650-3534	27532.617236303122	127.1	495.05260909190696	147.4993727564059	147.4993727564059	3025.6314653872414
11650-3542	59691.513773681516	64.1	80.01227622722932	155.43143949554172	80.01227622722932	4057.397082636862
11650-3543	27532.617236303122	127.1	483.3310066487644	528.3742569791432	483.3310066487644	2946.242791050562
11650-3546			106.91223108368838	687.0493691589661	106.91223108368838	3598.6438114766443
11650-3548	27532.617236303122	127.1	255.6190343661858	180.89244868797715	180.89244868797715	3240.0836076067135
11650-3552	27532.617236303122	127.1	461.1674830898476	370.92976328227064	370.92976328227064	2998.64720107715
11650-3559			322.65802410474527	101.93074623415417	101.93074623415417	1938.6873787226841
11650-3568	86956.750140809	117.8	239.2854606032975	40.319120555247046	40.319120555247046	3596.7449629672938
11650-3569			140.95021915270547	149.32728280680794	140.95021915270547	2431.9341798834616
11650-357	32634.622343830004	133.6	561.3296658490317	30.59270704292177	30.59270704292177	4397.892997659435
11650-3573	32634.622343830004	133.6	540.4288891639544	122.6549999346503	122.6549999346503	4007.2731517660495
11650-3579	86956.750140809	117.8	103.49275753003803	333.0453997739053	103.49275753003803	3287.415750420314
11650-359	27532.617236303122	127.1	527.5032669193583	99.68888911833422	99.68888911833422	2884.0968815011447
11650-36	59691.513773681516	64.1	566.5144617114631	55.086984192700704	55.086984192700704	3999.4628729584647
11650-361			133.268005329578	333.8988754193591	133.268005329578	2496.019548000871
11650-3617			41.37274716720675	160.01004139336368	41.37274716720675	2244.0145189023647
11650-3628	32634.622343830004	133.6	53.966546853626966	582.1174724903964	53.966546853626966	4998.222971677626
11650-363	27532.617236303122	127.1	433.0248206539402	339.41157368186776	339.41157368186776	3032.7481532396832
11650-364	27532.617236303122	127.1	439.9036742540179	86.45694512592425	86.45694512592425	3095.300262450199
11650-365	27532.617236303122	127.1	389.4741046961089	555.0718692782982	389.4741046961089	3032.867969810005
11650-366	27532.617236303122	127.1	305.98641462540314	514.9467422306514	305.98641462540314	3120.2950557533836
11650-3687			231.6832372459087	193.2527535228905	193.2527535228905	2027.104058653356
11650-369	32634.622343830004	133.6	459.64330596706463	274.9052582379705	274.9052582379705	3900.1026764616195
11650-37	86956.750140809	117.8	253.62817634971944	319.1670510302302	253.62817634971944	3652.3188744655836
11650-370	27532.617236303122	127.1	161.77242711111398	258.34888148579245	161.77242711111398	3309.764942698822
11650-3702			257.8855539814587	902.4926834619342	257.8855539814587	6839.169378922747
11650-3703			131.86719903622196	1008.5913706134482	131.86719903622196	6904.372427187774
11650-3704	71506.71362647209	48.6	416.19183682429224	747.9738148609877	416.19183682429224	6776.318729308668
11650-372	32634.622343830004	133.6	96.16469227376794	36.01095048335905	36.01095048335905	4895.194471938761
11650-373	27532.617236303122	127.1	458.07275531394754	40.77328222064935	40.77328222064935	2810.0571247892585
11650-3748			202.5483169056355	1137.5761612304725	202.5483169056355	6717.592797281547
11650-3753	59691.513773681516	64.1	498.0537013598908	87.73838350338357	87.73838350338357	4073.121309595199
11650-3779	27532.617236303122	127.1	586.1973143880809	95.07107224825725	95.07107224825725	2957.471842870468
11650-378	32634.622343830004	133.6	181.0047926133343	103.86962840268691	103.86962840268691	4666.6652334057
11650-380			85.06726590267752	640.0384655669857	85.06726590267752	3167.366283914724
11650-3800			49.1831657080833	431.01470856245845	49.1831657080833	2692.4265909863734
11650-3820	27532.617236303122	127.1	271.1085501046161	204.57708713582252	204.57708713582252	3844.030366190564
11650-3821			75.05750779648038	1659.475336888925	75.05750779648038	7208.01946510315
11650-3827	71506.71362647209	48.6	256.09901781784606	114.60058562993306	114.60058562993306	4577.796638243622
11650-3832	27532.617236303122	127.1	448.02466763868864	558.4142371152329	448.02466763868864	2975.6371678676433
11650-3843	53077.45426907323	71.3	50.93636221439252	200.83510469227636	50.93636221439252	1521.8122623067143
11650-3858			224.48440231757144	347.2458290935933	224.48440231757144	2591.0460075672618
11650-386	27532.617236303122	127.1	427.0412490135771	440.473958630579	427.0412490135771	2778.9515500069942
11650-3863			54.73460109987577	1330.4031172568282	54.73460109987577	6563.978035387707
11650-3864	71506.71362647209	48.6	585.145125115486	623.8575963116141	585.145125115486	6672.92514857735
11650-3867	27532.617236303122	127.1	423.8165331647735	560.0944853377454	423.8165331647735	2998.8947098225412
11650-387	135574.62505760367	144.6	119.61188193953583	214.8230211045028	119.61188193953583	4634.051063133349
11650-3874			88.68936814653637	845.1594460337509	88.68936814653637	7074.928294526538
11650-388	135574.62505760367	144.6	135.76981675342546	198.56234217250852	135.76981675342546	4622.271138422866
11650-3886	71506.71362647209	48.6	256.09901781784606	114.60058562993306	114.60058562993306	4577.796638243622
11650-389	135574.62505760367	144.6	112.9866412500823	189.7771199385411	112.9866412500823	4645.465135649737
11650-390	135574.62505760367	144.6	330.27309708273845	385.7483351364165	330.27309708273845	4250.111786114473
11650-391	135574.62505760367	144.6	190.37967100032887	47.1583529897786	47.1583529897786	4612.30943361958
11650-392	32634.622343830004	133.6	238.14775511074882	460.67794038297643	238.14775511074882	4836.589307273625
11650-3926	71506.71362647209	48.6	103.99496347325409	415.39690463217687	103.99496347325409	4934.358151041458
11650-393	32634.622343830004	133.6	236.53605089244655	435.8166467636689	236.53605089244655	4823.770190022673
11650-394			221.18190264735392	235.2486877230429	221.18190264735392	2577.2298392655694
11650-3944	59691.513773681516	64.1	48.858762954143	316.04957372011125	48.858762954143	4574.379511556189
11650-3950			193.65877406978856	559.4635419328387	193.65877406978856	2533.872965846661
11650-3954			146.24628542168836	304.451115316125	146.24628542168836	9542.45147804511
11650-396			192.77525429784615	570.5792866577796	192.77525429784615	3226.279289258756
11650-3963			143.04317263903394	2028.4644648158494	143.04317263903394	7280.564478172936
11650-3966			83.9606674995043	1270.5540439772726	83.9606674995043	7334.9398970958055
11650-397	27532.617236303122	127.1	399.53969234332175	207.59299841841812	207.59299841841812	3097.5566291764426
11650-3974			218.17098120839762	1084.444152365031	218.17098120839762	7329.707755539712
11650-3976			107.36669443083974	949.7350418643484	107.36669443083974	7275.72016721327
11650-3979	71506.71362647209	48.6	70.97526565302822	610.9202042506406	70.97526565302822	6153.589708706144
11650-398	27532.617236303122	127.1	288.579591040219	406.1550690636231	288.579591040219	3156.194637553544
11650-399	27532.617236303122	127.1	243.33201311349012	432.40577601934655	243.33201311349012	3194.4579906317344
11650-4	32634.622343830004	133.6	90.79698890709365	23.59925311552644	23.59925311552644	4717.332234166342
11650-40	152320.85196492577	99.7	178.57498640952565	499.9913818049877	178.57498640952565	3255.1959005025374
11650-4006	71506.71362647209	48.6	227.49542286822515	83.0395140828806	83.0395140828806	4542.1406026449
11650-401	32634.622343830004	133.6	333.9093474082669	379.66843658045036	333.9093474082669	3750.1005044634944
11650-402	32634.622343830004	133.6	367.1657438353328	383.5227026665815	367.1657438353328	3788.3210965775042
11650-4024			265.85916930849174	321.96630785853915	265.85916930849174	2632.134250196973
11650-4026	23298.36571940604	56.4	436.539509864703	425.815885199109	425.815885199109	9379.185106395622
11650-403	32634.622343830004	133.6	606.1631956271837	166.12426729524327	166.12426729524327	4189.407325160269
11650-404	32338.5770609319	129.6	297.5666816761251	571.7048774429817	297.5666816761251	4000.7022492959204
11650-4040	23298.36571940604	56.4	201.2456554599707	728.2701440099213	201.2456554599707	9072.599238738336
11650-4044	32338.5770609319	129.6	86.08917196304014	758.3708023445448	86.08917196304014	3952.4109842494513
11650-4047	71506.71362647209	48.6	159.11367992837646	171.36747413870629	159.11367992837646	7100.662042011641
11650-405	32634.622343830004	133.6	546.1487552392634	45.66969778369998	45.66969778369998	4397.094495548564
11650-406	32634.622343830004	133.6	661.2189845875479	49.046210205463666	49.046210205463666	4391.234196881358
11650-4063	20549.33695596518	41.1	260.41470725752635	904.7748580393157	260.41470725752635	9424.44805555786
11650-4065			127.40953235443173	1807.8955081621493	127.40953235443173	7299.64790032574
11650-407	32634.622343830004	133.6	170.88438093535797	34.124562610968134	34.124562610968134	4654.828285127484
11650-4072	152320.85196492577	99.7	115.5033220253998	109.38500571952042	109.38500571952042	4237.89220350221
11650-4075	27532.617236303122	127.1	536.2188115357584	563.7777680164285	536.2188115357584	2889.208176579928
11650-408	32634.622343830004	133.6	71.60738026481619	97.92928390670042	71.60738026481619	4968.792944844534
11650-4087	152320.85196492577	99.7	91.15037912561513	325.094255405929	91.15037912561513	3828.6727365780553
11650-409	32634.622343830004	133.6	71.11952987975616	157.2013671085725	71.11952987975616	4990.71132516532
11650-41	86956.750140809	117.8	121.2272918365874	387.3392182200976	121.2272918365874	3523.483814383089
11650-410	32634.622343830004	133.6	341.8288880183118	21.189366564733632	21.189366564733632	4479.006748833337
11650-4103	23298.36571940604	56.4	177.04755935854087	665.5621145100994	177.04755935854087	8956.880245524333
11650-4129	86956.750140809	117.8	119.34617529158172	562.6317386762381	119.34617529158172	3272.9941289890826
11650-413	71506.71362647209	48.6	111.6717778598568	119.23091945738274	111.6717778598568	6813.1862373208005
11650-4139	32634.622343830004	133.6	419.20414884180667	40.04802772225292	40.04802772225292	4380.022907170015
11650-414	23298.36571940604	56.4	274.6200266568966	647.5913054862779	274.6200266568966	6720.583136983365
11650-4140	23298.36571940604	56.4	238.5687169808918	282.74347919943966	238.5687169808918	9447.806378934847
11650-4142	71506.71362647209	48.6	276.71010963712615	84.84500729964934	84.84500729964934	4552.9775591947955
11650-4143	27532.617236303122	127.1	536.0334193165712	546.1902006918707	536.0334193165712	2892.258602471622
11650-4156	20549.33695596518	41.1	112.90544113511973	984.3022282254389	112.90544113511973	9298.18166754175
11650-418	71506.71362647209	48.6	85.69345000663883	853.9492962041477	85.69345000663883	5434.665418968343
11650-4194	27532.617236303122	127.1	368.8790115831651	273.5287211090824	273.5287211090824	3109.5387137413636
11650-42	41191.95138248848	127.3	94.29938100824907	207.2991625866591	94.29938100824907	3721.943072527837
11650-420	23298.36571940604	56.4	262.8143640988192	636.3775365832166	262.8143640988192	6955.388393406871
11650-423	71506.71362647209	48.6	174.95895449760155	975.6280399699945	174.95895449760155	6030.299306656506
11650-424	71506.71362647209	48.6	126.28159283344552	493.4633478001516	126.28159283344552	7131.598094064772
11650-43	59691.513773681516	64.1	133.66242577876167	240.5625159208588	133.66242577876167	4514.378453588519
11650-430	71506.71362647209	48.6	164.5518790317778	101.6515795125199	101.6515795125199	6995.939151993628
11650-433	71506.71362647209	48.6	258.07792354259055	770.8866013480739	258.07792354259055	5966.153341112469
11650-435	23298.36571940604	56.4	109.68380865349604	821.8705168160191	109.68380865349604	6809.849396326983
11650-44	59691.513773681516	64.1	106.23103388856916	42.84994216097918	42.84994216097918	4192.802286275461
11650-440	71506.71362647209	48.6	186.35911527655432	816.236809020511	186.35911527655432	5928.801563947585
11650-4439	11365.429653097797	72.8	315.6616027767346	114.26391427381323	114.26391427381323	1266.112213674038
11650-4440			91.18163825052713	380.31904744602826	91.18163825052713	1469.5689356561902
11650-4470	152320.85196492577	99.7	254.32548886616536	140.01109588380316	140.01109588380316	3934.0157955256414
11650-4471	71506.71362647209	48.6	255.07120081715294	81.73880605446077	81.73880605446077	4545.920971653438
11650-45	86956.750140809	117.8	56.101259299779535	458.1780773752186	56.101259299779535	3557.9117892768304
11650-451	71506.71362647209	48.6	304.03168620389005	439.9316349000438	304.03168620389005	6942.670470338618
11650-4514	59691.513773681516	64.1	153.43755610598993	67.72654526768747	67.72654526768747	4163.445316245499
11650-4516	41191.95138248848	127.3	64.86530234674258	82.29513722594658	64.86530234674258	3403.258115241274
11650-4533	11365.429653097797	72.8	140.8347084088128	103.0513456248843	103.0513456248843	1227.2793407639888
11650-4538	27532.617236303122	127.1	538.0857364624736	58.981418400565005	58.981418400565005	3052.2936585468797
11650-4550			64.50766560774248	529.7002761083226	64.50766560774248	2908.11920979231
11650-4570	32634.622343830004	133.6	729.4696852952868	33.54199872897345	33.54199872897345	4311.735366576991
11650-458	23298.36571940604	56.4	301.55149674752687	607.4217491353714	301.55149674752687	6919.273545237166
11650-459	71506.71362647209	48.6	171.7115343429655	601.9621299935893	171.7115343429655	6167.862732949545
11650-46	86956.750140809	117.8	277.14859235385194	106.1426978637636	106.1426978637636	3870.252634534061
11650-460	71506.71362647209	48.6	148.95532979462087	40.109224029253205	40.109224029253205	6885.293064803737
11650-461	71506.71362647209	48.6	229.30796098643063	1046.6784032431185	229.30796098643063	6021.99290174446
11650-462	71506.71362647209	48.6	281.2156262990076	640.4366742929536	281.2156262990076	6626.127058021344
11650-4622	152320.85196492577	99.7	262.4054155430589	149.60131125823867	149.60131125823867	3948.3530986418846
11650-463	71506.71362647209	48.6	154.6986951830996	257.8479010972075	154.6986951830996	6629.397762469435
11650-464	71506.71362647209	48.6	346.7093031636894	352.74751191802767	346.7093031636894	6860.274098672665
11650-4640	86956.750140809	117.8	57.12138727738785	45.71652270645957	45.71652270645957	3959.3621587742286
11650-465	71506.71362647209	48.6	238.61204766031005	418.74628513608747	238.61204766031005	7016.709426218424
11650-466	71506.71362647209	48.6	30.97669490796684	435.37058792913774	30.97669490796684	7257.61891117978
11650-467	71506.71362647209	48.6	30.016209697039965	549.038122896165	30.016209697039965	7218.86028245826
11650-4675	12673.485215053763	93.7	451.37694838315804	57.02430908025244	57.02430908025244	1507.9051173358275
11650-4676	11365.429653097797	72.8	50.27459404083835	51.923829410164615	50.27459404083835	1041.7874028959525
11650-4678			368.3739632752494	50.12001868380834	50.12001868380834	2533.3483915302927
11650-468	71506.71362647209	48.6	287.6804315308272	539.6167905348041	287.6804315308272	6948.367917489809
11650-4682	27532.617236303122	127.1	60.69301905852889	292.6815643478143	60.69301905852889	3679.062522426818
11650-469	23298.36571940604	56.4	193.50875069797405	639.7680951285207	193.50875069797405	7033.010478945347
11650-4693	32338.5770609319	129.6	33.643650335176474	859.6712059206806	33.643650335176474	3692.0164873288313
11650-470	23298.36571940604	56.4	30.39439019956777	820.5752370235193	30.39439019956777	7175.434762207946
11650-4703			69.55887235439904	562.7345559596512	69.55887235439904	2858.2057494964024
11650-4706	32634.622343830004	133.6	364.5703893564058	271.2219341203948	271.2219341203948	4552.625014546763
11650-471	71506.71362647209	48.6	59.79473499051857	1064.0141860900933	59.79473499051857	5872.957204111466
11650-472	23298.36571940604	56.4	32.01580070510501	900.3297270161964	32.01580070510501	7166.456458069981
11650-473	23298.36571940604	56.4	44.80925534261836	972.2370463207641	44.80925534261836	5666.688746218061
11650-474	71506.71362647209	48.6	105.6373301417863	1040.5127053219142	105.6373301417863	5711.879977630646
11650-4745	71506.71362647209	48.6	70.36023460587512	442.5546334422508	70.36023460587512	4968.19678271632
11650-475	71506.71362647209	48.6	156.93089608642632	1100.4652599880096	156.93089608642632	5752.939056458598
11650-4750	53077.45426907323	71.3	208.97305001067195	175.40679198747765	175.40679198747765	1249.2211012379596
11650-476	71506.71362647209	48.6	129.65686132924867	950.4914944759073	129.65686132924867	5619.245917846551
11650-4764	59691.513773681516	64.1	67.41594946349753	97.54421925095923	67.41594946349753	4158.460126166373
11650-4766			149.2696327395469	362.0001742005915	149.2696327395469	2515.329786152263
11650-4769	27532.617236303122	127.1	273.19457169096063	265.30596117262775	265.30596117262775	3723.05447879781
11650-477	71506.71362647209	48.6	173.66704629066123	859.4097033418263	173.66704629066123	5500.51605303457
11650-4775	32634.622343830004	133.6	471.4783352631949	80.38153374024255	80.38153374024255	3843.265504065355
11650-4779	59691.513773681516	64.1	255.6934114263224	130.268775276036	130.268775276036	4154.854275510693
11650-478	71506.71362647209	48.6	176.06784761325204	859.0972220488054	176.06784761325204	5496.2335217205755
11650-4783	71506.71362647209	48.6	195.9568225785902	334.7071195987681	195.9568225785902	4818.992889963385
11650-479	59691.513773681516	64.1	576.0016060737111	1067.4854826109367	576.0016060737111	5748.285675637583
11650-4798	27532.617236303122	127.1	465.88752010191854	269.4991069887759	269.4991069887759	3018.699336676574
11650-480	59691.513773681516	64.1	654.0919130093316	1074.483499261257	654.0919130093316	6014.203260042776
11650-4805	132183.58543906812	93.9	151.27878958320642	107.0364271504899	107.0364271504899	1641.530578479695
11650-4807	27532.617236303122	127.1	228.43741746704075	99.72437631263473	99.72437631263473	3351.205070703515
11650-4810	71506.71362647209	48.6	80.12614447900862	1108.0085852470654	80.12614447900862	5695.677892999125
11650-4819	59691.513773681516	64.1	568.0251055666121	121.26865912270641	121.26865912270641	4064.583504358754
11650-482	71506.71362647209	48.6	267.9207621718027	839.6539720164592	267.9207621718027	6012.392675384202
11650-4822	59691.513773681516	64.1	325.26228843644026	55.64348214586056	55.64348214586056	4277.169310211778
11650-4827	59691.513773681516	64.1	122.39366576226654	22.226671632446763	22.226671632446763	3924.5315708711614
11650-483	71506.71362647209	48.6	494.7263635586508	944.8250609834157	494.7263635586508	6013.40934965147
11650-484	152320.85196492577	99.7	220.95430992301965	147.56305061760685	147.56305061760685	4202.493155370804
11650-485	32634.622343830004	133.6	341.8288880183118	21.189366564733632	21.189366564733632	4479.006748833337
11650-486	32634.622343830004	133.6	341.8288880183118	21.189366564733632	21.189366564733632	4479.006748833337
11650-487	32634.622343830004	133.6	341.8288880183118	21.189366564733632	21.189366564733632	4479.006748833337
11650-488	71506.71362647209	48.6	186.35911527655432	816.236809020511	186.35911527655432	5928.801563947585
11650-4887	71506.71362647209	48.6	260.626424127853	89.89789897498261	89.89789897498261	4407.6061864156745
11650-4896	11365.429653097797	72.8	173.56888140156983	103.41026908802151	103.41026908802151	1263.3567246380487
11650-4909			334.63290347560866	280.11326063065167	280.11326063065167	2886.413741406858
11650-4927			34.55030348038383	401.4782327698589	34.55030348038383	2502.8714668831753
11650-4931	59691.513773681516	64.1	230.58252630840494	62.626511071200675	62.626511071200675	4042.0983595685143
11650-4959			533.3769441900629	37.05389231847202	37.05389231847202	2714.625640639669
11650-4966	32634.622343830004	133.6	477.69103011332714	23.603386932922692	23.603386932922692	4240.1990743850765
11650-4967	86956.750140809	117.8	88.3604010628	359.11530768478536	88.3604010628	3488.0863113109863
11650-4969	59691.513773681516	64.1	56.088036541513695	201.1655274551205	56.088036541513695	4235.887214924702
11650-4970	32634.622343830004	133.6	125.05222253375818	129.99466058370396	125.05222253375818	4929.573964599752
11650-4974	53077.45426907323	71.3	41.290029812865015	166.94770867685807	41.290029812865015	1853.4993858097628
11650-498			242.5637178576391	685.4195086111434	242.5637178576391	2527.9597943911444
11650-499			75.333760397742	537.6689021506006	75.333760397742	2402.842086746086
11650-4996	59691.513773681516	64.1	344.0729416792532	18.762580790523003	18.762580790523003	3932.0300791197214
11650-4997			65.58930963076676	397.0413185318968	65.58930963076676	2300.025917335462
11650-5	59691.513773681516	64.1	260.3782419094841	26.66563845655046	26.66563845655046	4003.0589516506307
11650-50	152320.85196492577	99.7	33.854967493151996	411.1524309649301	33.854967493151996	3764.970337214783
11650-501			441.08721622044374	79.31056372415757	79.31056372415757	2558.3613461899668
11650-5012	59691.513773681516	64.1	98.32130343785313	189.04089592025448	98.32130343785313	4452.87676946962
11650-5015	132183.58543906812	93.9	274.750855064832	96.90491224808905	96.90491224808905	1661.0132033086686
11650-502			442.89429276537567	712.5916352537258	442.89429276537567	2727.346584461963
11650-5023	71506.71362647209	48.6	52.4870211427654	688.6831732969952	52.4870211427654	5269.576256561388
11650-503	135574.62505760367	144.6	155.56528869433282	454.4019631970019	155.56528869433282	5193.809164676138
11650-5036	132183.58543906812	93.9	216.39855276740414	342.7373678852686	216.39855276740414	1410.3246726063371
11650-504	27532.617236303122	127.1	454.2975319346612	206.7670451215534	206.7670451215534	3046.375983428045
11650-505	27532.617236303122	127.1	548.8258753415873	112.37548341822267	112.37548341822267	2986.5666400997475
11650-506	27532.617236303122	127.1	508.8901203920294	113.77868361703574	113.77868361703574	3022.997064693871
11650-507	27532.617236303122	127.1	471.02539557840413	114.94910868290997	114.94910868290997	3057.6332949223083
11650-508	27532.617236303122	127.1	466.9280965803164	151.54388346480906	151.54388346480906	3149.2569780647455
11650-509	27532.617236303122	127.1	158.82103739574274	234.97711299624766	158.82103739574274	3317.9465985180627
11650-510	27532.617236303122	127.1	118.31045278884471	365.16079441077346	118.31045278884471	3327.792383551357
11650-511	27532.617236303122	127.1	214.40966336548667	403.05624165974996	214.40966336548667	3639.168109454179
11650-5111	59691.513773681516	64.1	49.848376294636516	49.55024209405232	49.55024209405232	3951.5520580883567
11650-5113	71506.71362647209	48.6	45.56593454202876	500.75275296875753	45.56593454202876	4993.708465311452
11650-5115	32634.622343830004	133.6	414.9070693605306	81.34757962242519	81.34757962242519	4576.85637960969
11650-512	32634.622343830004	133.6	346.08688870392467	332.97649329525507	332.97649329525507	3779.44198186374
11650-5121	11365.429653097797	72.8	221.89537554114509	167.45454423732215	167.45454423732215	1254.2361685361784
11650-5122	32634.622343830004	133.6	46.698814741518596	50.83541036779462	46.698814741518596	4753.2500263338425
11650-5126			78.29997114103867	445.9664694518506	78.29997114103867	1345.7518001613196
11650-513	32338.5770609319	129.6	322.0722691244022	527.4522321756093	322.0722691244022	4020.496369998332
11650-514	135574.62505760367	144.6	529.264291480834	256.18025588647237	256.18025588647237	4285.131812553676
11650-515	135574.62505760367	144.6	557.0828139507862	247.9199971588066	247.9199971588066	4278.462957115906
11650-5150	32634.622343830004	133.6	592.7240178460318	90.51572653610782	90.51572653610782	4106.963020806811
11650-5153	27532.617236303122	127.1	538.0912707184286	554.9333800993228	538.0912707184286	2865.496109632744
11650-5157			125.08453764718716	106.42438890090467	106.42438890090467	2439.589867295902
11650-516	32634.622343830004	133.6	528.0004651804012	248.35451240155086	248.35451240155086	4157.697092928622
11650-517	59691.513773681516	64.1	183.1575598835486	97.06177354949604	97.06177354949604	4492.152043906479
11650-5174			333.9257956748126	138.50983754165281	138.50983754165281	1702.5990712883408
11650-518	59691.513773681516	64.1	289.45924610957906	39.75349032038596	39.75349032038596	4378.951731579689
11650-519	59691.513773681516	64.1	157.18251128038654	147.41970120383442	147.41970120383442	4497.247044072451
11650-52	86956.750140809	117.8	164.11787095966585	415.3070610714298	164.11787095966585	3568.369427587067
11650-520	86956.750140809	117.8	281.6182462067308	79.95945775905156	79.95945775905156	3621.409716879977
11650-521	59691.513773681516	64.1	216.1040583598719	138.39800638128963	138.39800638128963	4043.8817651927016
11650-522	86956.750140809	117.8	120.13367028068532	350.2751315940734	120.13367028068532	3517.773380174018
11650-523	86956.750140809	117.8	127.38885520087982	548.6908909399214	127.38885520087982	3217.56381663899
11650-524	71506.71362647209	48.6	168.3371820488879	22.821636005968685	22.821636005968685	6884.5769183513075
11650-525	71506.71362647209	48.6	129.88296589968297	1083.977779858358	129.88296589968297	5745.562951852267
11650-526	71506.71362647209	48.6	130.79232733326708	1064.2662888957973	130.79232733326708	5726.615531649549
11650-527	53077.45426907323	71.3	62.287247740532266	149.7103237506514	62.287247740532266	952.7080152860075
11650-528	53077.45426907323	71.3	71.81183642614874	147.833383416756	71.81183642614874	955.8125675016838
11650-529	11365.429653097797	72.8	125.2384306881443	22.55704364042435	22.55704364042435	1116.6622685457528
11650-53	152320.85196492577	99.7	89.39522598009074	98.63893191153002	89.39522598009074	3936.963869472254
11650-530	12673.485215053763	93.7	398.6628456886622	53.050881980680536	53.050881980680536	1739.47475394079
11650-531	132183.58543906812	93.9	17.695210427255613	196.50422892001058	17.695210427255613	1550.940226604055
11650-532	152320.85196492577	99.7	116.41967527902086	203.8820022997062	116.41967527902086	4332.119725755243
11650-534			341.28537440882957	110.39601042732956	110.39601042732956	2457.9550236299415
11650-535	41191.95138248848	127.3	437.93007322817	692.5386944021656	437.93007322817	2688.0423665600697
11650-537	41191.95138248848	127.3	453.4970925345433	549.0507049328118	453.4970925345433	2838.8715015085036
11650-538	41191.95138248848	127.3	510.63662890597715	675.3288176035571	510.63662890597715	2761.4171193646953
11650-539			361.89303115761214	700.9269529973295	361.89303115761214	2654.6360637957587
11650-54	86956.750140809	117.8	88.12969541275224	296.4939223363268	88.12969541275224	3709.6844951095577
11650-540			69.00218609057121	354.4834561369916	69.00218609057121	2430.7829577533053
11650-541	41191.95138248848	127.3	523.2196810355026	669.6940407599925	523.2196810355026	2779.909022342729
11650-542	27532.617236303122	127.1	461.8212558327646	568.9193775112064	461.8212558327646	2789.0419427920124
11650-543			139.03641111068953	574.1611503435369	139.03641111068953	2410.85683495813
11650-544			265.2181867399922	675.0146687633664	265.2181867399922	2464.026607872499
11650-545	41191.95138248848	127.3	402.55063891614384	445.5697793556415	402.55063891614384	2964.8521648122432
11650-548	35615.34488607271	79.9	102.01679308948297	82.45804545765257	82.45804545765257	2105.7782356070556
11650-549			48.908008435393846	204.22756754279283	48.908008435393846	2193.7482276852606
11650-55	59691.513773681516	64.1	297.3621794766094	219.79889661787303	219.79889661787303	4446.035746045006
11650-551	41191.95138248848	127.3	422.52222137009164	491.1863094875089	422.52222137009164	2885.940023860344
11650-553	71506.71362647209	48.6	149.5748163302725	76.28030027600033	76.28030027600033	4521.785604170283
11650-554	71506.71362647209	48.6	127.60419447085623	414.22708460600506	127.60419447085623	4906.380292232438
11650-555	59691.513773681516	64.1	52.62797074048476	398.5598118844846	52.62797074048476	4631.808623658396
11650-556	59691.513773681516	64.1	139.47649046058353	334.13264327573853	139.47649046058353	4561.543480223881
11650-557	59691.513773681516	64.1	125.04831832375258	339.80924562416686	125.04831832375258	4569.163704680356
11650-558	41191.95138248848	127.3	331.92812146825156	189.36199796367336	189.36199796367336	3877.935962258841
11650-559	59691.513773681516	64.1	112.32481540521056	87.80229315491705	87.80229315491705	4146.846570324977
11650-560	86956.750140809	117.8	146.87890290081367	355.3271410601514	146.87890290081367	3544.2552828607736
11650-561	59691.513773681516	64.1	53.27455964027792	96.52268128523015	53.27455964027792	4318.397206187059
11650-562	23298.36571940604	56.4	47.93906757631911	870.5785881493613	47.93906757631911	5570.257559124752
11650-563	32338.5770609319	129.6	351.340533891257	487.3350886885699	351.340533891257	4112.733982242952
11650-564	135574.62505760367	144.6	92.08829393940565	244.28016702354205	92.08829393940565	4815.880263193469
11650-565	32634.622343830004	133.6	206.34194563258248	459.1048386150567	206.34194563258248	4851.886621417788
11650-566	32634.622343830004	133.6	217.1793608223447	509.35061714145644	217.1793608223447	4871.1221863051705
11650-567	27532.617236303122	127.1	211.97142822241085	311.31620439241493	211.97142822241085	3655.444333316071
11650-568			95.44612210694017	367.48571805759116	95.44612210694017	2618.423798373487
11650-569	27532.617236303122	127.1	398.39028296012424	356.4917279508869	356.4917279508869	4008.2191259130955
11650-572	27532.617236303122	127.1	510.7562715066078	386.9703732853734	386.9703732853734	2868.6183958146007
11650-573	71506.71362647209	48.6	158.00767356264103	929.0101284811277	158.00767356264103	5590.187952093608
11650-574	27532.617236303122	127.1	543.003122660954	391.1792030496852	391.1792030496852	2899.0728428121442
11650-575	32338.5770609319	129.6	478.38578206512886	361.5888316631553	361.5888316631553	4170.46734269449
11650-576	71506.71362647209	48.6	64.28813953919324	1142.7701526480923	64.28813953919324	5725.445044933117
11650-577	27532.617236303122	127.1	545.0352064340121	326.41286648996794	326.41286648996794	2929.444138958776
11650-579	27532.617236303122	127.1	512.0223116111139	343.95377871963944	343.95377871963944	2956.4816506686157
11650-580	27532.617236303122	127.1	550.9076087762455	270.89861738396706	270.89861738396706	2938.1469163292163
11650-581	71506.71362647209	48.6	148.954856962909	1165.2858968860974	148.954856962909	5770.5575052333925
11650-583	32634.622343830004	133.6	642.7640359497075	80.4567864673066	80.4567864673066	4339.316481424877
11650-584	27532.617236303122	127.1	527.8380822205255	229.60735628980237	229.60735628980237	2894.527318364386
11650-585	32634.622343830004	133.6	276.1831414264385	94.50997908255596	94.50997908255596	4702.703671050042
11650-586	71506.71362647209	48.6	172.17869561848454	1160.6810042404488	172.17869561848454	5772.608179126743
11650-587	27532.617236303122	127.1	486.43308400146105	349.9190770824083	349.9190770824083	2979.408316232547
11650-588	32634.622343830004	133.6	486.7393891159746	100.68186119504662	100.68186119504662	4501.347890844465
11650-589	32634.622343830004	133.6	76.65909964597863	67.487414291377	67.487414291377	4953.184828473534
11650-590	27532.617236303122	127.1	511.08741682929286	170.12792426868504	170.12792426868504	3114.3737162622465
11650-591	71506.71362647209	48.6	180.12523593166313	1108.802188544701	180.12523593166313	5724.450307157025
11650-592	71506.71362647209	48.6	215.0670048683664	1159.3579726034393	215.0670048683664	5783.398811548431
11650-593	23298.36571940604	56.4	30.613445279966363	792.0301274825845	30.613445279966363	7178.932445147802
11650-594	71506.71362647209	48.6	79.32621337904936	153.13025926207266	79.32621337904936	4684.81429953247
11650-595	59691.513773681516	64.1	122.98502081908275	265.3285516953209	122.98502081908275	4664.493610637694
11650-597	23298.36571940604	56.4	31.580124849119628	997.2043615239378	31.580124849119628	7161.124315459356
11650-598	41191.95138248848	127.3	336.78117541936047	158.8493277082801	158.8493277082801	3824.81395359066
11650-599	41191.95138248848	127.3	205.942830205257	239.3492961106747	205.942830205257	3791.2948280208852
11650-60	152320.85196492577	99.7	170.2262268723408	313.52335997442987	170.2262268723408	3816.071768907209
11650-600	41191.95138248848	127.3	396.0396138069927	130.87097580637317	130.87097580637317	3880.01592498844
11650-601	41191.95138248848	127.3	38.65615490767183	370.48143231980083	38.65615490767183	3430.0390285313774
11650-602	59691.513773681516	64.1	121.78119726712677	78.55481713414318	78.55481713414318	4326.765128133603
11650-603	59691.513773681516	64.1	215.5097548979534	102.05603400111205	102.05603400111205	4292.37366953348
11650-604	86956.750140809	117.8	181.54986320453622	69.71038158492668	69.71038158492668	3918.0882081883415
11650-605	86956.750140809	117.8	68.85519584311909	148.63677624337035	68.85519584311909	3447.2969168233394
11650-606	86956.750140809	117.8	57.453544250098325	343.5574666914773	57.453544250098325	3456.2603028864846
11650-607	86956.750140809	117.8	101.71856534500688	372.42915549698847	101.71856534500688	3633.4655984933092
11650-608	152320.85196492577	99.7	122.89578109110708	161.59167188413863	122.89578109110708	3975.2803633298968
11650-609	71506.71362647209	48.6	30.01385454234751	475.2969276901932	30.01385454234751	7239.402320913792
11650-61	41191.95138248848	127.3	423.79283297844677	125.66896593424987	125.66896593424987	3922.82785166654
11650-610			259.54321330315213	508.9232815617945	259.54321330315213	3224.2495534380114
11650-611	27532.617236303122	127.1	344.95636349365566	210.1676809949938	210.1676809949938	3148.2346131289823
11650-612	35615.34488607271	79.9	54.111266574431156	162.8645608785847	54.111266574431156	1859.2226294668444
11650-613	27532.617236303122	127.1	344.65195864157494	383.43523031400287	344.65195864157494	3107.2891469486885
11650-615	27532.617236303122	127.1	305.8297012737129	349.27271862716344	305.8297012737129	3151.960313613024
11650-616	27532.617236303122	127.1	265.7147232498261	302.61465014343804	265.7147232498261	3200.6976573834195
11650-618	27532.617236303122	127.1	456.50670279472683	340.4861357962042	340.4861357962042	2821.2574167905777
11650-62	86956.750140809	117.8	67.82514220520376	504.879035321641	67.82514220520376	3351.103864630982
11650-620	71506.71362647209	48.6	204.85142312262445	252.66968527530756	204.85142312262445	4752.957184317452
11650-621			318.9699607426602	342.94433428568897	318.9699607426602	2987.2131658578182
11650-622			261.97295670520225	707.6895942183356	261.97295670520225	2552.993111052627
11650-623	59691.513773681516	64.1	52.21201462137848	83.05675224509258	52.21201462137848	4086.1698344345104
11650-624	41191.95138248848	127.3	273.3127204611278	87.89703054905699	87.89703054905699	3617.3600567560798
11650-625	59691.513773681516	64.1	130.66300501975869	312.75045314369675	130.66300501975869	4547.099675012136
11650-626	32634.622343830004	133.6	535.0455455802472	44.61780110880507	44.61780110880507	3905.37083528148
11650-627	27532.617236303122	127.1	295.8328665808866	378.23308704552954	295.8328665808866	2661.902769104359
11650-63	71506.71362647209	48.6	102.71792096606771	448.32501399998506	102.71792096606771	4948.26906275154
11650-630	27532.617236303122	127.1	101.21660714124552	56.332615770197194	56.332615770197194	3607.881063414854
11650-631	27532.617236303122	127.1	349.59115227613063	330.43046280405775	330.43046280405775	3314.88364750841
11650-632	35615.34488607271	79.9	88.30543369683704	207.30342585776884	88.30543369683704	1837.8407724248268
11650-633	11365.429653097797	72.8	125.65806677058892	27.039231316059034	27.039231316059034	1092.5500107207579
11650-634			280.91123146080605	126.58759829165943	126.58759829165943	2634.0554180449385
11650-635	32338.5770609319	129.6	460.982770673514	379.0461797607298	379.0461797607298	4176.362882770117
11650-636	135574.62505760367	144.6	161.78050658201403	73.07121262537775	73.07121262537775	4691.673539584674
11650-637	135574.62505760367	144.6	60.7149627920443	102.01363946031196	60.7149627920443	4787.89029800065
11650-638	32634.622343830004	133.6	185.78336078284815	506.7373125711974	185.78336078284815	4888.338827849175
11650-639	32634.622343830004	133.6	152.43889891131386	520.3860695708532	152.43889891131386	4912.8209633507095
11650-64	41191.95138248848	127.3	460.4264249678602	71.76508661860451	71.76508661860451	3882.3750991270263
11650-640			25.84175233411595	201.5986935004126	25.84175233411595	2342.242946626207
11650-642	27532.617236303122	127.1	451.521213696993	311.44998073435653	311.44998073435653	2818.5717903561854
11650-643	27532.617236303122	127.1	425.4004389081783	542.7637124149618	425.4004389081783	3000.0592130812165
11650-6434	11365.429653097797	72.8	280.5416836434719	309.2444803636998	280.5416836434719	1468.8693266583723
11650-644	27532.617236303122	127.1	514.2013957501317	410.54089714657215	410.54089714657215	2868.132417784861
11650-645	27532.617236303122	127.1	384.0056511668113	421.97070923866517	384.0056511668113	3061.2982255874854
11650-6451	27532.617236303122	127.1	423.3560102126499	303.68386541577894	303.68386541577894	3102.1724879055514
11650-6458	71506.71362647209	48.6	41.20873738371586	1068.4618190082235	41.20873738371586	5618.233091055368
11650-646	27532.617236303122	127.1	388.8253999910323	396.532294827593	388.8253999910323	3062.127324076814
11650-6462	32634.622343830004	133.6	620.7883782640516	114.82401035800814	114.82401035800814	4140.032426469976
11650-647	27532.617236303122	127.1	399.64946819378054	343.3059267429177	343.3059267429177	3063.672208104611
11650-6474	53077.45426907323	71.3	70.00571561779316	48.38358726331518	48.38358726331518	1070.8367826680094
11650-648	27532.617236303122	127.1	403.73961846200666	497.9202660668439	403.73961846200666	3028.347558826567
11650-649	32634.622343830004	133.6	710.5524174629559	62.27212481519229	62.27212481519229	4237.438814818418
11650-650	32634.622343830004	133.6	706.1971680450014	65.7590767931763	65.7590767931763	4281.067316678872
11650-652	32338.5770609319	129.6	548.6032101183797	283.9547020420994	283.9547020420994	4240.165066525477
11650-653	32634.622343830004	133.6	532.2589207123052	140.5940761565537	140.5940761565537	4442.472236060109
11650-654	32634.622343830004	133.6	470.2767502977502	197.7167921700781	197.7167921700781	4424.8835880283605
11650-655	32634.622343830004	133.6	341.8288880183118	21.189366564733632	21.189366564733632	4479.006748833337
11650-656	32634.622343830004	133.6	341.8288880183118	21.189366564733632	21.189366564733632	4479.006748833337
11650-657	32634.622343830004	133.6	341.8288880183118	21.189366564733632	21.189366564733632	4479.006748833337
11650-658	32634.622343830004	133.6	36.29205689761024	220.1147361089586	36.29205689761024	4850.535284734053
11650-659			89.17138021005754	44.50463762271595	44.50463762271595	2434.158069246697
11650-66	152320.85196492577	99.7	118.54454965025867	750.1641482103445	118.54454965025867	3318.9509725771914
11650-660	71506.71362647209	48.6	100.81289058499112	1068.138401330557	100.81289058499112	5739.474018231704
11650-661	23298.36571940604	56.4	74.64208316759255	1065.2905822961657	74.64208316759255	5744.943924121504
11650-662	71506.71362647209	48.6	100.89606655779856	1088.095567680812	100.89606655779856	5758.302697559021
11650-663	71506.71362647209	48.6	100.16976961367415	1105.9091863224824	100.16976961367415	5775.217711642246
11650-664	71506.71362647209	48.6	134.64848204590183	858.2969939753458	134.64848204590183	5530.788261502851
11650-665	71506.71362647209	48.6	148.9484184770447	832.1479504159978	148.9484184770447	5471.54040133753
11650-666	71506.71362647209	48.6	213.72249906376672	1180.7506845623066	213.72249906376672	5803.4577840757665
11650-667	71506.71362647209	48.6	112.44213284875957	680.2586248335977	112.44213284875957	6113.357130263297
11650-668	23298.36571940604	56.4	178.42038942093976	744.5787341695875	178.42038942093976	6600.227870239648
11650-669	71506.71362647209	48.6	170.33173791778154	249.12607417741484	170.33173791778154	6653.001652617892
11650-670	71506.71362647209	48.6	96.38251496576713	99.583776158311	96.38251496576713	6794.6772941512
11650-671	71506.71362647209	48.6	78.47074307581069	86.83866076140289	78.47074307581069	6805.851929735064
11650-672	71506.71362647209	48.6	156.61394384647636	170.7380843189482	156.61394384647636	6737.683962653193
11650-673	71506.71362647209	48.6	29.93746763707006	456.33778053004755	29.93746763707006	7246.755804245945
11650-674	23298.36571940604	56.4	36.57691590400759	624.9131086228867	36.57691590400759	7203.477268811037
11650-675	23298.36571940604	56.4	164.37879566508576	729.3830012449315	164.37879566508576	7046.871990908127
11650-676	23298.36571940604	56.4	223.96847798394757	719.8757861077023	223.96847798394757	6985.015545439767
11650-677	23298.36571940604	56.4	50.40016560648502	945.0402958701045	50.40016560648502	7049.870660390066
11650-678	23298.36571940604	56.4	30.547659391267008	974.1308885527756	30.547659391267008	7162.883337248741
11650-679	23298.36571940604	56.4	32.36626647000747	945.2072693449124	32.36626647000747	7162.948971833565
11650-680	23298.36571940604	56.4	32.56795069478079	873.4419853761759	32.56795069478079	7168.025680237714
11650-681	53077.45426907323	71.3	123.22214724910108	25.53775927046154	25.53775927046154	1109.858602666709
11650-682	53077.45426907323	71.3	118.74967619448066	188.41338766009704	118.74967619448066	1318.6978661772853
11650-684			418.62879996255305	196.61314301815003	196.61314301815003	2534.590561274228
11650-686	41191.95138248848	127.3	456.6828509100698	707.7814963472647	456.6828509100698	2681.788195450095
11650-688	41191.95138248848	127.3	464.43819125731034	653.3522652980106	464.43819125731034	2737.738517038263
11650-689	41191.95138248848	127.3	541.5245806661145	631.3828813035141	541.5245806661145	2798.1292575702746
11650-690	27532.617236303122	127.1	491.9380108383876	567.6391231027934	491.9380108383876	2818.378056970138
11650-691			353.29586575362185	637.0245411821735	353.29586575362185	2666.7813919908667
11650-692	27532.617236303122	127.1	431.2314725416875	581.3291512367765	431.2314725416875	2756.8081845828633
11650-693			78.14230213077	522.7621089299898	78.14230213077	2372.5462717865535
11650-694			179.4593548042867	639.063808734297	179.4593548042867	2499.7970043317105
11650-695	41191.95138248848	127.3	382.5413981084195	425.8238008379264	382.5413981084195	2984.170055498147
11650-696	41191.95138248848	127.3	376.14321169045803	438.007268429297	376.14321169045803	2995.604014335092
11650-697	35615.34488607271	79.9	54.19272388956972	57.20227574907317	54.19272388956972	2063.512759066948
11650-698			97.77640396519554	433.1255855442989	97.77640396519554	2418.5055761691797
11650-699			106.92285997194543	440.00458980771134	106.92285997194543	2638.5483407849783
11650-7	59691.513773681516	64.1	351.3058387143148	32.9444934882827	32.9444934882827	4346.177611281176
11650-70	59691.513773681516	64.1	268.7330053023808	77.29271845685099	77.29271845685099	4437.744652151069
11650-700	152320.85196492577	99.7	123.05462749176284	697.5056946299853	123.05462749176284	3409.1932248185676
11650-701	71506.71362647209	48.6	114.49691853342074	139.28062155472034	114.49691853342074	4394.86211661806
11650-702	71506.71362647209	48.6	87.68256832005349	408.48155148143053	87.68256832005349	4860.607393829693
11650-703	59691.513773681516	64.1	121.09063089802414	211.0972395844922	121.09063089802414	4585.6067823881185
11650-704	59691.513773681516	64.1	145.2667195555614	269.2138990794013	145.2667195555614	4664.145976083322
11650-705	59691.513773681516	64.1	55.14812719469658	326.93453386464023	55.14812719469658	4591.717349831589
11650-706	59691.513773681516	64.1	159.7367276283003	73.21110001563707	73.21110001563707	4344.161796381417
11650-707	59691.513773681516	64.1	204.62172331131407	260.85549290179347	204.62172331131407	4489.323189203463
11650-708	32634.622343830004	133.6	366.2496028101676	120.63188134506453	120.63188134506453	4407.692665854153
11650-709	32634.622343830004	133.6	280.61044975828725	93.12989711816353	93.12989711816353	4502.109696253514
11650-710	32634.622343830004	133.6	708.4629184476498	60.486029390516514	60.486029390516514	4164.264986030121
11650-711	32634.622343830004	133.6	644.5217661803244	27.763003383882015	27.763003383882015	4116.235859648922
11650-712	32634.622343830004	133.6	730.9441033831137	101.5716436387765	101.5716436387765	4119.662110418055
11650-713	32634.622343830004	133.6	704.6373667878638	116.06679598426958	116.06679598426958	4091.179246036966
11650-714	32634.622343830004	133.6	608.0111145057219	61.41818915577967	61.41818915577967	3984.7350231296123
11650-715	32634.622343830004	133.6	657.8185110239342	51.42381869559095	51.42381869559095	4035.157630784891
11650-716	41191.95138248848	127.3	107.28034960467403	139.83189365595734	107.28034960467403	3816.933752933554
11650-717	41191.95138248848	127.3	167.26986963577897	203.4671811706343	167.26986963577897	3794.552171361039
11650-718	41191.95138248848	127.3	167.26986963577897	203.4671811706343	167.26986963577897	3794.552171361039
11650-719	41191.95138248848	127.3	301.0067305021469	207.7969594687559	207.7969594687559	3857.173777426136
11650-72	32634.622343830004	133.6	456.44950987184404	160.49961199436538	160.49961199436538	3839.6298076560406
11650-720	41191.95138248848	127.3	141.19261955518982	142.59935776600008	141.19261955518982	3886.505032761084
11650-721	86956.750140809	117.8	372.90694186594345	95.06943242713726	95.06943242713726	3748.1536596713827
11650-722	59691.513773681516	64.1	184.98272005780353	153.21908286519897	153.21908286519897	4245.677504315271
11650-723	59691.513773681516	64.1	172.7291632393043	122.34279866242822	122.34279866242822	4277.4994929770255
11650-724	86956.750140809	117.8	378.76505837459797	59.379608613347436	59.379608613347436	2987.5016881276374
11650-726	135574.62505760367	144.6	61.545816624797155	168.5398648451728	61.545816624797155	4810.683638078837
11650-728	35615.34488607271	79.9	85.63264473757746	251.64743588258156	85.63264473757746	1800.8577575222848
11650-729	71506.71362647209	48.6	76.55894291952596	1078.5755114290475	76.55894291952596	5665.357764025773
11650-73	32634.622343830004	133.6	437.2850567461973	109.50881347574904	109.50881347574904	3811.317741475119
11650-730	71506.71362647209	48.6	152.79771328622053	1125.4475358670709	152.79771328622053	5733.069315830363
11650-731	71506.71362647209	48.6	186.7981542688271	91.78326116543442	91.78326116543442	7011.445023933212
11650-732			114.48280933851159	551.4887072634128	114.48280933851159	3035.48211875314
11650-733	27532.617236303122	127.1	379.2497841066834	443.97939410317747	379.2497841066834	3061.3383293729853
11650-734	59691.513773681516	64.1	154.33746955341758	199.58109691759782	154.33746955341758	4562.391160992248
11650-735	59691.513773681516	64.1	71.97358100856057	234.8847600951855	71.97358100856057	4640.827822632126
11650-737	27532.617236303122	127.1	107.81365250565015	155.31847301474218	107.81365250565015	3385.701705974187
11650-739	71506.71362647209	48.6	80.69338416873066	117.8503941536407	80.69338416873066	4650.593762635659
11650-740	27532.617236303122	127.1	83.33888751637424	155.36370424189948	83.33888751637424	3408.6746492178186
11650-741	71506.71362647209	48.6	266.8629943409622	221.01791722289198	221.01791722289198	4708.788089071641
11650-742	59691.513773681516	64.1	203.64211262868298	275.8133596150837	203.64211262868298	4501.633156675186
11650-746			299.1140650605822	318.35613581256797	299.1140650605822	2665.717381647635
11650-747	27532.617236303122	127.1	317.49130424424004	111.84584487461787	111.84584487461787	3856.8815155998964
11650-749	27532.617236303122	127.1	517.4312922075103	464.45572252291765	464.45572252291765	2924.391004352146
11650-750	27532.617236303122	127.1	489.86768075987334	457.1762420268922	457.1762420268922	2952.3047796458472
11650-752	27532.617236303122	127.1	536.353102239488	344.90192817874237	344.90192817874237	2898.25328181541
11650-753	59691.513773681516	64.1	519.4428102020546	97.01542633444349	97.01542633444349	4025.857289464005
11650-754	32634.622343830004	133.6	702.2792770527182	63.2696177154584	63.2696177154584	4159.516018841698
11650-755	41191.95138248848	127.3	467.282298361205	104.71949943953805	104.71949943953805	3964.558243360507
11650-756	27532.617236303122	127.1	398.7799549898591	268.31479305390184	268.31479305390184	3082.4750959080184
11650-757	27532.617236303122	127.1	308.9659747227224	459.55504625052345	308.9659747227224	2662.6764721851396
11650-758			282.0569711566559	414.73854075353506	282.0569711566559	2644.519165454122
11650-759	135574.62505760367	144.6	68.24307596623075	411.35861291784704	68.24307596623075	4908.993322928858
11650-760	27532.617236303122	127.1	549.1192664455616	235.62666900497896	235.62666900497896	2949.415981543637
11650-761	27532.617236303122	127.1	337.5047797684993	471.4809122026099	337.5047797684993	3096.8684141952494
11650-762	27532.617236303122	127.1	280.41427037936666	306.91823347865636	280.41427037936666	3721.9925514838988
11650-763	27532.617236303122	127.1	312.9412778987684	281.5317997382392	281.5317997382392	3758.003350751337
11650-764			86.76309798832355	864.7325081096966	86.76309798832355	3611.701834615675
11650-765	71506.71362647209	48.6	232.95062474584216	986.853996654033	232.95062474584216	5617.746173122282
11650-766			302.26032797642057	776.7956976353939	302.26032797642057	2562.8659140061277
11650-767	41191.95138248848	127.3	296.11208220071836	757.9364667227205	296.11208220071836	2590.7159720756144
11650-768	41191.95138248848	127.3	443.2425791680154	485.3421076120506	443.2425791680154	2925.427673219001
11650-769			185.31379628571304	395.3944183427675	185.31379628571304	2552.775476730516
11650-770	59691.513773681516	64.1	197.17120915581128	291.0030827890212	197.17120915581128	4515.362875076494
11650-771	32634.622343830004	133.6	375.0636366806553	20.455687249975615	20.455687249975615	4431.682657986425
11650-772	59691.513773681516	64.1	214.88205020120304	94.9202982226553	94.9202982226553	4131.53956647957
11650-773	59691.513773681516	64.1	229.30494089381338	73.00729040248815	73.00729040248815	4152.6299659602755
11650-774	41191.95138248848	127.3	71.83826138416592	84.0539240256372	71.83826138416592	3947.680992470914
11650-81	32634.622343830004	133.6	473.99664802433773	195.98024422321564	195.98024422321564	3864.429656062963
11650-826	27532.617236303122	127.1	390.79573032589144	376.7791644288041	376.7791644288041	2753.7716251028087
11650-827	27532.617236303122	127.1	586.5153584440043	107.50081730389871	107.50081730389871	3005.748391367763
11650-828	27532.617236303122	127.1	372.8131211462095	489.69506381433223	372.8131211462095	3059.6599257123717
11650-829			251.6986564961327	251.27042805746393	251.27042805746393	1564.1836933166292
11650-83	86956.750140809	117.8	92.52107958478574	226.52361924136184	92.52107958478574	3777.32056473034
11650-830	41191.95138248848	127.3	413.11933335124326	738.9010593559045	413.11933335124326	2633.2065692163806
11650-831	41191.95138248848	127.3	359.355543327127	524.7220329175253	359.355543327127	2832.5005703923284
11650-832	59691.513773681516	64.1	219.2968941032561	121.88932721010386	121.88932721010386	4104.103581986292
11650-833	59691.513773681516	64.1	550.7611840195678	136.4839773254328	136.4839773254328	4117.383225902909
11650-834	59691.513773681516	64.1	103.93673677152923	51.303794394096585	51.303794394096585	4047.6179458820293
11650-835	27532.617236303122	127.1	467.7740678742431	451.3376450132083	451.3376450132083	2974.709860673111
11650-836	27532.617236303122	127.1	471.1348551312016	97.1120598211523	97.1120598211523	3126.7293207636317
11650-837			481.31136315746045	185.72465943621245	185.72465943621245	2597.2485247027535
11650-838			542.8299470732186	77.42089047079529	77.42089047079529	2659.0837010933956
11650-839	59691.513773681516	64.1	189.51616677314263	282.01636045943127	189.51616677314263	4509.387560365388
11650-84	41191.95138248848	127.3	446.55851158004594	44.27948995393015	44.27948995393015	3812.12073265767
11650-840	32634.622343830004	133.6	458.27663893065863	51.18215118259902	51.18215118259902	4336.738101642812
11650-841	32634.622343830004	133.6	611.8706452414308	28.943530394315694	28.943530394315694	3984.153084276517
11650-85	71506.71362647209	48.6	57.2012467334143	48.6198488261441	48.6198488261441	4479.4235522345025
11650-88	71506.71362647209	48.6	131.8456079671484	330.98767458110825	131.8456079671484	4766.473320266501
11650-89	86956.750140809	117.8	52.533331464546855	99.76117106802447	52.533331464546855	3907.3424432211705
11650-91	59691.513773681516	64.1	208.88765335579296	205.20253902172877	205.20253902172877	4540.158587830729
11650-92	41191.95138248848	127.3	179.38929919275407	255.4410835980696	179.38929919275407	3727.0180929372486
11650-93	41191.95138248848	127.3	180.91430648824803	186.4894278445071	180.91430648824803	3864.5653149620266
11650-94	41191.95138248848	127.3	160.48299261906837	320.036558904419	160.48299261906837	3583.2574660164682
11650-95	86956.750140809	117.8	258.81489603207	102.02490392493091	102.02490392493091	3597.3479345878136
11650-96	59691.513773681516	64.1	278.1922617781292	135.13754199024402	135.13754199024402	4107.858663721107
11650-97	11365.429653097797	72.8	179.40607071252538	98.59454850104099	98.59454850104099	1139.8066980992076
11650-98	12673.485215053763	93.7	59.803563648277525	37.50901427406075	37.50901427406075	1916.365668282204
11680-1	53077.45426907323	71.3	161.42071652966325	205.53378480388804	161.42071652966325	1531.4619518203049
11680-100	35396.26022785458	103.0	345.5440263684159	126.50187552036627	126.50187552036627	2782.0355065940694
11680-101	31612.22624167947	83.0	884.990646864462	128.15182563704997	128.15182563704997	3231.701427220643
11680-104			325.10138103027134	87.02706462652613	87.02706462652613	2972.9285396291575
11680-105	11172.542076292882		105.745116392724	212.55401260271384	105.745116392724	3236.621501003939
11680-108	35615.34488607271	79.9	314.8874353847715	68.93071911833697	68.93071911833697	2267.6338939264992
11680-109	53077.45426907323	71.3	265.11428021752386	239.85345452541918	239.85345452541918	1990.271877473197
11680-121	31612.22624167947	83.0	247.47345115853653	227.12765539808504	227.12765539808504	2562.084840259809
11680-124	42145.98101638505	69.5	144.29394967558883	239.40963608877686	144.29394967558883	2349.0907657703597
11680-128	35615.34488607271	79.9	212.7315703625938	156.81311239058405	156.81311239058405	2464.1271765659944
11680-132	12830.132443676395		131.19273100844626	295.56197321636535	131.19273100844626	3016.6265161844035
11680-1327	152320.85196492577	99.7	198.86188893294198	377.6633404041888	198.86188893294198	3970.8511654935137
11680-136	31612.22624167947	83.0	263.76784612920363	207.5755627300024	207.5755627300024	2615.797578444506
11680-1364	23298.36571940604	56.4	27.14334661933967	1201.8872628240154	27.14334661933967	7159.392716134048
11680-137	31612.22624167947	83.0	415.9592923823138	50.93293954908312	50.93293954908312	2801.399664866435
11680-141	42145.98101638505	69.5	141.41194563072887	68.16128242141951	68.16128242141951	2177.793160493256
11680-148	42145.98101638505	69.5	158.94859112026592	282.71973974924254	158.94859112026592	2319.656386359986
11680-15	53077.45426907323	71.3	213.15242332350283	200.24740091454643	200.24740091454643	1331.2895509236575
11680-150	12830.132443676395		56.832987525135486	385.9133338338504	56.832987525135486	3044.6968285958496
11680-151	12830.132443676395		55.75736484691648	352.0656171714254	55.75736484691648	3076.2867638530697
11680-155	12830.132443676395		24.164717403967696	369.4503151071828	24.164717403967696	3046.3952922999924
11680-158	42145.98101638505	69.5	127.68100766704734	181.39703324559738	127.68100766704734	2732.715631738517
11680-16	53077.45426907323	71.3	327.0413492568813	125.32948447892696	125.32948447892696	1678.0705949795904
11680-160	31612.22624167947	83.0	195.0110463392118	270.7631766413472	195.0110463392118	2643.6846785899447
11680-161	31612.22624167947	83.0	170.9357098964517	180.5313338726474	170.9357098964517	2688.6759275043
11680-162	31612.22624167947	83.0	294.5219250160695	173.67796097115897	173.67796097115897	2734.215538205734
11680-164	11172.542076292882		286.8353909744285	212.03419030576646	212.03419030576646	3328.8820600575514
11680-166	25769.309293394777		79.31072200157475	571.2679624837488	79.31072200157475	4394.349496040115
11680-168	35396.26022785458	103.0	701.9418896267337	28.67872766405115	28.67872766405115	3538.1411439160197
11680-17	60945.972286226315	89.0	81.32168664993166	346.92411476402054	81.32168664993166	2028.6115961896871
11680-171	25769.309293394777		129.01813599566455	524.4004569008957	129.01813599566455	4412.838920937832
11680-172	25769.309293394777		87.39561505247681	547.5595747846464	87.39561505247681	4481.346952991744
11680-176	8913.455677163338		316.1215502085105	110.78814313131643	110.78814313131643	3892.76287962137
11680-177	31612.22624167947	83.0	658.3047954790399	44.59957536581086	44.59957536581086	3154.721301368309
11680-178	31612.22624167947	83.0	838.5158947744884	41.225246530611805	41.225246530611805	3290.8647947220325
11680-179	35396.26022785458	103.0	434.59201798997583	155.910378217052	155.910378217052	3799.8283556125375
11680-18	60945.972286226315	89.0	159.66436448312555	341.3335786857719	159.66436448312555	2125.5533898709996
11680-180	8913.455677163338		338.73645120368917	138.16053021612498	138.16053021612498	4404.5903366978355
11680-181	25769.309293394777		32.151522212844746	419.25127826720757	32.151522212844746	4223.388955039126
11680-182	25769.309293394777		91.78738662936149	561.9598358084924	91.78738662936149	4443.316905934523
11680-183	35396.26022785458	103.0	386.13107336677797	49.427683250393336	49.427683250393336	3868.199160559451
11680-186	11172.542076292882		626.1190396589396	73.61401427233439	73.61401427233439	3849.451801472007
11680-187	35396.26022785458	103.0	439.18376098102385	41.27120303259307	41.27120303259307	3648.3448682986973
11680-189	35396.26022785458	103.0	80.3591126613825	29.871422194800957	29.871422194800957	3806.815157617098
11680-19	60945.972286226315	89.0	165.16792552203	398.2230042776963	165.16792552203	1218.4407710148228
11680-190	31612.22624167947	83.0	829.3687022780696	19.512621540704274	19.512621540704274	3356.353165202595
11680-191	25769.309293394777		177.00137122866207	192.474216092252	177.00137122866207	4406.972543151957
11680-192	25769.309293394777		243.91964828360452	261.9792660557501	243.91964828360452	4400.538044713435
11680-193	8913.455677163338		182.25141187480185	131.86626154577485	131.86626154577485	4538.596036045652
11680-194	31612.22624167947	83.0	860.9406060613109	25.139640117241182	25.139640117241182	3315.9267133358558
11680-195	8913.455677163338		308.25572274165063	196.04244001876643	196.04244001876643	3864.3945941351494
11680-197	31612.22624167947	83.0	788.8482564541665	106.59752376357896	106.59752376357896	3285.990445165087
11680-199	11172.542076292882		525.3740475938571	29.759448178353626	29.759448178353626	3606.3010885842514
11680-2	60945.972286226315	89.0	311.93699800802636	118.89825509839756	118.89825509839756	2140.9966354212484
11680-20	53077.45426907323	71.3	67.36726097123316	211.2558268343451	67.36726097123316	914.8295618115408
11680-202	11172.542076292882		674.5438424982979	291.15759485876407	291.15759485876407	3525.6914029789873
11680-205	24148.037615207373	51.1	389.89546492434255	164.02042075959005	164.02042075959005	5635.326381413115
11680-206	24148.037615207373	51.1	566.0825606435005	29.749461881471138	29.749461881471138	5477.048021189471
11680-207	24148.037615207373	51.1	536.3779793645663	60.9084666927757	60.9084666927757	5559.820234568414
11680-209	24148.037615207373	51.1	487.4451256390211	79.11656252945274	79.11656252945274	5519.488465377391
11680-21	60945.972286226315	89.0	175.59062745842098	87.4932023975717	87.4932023975717	1877.85175122094
11680-210	24148.037615207373	51.1	418.29594354689254	113.27864771693166	113.27864771693166	5655.899125914713
11680-211	24148.037615207373	51.1	107.75823551528723	68.8712164615673	68.8712164615673	6166.538366082558
11680-212	24148.037615207373	51.1	62.47984370230603	197.01313792355464	62.47984370230603	5953.4477281870295
11680-213	24148.037615207373	51.1	420.4307754938256	154.27467253211987	154.27467253211987	5567.751116820028
11680-214	4948.050371223758	48.3	197.88734319302003	209.00010691175692	197.88734319302003	6236.135782336345
11680-216	11562.500569636459	60.4	36.1666580253734	242.0266773743065	36.1666580253734	5968.578456030458
11680-217	4948.050371223758	48.3	68.77998935545286	37.09426722630621	37.09426722630621	6013.780960124002
11680-218	4948.050371223758	48.3	174.92653914589127	93.01691491003473	93.01691491003473	5914.178369116026
11680-22	60945.972286226315	89.0	151.67911608164576	355.44515839918796	151.67911608164576	1249.852935996851
11680-221	11562.500569636459	60.4	65.4298656800689	204.86895467373017	65.4298656800689	5849.274207270626
11680-222	4948.050371223758	48.3	33.83908115307463	483.67152135537873	33.83908115307463	6362.460655359756
11680-225	4948.050371223758	48.3	205.51173078375643	41.19936302436708	41.19936302436708	5851.126864090276
11680-228	98188.54934075782	84.9	205.42968993604592	128.95760026201762	128.95760026201762	4893.682971467464
11680-23	35396.26022785458	103.0	63.81151517492968	359.32526515976645	63.81151517492968	2712.707391854753
11680-230	98188.54934075782	84.9	352.0325802817323	93.01454173190346	93.01454173190346	4954.181832486272
11680-231	24148.037615207373	51.1	734.540144303953	146.97850763555272	146.97850763555272	5360.720528959826
11680-233	71506.71362647209	48.6	288.07154556414514	82.34704036336608	82.34704036336608	4682.280477894397
11680-235	95675.84513568868	75.8	158.50842768844095	186.32650471859824	158.50842768844095	4381.736169655803
11680-236	98188.54934075782	84.9	33.42852283964343	223.22845877877185	33.42852283964343	4895.003636978407
11680-237	98188.54934075782	84.9	208.67339186615533	42.05235971124018	42.05235971124018	4582.223731411999
11680-24	35396.26022785458	103.0	63.38942671836879	179.01720309867895	63.38942671836879	3003.1057260582365
11680-246	98188.54934075782	84.9	183.68642682795755	238.29366522536378	183.68642682795755	4894.954170871332
11680-248	12830.132443676395		394.44952076812825	69.15277894461993	69.15277894461993	3199.4694487109846
11680-249	98188.54934075782	84.9	99.29326576994855	367.2236414548382	99.29326576994855	4299.495561537247
11680-25	35396.26022785458	103.0	805.4593719058814	170.97086193855733	170.97086193855733	3299.9351236040447
11680-251	152320.85196492577	99.7	192.15588983102032	202.74001255382444	192.15588983102032	4425.8581762379035
11680-252	98188.54934075782	84.9	145.36129270841903	317.8265936641352	145.36129270841903	4362.019825065748
11680-258	95675.84513568868	75.8	250.36470849599505	167.0892498159349	167.0892498159349	4409.308075479691
11680-259	12830.132443676395		41.241852385267016	80.65425095196011	41.241852385267016	3313.05128787934
11680-26	35396.26022785458	103.0	67.60615944339881	149.58035711020915	67.60615944339881	3328.355751865634
11680-260	152320.85196492577	99.7	222.9479789242456	513.1572062822257	222.9479789242456	3470.5290589163887
11680-261	95675.84513568868	75.8	174.817162045365	100.68174462607335	100.68174462607335	4487.439316015961
11680-262	95675.84513568868	75.8	192.25526117991464	62.61147534077243	62.61147534077243	4643.804266829568
11680-263	71506.71362647209	48.6	292.7276571612498	182.34530587940094	182.34530587940094	4484.64391729904
11680-265	12830.132443676395		50.745315602501776	285.53392745865267	50.745315602501776	3505.8400247800114
11680-266	95675.84513568868	75.8	140.60304210096731	619.0083309783796	140.60304210096731	3779.486969228867
11680-267	11172.542076292882		220.9597490752888	30.67643483236257	30.67643483236257	3547.6650070280684
11680-269	95675.84513568868	75.8	194.0088323457149	23.43852019265109	23.43852019265109	4605.523978554196
11680-27	35396.26022785458	103.0	251.21035698550847	198.03459425218844	198.03459425218844	2726.7943964430006
11680-271	23298.36571940604	56.4	253.36177394048346	128.46506176577438	128.46506176577438	4891.105674006201
11680-272	23298.36571940604	56.4	235.24982542708713	102.05150405659147	102.05150405659147	4922.441880279281
11680-273	23298.36571940604	56.4	254.7156185527866	102.32990640460315	102.32990640460315	4912.9334725268245
11680-274	11562.500569636459	60.4	371.34960165200084	69.26863547375315	69.26863547375315	5142.953371906132
11680-275	95675.84513568868	75.8	37.99799740083994	372.44918881319035	37.99799740083994	4246.269625075688
11680-276	95675.84513568868	75.8	102.97313679613448	299.74937733735754	102.97313679613448	4304.7618192250475
11680-277	11562.500569636459	60.4	254.87714860172537	600.5744403977051	254.87714860172537	6297.837765351223
11680-278	11562.500569636459	60.4	254.87714860172537	600.5744403977051	254.87714860172537	6297.837765351223
11680-279	19984.481003584227	45.4	309.319571237363	353.2750655733635	309.319571237363	6983.751409567201
11680-280	19984.481003584227	45.4	233.59637046647742	398.73307267192604	233.59637046647742	6823.972672321095
11680-282	23298.36571940604	56.4	33.075358491453734	1094.0100634118508	33.075358491453734	6534.874616317478
11680-283	11562.500569636459	60.4	338.8619937214178	685.9175154105054	338.8619937214178	6440.995075684669
11680-284	23298.36571940604	56.4	130.0670042082055	1381.175958003616	130.0670042082055	7038.698937195352
11680-285	11562.500569636459	60.4	518.7108725752582	320.3412766185649	320.3412766185649	6476.022261869466
11680-289	24148.037615207373	51.1	378.7232242422517	70.26346626341808	70.26346626341808	7049.522890449933
11680-290	4948.050371223758	48.3	242.5787791731767	390.31961570220517	242.5787791731767	6982.4475571305475
11680-291	11562.500569636459	60.4	656.3265536770343	676.6303814750698	656.3265536770343	6695.396107459016
11680-292	23298.36571940604	56.4	141.95441248424876	838.0392650809366	141.95441248424876	6436.093599557884
11680-293	23298.36571940604	56.4	32.9411900309778	855.7303863272205	32.9411900309778	6256.42429922664
11680-294	11562.500569636459	60.4	491.2756709652503	424.95116643910114	424.95116643910114	6425.63747180272
11680-295	23298.36571940604	56.4	57.450794775110325	1039.0141072535646	57.450794775110325	6449.925280827548
11680-296	23298.36571940604	56.4	61.577632876821404	1223.2041011678111	61.577632876821404	7124.36830410906
11680-298	23298.36571940604	56.4	175.023080936691	1264.9343114463677	175.023080936691	6202.322676603859
11680-299	20549.33695596518	41.1	37.58539745922372	1347.263376120504	37.58539745922372	8391.581998555948
11680-3	60945.972286226315	89.0	331.9293828360143	210.2319855612205	210.2319855612205	2223.501458081546
11680-30	35396.26022785458	103.0	63.09974651923379	385.9963392336048	63.09974651923379	2662.360293191459
11680-301	20549.33695596518	41.1	230.51550201988064	1332.9986381385615	230.51550201988064	8187.584407034087
11680-302	19984.481003584227	45.4	409.36932355040307	746.3943817818921	409.36932355040307	7536.260114443893
11680-303	20549.33695596518	41.1	35.009223676465425	1175.0152565887413	35.009223676465425	8277.416379625454
11680-304	20549.33695596518	41.1	228.55550360149556	1141.803930187945	228.55550360149556	8062.766341679491
11680-305	19984.481003584227	45.4	253.22688684547254	919.3692537883762	253.22688684547254	7845.710318873832
11680-306	19984.481003584227	45.4	543.2830494641402	633.2198723400442	543.2830494641402	7274.2759249328465
11680-308	20549.33695596518	41.1	208.98385312959047	975.8236995400327	208.98385312959047	7970.595308741758
11680-309	20549.33695596518	41.1	37.98139691737571	563.9773295084369	37.98139691737571	7836.737490272283
11680-310	19984.481003584227	45.4	350.74122808317156	826.3101483841309	350.74122808317156	7423.83132650165
11680-311	19984.481003584227	45.4	340.822059422318	870.475474033911	340.822059422318	7296.714612580136
11680-313	19984.481003584227	45.4	146.63477261685625	1007.8011097048928	146.63477261685625	7727.32077624389
11680-314	20549.33695596518	41.1	197.65278919716525	1487.4708227216506	197.65278919716525	8317.03322419032
11680-315	36933.08086917563	43.8	43.91117815390925	1135.3743012302734	43.91117815390925	8943.515241675308
11680-316	20549.33695596518	41.1	77.57652259030394	1474.7887253136837	77.57652259030394	8584.841199323519
11680-317	36933.08086917563	43.8	112.87713825221536	744.792442460308	112.87713825221536	8823.767471613652
11680-3176	42145.98101638505	69.5	141.78528075208388	228.6260715029541	141.78528075208388	2808.228696880447
11680-318	36933.08086917563	43.8	56.09505739066717	464.08453865893966	56.09505739066717	8972.0639823469
11680-319	36933.08086917563	43.8	173.47423842787603	988.3302853922441	173.47423842787603	8814.784857251228
11680-32	35396.26022785458	103.0	760.8494669685164	104.31397069325506	104.31397069325506	3379.805444500263
11680-320	23298.36571940604	56.4	24.522278376515843	346.97820253613514	24.522278376515843	5148.364215225098
11680-322	71506.71362647209	48.6	137.60459220012868	550.7373344615152	137.60459220012868	5247.231340874264
11680-323	23298.36571940604	56.4	50.74363629480684	511.8363576547751	50.74363629480684	5831.38896100061
11680-326	23298.36571940604	56.4	27.9666758697159	798.4775154035852	27.9666758697159	5679.330740583591
11680-327	23298.36571940604	56.4	28.29884957814366	90.16124103117262	28.29884957814366	4943.272588599692
11680-328	23298.36571940604	56.4	37.703385808485095	587.1376983603606	37.703385808485095	5631.77414915027
11680-329	23298.36571940604	56.4	56.37302094065561	712.380760376604	56.37302094065561	5556.862301562137
11680-33	31612.22624167947	83.0	599.025381606027	37.25949893325335	37.25949893325335	3057.748731179214
11680-330	23298.36571940604	56.4	230.8570935347226	489.9383993005356	230.8570935347226	5456.001020450457
11680-331	23298.36571940604	56.4	95.22312149050607	436.6533191248037	95.22312149050607	5690.018415610402
11680-332	23298.36571940604	56.4	65.25384533379736	156.4528468331232	65.25384533379736	5040.6756067255665
11680-335	23298.36571940604	56.4	22.262190774042942	44.59009138558408	22.262190774042942	5128.4026557241
11680-337	23298.36571940604	56.4	31.62127717737569	653.440316347805	31.62127717737569	5936.547923389782
11680-338	23298.36571940604	56.4	96.15731127405047	847.3952091824382	96.15731127405047	5772.568512179932
11680-339	71506.71362647209	48.6	322.15740434814285	339.48132219477276	322.15740434814285	5005.838088281739
11680-34	35396.26022785458	103.0	393.6383717635555	166.26005012332854	166.26005012332854	3163.360043472371
11680-340	23298.36571940604	56.4	92.11025953001626	534.8482878657816	92.11025953001626	5998.477125854569
11680-341	23298.36571940604	56.4	32.89871707688126	565.9685769837834	32.89871707688126	5930.618624308929
11680-344	71506.71362647209	48.6	66.24608622171353	611.9506743948045	66.24608622171353	5285.206567834586
11680-3479	71506.71362647209	48.6	93.51493901436874	562.994402332451	93.51493901436874	5202.768980081317
11680-348	23298.36571940604	56.4	43.81011101995075	677.0268069330534	43.81011101995075	5648.990720553795
11680-349	23298.36571940604	56.4	33.48391262577602	612.6637118925241	33.48391262577602	5809.226549856527
11680-350	23298.36571940604	56.4	68.71687941302861	452.39210332999534	68.71687941302861	5209.967207158057
11680-351	71506.71362647209	48.6	218.67477518966487	262.73411808610615	218.67477518966487	5004.6326752534205
11680-352	23298.36571940604	56.4	170.9774618973202	303.9083763485051	170.9774618973202	5055.2897829847325
11680-354	23298.36571940604	56.4	87.72682439565574	512.9591375720195	87.72682439565574	5946.85242363242
11680-355	23298.36571940604	56.4	135.73807804030005	612.9134241246127	135.73807804030005	5518.37867671649
11680-3559	24148.037615207373	51.1	107.75823551528723	68.8712164615673	68.8712164615673	6166.538366082558
11680-356	23298.36571940604	56.4	98.28523539995226	647.0045212810834	98.28523539995226	5558.783506360643
11680-3570	95675.84513568868	75.8	167.68071936779404	102.25452243332408	102.25452243332408	4711.11565657748
11680-3574	35396.26022785458	103.0	631.2933301828772	32.30995023634492	32.30995023634492	2895.5271884328763
11680-3575	31612.22624167947	83.0	878.9197777819865	93.39857731082586	93.39857731082586	3245.3325372518775
11680-3577	11172.542076292882		661.0754882973873	92.73867178077892	92.73867178077892	3484.9133689819855
11680-3578	11172.542076292882		682.9945853893624	119.38450866117354	119.38450866117354	3506.761409654506
11680-358	23298.36571940604	56.4	123.60960583267594	630.1414731636202	123.60960583267594	5522.2437108974245
11680-3581	25769.309293394777		33.44074361728432	458.6659146773003	33.44074361728432	4263.458006206389
11680-3582	8913.455677163338		247.53341689458196	96.69742720945102	96.69742720945102	4504.379493573537
11680-3583	8913.455677163338		245.31814409929325	168.57264911386338	168.57264911386338	4465.020150994575
11680-3592	12830.132443676395		416.78935960685686	84.29812148982757	84.29812148982757	3048.1166515707964
11680-360	23298.36571940604	56.4	156.28979591383023	608.5417374320494	156.28979591383023	5474.664862252719
11680-3600	71506.71362647209	48.6	399.3841479326196	143.02673004364638	143.02673004364638	4842.042530370952
11680-3608	25769.309293394777		159.33809787776403	451.04493385782166	159.33809787776403	4506.711032715515
11680-361	23298.36571940604	56.4	196.05015934380165	546.5979189365615	196.05015934380165	5470.776082676631
11680-3611	60945.972286226315	89.0	191.98390999869892	318.53587018674807	191.98390999869892	1794.543141083013
11680-3613	71506.71362647209	48.6	55.29788501896099	219.43749143483583	55.29788501896099	4789.8074199864
11680-3615	152320.85196492577	99.7	101.9291060837052	35.16033910721801	35.16033910721801	4169.99496532556
11680-3616	35396.26022785458	103.0	190.15597557778472	145.50145499977074	145.50145499977074	2504.4553583046704
11680-3621	98188.54934075782	84.9	471.77952420210727	110.89707737278987	110.89707737278987	4999.6704437534245
11680-3622	98188.54934075782	84.9	514.8744093169871	67.46599477866296	67.46599477866296	4965.148781508492
11680-3623	11562.500569636459	60.4	240.21522809258028	104.17319492701108	104.17319492701108	5263.457942858486
11680-3624	25769.309293394777		219.06138679053635	417.0588431222726	219.06138679053635	4439.211796358982
11680-3626	95675.84513568868	75.8	241.70048362192642	134.69173348465313	134.69173348465313	4651.938294727961
11680-3628	35396.26022785458	103.0	491.89487578616604	95.15805600165554	95.15805600165554	3776.4018324109684
11680-363	23298.36571940604	56.4	173.38000231110985	583.1853707854283	173.38000231110985	5471.0372762357
11680-3632	25769.309293394777		219.06138679053635	417.0588431222726	219.06138679053635	4439.211796358982
11680-3633	31612.22624167947	83.0	893.4362905708027	285.55849518121727	285.55849518121727	3140.9595550781914
11680-3635	35396.26022785458	103.0	197.03731039021724	57.25048921775072	57.25048921775072	3745.0492503647824
11680-364	11562.500569636459	60.4	181.77004321482895	346.78756963018265	181.77004321482895	5998.934004125624
11680-3641	11172.542076292882		494.52851783245836	211.40190293868253	211.40190293868253	3719.9661964116813
11680-3643	98188.54934075782	84.9	201.9956732644676	121.52141782858709	121.52141782858709	4792.663110879361
11680-3645	8913.455677163338		428.5361887190328	29.77544504601031	29.77544504601031	3923.838109557653
11680-3647	71506.71362647209	48.6	52.63557310984685	535.2776307910012	52.63557310984685	5092.921436107228
11680-3648	71506.71362647209	48.6	389.88801575324294	196.21549114261694	196.21549114261694	4886.26275371443
11680-365	11562.500569636459	60.4	67.31832024634168	195.7045127930915	67.31832024634168	5907.113132709986
11680-3650	35396.26022785458	103.0	855.5605430136617	242.8629915826245	242.8629915826245	3062.460625559228
11680-3651	25769.309293394777		219.06138679053635	417.0588431222726	219.06138679053635	4439.211796358982
11680-3652	8913.455677163338		212.8808138175081	70.64999670171238	70.64999670171238	4378.65772057641
11680-3657	25769.309293394777		175.25873507108463	280.3388691827868	175.25873507108463	4102.493474200263
11680-3659	23298.36571940604	56.4	161.77488885499614	599.2569000704478	161.77488885499614	5425.161493819199
11680-366	23298.36571940604	56.4	92.55976611260064	659.6602244150617	92.55976611260064	5553.859121673981
11680-3660	23298.36571940604	56.4	389.88001590479405	1373.5182646205774	389.88001590479405	6387.410345652246
11680-3661	23298.36571940604	56.4	420.0030125403249	1364.9641552242747	420.0030125403249	6404.877514770235
11680-3662	23298.36571940604	56.4	393.1562333222992	1366.4327706339318	393.1562333222992	6406.76825284101
11680-3664	35396.26022785458	103.0	127.7677113388663	56.54999897105303	56.54999897105303	3769.6684324830894
11680-3665	8913.455677163338		293.80121686547477	194.15022950353747	194.15022950353747	4232.929483349655
11680-3667	35396.26022785458	103.0	131.19189935888687	184.48093450070178	131.19189935888687	3510.7718471453627
11680-3669	152320.85196492577	99.7	223.2884209516306	532.7778571949008	223.2884209516306	3576.4510399629944
11680-3670	152320.85196492577	99.7	233.53349262981772	522.8116729471589	233.53349262981772	3559.1797244034897
11680-3672	98188.54934075782	84.9	422.4290613183621	21.3260691016412	21.3260691016412	5046.006586121866
11680-3673	53077.45426907323	71.3	140.71857016217274	196.68902852416605	140.71857016217274	1319.3619186063113
11680-3678	98188.54934075782	84.9	413.42068450821716	41.73554097429287	41.73554097429287	4795.836315240638
11680-3679	98188.54934075782	84.9	25.374426446638275	47.126147598732196	25.374426446638275	4576.194560161868
11680-368	35396.26022785458	103.0	132.25355766159552	289.04106591822415	132.25355766159552	2651.6130687288132
11680-3680	98188.54934075782	84.9	194.60774120760328	29.432240016469756	29.432240016469756	4704.736863810841
11680-3681	23298.36571940604	56.4	52.3464026559378	910.2979831279124	52.3464026559378	5640.665614301692
11680-3682	95675.84513568868	75.8	158.40175603644727	60.87908753522513	60.87908753522513	4382.030188263736
11680-3683	152320.85196492577	99.7	35.674899400046684	122.35007208568258	35.674899400046684	4299.650040913437
11680-3685	35396.26022785458	103.0	50.90515628556933	151.6281402849605	50.90515628556933	3042.4084401285604
11680-3686	25769.309293394777		219.06138679053635	417.0588431222726	219.06138679053635	4439.211796358982
11680-369	35396.26022785458	103.0	150.19399167418604	234.45836030617073	150.19399167418604	2606.2114540145512
11680-3690			397.33709354216984	91.51081994473142	91.51081994473142	3006.7544437590086
11680-3696	8913.455677163338		148.955366271092	55.576763041394656	55.576763041394656	4103.045575060676
11680-3697	98188.54934075782	84.9	100.27152848421046	193.01570746770247	100.27152848421046	4596.485401753852
11680-3698	11562.500569636459	60.4	618.6821289405036	34.88679127790996	34.88679127790996	5361.784522409867
11680-370	35396.26022785458	103.0	180.8741061057247	162.03343660454792	162.03343660454792	2947.4525560858297
11680-3704	35396.26022785458	103.0	835.9852644211048	241.83522552878694	241.83522552878694	3183.3898722491303
11680-3705	12830.132443676395		246.55374554622006	111.07596005040023	111.07596005040023	3067.8222084737986
11680-3707	71506.71362647209	48.6	25.821745012638555	226.30220978920897	25.821745012638555	4787.933997001144
11680-3708	25769.309293394777		76.16871735408021	521.9293000805344	76.16871735408021	4569.527217439953
11680-3709	8913.455677163338		149.63510622837995	59.893937586509146	59.893937586509146	4607.184353506491
11680-371	23298.36571940604	56.4	51.82899530858947	1071.1112063563899	51.82899530858947	6491.099520299134
11680-3712	98188.54934075782	84.9	62.44366336836784	246.6068123197861	62.44366336836784	4863.511406967264
11680-372	11562.500569636459	60.4	36.1666580253734	242.0266773743065	36.1666580253734	5968.578456030458
11680-3720	95675.84513568868	75.8	252.19008786989377	168.09664297739673	168.09664297739673	4740.796372286599
11680-3721	95675.84513568868	75.8	251.52466868529783	191.29510194614394	191.29510194614394	4763.607243892804
11680-3722	152320.85196492577	99.7	93.89387319787032	257.6615213643244	93.89387319787032	3959.220772404122
11680-3726	31612.22624167947	83.0	412.0216751631135	24.286643692381386	24.286643692381386	2973.441046514479
11680-3728	95675.84513568868	75.8	426.38680954492906	192.54960893973197	192.54960893973197	4527.931087097786
11680-373	4948.050371223758	48.3	191.70238873293187	343.3315343306265	191.70238873293187	6356.580016120431
11680-3730	42145.98101638505	69.5	101.9388404077256	145.98312534912202	101.9388404077256	2760.7802486058577
11680-3731	71506.71362647209	48.6	40.183852708590486	588.5191683094415	40.183852708590486	5176.51119648461
11680-3732	31612.22624167947	83.0	694.9151312775995	126.0391489076463	126.0391489076463	3262.9545794883893
11680-3733	31612.22624167947	83.0	797.86466624819	171.85654444105595	171.85654444105595	3370.8790729349516
11680-3734	23298.36571940604	56.4	87.76012115708491	73.12229963726205	73.12229963726205	4977.292872799718
11680-3736	35396.26022785458	103.0	160.59775931184936	215.507510414951	160.59775931184936	2879.868555025852
11680-3739	11562.500569636459	60.4	581.3607372701804	35.77217429915287	35.77217429915287	5330.60988490584
11680-3740	53077.45426907323	71.3	305.54739671709257	206.18100435487858	206.18100435487858	1352.149450150118
11680-3741	71506.71362647209	48.6	336.4466098024962	143.57786569779756	143.57786569779756	4866.999249703056
11680-3746	60945.972286226315	89.0	85.42959800070327	143.1618580493494	85.42959800070327	1864.1561535660585
11680-3749	35396.26022785458	103.0	463.4197489756113	127.5896883451716	127.5896883451716	3810.4564460936026
11680-3752	11562.500569636459	60.4	499.1060592137774	107.58268007138032	107.58268007138032	5430.2459688611025
11680-3755	60945.972286226315	89.0	201.84443373790225	324.9947892492192	201.84443373790225	1849.852358861163
11680-376	24148.037615207373	51.1	60.90860736592145	110.7784370810951	60.90860736592145	5980.447508049887
11680-3760	11562.500569636459	60.4	465.0315883430679	92.93487810716529	92.93487810716529	5152.704953584542
11680-3761	35396.26022785458	103.0	294.3263038467987	162.08807172824837	162.08807172824837	2834.5480854947
11680-3766	98188.54934075782	84.9	243.5866383193728	108.07712689434048	108.07712689434048	4593.92966122924
11680-3773	31612.22624167947	83.0	904.8930241281214	53.45524570139577	53.45524570139577	3286.645774280443
11680-3779	25769.309293394777		60.73002902799588	558.5697395718605	60.73002902799588	4367.176020894653
11680-378	60945.972286226315	89.0	244.98105399666534	109.40769039138321	109.40769039138321	2003.6053037276097
11680-3780	24148.037615207373	51.1	291.02461282439674	72.99766757420211	72.99766757420211	5705.203295478079
11680-379	60945.972286226315	89.0	66.41480349909675	65.9905292713176	65.9905292713176	2002.3178800256544
11680-380	60945.972286226315	89.0	244.98105399666534	109.40769039138321	109.40769039138321	2003.6053037276097
11680-3803	71506.71362647209	48.6	175.56162096440346	376.8102924239842	175.56162096440346	4976.09604945748
11680-381	60945.972286226315	89.0	175.59062745842098	87.4932023975717	87.4932023975717	1877.85175122094
11680-3813	31612.22624167947	83.0	552.3764481006916	196.90819865208144	196.90819865208144	2552.4196711794702
11680-3814	152320.85196492577	99.7	324.761786074622	251.7425905483269	251.7425905483269	4071.320524244467
11680-3819	35396.26022785458	103.0	448.5212905006872	95.03691282093274	95.03691282093274	3820.172743656192
11680-382	60945.972286226315	89.0	154.66572838237573	73.8696658042664	73.8696658042664	2173.721549961446
11680-3821	53077.45426907323	71.3	103.77871888616382	237.7558122159622	103.77871888616382	1355.7204693164442
11680-383	60945.972286226315	89.0	80.53462109014717	72.24925450879678	72.24925450879678	2121.210973847144
11680-3830	8913.455677163338		232.17605828959913	50.59601537505922	50.59601537505922	3959.285533436002
11680-3834	35396.26022785458	103.0	664.8469712509875	177.36898361305657	177.36898361305657	3508.861121304103
11680-384	35396.26022785458	103.0	78.13523211849422	217.71812985504806	78.13523211849422	2236.0791779067467
11680-3840	11172.542076292882		529.3242033298229	102.13868088710099	102.13868088710099	3763.687498250233
11680-3843	31612.22624167947	83.0	233.81535418451824	223.35810333016664	223.35810333016664	2700.415928684297
11680-3844	31612.22624167947	83.0	123.29827322194421	127.78495590531952	123.29827322194421	2692.8134420432375
11680-3845	35396.26022785458	103.0	222.75949177457414	141.99285384419366	141.99285384419366	2946.3463836677684
11680-3846	35396.26022785458	103.0	222.75949177457414	141.99285384419366	141.99285384419366	2946.3463836677684
11680-385	60945.972286226315	89.0	83.90051145421556	236.28045247601364	83.90051145421556	950.1745736275022
11680-3855	35396.26022785458	103.0	88.33960491669397	34.777508037300215	34.777508037300215	3096.1898376822137
11680-3858	31612.22624167947	83.0	339.6778308817352	129.68487931143918	129.68487931143918	2696.2959335668556
11680-3860	31612.22624167947	83.0	605.4034256934988	36.5916102711933	36.5916102711933	3194.1004405022873
11680-3861	23298.36571940604	56.4	121.52256501077488	887.052498949864	121.52256501077488	5775.228546279118
11680-3862	23298.36571940604	56.4	120.88300993942978	892.3710840849036	120.88300993942978	5766.221556338532
11680-3863	35396.26022785458	103.0	62.72822983311033	48.954557873557604	48.954557873557604	3100.33018825629
11680-3871	98188.54934075782	84.9	248.27961448366128	205.8237403527353	205.8237403527353	4975.824807616186
11680-3878	23298.36571940604	56.4	94.05126857445424	665.3812436163636	94.05126857445424	5480.646206029084
11680-3879	23298.36571940604	56.4	45.660482294168204	711.8917959801636	45.660482294168204	5518.260368236123
11680-3881	35396.26022785458	103.0	64.61833473395274	276.94774600968344	64.61833473395274	2458.1654172444923
11680-3882	35396.26022785458	103.0	91.95878044904553	244.21244444631367	91.95878044904553	2448.576117790528
11680-3898	35396.26022785458	103.0	39.55055402221784	55.044926972247424	39.55055402221784	3232.2520692394505
11680-3899	35396.26022785458	103.0	37.633188061282546	79.05274210329014	37.633188061282546	3259.919803419093
11680-39	35396.26022785458	103.0	182.53518249091601	249.10046554124224	182.53518249091601	2683.4700901817114
11680-3905	11562.500569636459	60.4	74.14154923896331	146.27465497454537	74.14154923896331	4979.115544331291
11680-391	24148.037615207373	51.1	445.44196272732154	189.3643460417759	189.3643460417759	6952.730814083425
11680-392	12830.132443676395		23.235482937205227	224.79287244352096	23.235482937205227	3186.670950024511
11680-3923	8913.455677163338		295.2732881710078	104.86287478699884	104.86287478699884	4328.8241927289755
11680-393	98188.54934075782	84.9	469.7233345168481	22.295495401238874	22.295495401238874	4991.243070839298
11680-3936	25769.309293394777		177.83376225841516	214.53232252564732	177.83376225841516	4034.804374647605
11680-3937	25769.309293394777		176.55817251874856	253.52433225396092	176.55817251874856	4074.9996415527285
11680-394	98188.54934075782	84.9	469.316207837512	22.531774974664454	22.531774974664454	5002.196262819474
11680-3946	35396.26022785458	103.0	768.6212839445194	174.45422030095204	174.45422030095204	3207.2995628277904
11680-395	98188.54934075782	84.9	468.18677109233386	21.684750154232965	21.684750154232965	5012.468001288915
11680-3953	17330.174199948797	111.7	65.57682977979215	762.0899766135077	65.57682977979215	10995.375699080416
11680-3958	12830.132443676395		269.6967801617319	83.53609037139228	83.53609037139228	3089.2726133360156
11680-396	98188.54934075782	84.9	501.92825515081495	55.258405832395525	55.258405832395525	5033.928730015522
11680-3962	71506.71362647209	48.6	266.48096322717964	409.16435062973625	266.48096322717964	5094.848227442744
11680-3964	17330.174199948797	111.7	65.45905024660021	649.5643038593117	65.45905024660021	10903.826203956067
11680-3965	17330.174199948797	111.7	188.79943269308978	521.2483436486278	188.79943269308978	10867.002417781066
11680-397	98188.54934075782	84.9	503.6901757948032	56.34185609627182	56.34185609627182	5022.276440284066
11680-3981	4948.050371223758	48.3	60.15924275456619	35.159784096793494	35.159784096793494	5953.59774295929
11680-399	71506.71362647209	48.6	434.0925203468296	83.12699583175674	83.12699583175674	4781.153842634061
11680-40	35396.26022785458	103.0	90.42544973808917	316.7907184456527	90.42544973808917	2613.9516772477214
11680-400	25769.309293394777		157.2538205914319	474.7430953848164	157.2538205914319	4464.924081618561
11680-4003	17330.174199948797	111.7	459.8403238422999	691.9735213605169	459.8403238422999	11089.280460101509
11680-4004	35396.26022785458	103.0	48.53487109156641	261.39440947680026	48.53487109156641	3412.129689204011
11680-4008	17330.174199948797	111.7	259.0876536021135	579.838661151533	259.0876536021135	10943.051290217703
11680-401	25769.309293394777		25.618759944531863	48.879560282405706	25.618759944531863	4416.60978743487
11680-402	25769.309293394777		165.34148831393836	165.87181576043173	165.34148831393836	4458.034062042284
11680-403	8913.455677163338		131.72579843626792	31.894439482437516	31.894439482437516	4109.216765069421
11680-4036	95675.84513568868	75.8	67.9389963043345	204.68833122245653	67.9389963043345	4345.908694199786
11680-404	8913.455677163338		138.77481775932156	31.349793176319526	31.349793176319526	4299.12842123173
11680-405	31612.22624167947	83.0	783.316198461403	58.31519426065734	58.31519426065734	3256.8841728203406
11680-4050	95675.84513568868	75.8	128.20868228984784	107.34608646789782	107.34608646789782	4722.668161024691
11680-406	35396.26022785458	103.0	448.5654085869142	140.81652889678142	140.81652889678142	3766.3418254447433
11680-4069	95675.84513568868	75.8	67.5372188650914	156.50940321437812	67.5372188650914	4388.1977254850635
11680-407	25769.309293394777		116.62282989327323	502.7683627551193	116.62282989327323	4323.071403401903
11680-408	23298.36571940604	56.4	194.3226732385712	70.21475183166706	70.21475183166706	4896.609333635862
11680-4082	35396.26022785458	103.0	441.8570164613415	25.240596340129215	25.240596340129215	3806.3781758156692
11680-4084	98188.54934075782	84.9	428.9102168442813	29.28174446665147	29.28174446665147	4769.916500171192
11680-4090	20549.33695596518	41.1	218.79345599728975	55.897401590170766	55.897401590170766	10077.24947966989
11680-4096	31612.22624167947	83.0	290.8380370509615	235.97239148812167	235.97239148812167	3032.1214482502182
11680-41	35396.26022785458	103.0	667.3704702050826	69.8289777436968	69.8289777436968	3112.4673836527636
11680-410	71506.71362647209	48.6	385.1528191942889	112.90325747721512	112.90325747721512	4581.018980005931
11680-411	71506.71362647209	48.6	358.14556186647036	192.137930666422	192.137930666422	4498.769180046975
11680-412	31612.22624167947	83.0	827.3352086811252	134.24081032803326	134.24081032803326	3182.882984304185
11680-4129	95675.84513568868	75.8	262.6601588193213	314.50187155953415	262.6601588193213	4044.3956614288077
11680-413	35396.26022785458	103.0	258.3054749456588	232.20778435036289	232.20778435036289	3286.3822377340794
11680-414	35396.26022785458	103.0	325.79881301095827	222.49467651749575	222.49467651749575	3247.7579410651424
11680-415	60945.972286226315	89.0	45.56522544420874	607.9672994073305	45.56522544420874	1124.4234723529562
11680-4153	152320.85196492577	99.7	120.46256173636992	155.12543386264224	120.46256173636992	4064.503855757011
11680-416	60945.972286226315	89.0	45.56522544420874	607.9672994073305	45.56522544420874	1124.4234723529562
11680-417	60945.972286226315	89.0	76.36367023315182	398.81503884948995	76.36367023315182	1424.5395683220988
11680-4173	11562.500569636459	60.4	484.8256863457532	37.22719584329017	37.22719584329017	5279.245494689915
11680-418	60945.972286226315	89.0	97.67309130758578	445.80987301457515	97.67309130758578	1334.705564730964
11680-419	60945.972286226315	89.0	170.28220499753192	468.40772392286647	170.28220499753192	1264.431811872722
11680-4197	25769.309293394777		86.18506219100846	493.3153826102331	86.18506219100846	4624.752019055901
11680-4199	17330.174199948797	111.7	190.9909496895284	632.4850750298816	190.9909496895284	10670.904399318939
11680-420	60945.972286226315	89.0	281.285536117161	364.7483127094776	281.285536117161	1353.4039936192369
11680-4202	12830.132443676395		62.047908083493944	246.33443515386924	62.047908083493944	3037.0667478274445
11680-421	60945.972286226315	89.0	281.285536117161	364.7483127094776	281.285536117161	1353.4039936192369
11680-4218	25769.309293394777		244.25543126223369	342.3467638171721	244.25543126223369	4529.5246449685565
11680-422	60945.972286226315	89.0	59.757634488809074	303.2488918965301	59.757634488809074	1659.7316142186019
11680-423	60945.972286226315	89.0	285.47713697148737	146.71424647987442	146.71424647987442	1204.4923516453557
11680-424	60945.972286226315	89.0	24.5533714157173	515.9570158805006	24.5533714157173	1045.6126675261353
11680-425	60945.972286226315	89.0	285.47713697148737	146.71424647987442	146.71424647987442	1204.4923516453557
11680-4253	20549.33695596518	41.1	466.18687878275387	66.2724831152616	66.2724831152616	9732.55535093696
11680-426	60945.972286226315	89.0	285.47713697148737	146.71424647987442	146.71424647987442	1204.4923516453557
11680-427	60945.972286226315	89.0	108.80545398638186	290.7297422965889	108.80545398638186	1286.4267918928256
11680-428	60945.972286226315	89.0	173.17963420326947	444.1039089230649	173.17963420326947	1183.4397470475556
11680-4284	35396.26022785458	103.0	247.94406389277526	203.8091965868039	203.8091965868039	2804.8514213612966
11680-4291	35396.26022785458	103.0	37.966112840933604	168.6362181119036	37.966112840933604	3308.4934794272117
11680-4292	35396.26022785458	103.0	45.19168827687033	50.893634303961164	45.19168827687033	3192.962630491061
11680-4293	4948.050371223758	48.3	116.85949575084268	116.51797161995631	116.51797161995631	5760.4028497142335
11680-4296	98188.54934075782	84.9	114.54721324519451	295.7510991509652	114.54721324519451	4386.992426858774
11680-4297	36933.08086917563	43.8	108.58078711069147	95.13155837111567	95.13155837111567	10444.942589373628
11680-4298	31876.251625704044	123.6	497.4918814010795	75.15676395049007	75.15676395049007	10551.747467652556
11680-43	35396.26022785458	103.0	190.69904059046794	129.24426372614823	129.24426372614823	2980.511602142111
11680-431	42145.98101638505	69.5	251.81230643731396	188.96740760606116	188.96740760606116	2236.5884965827477
11680-4317	95675.84513568868	75.8	116.97657846076467	460.56179884778504	116.97657846076467	3931.702261640647
11680-4319	20549.33695596518	41.1	792.2981306311025	36.14477891129813	36.14477891129813	9846.176377255104
11680-432	35615.34488607271	79.9	289.70191694901445	173.04768474185587	173.04768474185587	2161.099786516218
11680-4324	20549.33695596518	41.1	395.3885697410071	991.5369066138163	395.3885697410071	9020.628107425664
11680-433	23298.36571940604	56.4	99.77328348949541	669.3436241636591	99.77328348949541	5511.505003361888
11680-4332	36933.08086917563	43.8	341.9473943942816	39.92408171721937	39.92408171721937	10199.67625275818
11680-434	98188.54934075782	84.9	138.9206294288265	231.5814249121985	138.9206294288265	4387.382295662314
11680-4341	20549.33695596518	41.1	719.5135449099835	205.86313996914575	205.86313996914575	9536.924850020217
11680-435	11562.500569636459	60.4	109.40234985538595	362.4540711312948	109.40234985538595	5918.986206278647
11680-4356	12830.132443676395		44.771841470565384	86.9954540251501	44.771841470565384	3338.549081422968
11680-4357	60945.972286226315	89.0	213.07885141519685	29.33983387376769	29.33983387376769	2048.07094186043
11680-4359	35396.26022785458	103.0	717.5959802685933	121.26598529452849	121.26598529452849	3364.1678544068723
11680-436	35396.26022785458	103.0	66.3218609693828	269.5651396826832	66.3218609693828	2431.083242649081
11680-4364	35396.26022785458	103.0	812.1492959626146	89.14124417739363	89.14124417739363	3380.908219160406
11680-4375	20549.33695596518	41.1	717.8190391781108	364.50698091962533	364.50698091962533	9409.992803684276
11680-439	35615.34488607271	79.9	286.9507602374068	126.05122586497868	126.05122586497868	2206.1470391588928
11680-4394	11562.500569636459	60.4	135.15970593515038	286.05362136454863	135.15970593515038	5805.230404059947
11680-4398	17330.174199948797	111.7	296.95610398628673	651.172077908756	296.95610398628673	10801.35182032478
11680-4399	17330.174199948797	111.7	197.58371278208517	591.8548160593604	197.58371278208517	10920.54581567261
11680-44	35396.26022785458	103.0	120.73589957118192	259.92493532895656	120.73589957118192	2587.0663228856533
11680-440	35615.34488607271	79.9	206.91933662343695	168.00963552537863	168.00963552537863	2149.235197786377
11680-441	35615.34488607271	79.9	202.54862540919353	143.92485241405222	143.92485241405222	2172.0391125855103
11680-4412	104037.99876472093	79.1	323.58943857900283	55.968892332212604	55.968892332212604	5103.047165847435
11680-442	35615.34488607271	79.9	349.8165734848661	226.77566704000137	226.77566704000137	2578.168750571143
11680-443	42145.98101638505	69.5	104.94534213556904	199.20554444775524	104.94534213556904	2799.9912628225625
11680-444	42145.98101638505	69.5	71.53125809039086	196.2146596654606	71.53125809039086	2724.4367925712672
11680-4440	36933.08086917563	43.8	46.18270812166788	326.6529162757039	46.18270812166788	9459.859879208549
11680-446	12830.132443676395		58.508502473219664	171.9149126334527	58.508502473219664	3105.541640049482
11680-447	24148.037615207373	51.1	598.5647267992342	70.03790229039629	70.03790229039629	5509.147874324934
11680-4474	71506.71362647209	48.6	206.45750583467827	397.23452317859204	206.45750583467827	5113.287278290988
11680-448	11562.500569636459	60.4	484.4791228260207	639.863876905702	484.4791228260207	6879.6043685068125
11680-449	11562.500569636459	60.4	558.1544616850085	544.985534138812	544.985534138812	6461.985361983915
11680-45	35396.26022785458	103.0	177.2790561358597	186.13464436137056	177.2790561358597	2915.3318734772793
11680-450	35396.26022785458	103.0	278.32693529851076	56.692624592889274	56.692624592889274	2498.0178159128536
11680-4510	36933.08086917563	43.8	250.94963629934156	1084.4021141735623	250.94963629934156	9129.214041819469
11680-4515	98188.54934075782	84.9	49.107687399663746	267.1964245776501	49.107687399663746	4375.851888084739
11680-452	60945.972286226315	89.0	390.67882317229146	103.42387439119555	103.42387439119555	1336.2939917673586
11680-454	35396.26022785458	103.0	708.1066191336624	40.47044983805464	40.47044983805464	3459.9841740002685
11680-4542	98188.54934075782	84.9	194.43719506781545	250.60765363102146	194.43719506781545	4819.034567175313
11680-455	60945.972286226315	89.0	201.7278133030032	303.0808777387699	201.7278133030032	1596.9208839453756
11680-456	60945.972286226315	89.0	66.33881992658866	178.41416734193362	66.33881992658866	1832.2192757192952
11680-458	95675.84513568868	75.8	349.90922289951925	405.7865318152228	349.90922289951925	3481.2724401161604
11680-4584	35396.26022785458	103.0	125.39872843240813	161.67581439227396	125.39872843240813	3274.6920676842824
11680-459	95675.84513568868	75.8	68.59100020542127	134.0331837177083	68.59100020542127	4408.414808629076
11680-46	35396.26022785458	103.0	92.60211906334362	342.29688346540144	92.60211906334362	2712.7400387498715
11680-460	95675.84513568868	75.8	261.5069453083859	102.3553355558201	102.3553355558201	4473.505694044434
11680-461	95675.84513568868	75.8	151.94591905682339	86.38540714238584	86.38540714238584	4361.958225339006
11680-462	95675.84513568868	75.8	364.7135922907404	62.26743439662478	62.26743439662478	4408.567428756033
11680-463	95675.84513568868	75.8	247.89699170472764	116.52029974288854	116.52029974288854	4666.22874630862
11680-4637	24148.037615207373	51.1	223.33876175115202	114.82923245458498	114.82923245458498	5831.3028933642845
11680-4643	35396.26022785458	103.0	508.77450898384296	80.3093861887228	80.3093861887228	3114.922662865753
11680-4653	35396.26022785458	103.0	184.04878323808714	231.59993700991797	184.04878323808714	3318.4420374112206
11680-4655	95675.84513568868	75.8	219.60497199881962	287.21792160332245	219.60497199881962	4301.048287079099
11680-466	12830.132443676395		43.52063977392534	56.725507222979246	43.52063977392534	3181.2947516507143
11680-4667	95675.84513568868	75.8	126.53645744680071	177.51934655301392	126.53645744680071	4292.045014692415
11680-467	35615.34488607271	79.9	283.874212239737	192.9405736033302	192.9405736033302	2140.912441521384
11680-469	11172.542076292882		513.9421023507986	61.81823829622119	61.81823829622119	3398.234177268063
11680-47	35396.26022785458	103.0	75.18555046461397	242.54072036769173	75.18555046461397	3585.1677985312635
11680-470	11562.500569636459	60.4	171.0054833477138	421.66917360452277	171.0054833477138	5973.13270696331
11680-471	71506.71362647209	48.6	211.29619886091493	200.19111136341914	200.19111136341914	4818.359659852042
11680-4718	8913.455677163338		351.03397300937905	40.01743269129206	40.01743269129206	3873.036884488347
11680-472	25769.309293394777		115.99880805522065	257.1221347701828	115.99880805522065	4036.179631776311
11680-473	31612.22624167947	83.0	246.4878616275216	115.23007122829961	115.23007122829961	2928.679370540311
11680-4730	31612.22624167947	83.0	371.43033398627904	39.387818987389345	39.387818987389345	2898.9672932756885
11680-474	35396.26022785458	103.0	429.59614308091267	82.91477906174072	82.91477906174072	3066.9277766936593
11680-475	60945.972286226315	89.0	281.285536117161	364.7483127094776	281.285536117161	1353.4039936192369
11680-4756	35396.26022785458	103.0	531.9134998759909	55.33370400965062	55.33370400965062	3474.878529601849
11680-476	35396.26022785458	103.0	341.864601035399	90.7181442763989	90.7181442763989	2741.588948592434
11680-4763	95675.84513568868	75.8	67.49648147364717	609.2671331202491	67.49648147364717	3977.8940720657756
11680-477	23298.36571940604	56.4	31.730599448048967	1461.4452060838878	31.730599448048967	7167.230744447173
11680-4774	23298.36571940604	56.4	205.43361472585943	562.9128144350741	205.43361472585943	5411.849416749063
11680-478	35396.26022785458	103.0	33.58346343410981	190.6675786373372	33.58346343410981	3007.4747826825987
11680-4780	19984.481003584227	45.4	141.27906487415478	1044.6809165242469	141.27906487415478	7553.677007393651
11680-479	23298.36571940604	56.4	32.55208788125577	1501.0116297579157	32.55208788125577	7172.827966956335
11680-4795	31612.22624167947	83.0	745.8680413313265	116.70960479688635	116.70960479688635	3428.6068371943966
11680-4800	11562.500569636459	60.4	86.22415145787707	581.9384533770333	86.22415145787707	7285.042208530533
11680-4801	35396.26022785458	103.0	142.26934239010498	193.07930033474236	142.26934239010498	2472.858837082783
11680-4802	35396.26022785458	103.0	142.26934239010498	193.07930033474236	142.26934239010498	2472.858837082783
11680-481	4948.050371223758	48.3	33.83908115307463	483.67152135537873	33.83908115307463	6362.460655359756
11680-482	60945.972286226315	89.0	122.28187046755882	227.55159523128256	122.28187046755882	1841.4020075414608
11680-483	35396.26022785458	103.0	679.750687151662	40.838272194494046	40.838272194494046	3468.979991651417
11680-4832	104037.99876472093	79.1	38.98162263283351	210.49638077313764	38.98162263283351	5651.8069646946615
11680-485	60945.972286226315	89.0	181.8651178341356	309.0079655000694	181.8651178341356	1875.356302148889
11680-4850	24148.037615207373	51.1	267.45201197333313	30.398221201509713	30.398221201509713	7152.682176834826
11680-4862	35396.26022785458	103.0	482.3627723949789	104.03484640525932	104.03484640525932	3358.53000625934
11680-4863	71506.71362647209	48.6	115.35939724283658	26.955281006958792	26.955281006958792	4572.458215204052
11680-4867	11172.542076292882		334.9859520709851	65.88481078582608	65.88481078582608	3639.7677891160056
11680-487	152320.85196492577	99.7	220.60316777914755	355.9179174561045	220.60316777914755	3990.530607938643
11680-4871	35396.26022785458	103.0	206.28728766937022	181.47113530407373	181.47113530407373	2635.8775805158107
11680-488	12830.132443676395		62.828690014369094	337.79531526561374	62.828690014369094	3552.5708750820604
11680-4885	71506.71362647209	48.6	53.99666396992614	560.1054825722445	53.99666396992614	5128.001518588863
11680-489	12830.132443676395		85.71556388690848	217.16283095424131	85.71556388690848	3593.4352849139746
11680-49	35396.26022785458	103.0	57.05450227317503	335.291954422265	57.05450227317503	2577.455581329861
11680-490	95675.84513568868	75.8	248.10888076801348	384.83642510090857	248.10888076801348	3707.6372717960926
11680-4909	35396.26022785458	103.0	41.9811421211195	94.16814348850598	41.9811421211195	3084.873050838013
11680-491	12830.132443676395		43.273131514388936	327.0537562016718	43.273131514388936	3573.399561901002
11680-4911	12830.132443676395		22.09806669181523	285.6994320132939	22.09806669181523	3100.238114758377
11680-4914	31612.22624167947	83.0	574.5126241288764	167.2750078850762	167.2750078850762	2596.518177178522
11680-492	11172.542076292882		280.10588999234693	51.336089254577594	51.336089254577594	3597.961775488566
11680-4929	23298.36571940604	56.4	190.33723270602695	1256.7752981789695	190.33723270602695	6575.57596950603
11680-493	98188.54934075782	84.9	82.87945206331895	332.4112700956851	82.87945206331895	4343.113295425039
11680-494	98188.54934075782	84.9	110.03214820074598	110.09890860384239	110.03214820074598	4464.469391754476
11680-4949	19984.481003584227	45.4	273.70204772286274	938.9030477218644	273.70204772286274	7397.241338023971
11680-495	95675.84513568868	75.8	290.3509931466127	286.4119825935479	286.4119825935479	4121.06144930086
11680-4957	12830.132443676395		34.13684921766091	185.9366632881609	34.13684921766091	3581.333920101239
11680-4958	12830.132443676395		34.60513721253187	154.12941250302828	34.60513721253187	3547.9055966820506
11680-496	95675.84513568868	75.8	122.95944238391716	22.41367966976854	22.41367966976854	4432.303307766142
11680-497	98188.54934075782	84.9	131.33038235948376	232.11474224533745	131.33038235948376	4914.860762411869
11680-4979	35396.26022785458	103.0	32.677513601524694	67.6283750150694	32.677513601524694	3833.2904681108585
11680-498	98188.54934075782	84.9	19.782181156964818	224.17792758421191	19.782181156964818	4829.618350427407
11680-4988	19984.481003584227	45.4	89.71474480161946	741.274813049452	89.71474480161946	7067.054400002157
11680-499	98188.54934075782	84.9	19.352500957464926	246.41881008222205	19.352500957464926	4850.656071948885
11680-4994	42145.98101638505	69.5	38.56629546890425	126.9582135484486	38.56629546890425	2776.582989151228
11680-50	35396.26022785458	103.0	57.505444392667556	351.97618694410124	57.505444392667556	2603.6713383397714
11680-500	95675.84513568868	75.8	236.36199162362587	99.95462503957914	99.95462503957914	4668.981103068957
11680-5002	25769.309293394777		32.663558823791604	288.3456986834237	32.663558823791604	4176.741348557395
11680-5004	35396.26022785458	103.0	630.3039172235087	33.00725760605557	33.00725760605557	3583.858567776794
11680-5005	24148.037615207373	51.1	295.3559871776243	171.60454221942118	171.60454221942118	5617.613622537924
11680-501	95675.84513568868	75.8	111.04810277010719	138.79490006283504	111.04810277010719	4665.313413868031
11680-5015	11562.500569636459	60.4	427.34821424287514	652.7717300893665	427.34821424287514	6454.266182328255
11680-502	95675.84513568868	75.8	130.32364039929882	142.45986426863422	130.32364039929882	4674.6234225879025
11680-5027	98188.54934075782	84.9	84.31177683985744	299.3892767532993	84.31177683985744	4469.471191995875
11680-503	152320.85196492577	99.7	92.05662241579637	484.4147578510769	92.05662241579637	3862.4624714274128
11680-504	152320.85196492577	99.7	134.70602646973424	333.01451199451895	134.70602646973424	3902.3085265940804
11680-5042	35396.26022785458	103.0	187.41683139657877	170.01956896690407	170.01956896690407	2573.04374358812
11680-5045	71506.71362647209	48.6	241.1291352198453	28.81105846141544	28.81105846141544	4664.457088194866
11680-505	19984.481003584227	45.4	208.12707750504694	303.271363680178	208.12707750504694	6864.445476369476
11680-5056	98188.54934075782	84.9	185.74196649230834	240.9455205618235	185.74196649230834	4448.704026364814
11680-5065	42145.98101638505	69.5	360.43639861223846	183.32917377412718	183.32917377412718	2209.249408148047
11680-5069	98188.54934075782	84.9	195.10625634293558	90.89691453880486	90.89691453880486	4592.827326480172
11680-507	31612.22624167947	83.0	715.3014691649628	161.90066469817933	161.90066469817933	3454.954264177991
11680-508	11172.542076292882		654.2020419465165	254.72422744505866	254.72422744505866	3591.5325126928888
11680-5083	24148.037615207373	51.1	367.96396510302435	66.20051201817543	66.20051201817543	5719.062591799251
11680-509	11172.542076292882		696.4550262042081	120.01648444433862	120.01648444433862	3482.6162989917357
11680-5090	98188.54934075782	84.9	431.70832114861963	22.280076910585976	22.280076910585976	4842.437275678066
11680-5092	19984.481003584227	45.4	40.371803783550455	698.1576819859009	40.371803783550455	7280.28047866268
11680-5099	12830.132443676395		102.98179388589456	124.94020689724024	102.98179388589456	3490.8962376171735
11680-51	35396.26022785458	103.0	65.32777065210577	364.80066843646364	65.32777065210577	2637.5425846137873
11680-510	11172.542076292882		641.966306378278	124.52313777906757	124.52313777906757	3602.3925275058486
11680-5100	23298.36571940604	56.4	42.929259972653924	1308.4112143066955	42.929259972653924	6869.115209452563
11680-511	8913.455677163338		327.57673182112296	76.07676514252978	76.07676514252978	3905.5509042401404
11680-5114	31612.22624167947	83.0	41.51442690195489	251.18760610924136	41.51442690195489	2565.1966742603427
11680-5115	36933.08086917563	43.8	66.90746523697955	398.37726750910525	66.90746523697955	9992.346711311284
11680-513	35396.26022785458	103.0	533.5168263415945	54.61444159782703	54.61444159782703	3635.10372750732
11680-514	25769.309293394777		72.19075397649424	492.16117547825854	72.19075397649424	4305.809115609611
11680-515	25769.309293394777		71.03567472028752	523.4573263629052	71.03567472028752	4336.375418338869
11680-516	25769.309293394777		188.10128236827396	188.18653173732102	188.10128236827396	4468.17415519712
11680-517	8913.455677163338		180.5585870563364	53.52065075326177	53.52065075326177	4098.374483622978
11680-518	8913.455677163338		367.07638339624384	59.40386103320701	59.40386103320701	4427.507048973777
11680-519	8913.455677163338		242.25715958327027	132.99707695445716	132.99707695445716	4487.88972377431
11680-52	35396.26022785458	103.0	89.53284459918619	285.7773235277901	89.53284459918619	2563.3527749162845
11680-520	8913.455677163338		270.1776770755736	181.99378992885644	181.99378992885644	4436.611595325815
11680-521	8913.455677163338		210.345755009493	164.38963025782445	164.38963025782445	4496.653279657463
11680-522	98188.54934075782	84.9	91.21125514634814	222.62070160569738	91.21125514634814	4423.729363752601
11680-523	98188.54934075782	84.9	35.84506266167822	313.7652331019411	35.84506266167822	4564.531714718284
11680-5235	24148.037615207373	51.1	378.7232242422517	70.26346626341808	70.26346626341808	7049.522890449933
11680-524	98188.54934075782	84.9	66.43862187158393	125.9682719302948	66.43862187158393	4640.644461363593
11680-5242	36933.08086917563	43.8	171.77193919989875	91.7187649098091	91.7187649098091	10297.134983826827
11680-5245	42145.98101638505	69.5	101.72929690599213	30.527494589308287	30.527494589308287	1992.121678336578
11680-525	8913.455677163338		230.27049015250668	28.881038381455458	28.881038381455458	4342.821631357089
11680-5251	104037.99876472093	79.1	483.2390547687203	112.36332322673557	112.36332322673557	5364.813391049661
11680-5254	23298.36571940604	56.4	136.49836393886935	378.31072064415724	136.49836393886935	5126.151442591952
11680-5257	42145.98101638505	69.5	25.059301408000746	343.13590276187836	25.059301408000746	2982.3874636485884
11680-526	98188.54934075782	84.9	152.20048521860932	87.28823954120892	87.28823954120892	4590.988057717073
11680-5261	71506.71362647209	48.6	163.87463142280697	374.9556871225927	163.87463142280697	5112.73042181292
11680-5267	35396.26022785458	103.0	67.72571154728809	330.67850724019536	67.72571154728809	2763.682827654828
11680-5268	11562.500569636459	60.4	224.5015747413025	1036.0524945524014	224.5015747413025	6886.180604064122
11680-527	98188.54934075782	84.9	119.81397611618844	287.02418259897337	119.81397611618844	4659.634367814674
11680-5271	11562.500569636459	60.4	572.1066609103043	509.9844805507441	509.9844805507441	6482.76424215324
11680-5272	12830.132443676395		65.48292208771862	69.81161935817293	65.48292208771862	3448.022852313418
11680-528	98188.54934075782	84.9	70.50708091087897	211.9338676571715	70.50708091087897	4580.0591706987
11680-529	98188.54934075782	84.9	28.583692064599777	245.99033405843397	28.583692064599777	4679.251581721274
11680-5290	12830.132443676395		24.754429925207756	35.64195005873899	24.754429925207756	3428.7120826957107
11680-5291	71506.71362647209	48.6	163.87463142280697	374.9556871225927	163.87463142280697	5112.73042181292
11680-5295	60945.972286226315	89.0	141.09248400141752	38.830790383296616	38.830790383296616	2154.5822038287793
11680-530	98188.54934075782	84.9	85.73154611602443	302.4274061294144	85.73154611602443	4698.656170496517
11680-5303	42145.98101638505	69.5	28.329179516635346	355.16507829535857	28.329179516635346	2963.1740976630485
11680-531	98188.54934075782	84.9	134.65080165487157	311.09148304321405	134.65080165487157	4729.3514594501285
11680-532	104037.99876472093	79.1	246.84770081083286	23.18496280617126	23.18496280617126	4987.304927705976
11680-533	11562.500569636459	60.4	652.0870984965926	68.16032177683445	68.16032177683445	5330.225967677646
11680-534	24148.037615207373	51.1	646.2695242917742	66.51959466470085	66.51959466470085	5344.201974213289
11680-535	104037.99876472093	79.1	139.9021560632458	266.70451123116464	139.9021560632458	5198.517589317155
11680-536	104037.99876472093	79.1	141.427490679312	234.51137325351604	141.427490679312	5224.653649525787
11680-537	104037.99876472093	79.1	142.50814302223455	213.67923168795772	142.50814302223455	5241.547524655123
11680-538	104037.99876472093	79.1	86.86170900008115	146.99693285317747	86.86170900008115	5654.824320165369
11680-539	104037.99876472093	79.1	67.1263169835194	172.48567774345318	67.1263169835194	5690.885237665011
11680-540	24148.037615207373	51.1	384.0697268238705	99.2273863888608	99.2273863888608	5692.01195228319
11680-541	60945.972286226315	89.0	437.8139784724883	91.26422182893934	91.26422182893934	1302.006946945211
11680-542	60945.972286226315	89.0	456.0596873374552	119.1870480282997	119.1870480282997	1324.685131798653
11680-543	60945.972286226315	89.0	372.317781962717	103.59741793297448	103.59741793297448	1344.6866593139364
11680-544	53077.45426907323	71.3	293.3254293767572	221.8573380545651	221.8573380545651	1614.9189567820201
11680-545	60945.972286226315	89.0	161.94517818447272	126.2816118239343	126.2816118239343	1738.3608296630816
11680-546	60945.972286226315	89.0	140.2801440231646	128.22656791829894	128.22656791829894	1746.1190205635016
11680-547	60945.972286226315	89.0	174.77095539309744	216.212858731169	174.77095539309744	1510.9615935936574
11680-548	60945.972286226315	89.0	72.76386354614807	284.954571271123	72.76386354614807	1871.4216380035614
11680-549	60945.972286226315	89.0	37.31090764649295	261.7343105045808	37.31090764649295	2065.4613016296885
11680-55	35396.26022785458	103.0	60.681133874835595	287.6665636014486	60.681133874835595	2483.11795654544
11680-550	60945.972286226315	89.0	88.53558747602233	282.42340056414815	88.53558747602233	2013.6318386369862
11680-551	42145.98101638505	69.5	153.02941238111566	34.15592855035021	34.15592855035021	2414.15350852263
11680-552	42145.98101638505	69.5	71.52134891046506	226.89559411084173	71.52134891046506	2326.7763184646715
11680-553	31612.22624167947	83.0	307.37235006396753	159.58311116894095	159.58311116894095	2721.687354474398
11680-554	31612.22624167947	83.0	236.70918466066647	168.0805231667161	168.0805231667161	2499.126660642661
11680-556	31612.22624167947	83.0	226.1424175643041	184.82253103030786	184.82253103030786	2719.888064014556
11680-557	42145.98101638505	69.5	72.15107965827593	229.5374055987328	72.15107965827593	2755.457905979275
11680-558	31612.22624167947	83.0	258.8349394179193	303.7075082792707	258.8349394179193	3061.2353594476863
11680-559	31612.22624167947	83.0	246.10433464655563	355.98233468851026	246.10433464655563	3096.8325138450887
11680-56	35396.26022785458	103.0	64.16795322045694	310.75055302226	64.16795322045694	2550.5020880534285
11680-560	71506.71362647209	48.6	25.84992602898272	380.07783608830414	25.84992602898272	4936.50803901298
11680-566	11562.500569636459	60.4	41.85063408233895	368.69849405941704	41.85063408233895	5848.886160550252
11680-567	71506.71362647209	48.6	194.14738294166207	105.21116959662216	105.21116959662216	4721.617667861109
11680-568	60945.972286226315	89.0	405.8030696916113	107.47294104767225	107.47294104767225	1332.5368881150632
11680-569	35396.26022785458	103.0	119.60895764633449	289.96145888807183	119.60895764633449	2782.4667694957902
11680-57	35396.26022785458	103.0	60.44543753988245	298.4260712864636	60.44543753988245	2512.6802741360943
11680-570	35396.26022785458	103.0	119.83072194845887	277.24725302309884	119.83072194845887	2806.870949644775
11680-571	35396.26022785458	103.0	142.6038959934494	268.9696279924418	142.6038959934494	2796.718782332649
11680-574	35396.26022785458	103.0	167.85821947909398	233.59691490503982	167.85821947909398	2836.1385398546945
11680-575	35396.26022785458	103.0	275.2041348196065	164.00128571262624	164.00128571262624	2850.245494708972
11680-576	35396.26022785458	103.0	195.60471973018608	208.98224657653827	195.60471973018608	2852.0033832494173
11680-577	95675.84513568868	75.8	336.67713653676986	240.42091857819028	240.42091857819028	4110.215996553487
11680-578	4948.050371223758	48.3	242.5787791731767	390.31961570220517	242.5787791731767	6982.4475571305475
11680-579	24148.037615207373	51.1	691.027974844799	136.4665763203402	136.4665763203402	5354.6077417207325
11680-58	35396.26022785458	103.0	283.84849410819083	238.86280563290754	238.86280563290754	3282.1649846658675
11680-580	98188.54934075782	84.9	142.60461657381143	283.4161815414503	142.60461657381143	4757.656911952466
11680-581	23298.36571940604	56.4	356.755518324455	1290.035164720044	356.755518324455	6661.948215063595
11680-582	35615.34488607271	79.9	193.48697173748468	77.52247032831247	77.52247032831247	2235.6753021591894
11680-583			401.5537773532454	202.89053134154656	202.89053134154656	2917.3457058165436
11680-584	60945.972286226315	89.0	127.12476733627369	199.06964260083302	127.12476733627369	1859.5837245957814
11680-585	95675.84513568868	75.8	245.317572417089	256.89606196204204	245.317572417089	4327.633928134654
11680-586	95675.84513568868	75.8	259.81896766731825	89.87543890060856	89.87543890060856	4661.2498895214685
11680-587	35396.26022785458	103.0	208.64524438357836	239.55479080770118	208.64524438357836	2779.8046534416917
11680-589	23298.36571940604	56.4	63.46368642822131	670.8022434931514	63.46368642822131	5608.632750650882
11680-59	35396.26022785458	103.0	352.6572943186376	232.6212669900133	232.6212669900133	3282.643412690006
11680-590	11172.542076292882		524.278544169846	64.14291446641418	64.14291446641418	3372.227984010334
11680-591	35396.26022785458	103.0	243.32442329700427	162.3448649768711	162.3448649768711	2676.2963238092434
11680-592	35396.26022785458	103.0	745.3992281427159	148.81203003139797	148.81203003139797	3116.9190758705413
11680-593	12830.132443676395		120.40135826504707	216.6826352187022	120.40135826504707	3579.8453763338866
11680-594	12830.132443676395		103.01263778755052	216.69723979647821	103.01263778755052	3586.3792352545997
11680-595	98188.54934075782	84.9	76.09740905678355	391.75125844996853	76.09740905678355	4310.476050536573
11680-596	95675.84513568868	75.8	191.70066843859567	102.11376513119623	102.11376513119623	4484.082641908005
11680-597	95675.84513568868	75.8	222.17947827924738	22.21870999129799	22.21870999129799	4558.088896258035
11680-598	31612.22624167947	83.0	760.8247519047923	18.41103925155343	18.41103925155343	3219.12950985239
11680-599	8913.455677163338		114.15512501930154	65.10266113341635	65.10266113341635	4203.9084810031045
11680-60	31612.22624167947	83.0	503.4582051554173	156.4045107329778	156.4045107329778	2604.8146298355477
11680-600	8913.455677163338		276.16231302853464	38.126203817814066	38.126203817814066	4417.418877884005
11680-601	11562.500569636459	60.4	35.676756582432816	40.44753152204131	35.676756582432816	5837.745830399235
11680-602	24148.037615207373	51.1	335.5367870733736	73.34702597206004	73.34702597206004	5682.0683204650395
11680-61	35396.26022785458	103.0	181.27441843527967	232.11784069568927	181.27441843527967	2660.857078184435
11680-62	35396.26022785458	103.0	214.71155956218288	43.096772894847106	43.096772894847106	3621.4700543989757
11680-623	35396.26022785458	103.0	310.40872002419263	62.93686428346976	62.93686428346976	2969.0628648444363
11680-65	35396.26022785458	103.0	64.37734503299923	296.4682343291126	64.37734503299923	2835.9565313535672
11680-661	95675.84513568868	75.8	298.1573173265713	457.7453805734621	298.1573173265713	3516.060839496409
11680-663	11172.542076292882		256.96646479172693	166.08723318808984	166.08723318808984	3750.9516182783404
11680-664	98188.54934075782	84.9	47.40534800858947	408.94251856782876	47.40534800858947	4242.350509358103
11680-665	98188.54934075782	84.9	61.05071282163526	408.5304630236318	61.05071282163526	4248.6423608535015
11680-666	98188.54934075782	84.9	66.34363367338865	357.79179675129234	66.34363367338865	4296.626958563039
11680-6668	12830.132443676395		64.11932549032429	213.66245145621735	64.11932549032429	3433.251079003924
11680-6669	25769.309293394777		166.44102325967964	66.40216901673722	66.40216901673722	3862.346381618763
11680-667	95675.84513568868	75.8	114.42029322322192	143.36967939917804	114.42029322322192	4413.873507523641
11680-6671	71506.71362647209	48.6	91.61379723315407	535.6729420333708	91.61379723315407	5124.8974601233995
11680-668	152320.85196492577	99.7	144.81939719450907	432.2723293499353	144.81939719450907	3857.300584971465
11680-6688	35396.26022785458	103.0	486.35954018163545	37.028879121127126	37.028879121127126	2880.266069982902
11680-6697	35396.26022785458	103.0	85.60255073332442	36.91170651235408	36.91170651235408	3170.9435262904117
11680-67	35396.26022785458	103.0	302.05940401318105	152.7920278139426	152.7920278139426	2750.1740414046026
11680-670	23298.36571940604	56.4	26.540244143751032	1262.410435062253	26.540244143751032	7160.348982557413
11680-671	23298.36571940604	56.4	27.009727884248424	1277.86775888107	27.009727884248424	7160.496873856267
11680-6717	35396.26022785458	103.0	135.3757095515467	137.18626261313727	135.3757095515467	3658.2094696801637
11680-6718	104037.99876472093	79.1	480.9333943271592	45.34599284323341	45.34599284323341	5269.319289907612
11680-672	23298.36571940604	56.4	27.473103576849617	1293.192325871871	27.473103576849617	7160.682190569379
11680-673	23298.36571940604	56.4	71.45828253545196	1487.5973289720803	71.45828253545196	7131.6864994379885
11680-674	23298.36571940604	56.4	62.9846526985213	1371.7039457589945	62.9846526985213	7129.171732686999
11680-675	31612.22624167947	83.0	603.3043042282022	126.0499892841598	126.0499892841598	2639.9504466462668
11680-676	35396.26022785458	103.0	90.80902213658808	261.58486626358797	90.80902213658808	2511.4940886028826
11680-678	35396.26022785458	103.0	336.5573283613516	154.28228254357754	154.28228254357754	2809.338604687185
11680-679	8913.455677163338		331.54033260119434	157.29518128471463	157.29518128471463	3859.4269012031687
11680-680	25769.309293394777		182.37172204291343	231.905327864045	182.37172204291343	4343.896405728298
11680-681	25769.309293394777		123.29556870218912	514.3126487056286	123.29556870218912	4464.8190866170025
11680-682	98188.54934075782	84.9	392.1044738081871	61.95330162792573	61.95330162792573	4805.828254562584
11680-683	98188.54934075782	84.9	562.1992496454067	106.66416625806691	106.66416625806691	5216.694927477284
11680-684	24148.037615207373	51.1	630.1908779790111	108.8107464932914	108.8107464932914	5275.407281030528
11680-685	98188.54934075782	84.9	590.4814759173223	108.8496851681063	108.8496851681063	4990.509852244739
11680-686	24148.037615207373	51.1	693.8239589847069	136.635609054185	136.635609054185	5346.593304868282
11680-687	24148.037615207373	51.1	692.861776938423	117.88429052788985	117.88429052788985	5310.746450931648
11680-688	24148.037615207373	51.1	545.0423476912182	51.35872574328985	51.35872574328985	5378.777932373497
11680-689	24148.037615207373	51.1	444.0788291586868	111.22538317483783	111.22538317483783	5582.41754665413
11680-692	53077.45426907323	71.3	104.49955861178746	168.7907950830938	104.49955861178746	1906.209798649124
11680-695	35615.34488607271	79.9	341.62367743048435	101.79987763902095	101.79987763902095	2241.1343168522226
11680-696	35615.34488607271	79.9	170.69672495212833	139.4436569622796	139.4436569622796	2170.9378134923736
11680-697	35615.34488607271	79.9	262.7836560620727	54.89024546592688	54.89024546592688	2270.5503539923584
11680-698	12830.132443676395		79.00103701306838	136.15613758898758	79.00103701306838	3094.2386700663374
11680-699	12830.132443676395		306.9456383499709	52.33046334298511	52.33046334298511	3111.547125614021
11680-700	11172.542076292882		470.8267479914962	55.83362173612826	55.83362173612826	3505.1531202389456
11680-703	23298.36571940604	56.4	130.7475836513248	631.2016130030581	130.7475836513248	5456.094221403912
11680-704	23298.36571940604	56.4	102.61676829925815	662.4730231219168	102.61676829925815	5492.15859238892
11680-705	23298.36571940604	56.4	251.5608332414412	501.5239321977712	251.5608332414412	5402.4339405938135
11680-706	23298.36571940604	56.4	168.29384422123303	600.5307786249201	168.29384422123303	5451.901847930749
11680-708	71506.71362647209	48.6	198.24169669663644	137.1813222229134	137.1813222229134	4753.749551972982
11680-709	71506.71362647209	48.6	136.7994865844293	345.12087859789875	136.7994865844293	4934.449002280667
11680-710	71506.71362647209	48.6	119.35306673507807	346.5499586757698	119.35306673507807	4930.80174528896
11680-711	71506.71362647209	48.6	57.24999058038633	420.6270139287864	57.24999058038633	4983.9172678456625
11680-712	71506.71362647209	48.6	146.46639736338415	485.154331438458	146.46639736338415	5086.345409124506
11680-713	60945.972286226315	89.0	385.6795400734967	269.920710176757	269.920710176757	1462.4827602750822
11680-714	95675.84513568868	75.8	344.545513859189	64.38361679720961	64.38361679720961	4418.371032155468
11680-715	12830.132443676395		144.78047521194026	367.42767324445947	144.78047521194026	3727.0626486882825
11680-716	23298.36571940604	56.4	29.11366652196099	1386.4636414698793	29.11366652196099	7163.789879468569
11680-717	12830.132443676395		53.45541130181265	121.590993472337	53.45541130181265	3116.1244112649665
11680-73	31612.22624167947	83.0	748.809220260173	34.93924373514066	34.93924373514066	3173.1117817933355
11680-78	35396.26022785458	103.0	88.20138399399914	227.54906857844537	88.20138399399914	2922.961695358838
11680-82	35396.26022785458	103.0	418.91171029512327	31.92763419547505	31.92763419547505	3563.2666578577873
11680-83	31612.22624167947	83.0	628.0316466862414	151.10544294557346	151.10544294557346	2788.448611782053
11680-84	31612.22624167947	83.0	808.1043576670213	55.06959442068909	55.06959442068909	3209.1075742905555
11680-87	35396.26022785458	103.0	240.57061697378296	235.22748849653993	235.22748849653993	2756.1142369622808
11680-89	35396.26022785458	103.0	59.13819644934915	376.6223476135699	59.13819644934915	2684.7642125981615
11680-9	60945.972286226315	89.0	121.31927661684135	247.87359174935165	121.31927661684135	1823.1533276152304
11680-90	35396.26022785458	103.0	276.3046783976119	101.61378692920267	101.61378692920267	2652.813872852194
11680-97	35396.26022785458	103.0	279.5290623883649	58.06500461380668	58.06500461380668	2455.562175300047
11680-98	35396.26022785458	103.0	701.2239455477834	106.86107932113157	106.86107932113157	3240.6090919523926
11680-99	31612.22624167947	83.0	564.1665848884269	161.28697285752366	161.28697285752366	2612.4330575629215
11710-1	20454.769303635432	142.0	81.25097709845016	988.4107985736856	81.25097709845016	6812.118480600541
11710-10	75600.6386328725	137.0	109.38214692020935	553.3151052791517	109.38214692020935	7054.060816681303
11710-100	14738.500057603685	50.4	132.97168522772068	714.4292154367706	132.97168522772068	8773.872654425733
11710-101	4239.85136328725		35.70152650082245	325.6723283153673	35.70152650082245	8297.652937221112
11710-102	5146.200556835637		278.28672373088745	282.29505222078575	278.28672373088745	9498.409074627545
11710-103	14738.500057603685	50.4	39.089862768182165	794.8213237405375	39.089862768182165	8763.87878432334
11710-104	14738.500057603685	50.4	54.555522627529626	581.2454672829228	54.555522627529626	9110.112465142427
11710-105	4239.85136328725		111.76818179325426	68.59101483217995	68.59101483217995	8049.909648388461
11710-106	7614.563639272914		414.30851236760134	89.71391040589957	89.71391040589957	8104.360438351941
11710-107	14738.500057603685	50.4	340.0952531626487	156.7987399714133	156.7987399714133	8880.34421764156
11710-108	14738.500057603685	50.4	125.09355608032932	667.1864687983438	125.09355608032932	9031.765865480049
11710-109	14738.500057603685	50.4	485.5267724163644	359.39331763268734	359.39331763268734	8691.839593438322
11710-11	20454.769303635432	142.0	210.94069403001163	700.806091139244	210.94069403001163	6942.225343129483
11710-110	14738.500057603685	50.4	154.60117320765	421.4293917573381	154.60117320765	9028.774361011034
11710-111	14738.500057603685	50.4	35.359311976756686	715.0795495668764	35.359311976756686	8684.178243022174
11710-112	4239.85136328725		36.083532917486025	203.6150124194358	36.083532917486025	8176.782701775244
11710-113	14738.500057603685	50.4	144.3619018343581	42.76077706083561	42.76077706083561	9090.999392954222
11710-114	4239.85136328725		34.337879610116936	71.87298568321762	34.337879610116936	8046.013199032852
11710-117	14738.500057603685	50.4	236.9457028193434	507.12570939286525	236.9457028193434	8936.910190703458
11710-118	14738.500057603685	50.4	78.20629583692994	768.1318825019425	78.20629583692994	8871.371916643046
11710-119	14678.515181771632	135.8	171.19752620483473	169.8683378576157	169.8683378576157	7818.496209006674
11710-12	20454.769303635432	142.0	57.63399826372961	112.98881584766141	57.63399826372961	7568.269595165832
11710-120	14738.500057603685	50.4	160.85017022271415	684.4546266725347	160.85017022271415	8922.054466761874
11710-121	14738.500057603685	50.4	338.4489050846266	108.42075517326481	108.42075517326481	9657.480166958032
11710-122	14738.500057603685	50.4	71.79787257361993	484.10458156529876	71.79787257361993	9263.20837384765
11710-123	12962.732072452636	47.9	82.77990465487383	81.49204403798927	81.49204403798927	10894.045116827498
11710-124	12962.732072452636	47.9	383.31623570536425	138.55877587209088	138.55877587209088	10570.705346785804
11710-126	12962.732072452636	47.9	138.94000762311134	291.36460404041463	138.94000762311134	10714.095254932094
11710-127	12962.732072452636	47.9	230.21007631309493	196.00989855816965	196.00989855816965	10637.765551629587
11710-128	18788.69297235023	42.9	258.3727076556443	269.3545647357872	258.3727076556443	10094.32295418363
11710-129	12962.732072452636	47.9	372.1403085448013	112.45648357885763	112.45648357885763	10558.226623374092
11710-13	75600.6386328725	137.0	63.82426207154417	364.610805927463	63.82426207154417	6938.992560418736
11710-130	14738.500057603685	50.4	213.97230960374984	329.70571691017096	213.97230960374984	9410.682579226084
11710-131	14738.500057603685	50.4	184.56157964096533	391.441145828896	184.56157964096533	9362.311054099153
11710-13134	12962.732072452636	47.9	232.47427854173347	326.6281143488618	232.47427854173347	10993.841926929013
11710-13145	18621.97140296979	123.6	63.34285288785522	690.790907858565	63.34285288785522	9125.773940849795
11710-13191	14678.515181771632	135.8	51.632373331863846	151.25647155075856	51.632373331863846	7371.100467204929
11710-13198	19074.579499487965	39.4	205.86551360227563	282.9902306149052	205.86551360227563	11164.042420394811
11710-132	18788.69297235023	42.9	808.2109954292408	216.07691307334122	216.07691307334122	10116.557543634324
11710-13212	18788.69297235023	42.9	807.0273454120141	42.59232935906009	42.59232935906009	10069.449405991916
11710-133	19074.579499487965	39.4	81.15467606833647	233.95877519447055	81.15467606833647	11644.243273265767
11710-134	19074.579499487965	39.4	298.7235776433402	364.7599279678942	298.7235776433402	11875.60987816652
11710-136	19074.579499487965	39.4	18.013459751933308	397.1344044476816	18.013459751933308	11642.644263993761
11710-137	19074.579499487965	39.4	172.67371100328927	420.1304034135624	172.67371100328927	11786.322045455725
11710-139	19074.579499487965	39.4	459.21803491730196	280.7818020709957	280.7818020709957	11986.442787645536
11710-14	20454.769303635432	142.0	166.09604902356216	186.12868266649605	166.09604902356216	7460.938541294964
11710-140	19074.579499487965	39.4	192.81246089275575	291.3496109755904	192.81246089275575	11207.922873908508
11710-141	19074.579499487965	39.4	125.40027393704715	437.36196836789026	125.40027393704715	11217.29631890874
11710-142	19074.579499487965	39.4	193.78798366176065	126.67184998988485	126.67184998988485	11329.056103901088
11710-143	19074.579499487965	39.4	164.7140745739939	105.23508716178321	105.23508716178321	11217.661375984237
11710-144	19074.579499487965	39.4	107.15048703206274	201.83113772775866	107.15048703206274	11537.35240460557
11710-145	19074.579499487965	39.4	113.50516657339622	430.8123728818788	113.50516657339622	11252.211725598487
11710-146	13246.477041730672	17.2	500.98103619368607	92.25847224678314	92.25847224678314	11608.159409565089
11710-147	13246.477041730672	17.2	509.0956320805266	132.5913734184428	132.5913734184428	11583.941347806081
11710-148	13246.477041730672	17.2	617.2476618906913	200.76724484430184	200.76724484430184	12010.820775316352
11710-149	13246.477041730672	17.2	453.6409119118013	161.5682602627808	161.5682602627808	11537.33142011345
11710-150	19074.579499487965	39.4	176.9440591955551	327.1122426547799	176.9440591955551	11137.486476912192
11710-151	19074.579499487965	39.4	191.58894406569067	323.9878928795951	191.58894406569067	11061.518978352256
11710-152	19074.579499487965	39.4	94.52873131754141	459.5278704939436	94.52873131754141	10983.677806550591
11710-153	19074.579499487965	39.4	133.94226981474043	216.3968804822414	133.94226981474043	11156.912640646155
11710-154	13246.477041730672	17.2	457.1189950390615	202.80062039482758	202.80062039482758	11704.115113259184
11710-155	13246.477041730672	17.2	476.7325312333029	243.11618094656743	243.11618094656743	11855.880978261763
11710-156	13246.477041730672	17.2	368.89924942166306	325.9931065982957	325.9931065982957	11410.208428721739
11710-157	10031.161424731183		381.55357825656415	292.87842103517846	292.87842103517846	6467.321781352797
11710-158	34937.45330901178	103.5	274.542788843439	368.41064845888764	274.542788843439	5718.910294763447
11710-159	34937.45330901178	103.5	262.2092412368635	577.4409606689865	262.2092412368635	5594.3543111605595
11710-16	20454.769303635432	142.0	412.3247172119928	569.2104577153107	412.3247172119928	7225.788708865234
11710-160	10031.161424731183		341.25057150159085	256.24372386344226	256.24372386344226	6648.936820507218
11710-164	199254.00729646697	102.4	123.1795008367066	145.72988439698014	123.1795008367066	6555.814553524811
11710-165	10031.161424731183		619.515295491787	73.22705357243402	73.22705357243402	6715.697069669333
11710-166	27448.21230798771	63.6	195.79949835472013	122.55402117902455	122.55402117902455	7232.645273211722
11710-168	199254.00729646697	102.4	49.032782606303556	373.8374920688163	49.032782606303556	7093.631312122276
11710-169	27448.21230798771	63.6	162.71061928866723	36.90118632217797	36.90118632217797	7167.0251614106155
11710-17	20454.769303635432	142.0	251.5914699991374	477.73444923953787	251.5914699991374	7155.589091065567
11710-170	27448.21230798771	63.6	147.80523094028985	323.8453504446299	147.80523094028985	6523.590055023335
11710-171	27448.21230798771	63.6	395.80901115868704	71.30718395036831	71.30718395036831	6945.665700608215
11710-174	199254.00729646697	102.4	58.274725763354404	567.0512063016112	58.274725763354404	6834.437218723174
11710-175	27448.21230798771	63.6	169.69118902519338	171.3945896569283	169.69118902519338	7090.421402069322
11710-176	199254.00729646697	102.4	102.60830622305464	353.7633517376669	102.60830622305464	7056.490379156834
11710-177	27448.21230798771	63.6	147.80523094028985	323.8453504446299	147.80523094028985	6523.590055023335
11710-178	18788.69297235023	42.9	355.1385936132517	118.88672461931726	118.88672461931726	9620.377321614367
11710-179	12962.732072452636	47.9	551.0749420770983	40.865995231485236	40.865995231485236	10444.387201790907
11710-18	20454.769303635432	142.0	85.55223372504118	239.7534801922602	85.55223372504118	7564.0065725259365
11710-180	12962.732072452636	47.9	133.6737588467808	241.15261626232274	133.6737588467808	10927.982237637041
11710-181	18788.69297235023	42.9	254.1319085883373	287.3000081105991	254.1319085883373	9506.972359629062
11710-182	14006.69604454685	30.9	441.7305923126126	117.61184119230967	117.61184119230967	9692.631497098228
11710-185	19074.579499487965	39.4	75.61443435088121	121.29543873271972	75.61443435088121	11450.211833358066
11710-186	19074.579499487965	39.4	181.91117740288854	219.9473067507535	181.91117740288854	11099.23230871249
11710-187	19074.579499487965	39.4	114.1859245499258	450.7933394515669	114.1859245499258	11004.467553139335
11710-189	14006.69604454685	30.9	533.8447864881496	30.425671708779785	30.425671708779785	10418.050650434438
11710-19	20454.769303635432	142.0	437.2511940682542	469.6654812414555	437.2511940682542	7211.224961226217
11710-190	41736.14963517665	121.3	67.88024801841534	92.15146514862477	67.88024801841534	10883.768685327132
11710-191	4239.85136328725		253.80864119278178	158.10072526274556	158.10072526274556	8151.802307742849
11710-192	4239.85136328725		184.25724665946836	37.68506912103039	37.68506912103039	7950.752739368551
11710-193	8812.628206605223		506.06548895227945	245.7956858832372	245.7956858832372	7536.068984961383
11710-194	8812.628206605223		703.0632259325823	38.28508755322621	38.28508755322621	7389.652198001161
11710-195	18621.97140296979	123.6	314.2844522725601	439.5254718797081	314.2844522725601	8923.110225296386
11710-198	12962.732072452636	47.9	346.4416363745061	241.93318998528179	241.93318998528179	10143.83372051655
11710-199	14738.500057603685	50.4	332.6363088410908	28.62913616501068	28.62913616501068	9793.359113051803
11710-2	20454.769303635432	142.0	79.93681023268422	942.5274310666404	79.93681023268422	6766.883099811358
11710-20	20454.769303635432	142.0	360.04217222876156	458.8707549489051	360.04217222876156	7287.557597947613
11710-200	14006.69604454685	30.9	299.9499120304059	40.82905373144832	40.82905373144832	9813.283556134023
11710-201	34466.16605862775	115.3	32.62066031064069	156.42585799074686	32.62066031064069	10065.184780159649
11710-202	34466.16605862775	115.3	31.785899535297844	142.21072067851102	31.785899535297844	10078.036472772748
11710-203	14006.69604454685	30.9	769.9991576428472	160.6134418410007	160.6134418410007	10042.206488983615
11710-204	13246.477041730672	17.2	491.45782547721353	111.02816437783973	111.02816437783973	11585.009733184403
11710-205	13246.477041730672	17.2	187.40440713097954	276.71038396162714	187.40440713097954	12266.06032185852
11710-206	41736.14963517665	121.3	234.17839788936257	258.77140934827435	234.17839788936257	10951.92615650902
11710-207	41736.14963517665	121.3	262.04811229928094	287.055377591354	262.04811229928094	10958.813426509654
11710-208	14006.69604454685	30.9	549.9359392054498	20.611263423886236	20.611263423886236	10436.704549674703
11710-209	41736.14963517665	121.3	32.051673205778386	260.88394224287026	32.051673205778386	10641.90408665992
11710-21	18621.97140296979	123.6	260.2843187590047	546.1967469905009	260.2843187590047	8952.538115434154
11710-210	41736.14963517665	121.3	251.9064756515557	359.85958949417386	251.9064756515557	10763.483822440294
11710-211	7614.563639272914		713.6028182491368	107.41088549943284	107.41088549943284	8488.984168664458
11710-212	4239.85136328725		162.55797397938855	401.0696171954324	162.55797397938855	8383.605423334466
11710-213	4239.85136328725		227.0605052726033	152.43413449763258	152.43413449763258	8143.181524430249
11710-214	8812.628206605223		455.3587328476737	497.1166215021868	455.3587328476737	8069.65319785264
11710-215	8812.628206605223		467.3791675171313	492.0463053739802	467.3791675171313	8073.891044425707
11710-217	8812.628206605223		581.6630843420916	45.50713982139484	45.50713982139484	7761.280014315727
11710-218	30169.561456733234	109.3	278.4215923941065	243.8909807388386	243.8909807388386	7712.9690607846305
11710-219	30169.561456733234	109.3	34.80064839169777	179.33737966254796	34.80064839169777	7903.140628134623
11710-22	30169.561456733234	109.3	176.36026229186345	328.1353716724729	176.36026229186345	7651.552871360377
11710-220	7614.563639272914		278.84530226262876	224.02054158284562	224.02054158284562	7660.783370260891
11710-221	18621.97140296979	123.6	354.35183663377677	490.42708512461945	354.35183663377677	8607.660098974222
11710-222	18788.69297235023	42.9	481.14725545963705	47.455059502247515	47.455059502247515	9706.38089132485
11710-223	12962.732072452636	47.9	497.78190636987097	270.6952362563142	270.6952362563142	10153.138855719075
11710-224	18788.69297235023	42.9	410.34770804060213	127.1802741460912	127.1802741460912	9900.487010208224
11710-225	18788.69297235023	42.9	347.22520003499324	224.13792205997382	224.13792205997382	9989.866708216163
11710-226	12962.732072452636	47.9	280.25899776680035	162.24865734329117	162.24865734329117	10525.932984912588
11710-227	18788.69297235023	42.9	320.42337364651945	178.9397172460915	178.9397172460915	9585.334322483915
11710-228	7614.563639272914		439.3208861058132	35.14188025978378	35.14188025978378	7694.725091740881
11710-229	8812.628206605223		386.12458258392905	521.2549374120941	386.12458258392905	8028.472269032108
11710-23	18621.97140296979	123.6	230.67917261396178	747.6961066899088	230.67917261396178	8925.222747610409
11710-231	8812.628206605223		640.8492259341342	248.83766518497552	248.83766518497552	7842.782463210845
11710-232	14006.69604454685	30.9	404.9720155161656	234.40957017961435	234.40957017961435	9632.290349066454
11710-233	7614.563639272914		433.4568959613732	405.47044301834717	405.47044301834717	8569.200101043349
11710-234	14006.69604454685	30.9	366.626770016073	268.80648684472146	268.80648684472146	9594.266360708663
11710-235	14738.500057603685	50.4	249.38358591465516	74.87759821142473	74.87759821142473	9682.205929692884
11710-236	31876.251625704044	123.6	298.7731727088672	355.7693889046594	298.7731727088672	11122.823818389012
11710-238	19074.579499487965	39.4	222.7117627683935	85.95006372267439	85.95006372267439	11671.572948611256
11710-239	14738.500057603685	50.4	246.82508159236423	128.73009952995366	128.73009952995366	9628.32968453408
11710-24	14738.500057603685	50.4	355.79441535932415	52.95497012188376	52.95497012188376	8897.771310976976
11710-240	14738.500057603685	50.4	34.40942378016877	119.51802588094688	34.40942378016877	9623.980618666425
11710-243	7614.563639272914		508.42515393441556	207.39359341775733	207.39359341775733	8316.28198107221
11710-244	7614.563639272914		704.681931822898	74.98565066266042	74.98565066266042	8367.936646597545
11710-245	18621.97140296979	123.6	126.23630924214164	860.5640088753125	126.23630924214164	8965.650450777895
11710-246	8812.628206605223		581.1878097106656	392.712057936541	392.712057936541	8027.25614095724
11710-247	8812.628206605223		569.6999174481751	374.3858188764151	374.3858188764151	7984.083176992898
11710-248	18788.69297235023	42.9	277.6312269522319	78.42764130965244	78.42764130965244	9537.658055980757
11710-249	18788.69297235023	42.9	442.71558703122014	67.33319008581836	67.33319008581836	9707.014978803574
11710-250	14006.69604454685	30.9	369.4023364038524	61.8043414798819	61.8043414798819	9810.460059600802
11710-251	18788.69297235023	42.9	570.5518920917659	35.70558181265645	35.70558181265645	9829.988618205642
11710-252	12962.732072452636	47.9	488.85313498689567	152.10979946381494	152.10979946381494	10540.428172313852
11710-253	41736.14963517665	121.3	36.62164578533002	274.2836720686383	36.62164578533002	10458.44404978722
11710-255	19074.579499487965	39.4	112.59045557394032	386.1749987511766	112.59045557394032	10991.82793791348
11710-256	7614.563639272914		311.44908869274866	252.96595803304433	252.96595803304433	7763.946185309139
11710-257	7614.563639272914		451.68093868331795	48.14228946040829	48.14228946040829	7973.863648874411
11710-258	7614.563639272914		588.5730118740913	248.0680365580057	248.0680365580057	8559.544529025907
11710-259	4239.85136328725		227.45042141879574	210.8672300501439	210.8672300501439	8201.005698256798
11710-26	18621.97140296979	123.6	466.6379139341589	199.9770847708763	199.9770847708763	8797.427592725157
11710-260	4239.85136328725		230.78527055128944	238.14201935962976	230.78527055128944	8228.346069571791
11710-261	4239.85136328725		39.10446180257444	138.2118989256694	39.10446180257444	8112.333800564087
11710-262	14738.500057603685	50.4	57.56354354168487	656.6559197266773	57.56354354168487	9097.22006303851
11710-263	14738.500057603685	50.4	259.05296865083	588.385147962069	259.05296865083	8768.67493416878
11710-264	14738.500057603685	50.4	73.30633119526284	305.611429246624	73.30633119526284	9441.411347422636
11710-265	18788.69297235023	42.9	304.94984784681895	42.948965165174045	42.948965165174045	9545.734372605159
11710-266	18788.69297235023	42.9	351.8542557086129	27.813647387857444	27.813647387857444	9794.693127815159
11710-267	12962.732072452636	47.9	215.0956681733685	220.0220994445749	215.0956681733685	10625.327683638512
11710-268	19074.579499487965	39.4	82.90384931132246	355.71523710454244	82.90384931132246	11021.825515321949
11710-269	19074.579499487965	39.4	88.79222286616685	499.0675834048057	88.79222286616685	10987.760426049212
11710-27	14738.500057603685	50.4	96.82366216705206	52.01191728032102	52.01191728032102	9153.125344940034
11710-270	13246.477041730672	17.2	122.4221177604525	334.5546610825269	122.4221177604525	11200.59181507678
11710-271	13246.477041730672	17.2	571.5635747027316	32.908601776157504	32.908601776157504	11665.146937763771
11710-272	12962.732072452636	47.9	525.9234454475702	222.8586077774817	222.8586077774817	10664.7534335772
11710-273	13246.477041730672	17.2	507.45368250748146	148.7017175403298	148.7017175403298	11707.509179761368
11710-274	13246.477041730672	17.2	579.3273675318545	89.59477467242573	89.59477467242573	11783.585869329703
11710-275	41736.14963517665	121.3	105.05840551621	347.65750474906207	105.05840551621	10614.310103649075
11710-276	12962.732072452636	47.9	515.6436194493524	235.15400639077475	235.15400639077475	10677.5057637722
11710-277	41736.14963517665	121.3	32.216871515232455	68.35614645980807	32.216871515232455	10836.951752376837
11710-278	7614.563639272914		451.12492091696043	97.05602364995572	97.05602364995572	8208.51566254979
11710-279	18621.97140296979	123.6	282.6828671767185	628.9232508505748	282.6828671767185	8899.892002715154
11710-28	18621.97140296979	123.6	63.34285288785522	690.790907858565	63.34285288785522	9125.773940849795
11710-280	10031.161424731183		671.5319050560894	33.8226657827108	33.8226657827108	6835.700030170896
11710-281	199254.00729646697	102.4	135.081729682494	109.63188307705482	109.63188307705482	6811.447151634293
11710-282	41736.14963517665	121.3	563.4366819645564	31.33236445341238	31.33236445341238	10775.76483023647
11710-283	41736.14963517665	121.3	34.012685705040454	249.95563735832792	34.012685705040454	10435.93205736003
11710-284	4239.85136328725		97.49214769233609	284.7888333666031	97.49214769233609	8263.303891903657
11710-285	4239.85136328725		29.97987113368552	115.04193559812882	29.97987113368552	8088.282557145117
11710-286	14738.500057603685	50.4	58.591855389431615	657.68311196273	58.591855389431615	9089.813694747847
11710-287	14738.500057603685	50.4	292.364549391099	153.21964678453466	153.21964678453466	8928.141994226113
11710-288	14738.500057603685	50.4	321.85094555402077	524.5380861961961	321.85094555402077	8734.035506234379
11710-289	14738.500057603685	50.4	299.5086023159785	547.9252080173121	299.5086023159785	8787.913071099689
11710-29	18621.97140296979	123.6	59.472047329371	648.9953008430592	59.472047329371	9143.73443989073
11710-290	14738.500057603685	50.4	321.2904428975984	525.8037842977332	321.2904428975984	8814.477412943657
11710-291	14738.500057603685	50.4	325.86004957378447	521.4635446543565	325.86004957378447	8772.869116545495
11710-292	14738.500057603685	50.4	277.10277373232157	569.9502660503049	277.10277373232157	8814.33152436984
11710-293	18621.97140296979	123.6	73.25412009431871	499.9011028282311	73.25412009431871	8543.216249254763
11710-295	41736.14963517665	121.3	125.96954154664101	171.27402276038427	125.96954154664101	10842.839807721306
11710-296	18788.69297235023	42.9	106.63712546135172	198.44040902647902	106.63712546135172	9375.31099787671
11710-297	10031.161424731183		395.15912212556765	45.68362077595334	45.68362077595334	6975.802529013474
11710-298	14006.69604454685	30.9	461.69979657271756	171.8228291848389	171.8228291848389	9691.93975314407
11710-299	14006.69604454685	30.9	487.9411163376691	170.10057372159523	170.10057372159523	9710.970635444364
11710-3	20454.769303635432	142.0	42.218391184944515	296.8551403790025	42.218391184944515	7436.910305733233
11710-30	30169.561456733234	109.3	458.2875889562165	338.50814573709397	338.50814573709397	8453.984800736744
11710-300	34466.16605862775	115.3	149.88949255251967	178.07494402713797	149.88949255251967	9645.838448670787
11710-302	14006.69604454685	30.9	781.4250602394653	145.7093101749147	145.7093101749147	10017.202159875025
11710-303	18621.97140296979	123.6	202.7102346923072	518.6563482262869	202.7102346923072	8514.873134801623
11710-31	18621.97140296979	123.6	540.64986465688	327.0459706755109	327.0459706755109	8703.686651157286
11710-32	18621.97140296979	123.6	324.316884716228	392.49598052215566	324.316884716228	8918.9648423259
11710-33	7614.563639272914		333.7583063059983	169.0021524269188	169.0021524269188	7668.97000508623
11710-34	7614.563639272914		397.93526258161677	165.50167322431312	165.50167322431312	7811.612277136724
11710-35	7614.563639272914		319.902111818334	197.16688225922837	197.16688225922837	7706.385724186583
11710-358	31876.251625704044	123.6	457.1916102742913	483.7878748154604	457.1916102742913	11109.105302499946
11710-359	41736.14963517665	121.3	563.572125503521	266.3257201772045	266.3257201772045	10924.01714000815
11710-36	18621.97140296979	123.6	351.5072599204268	466.4377951468144	351.5072599204268	8583.715575250877
11710-360	41736.14963517665	121.3	578.8542250325263	250.3662173303316	250.3662173303316	10928.01239124739
11710-363	41736.14963517665	121.3	230.31618943448484	24.415654067857396	24.415654067857396	11198.451415232717
11710-37	18621.97140296979	123.6	68.2553632495316	714.2340054539221	68.2553632495316	8795.871006946816
11710-38	30169.561456733234	109.3	342.7493347843287	21.533122066896624	21.533122066896624	7902.399716546072
11710-39	8812.628206605223		526.7078742742665	458.8344654088454	458.8344654088454	8249.05388489091
11710-4	20454.769303635432	142.0	350.1179849571185	636.0140458942592	350.1179849571185	7180.728169803155
11710-40	30169.561456733234	109.3	204.43103560408335	24.793283551279213	24.793283551279213	8027.654932489083
11710-41	10031.161424731183		307.7703145182538	300.62156718803163	300.62156718803163	7231.844858653225
11710-418	20454.769303635432	142.0	104.07710660924792	311.2112778202425	104.07710660924792	7361.9307436648405
11710-419	30169.561456733234	109.3	559.4797047060651	362.9224369744421	362.9224369744421	8189.220597711538
11710-42	18788.69297235023	42.9	48.172909535508126	320.74262227974907	48.172909535508126	9311.54899182891
11710-420	10031.161424731183		320.32196363911	111.69543474323608	111.69543474323608	7053.433345424267
11710-422	14006.69604454685	30.9	257.41238275702017	363.64915185099534	257.41238275702017	9487.034821864385
11710-425	34466.16605862775	115.3	33.685252130798084	170.70346294509525	33.685252130798084	10052.316172642975
11710-426	14006.69604454685	30.9	608.3559254358275	67.36562486364386	67.36562486364386	10304.88624035789
11710-427	14006.69604454685	30.9	696.4003786191264	243.09168466170055	243.09168466170055	10144.76450803008
11710-428	12962.732072452636	47.9	605.4496382752433	47.204527482414825	47.204527482414825	10429.711737692762
11710-429	12962.732072452636	47.9	453.011338679602	72.14005174510312	72.14005174510312	10552.903107733897
11710-43	14006.69604454685	30.9	630.7715103928159	27.945088095180527	27.945088095180527	9872.861042877668
11710-430	12962.732072452636	47.9	511.95915819053357	134.73106066958093	134.73106066958093	10520.894660090691
11710-431	12962.732072452636	47.9	125.76081817058667	220.43872708443246	125.76081817058667	10930.201588683345
11710-432	12962.732072452636	47.9	255.52624098150886	333.6637591423148	255.52624098150886	10829.390077465076
11710-433	41736.14963517665	121.3	448.50679544993454	369.98946165985717	369.98946165985717	10873.904346374778
11710-434	41736.14963517665	121.3	401.0722407019712	425.3229452563637	401.0722407019712	11037.271329058614
11710-435	14738.500057603685	50.4	371.5923887914318	441.88043233884565	371.5923887914318	8810.918905789715
11710-436	18788.69297235023	42.9	792.0896351973761	220.4657014549372	220.4657014549372	10025.819293242983
11710-437	18788.69297235023	42.9	803.5198184699955	190.0059278413014	190.0059278413014	10033.617287026791
11710-438	13246.477041730672	17.2	466.2776567466117	21.078460712298288	21.078460712298288	11915.836735675382
11710-44	14006.69604454685	30.9	485.9449997445124	84.72593134580328	84.72593134580328	10253.751093448189
11710-441	18621.97140296979	123.6	455.08535030880137	457.60748457296114	455.08535030880137	8763.577968175874
11710-442	8812.628206605223		600.5748343017303	166.6423170684344	166.6423170684344	7557.111145630927
11710-443	41736.14963517665	121.3	239.7763932293248	285.23377999785316	239.7763932293248	10872.015071254673
11710-444	7614.563639272914		677.4374913703086	143.5510732969953	143.5510732969953	8548.491086424381
11710-445	14738.500057603685	50.4	329.718904806068	436.59869238480195	329.718904806068	8853.122261135495
11710-447	18788.69297235023	42.9	588.3658366169892	327.2364791921877	327.2364791921877	10094.147053597297
11710-448	13246.477041730672	17.2	500.19420900718706	219.19294896776853	219.19294896776853	12002.304278585023
11710-46	18788.69297235023	42.9	59.6350440482653	95.99353399945437	59.6350440482653	9317.6015800738
11710-47	12962.732072452636	47.9	540.8665014045241	190.9566044696178	190.9566044696178	10554.530661879471
11710-48	12962.732072452636	47.9	518.6700754902337	218.94881670832868	218.94881670832868	10639.081741430215
11710-49	18621.97140296979	123.6	32.26827077085134	510.6667883088112	32.26827077085134	9275.665606126635
11710-5	20454.769303635432	142.0	291.8308948518147	619.2175406973486	291.8308948518147	7333.403920075833
11710-50	18621.97140296979	123.6	50.00183459615849	655.816140253085	50.00183459615849	9232.686923011854
11710-51	18621.97140296979	123.6	53.39617023227753	659.3601698297575	53.39617023227753	9184.631525036839
11710-52	34466.16605862775	115.3	115.14800232829606	42.029930477990504	42.029930477990504	9768.21850907977
11710-53	14006.69604454685	30.9	780.7697820167457	141.57077491779333	141.57077491779333	10287.045491880634
11710-54	12962.732072452636	47.9	420.41275327786	116.45338666067512	116.45338666067512	10598.046135817136
11710-55	12962.732072452636	47.9	265.25109290596515	75.43740638806179	75.43740638806179	10746.235546334168
11710-5571			47.2228464185783	24.350397348896042	24.350397348896042	5743.9425970910925
11710-5589	199254.00729646697	102.4	90.61956365545694	536.1976702667722	90.61956365545694	6972.922203703104
11710-5598	7614.563639272914		482.9949352349832	29.63605541562155	29.63605541562155	7753.785341418219
11710-5607	8812.628206605223		579.9529061422579	408.2313411734721	408.2313411734721	7383.603581191602
11710-5652	14006.69604454685	30.9	371.5951469845243	135.29775723754892	135.29775723754892	9739.598642818111
11710-5655	12962.732072452636	47.9	522.071183744185	216.66880224953215	216.66880224953215	10600.273099717033
11710-5660	41736.14963517665	121.3	128.42757590778183	156.7734912196047	128.42757590778183	10883.85058748159
11710-5670	7614.563639272914		461.35138564210445	377.524231039677	377.524231039677	8572.318102542853
11710-5677	14738.500057603685	50.4	284.04814267696554	29.462891574374872	29.462891574374872	9730.615397338728
11710-5679	14738.500057603685	50.4	351.8226930397558	29.510705118163006	29.510705118163006	9737.536679305762
11710-5714	5146.200556835637		278.28672373088745	282.29505222078575	278.28672373088745	9498.409074627545
11710-5715	5146.200556835637		278.28672373088745	282.29505222078575	278.28672373088745	9498.409074627545
11710-5731	7614.563639272914		482.1919635531863	48.66078520900515	48.66078520900515	7977.7701353734055
11710-5745	20454.769303635432	142.0	201.45705676112675	328.64594444049095	201.45705676112675	7448.32774437796
11710-5750	14678.515181771632	135.8	36.71525553064171	384.6618571601022	36.71525553064171	7571.286065850284
11710-5779	19074.579499487965	39.4	172.96536059770287	102.35395288235533	102.35395288235533	11681.94968128401
11710-5790	7614.563639272914		510.3705547894832	328.3151563086021	328.3151563086021	8576.619077880641
11710-5797	18788.69297235023	42.9	355.9528526684933	129.95172072838102	129.95172072838102	9624.270878658488
11710-5798	18788.69297235023	42.9	386.1194913824976	100.45911825171476	100.45911825171476	9654.375291137341
11710-5799	18788.69297235023	42.9	394.0329666419389	96.97731758870036	96.97731758870036	9661.125657619048
11710-58	14006.69604454685	30.9	657.2954104945543	243.95827651636117	243.95827651636117	10145.65988704982
11710-5804	4239.85136328725		137.80445769069257	402.76298145460976	137.80445769069257	8383.346968733205
11710-5807	13246.477041730672	17.2	404.68233982997174	152.89703905921942	152.89703905921942	12232.612218585216
11710-5828	34466.16605862775	115.3	237.0424571243557	146.73053236646768	146.73053236646768	9694.914723722364
11710-5831	20454.769303635432	142.0	267.60357909787103	290.9261191803967	267.60357909787103	7377.122603417577
11710-5877	4239.85136328725		41.527536030315595	451.27246658113427	41.527536030315595	8422.898512570424
11710-5897	19074.579499487965	39.4	292.30003268036376	394.9219060880311	292.30003268036376	11913.759854015878
11710-5899	27448.21230798771	63.6	305.12420123725246	56.597374018873715	56.597374018873715	7022.816648691756
11710-59	14006.69604454685	30.9	833.3320779511874	95.69916651053589	95.69916651053589	10315.05460270153
11710-5904	8812.628206605223		579.8741797165502	372.2382289709453	372.2382289709453	7991.565470034402
11710-5926	19074.579499487965	39.4	100.62413155872711	26.781931951520427	26.781931951520427	11596.115696971823
11710-5935	8812.628206605223		298.5478155595456	445.1617696099748	298.5478155595456	7584.969683302368
11710-5955	41736.14963517665	121.3	321.4100216495384	147.5426211840077	147.5426211840077	11170.399346941162
11710-5956	41736.14963517665	121.3	335.14855596112756	170.28742114569516	170.28742114569516	11168.783426516766
11710-5957	10031.161424731183		475.6430692826881	177.98328920700186	177.98328920700186	6964.465973837083
11710-5958	41736.14963517665	121.3	79.11476147887903	126.21217383896537	79.11476147887903	10829.307616353393
11710-5959	19074.579499487965	39.4	347.0768201086337	271.3672973750464	271.3672973750464	11886.107837051613
11710-5968	30169.561456733234	109.3	182.56228329422973	397.8118117200129	182.56228329422973	7599.681007936057
11710-5969	8812.628206605223		558.6292328888474	377.20671922023956	377.20671922023956	7976.797031251719
11710-5985	12962.732072452636	47.9	116.10723176296925	197.05363918660225	116.10723176296925	10933.49298560653
11710-5995	7614.563639272914		444.7613941538342	136.87348923278074	136.87348923278074	7888.758151392233
11710-5998	7614.563639272914		664.2408851295089	127.70306612581955	127.70306612581955	8344.599386603986
11710-6	75600.6386328725	137.0	176.2077196296672	695.3186856697575	176.2077196296672	7031.509884426266
11710-60	18621.97140296979	123.6	127.37224498161676	585.4098449785139	127.37224498161676	9270.682526298042
11710-6000	14738.500057603685	50.4	430.17230152877437	410.11520853912435	410.11520853912435	8589.210285956295
11710-6001	14738.500057603685	50.4	447.8369959669083	392.5011329501425	392.5011329501425	8592.364824148739
11710-6002	12962.732072452636	47.9	665.1459999365895	293.9105661342362	293.9105661342362	10167.64594983833
11710-6006	41736.14963517665	121.3	110.48372022907455	149.3330131662852	110.48372022907455	10850.99672203309
11710-6011	8812.628206605223		544.5510948108396	153.179646384534	153.179646384534	7671.170362563092
11710-6028	10031.161424731183		401.28896780160227	64.10139440282877	64.10139440282877	6733.781420154719
11710-6029	31876.251625704044	123.6	87.30708270186496	583.7466192501768	87.30708270186496	11659.121767118153
11710-6030	31876.251625704044	123.6	138.62914529114764	295.1521550999194	138.62914529114764	11638.772369340571
11710-6040	41736.14963517665	121.3	93.02289476575027	126.07223252384499	93.02289476575027	10858.398403912473
11710-6088	18788.69297235023	42.9	290.47832038147436	39.83774353777068	39.83774353777068	9544.348906379262
11710-6099	20454.769303635432	142.0	409.8342810955662	605.1649860444196	409.8342810955662	7101.351017264847
11710-61	34466.16605862775	115.3	191.64972766140914	455.58351177166315	191.64972766140914	9384.132541088964
11710-6102	12962.732072452636	47.9	503.9423506873126	239.8694739857881	239.8694739857881	10676.7774837214
11710-6125	31876.251625704044	123.6	222.56911025210144	268.57925153182174	222.56911025210144	11527.978987582237
11710-6126	31876.251625704044	123.6	300.28860022711507	409.08335108482703	300.28860022711507	11477.859429349255
11710-6150	12962.732072452636	47.9	828.7357174099106	175.40483784340068	175.40483784340068	10203.441098031624
11710-6164	30169.561456733234	109.3	79.71964624605012	425.17958380184575	79.71964624605012	7639.010193218427
11710-6174	12962.732072452636	47.9	771.750243935906	56.97826419845072	56.97826419845072	10306.535175203813
11710-6182	31876.251625704044	123.6	450.0422402090114	537.112228238449	450.0422402090114	11283.679574133215
11710-62	34466.16605862775	115.3	113.39431695037982	230.1403935193705	113.39431695037982	9587.428555983222
11710-6200	20454.769303635432	142.0	430.6633153633677	615.4201866294501	430.6633153633677	7116.318560243086
11710-6241	31876.251625704044	123.6	328.61037659218624	365.0306261147991	328.61037659218624	11297.691755692436
11710-6249	46109.72777777777	98.8	71.03746224414793	586.0098666230092	71.03746224414793	6081.197887264655
11710-6266	27448.21230798771	63.6	313.89505104438274	34.88843936606799	34.88843936606799	6849.102936794083
11710-6276	31876.251625704044	123.6	317.56127945721755	449.43653114267426	317.56127945721755	11432.594787245438
11710-6284	27448.21230798771	63.6	282.11553830593607	237.49011109254468	237.49011109254468	6948.39238771105
11710-6285	20454.769303635432	142.0	340.7674178311047	749.6305867607823	340.7674178311047	7071.449855478508
11710-6291	19074.579499487965	39.4	137.23491775723008	454.69286505711955	137.23491775723008	11032.175265875161
11710-6299	31876.251625704044	123.6	375.68488189725474	387.0238487163834	375.68488189725474	11256.16772808466
11710-6309	31876.251625704044	123.6	300.16247713799504	580.4518498064442	300.16247713799504	11467.772109026058
11710-6317	31876.251625704044	123.6	183.02226227836007	419.5158284791182	183.02226227836007	11321.721045626522
11710-6346			207.24268574500448	43.16888975134775	43.16888975134775	5407.672310317539
11710-64	14006.69604454685	30.9	730.7627436613598	31.265567013081718	31.265567013081718	10374.350981583988
11710-6423	12962.732072452636	47.9	34.25841397809745	398.3962018943487	34.25841397809745	10809.297583719732
11710-6424	14738.500057603685	50.4	53.84182412354494	542.8650212595114	53.84182412354494	9211.21628429696
11710-6427	14006.69604454685	30.9	304.22883080846384	217.0198667701282	217.0198667701282	10087.441756791131
11710-6465	19074.579499487965	39.4	195.95793551649453	450.68701971725926	195.95793551649453	11115.654913973754
11710-6486	41736.14963517665	121.3	139.29967271231996	22.938815624695845	22.938815624695845	11274.95011999145
11710-65	14006.69604454685	30.9	732.3118538343639	158.11129446248864	158.11129446248864	10050.45827103129
11710-6509	10031.161424731183		746.871395653317	28.07210551111635	28.07210551111635	6820.543664523457
11710-66	12962.732072452636	47.9	563.3319269007801	173.34591217637214	173.34591217637214	10591.079808008186
11710-6627	75600.6386328725	137.0	282.4264362003064	466.6430573212914	282.4264362003064	7331.880179679547
11710-6677	31876.251625704044	123.6	127.15776145059517	378.4063383823217	127.15776145059517	11655.78290182076
11710-6678	31876.251625704044	123.6	147.41158021019868	143.83361606597668	143.83361606597668	11600.321429075642
11710-6679	13246.477041730672	17.2	190.47201744368888	178.52200494270818	178.52200494270818	11881.505505937352
11710-6680	13246.477041730672	17.2	255.0952468258516	71.77333320949708	71.77333320949708	11616.137900121455
11710-67	12962.732072452636	47.9	346.7825513022827	391.02463865705687	346.7825513022827	10805.529534583939
11710-69	34466.16605862775	115.3	79.57451634069423	79.7400932575503	79.57451634069423	10147.828700462165
11710-6929	18621.97140296979	123.6	183.86167701550644	359.83014814558993	183.86167701550644	9069.22597732166
11710-7	20454.769303635432	142.0	213.97972608777508	862.4931248740712	213.97972608777508	6940.497990568201
11710-70	18788.69297235023	42.9	713.5811803143237	47.72680279583525	47.72680279583525	9975.583479698698
11710-7019	12962.732072452636	47.9	348.43310344836476	90.16196955711825	90.16196955711825	10484.841924347966
11710-71	18788.69297235023	42.9	763.8022223491383	48.003191904876715	48.003191904876715	10026.443562685448
11710-72	14006.69604454685	30.9	475.37145686451214	199.9762360057298	199.9762360057298	9690.655911299322
11710-7249	10031.161424731183		724.0541626711164	70.06696022691679	70.06696022691679	6913.251355596061
11710-73	12962.732072452636	47.9	563.9561917104194	79.5646836990364	79.5646836990364	10465.806452101067
11710-7307	27448.21230798771	63.6	308.88350272065503	145.8672751674048	145.8672751674048	6972.232880518941
11710-7361	30169.561456733234	109.3	141.13374320047578	270.36193363158833	141.13374320047578	7834.471240705724
11710-74	18788.69297235023	42.9	90.50300349952754	51.044530715225086	51.044530715225086	9341.44215741002
11710-7430	31876.251625704044	123.6	59.76546786525363	587.0355481940693	59.76546786525363	12075.13032842354
11710-7441	31876.251625704044	123.6	68.67502172383806	271.78472368754865	68.67502172383806	12199.297092284936
11710-75	18621.97140296979	123.6	83.50764852680754	629.3387632107458	83.50764852680754	9228.73976302734
11710-76	12962.732072452636	47.9	540.7852314654849	196.52899419728573	196.52899419728573	10598.733756377578
11710-77	14006.69604454685	30.9	630.8420080079297	211.030578673054	211.030578673054	10112.802718054125
11710-7714	31876.251625704044	123.6	73.89813785491042	530.3604893291124	73.89813785491042	12066.937225097136
11710-7775	12962.732072452636	47.9	521.1780206104984	63.65995445609869	63.65995445609869	10480.873034314613
11710-78	31876.251625704044	123.6	83.28278019135641	204.00541551800168	83.28278019135641	11048.442015216287
11710-7815	19074.579499487965	39.4	203.7320340953113	356.2953401903694	203.7320340953113	11115.057321973452
11710-7855	8812.628206605223		391.3798741055832	382.7704347204192	382.7704347204192	7519.41899038323
11710-79	41736.14963517665	121.3	60.32719897706951	180.07301392858164	60.32719897706951	10740.710340602813
11710-7945	31876.251625704044	123.6	427.12510782506723	332.1721627172032	332.1721627172032	12457.65320061224
11710-80	41736.14963517665	121.3	439.3581979451487	325.59214836735447	325.59214836735447	10774.292199535808
11710-8018	31876.251625704044	123.6	321.61077723791135	318.68908422987613	318.68908422987613	12557.12736643674
11710-81	41736.14963517665	121.3	419.4398409241314	326.5182786798641	326.5182786798641	10734.865811168707
11710-8107	31876.251625704044	123.6	346.9076182065018	486.97182294769	346.9076182065018	12434.539423100212
11710-8158	31876.251625704044	123.6	283.16275379117735	581.8552461210955	283.16275379117735	12260.614976188763
11710-82	41736.14963517665	121.3	547.4235501039356	203.27531609451404	203.27531609451404	10776.232736102733
11710-8203	10031.161424731183		739.6816753078365	24.97717721161297	24.97717721161297	6877.769920029249
11710-8217	10031.161424731183		325.5504200452945	196.78868629596784	196.78868629596784	7131.192378335374
11710-8245	31876.251625704044	123.6	45.735135030326376	319.5891153590514	45.735135030326376	11117.698101097934
11710-8269	4239.85136328725		104.58414275658357	38.617040769366945	38.617040769366945	7942.998902569919
11710-83	19074.579499487965	39.4	90.30694859246016	520.3229701243332	90.30694859246016	11075.016300988227
11710-8306	14400.983358934973	86.0	385.39911549030126	87.36144951893039	87.36144951893039	12647.480057213952
11710-8307	14400.983358934973	86.0	375.8233204967142	86.82535049144742	86.82535049144742	12559.97142404154
11710-8320	10031.161424731183		514.2049928259156	226.6658791917202	226.6658791917202	6611.930071113007
11710-84	41736.14963517665	121.3	357.4026262773134	74.259661245594	74.259661245594	11078.724881982585
11710-8428	12962.732072452636	47.9	598.1333656412861	32.5625956936837	32.5625956936837	10422.165227327723
11710-8474	14738.500057603685	50.4	336.29001527801705	141.34569035817537	141.34569035817537	9624.462300571131
11710-85	41736.14963517665	121.3	492.8127318581002	254.3167576199212	254.3167576199212	11031.81110701537
11710-8544	17330.174199948797	111.7	54.410330518630225	72.22565072540924	54.410330518630225	12216.526603402817
11710-8557	13246.477041730672	17.2	55.510376488637235	23.339039837210752	23.339039837210752	11199.604886166779
11710-8570	14738.500057603685	50.4	55.662824111626755	109.85905616470302	55.662824111626755	9854.480851103792
11710-86	41736.14963517665	121.3	253.77114668867839	384.49668091515485	253.77114668867839	10733.390785406173
11710-8630	12962.732072452636	47.9	213.65077205372074	61.48130586842725	61.48130586842725	10412.39462715166
11710-8667	7614.563639272914		388.65382720475	117.40999531275997	117.40999531275997	7685.584491188075
11710-8684	10031.161424731183		314.5743498431615	178.18497651078016	178.18497651078016	7116.39157488242
11710-8691	12962.732072452636	47.9	118.5513121425699	120.20845357759318	118.5513121425699	10209.407118694271
11710-87	14006.69604454685	30.9	707.9187554130175	108.972220630991	108.972220630991	10494.400715827507
11710-8754	4239.85136328725		127.16850405860212	76.2426563174407	76.2426563174407	7907.549685080218
11710-8763	19074.579499487965	39.4	148.84621045386615	280.9432271557922	148.84621045386615	11157.205108930211
11710-88	41736.14963517665	121.3	87.16289670350102	188.91672638796427	87.16289670350102	10758.636172684415
11710-8841	18621.97140296979	123.6	232.85104134424822	351.3897052565249	232.85104134424822	9019.577319469163
11710-8865	8812.628206605223		381.69392126158607	605.4729042585266	381.69392126158607	8310.24852013469
11710-8878	12962.732072452636	47.9	113.82615511326856	311.3305279852812	113.82615511326856	10761.06574186118
11710-89	36933.08086917563	43.8	237.27840865494792	53.699464237490155	53.699464237490155	9580.832812951527
11710-9	20454.769303635432	142.0	298.4117020529652	774.1970249375374	298.4117020529652	7006.530453257133
11710-90	41736.14963517665	121.3	308.2651269696927	24.83039666740735	24.83039666740735	11105.047844313774
11710-9025	14678.515181771632	135.8	196.1469260620149	509.8014864130956	196.1469260620149	7393.818947786035
11710-9042	12962.732072452636	47.9	485.3781083204168	33.60601189943227	33.60601189943227	10492.3539663533
11710-9044	14678.515181771632	135.8	117.16383925161409	228.31213622254884	117.16383925161409	7755.700550742155
11710-9055	14678.515181771632	135.8	143.49740030018324	183.0097324623988	143.49740030018324	7802.943750232424
11710-9079	13246.477041730672	17.2	50.10783466864867	27.865339413381005	27.865339413381005	11176.288951789256
11710-9084	14678.515181771632	135.8	114.72078174556225	273.7917445820346	114.72078174556225	7710.17738978471
11710-91	31876.251625704044	123.6	35.102518845007616	302.68328120590985	35.102518845007616	11138.584997917747
11710-9109	13246.477041730672	17.2	486.0354856141895	38.809832778245806	38.809832778245806	11917.063072562933
11710-9173	13246.477041730672	17.2	216.79815650620571	505.9056333038314	216.79815650620571	12282.775875930432
11710-9188			518.9211472999518	24.066562631587697	24.066562631587697	6195.362550021581
11710-92	41736.14963517665	121.3	290.4932688736844	35.656492068806024	35.656492068806024	11086.932724446218
11710-9222	30169.561456733234	109.3	27.982021931266726	426.08745719206985	27.982021931266726	7635.721378219309
11710-9227	46109.72777777777	98.8	66.44040053407784	433.34515319005754	66.44040053407784	6077.044936282966
11710-9257	12962.732072452636	47.9	406.75138538236	29.324177316129774	29.324177316129774	10435.308096603425
11710-9292	7614.563639272914		379.8669021503156	422.9603835382809	379.8669021503156	8428.279764043606
11710-9297	19074.579499487965	39.4	110.27268094937537	30.78662302517341	30.78662302517341	12299.176560418693
11710-9298	19074.579499487965	39.4	241.2830826823708	131.38338629785798	131.38338629785798	11960.279183163619
11710-93	4239.85136328725		267.65303036098106	370.61645246548915	267.65303036098106	8363.339014157635
11710-9304	12962.732072452636	47.9	574.1125126010909	33.955527443913326	33.955527443913326	10431.234055360286
11710-9308	14738.500057603685	50.4	43.72308081901526	555.0685860395881	43.72308081901526	9195.376790594855
11710-9314	19074.579499487965	39.4	191.73694849032208	25.168133228990794	25.168133228990794	12231.950866539126
11710-9347	19074.579499487965	39.4	85.56868548909033	457.59802117755726	85.56868548909033	11452.167146487453
11710-9355	18788.69297235023	42.9	402.0614039024233	148.71728859072923	148.71728859072923	9920.972573431913
11710-9362	19074.579499487965	39.4	150.56696679125807	47.08892739045352	47.08892739045352	11586.218704322244
11710-9363	19074.579499487965	39.4	63.39469094727388	25.253554163905736	25.253554163905736	11869.11942118391
11710-94	14738.500057603685	50.4	55.538750177884204	377.11936796209784	55.538750177884204	9132.656764573077
11710-9400	14006.69604454685	30.9	504.2071643791415	114.09390578631117	114.09390578631117	10007.669819882705
11710-9421	19074.579499487965	39.4	100.7083817494948	68.60836464361851	68.60836464361851	11364.32435951638
11710-9480	7614.563639272914		323.8176928241521	172.65944079035228	172.65944079035228	8174.479533964667
11710-95	14738.500057603685	50.4	36.22083340737176	810.8036687955711	36.22083340737176	8796.760309842719
11710-9577	7614.563639272914		714.6046138789577	94.59856951492146	94.59856951492146	8456.50940469343
11710-9597	14738.500057603685	50.4	429.7969392751816	416.2239868247127	416.2239868247127	8733.365306879585
11710-96	4239.85136328725		34.54893403047452	248.53480664286593	34.54893403047452	8221.120626174405
11710-9610	41736.14963517665	121.3	54.520818225748194	312.1744123816271	54.520818225748194	10498.336578139715
11710-9611	18621.97140296979	123.6	311.1938030592646	612.8144991878484	311.1938030592646	8731.243142658284
11710-9616	12962.732072452636	47.9	573.8545776644065	180.76078324465172	180.76078324465172	10263.380408586632
11710-9620	7614.563639272914		374.83514810808146	178.09601648376483	178.09601648376483	7931.311184817957
11710-9623	20454.769303635432	142.0	357.44100883544644	679.9278696284066	357.44100883544644	7043.229158386871
11710-9645	30169.561456733234	109.3	240.5311749943717	18.918811485753174	18.918811485753174	7956.8877901675305
11710-9654	7614.563639272914		328.779168853886	234.7811172215716	234.7811172215716	8236.39847840805
11710-9656	20454.769303635432	142.0	185.44172142575187	188.16989466018035	185.44172142575187	7454.021459953503
11710-97	14678.515181771632	135.8	120.56154228797446	333.80693934771415	120.56154228797446	7610.171090114326
11710-99	7614.563639272914		527.5909878226624	127.5457375208623	127.5457375208623	7915.863683301653
11740-1	16080.532565284178	84.9	500.00540276266446	61.51486132060027	61.51486132060027	6051.034746469285
11740-10	19793.649110343064	78.3	419.17261182811393	100.48577869073856	100.48577869073856	5500.376114608786
11740-100	30257.332635688683	94.0	318.9799206592569	72.86573212883266	72.86573212883266	5561.447282968744
11740-102	11792.216826676908	86.5	591.5177748663854	218.78358285355006	218.78358285355006	5060.938181016756
11740-103	11792.216826676908	86.5	499.1888651294727	139.53692472912815	139.53692472912815	5168.059761794536
11740-104	11792.216826676908	86.5	477.19488869563827	71.17719787501977	71.17719787501977	5242.328168039037
11740-105	11792.216826676908	86.5	681.0011778915629	155.43803648022686	155.43803648022686	5133.459039997448
11740-106	11792.216826676908	86.5	753.475441890449	51.064942940925235	51.064942940925235	5236.864777755224
11740-107	11792.216826676908	86.5	766.6085795441313	58.62240804228986	58.62240804228986	5223.362804292738
11740-108	11792.216826676908	86.5	714.8610581413511	264.2312521681291	264.2312521681291	5575.39853127212
11740-109	11792.216826676908	86.5	679.4659898806858	260.6250662631319	260.6250662631319	5540.866697324604
11740-11	19793.649110343064	78.3	434.1925406815802	188.33815708532867	188.33815708532867	5818.959267215789
11740-110	30257.332635688683	94.0	563.9031161367111	74.96594629082287	74.96594629082287	5383.321551275592
11740-111	11792.216826676908	86.5	460.7392547959014	94.43732489152502	94.43732489152502	5203.915622135192
11740-112	11792.216826676908	86.5	481.79594433861655	106.98192127616466	106.98192127616466	5204.408754261643
11740-113	24326.69056579621	71.1	187.5794383436964	641.4634917655761	187.5794383436964	8679.535317108894
11740-114	24326.69056579621	71.1	232.86804869643817	607.4404452663701	232.86804869643817	8615.821599443192
11740-115	24326.69056579621	71.1	78.98699691260272	453.69829939656296	78.98699691260272	8552.093445224798
11740-116	24326.69056579621	71.1	132.64221414680807	612.0515127066435	132.64221414680807	8666.371170889348
11740-117	24326.69056579621	71.1	382.27976618625854	427.9259423044887	382.27976618625854	7887.654645435452
11740-118	24326.69056579621	71.1	307.91305660735617	329.0278735378282	307.91305660735617	8166.953154177456
11740-119	24326.69056579621	71.1	265.4113342696901	308.92810264762124	265.4113342696901	8228.497455848083
11740-12	16080.532565284178	84.9	126.39213516194405	73.90460019107836	73.90460019107836	5844.545990439483
11740-120	24326.69056579621	71.1	115.31719131084452	147.48056125295204	115.31719131084452	8205.329383994975
11740-121	24326.69056579621	71.1	328.25450759622214	333.7505225844403	328.25450759622214	8094.72173698406
11740-122	24326.69056579621	71.1	122.19215345020774	390.08546770770295	122.19215345020774	8487.703948384018
11740-124	24326.69056579621	71.1	205.83321854499462	638.8694935464748	205.83321854499462	8631.118830979956
11740-125	20454.769303635432	142.0	50.50423888136514	32.634150582765116	32.634150582765116	8024.444311207054
11740-126	24326.69056579621	71.1	363.50198127233244	498.47104902333484	363.50198127233244	8396.678925370175
11740-127	24326.69056579621	71.1	89.17604860917321	346.7357192918579	89.17604860917321	8442.352321666149
11740-128	20454.769303635432	142.0	240.20018160234454	286.5539639665365	240.20018160234454	8284.882700187774
11740-129	20454.769303635432	142.0	434.2598739334204	690.6647685882226	434.2598739334204	7857.896753218145
11740-13	19793.649110343064	78.3	163.30133609598937	144.64320380120807	144.64320380120807	5612.274784136711
11740-130	20454.769303635432	142.0	259.13951298644815	564.4875210743601	259.13951298644815	7888.749423104203
11740-131	24326.69056579621	71.1	233.7592641174334	527.9702747205579	233.7592641174334	8557.450936921678
11740-132	24326.69056579621	71.1	206.3851233900382	516.6888397391913	206.3851233900382	8564.345545959952
11740-133	24326.69056579621	71.1	264.5903623953266	552.1644673308518	264.5903623953266	8499.980231765674
11740-135	24326.69056579621	71.1	112.75428280734445	295.76035462398465	112.75428280734445	7867.975261747723
11740-136	24326.69056579621	71.1	390.1132254715986	550.4530628573985	390.1132254715986	8392.027628425083
11740-1366	30257.332635688683	94.0	60.82819076984331	48.418210572567666	48.418210572567666	5803.758457271397
11740-137	35764.78822324629	79.0	517.0398276427145	559.2232999937725	517.0398276427145	7896.289624447259
11740-138	24326.69056579621	71.1	302.7973314503939	329.04618081469386	302.7973314503939	7970.5965749075
11740-139	20454.769303635432	142.0	85.02696512926875	33.560578414359746	33.560578414359746	7939.622239629413
11740-14	19793.649110343064	78.3	157.02163191341012	137.11400956119303	137.11400956119303	5854.514505796921
11740-140	20454.769303635432	142.0	186.83243966519402	277.18125464164984	186.83243966519402	8325.355072829094
11740-141	35764.78822324629	79.0	98.80895102822655	150.06315755568403	98.80895102822655	7515.370233899919
11740-142	24326.69056579621	71.1	114.08672170969027	417.4975012967948	114.08672170969027	8511.566927590979
11740-143	24326.69056579621	71.1	397.87113526231815	409.70723748677193	397.87113526231815	8113.240419071053
11740-144	20454.769303635432	142.0	153.52228240835618	35.793774978943595	35.793774978943595	7791.773982886517
11740-145	24326.69056579621	71.1	276.3633448285428	489.5915764134243	276.3633448285428	8457.770130942336
11740-146	24326.69056579621	71.1	324.8952754955357	333.41747499888515	324.8952754955357	8019.086394981024
11740-147	35764.78822324629	79.0	235.528132360953	471.4052679260505	235.528132360953	7508.7984694046945
11740-148	35764.78822324629	79.0	246.6391587867704	262.79036910085233	246.6391587867704	7679.946157577901
11740-149	20454.769303635432	142.0	34.78647010405536	45.889486618347526	34.78647010405536	8133.006109438538
11740-15	19793.649110343064	78.3	267.4488981576844	105.14298223136582	105.14298223136582	5932.465491084763
11740-150	20454.769303635432	142.0	38.34599461942562	248.95019889151342	38.34599461942562	8347.921026179762
11740-151	20454.769303635432	142.0	38.74327787082941	197.32000635017224	38.74327787082941	8295.811863514085
11740-153	24326.69056579621	71.1	272.18776071474576	275.2312836964264	272.18776071474576	8058.661526207461
11740-154	24326.69056579621	71.1	161.2783706167196	666.3701975026843	161.2783706167196	8706.464086984923
11740-155	24326.69056579621	71.1	124.81983349370053	708.5820986575704	124.81983349370053	8722.18019706378
11740-156	24326.69056579621	71.1	172.44565427200857	615.500443687735	172.44565427200857	8627.435757197814
11740-157	20454.769303635432	142.0	166.92749685992428	155.90281586893886	155.90281586893886	8057.289107594204
11740-158	20454.769303635432	142.0	149.12120830074022	126.9990951961793	126.9990951961793	8008.9011951855855
11740-159	35764.78822324629	79.0	522.9597577627009	616.1378037701966	522.9597577627009	7866.726276710903
11740-16	16080.532565284178	84.9	464.7028243103444	56.36750312633575	56.36750312633575	6016.960336656593
11740-160	20454.769303635432	142.0	364.5849145672587	395.1840499200261	364.5849145672587	8274.85827431349
11740-161	35764.78822324629	79.0	399.28566339994404	622.0208087991333	399.28566339994404	7700.049299422846
11740-162	20454.769303635432	142.0	107.99431443147164	82.31052906828138	82.31052906828138	7994.911463504172
11740-163	24326.69056579621	71.1	154.42525115646092	556.8909922200959	154.42525115646092	8620.177789679625
11740-164	20454.769303635432	142.0	50.31580068654931	557.5884061795209	50.31580068654931	7677.838015362844
11740-165	24326.69056579621	71.1	178.136436649837	286.81876701216504	178.136436649837	7899.845317183899
11740-166	24326.69056579621	71.1	163.0024094832938	175.95440558720136	163.0024094832938	8059.983383714898
11740-167	19026.335554275473	96.0	24.50874632794258	434.41245483141336	24.50874632794258	6384.547073881211
11740-168	19026.335554275473	96.0	162.78464544630884	266.93300966550896	162.78464544630884	6531.554430072948
11740-169	75600.6386328725	137.0	363.5379118223219	67.67125907839178	67.67125907839178	6820.4338847180725
11740-17	16080.532565284178	84.9	224.2643871424163	68.45565013983034	68.45565013983034	5654.660876053523
11740-170	19026.335554275473	96.0	733.1592172959796	83.02288121160427	83.02288121160427	6406.930313267368
11740-1701	24326.69056579621	71.1	215.64034437668371	483.36594716990606	215.64034437668371	8523.213457712813
11740-171	35764.78822324629	79.0	321.4322693232054	81.88099011083203	81.88099011083203	7106.395820203216
11740-172	30257.332635688683	94.0	514.1558495925532	125.15783650760024	125.15783650760024	6019.402832588621
11740-173	16080.532565284178	84.9	419.5013641938922	39.85580622742525	39.85580622742525	5790.824197097208
11740-174	19026.335554275473	96.0	96.1402434090494	354.56902557187425	96.1402434090494	6454.684661666653
11740-175	30257.332635688683	94.0	457.28185687114717	68.25948980671187	68.25948980671187	6002.603026458528
11740-176	30257.332635688683	94.0	567.6635562256835	88.7932893475555	88.7932893475555	6486.486649829356
11740-177	30257.332635688683	94.0	677.6036570648445	277.0770613483186	277.0770613483186	6130.043679554512
11740-178	17519.400454429084	102.4	303.11550561095095	52.40792452369926	52.40792452369926	6730.286480607738
11740-179	35764.78822324629	79.0	366.11745143103917	146.16837537211384	146.16837537211384	7040.9765760479895
11740-18	19026.335554275473	96.0	78.04812342633146	274.39121817461063	78.04812342633146	6024.928561022151
11740-180	75600.6386328725	137.0	198.78797668211482	151.64343777322915	151.64343777322915	7058.360748203785
11740-181	35764.78822324629	79.0	153.9276304989057	252.80845407110468	153.9276304989057	7132.291546664107
11740-182	30257.332635688683	94.0	836.8157450051427	187.53809612144872	187.53809612144872	6231.617729686983
11740-183	19026.335554275473	96.0	709.0190117055486	84.816494209065	84.816494209065	6323.842551822301
11740-184	35764.78822324629	79.0	287.74743950710865	242.40920227900585	242.40920227900585	7086.230691481966
11740-185	35764.78822324629	79.0	41.49450535782319	80.7432266488558	41.49450535782319	7372.395842467933
11740-187	16080.532565284178	84.9	246.74794744864283	49.1931308172859	49.1931308172859	5774.781115083324
11740-188	16080.532565284178	84.9	251.7641508876205	73.84381148454928	73.84381148454928	5800.624644005853
11740-189	16080.532565284178	84.9	223.83891280446306	81.44150223637921	81.44150223637921	5805.291948821185
11740-19	19026.335554275473	96.0	179.68861461178625	491.47124195719414	179.68861461178625	6359.012953571416
11740-190	16080.532565284178	84.9	238.7051669290141	108.362586393877	108.362586393877	5834.531707110757
11740-191	16080.532565284178	84.9	223.29126724010766	55.832038180368045	55.832038180368045	5778.994357151284
11740-192	16080.532565284178	84.9	92.61751386615357	194.8594718899175	92.61751386615357	5935.350715797796
11740-193	16080.532565284178	84.9	244.14733136280796	162.23249175874884	162.23249175874884	5890.499969144133
11740-194	19026.335554275473	96.0	235.2699351289239	273.04671954121926	235.2699351289239	6003.946170894558
11740-195	19026.335554275473	96.0	112.60166039041849	323.3257627582942	112.60166039041849	6058.718429171618
11740-196	19026.335554275473	96.0	190.22339616039648	439.8338094580953	190.22339616039648	6170.297784878294
11740-197	19026.335554275473	96.0	379.0695451303316	316.63077962761497	316.63077962761497	6134.920298656499
11740-198	19026.335554275473	96.0	143.19088024018762	195.80246572244113	143.19088024018762	6602.925507965002
11740-199	19026.335554275473	96.0	81.18101843188462	210.8739280406723	81.18101843188462	6595.473906599309
11740-2	19793.649110343064	78.3	219.8084536613054	199.7377811483898	199.7377811483898	5733.825796308199
11740-20	19026.335554275473	96.0	143.65301693768419	483.81920001385254	143.65301693768419	6299.3979370887455
11740-200	17519.400454429084	102.4	87.50309630122572	99.34121589977364	87.50309630122572	6702.984900792541
11740-201	19026.335554275473	96.0	213.6830428383031	174.38855952922245	174.38855952922245	6617.145147228267
11740-202	30257.332635688683	94.0	902.4621713507358	169.6685604120705	169.6685604120705	6114.091281031311
11740-204	30257.332635688683	94.0	248.50551489885837	140.12125713937743	140.12125713937743	6110.58910438483
11740-205	75600.6386328725	137.0	348.33082288246345	57.88741405776164	57.88741405776164	6625.746942621432
11740-206	75600.6386328725	137.0	319.64810055266844	94.6916582081655	94.6916582081655	6756.740478269756
11740-207	35764.78822324629	79.0	323.34993268715954	197.6866791394354	197.6866791394354	7064.259477327159
11740-208	19026.335554275473	96.0	172.26742745949866	298.53046089354103	172.26742745949866	6542.128308687656
11740-21	19026.335554275473	96.0	97.83593561614728	381.74514229632194	97.83593561614728	6155.762984833727
11740-210	19026.335554275473	96.0	81.18101843188462	210.8739280406723	81.18101843188462	6595.473906599309
11740-212	17519.400454429084	102.4	425.99180203958025	90.91396073637071	90.91396073637071	6953.2756787338285
11740-213	17519.400454429084	102.4	315.4451288165306	84.19372601576538	84.19372601576538	6929.640779469865
11740-214	17519.400454429084	102.4	177.70992604579953	89.20274401537338	89.20274401537338	6878.07812387715
11740-215	17519.400454429084	102.4	177.5139018511286	68.0641935398169	68.0641935398169	6857.398258655729
11740-216	17519.400454429084	102.4	226.1670697888871	68.64727277926542	68.64727277926542	6854.180297821373
11740-217	17519.400454429084	102.4	144.29206408958868	219.065908940122	144.29206408958868	7074.947019555128
11740-218	17519.400454429084	102.4	146.18698825763738	215.44397615855053	146.18698825763738	7053.648933450784
11740-219	17519.400454429084	102.4	142.43603975649182	497.73591490772196	142.43603975649182	7307.449847552396
11740-22	11792.216826676908	86.5	77.58574576169154	33.847338026433995	33.847338026433995	4834.493775489224
11740-220	14267.290732206862		262.24793166277817	217.36088997603008	217.36088997603008	7674.922833476159
11740-221	17519.400454429084	102.4	125.94168246038144	301.68376367985877	125.94168246038144	7200.545948334659
11740-222	19026.335554275473	96.0	550.6627337816411	187.65208255164285	187.65208255164285	6717.1879334312525
11740-223	17519.400454429084	102.4	76.45370206351251	536.3023196255946	76.45370206351251	7697.475141582706
11740-224	24326.69056579621	71.1	170.02683136163415	470.2040322209385	170.02683136163415	7789.326736230157
11740-225	14267.290732206862		254.20641553483904	506.5778126390306	254.20641553483904	7840.6331601140455
11740-226	24326.69056579621	71.1	131.25666248301255	56.399182725577994	56.399182725577994	8148.560345772669
11740-227	24326.69056579621	71.1	106.44953004335403	58.59748425986825	58.59748425986825	8138.207936337423
11740-228	24326.69056579621	71.1	85.52506094954866	55.55069759145589	55.55069759145589	8134.34220684773
11740-229	20454.769303635432	142.0	108.05570584152275	556.4718294660901	108.05570584152275	7737.904504519789
11740-230	24326.69056579621	71.1	432.62039258176674	468.0418101931578	432.62039258176674	8204.791462030344
11740-231	24326.69056579621	71.1	100.03316573809137	270.8688034190567	100.03316573809137	8372.888521837189
11740-232	75600.6386328725	137.0	135.42136788349487	201.79223326068933	135.42136788349487	7356.346616174683
11740-233	35764.78822324629	79.0	333.1096913427596	401.5991472424078	333.1096913427596	7711.378474013603
11740-234	30257.332635688683	94.0	460.4791836149914	75.07880369133174	75.07880369133174	5457.853477071161
11740-235	35764.78822324629	79.0	197.10968149118574	312.6632774621804	197.10968149118574	7128.828063392694
11740-236	19026.335554275473	96.0	206.69046960884666	467.6618457532766	206.69046960884666	6201.903484585481
11740-237	19026.335554275473	96.0	226.37876449341286	412.31719072113304	226.37876449341286	6146.998638265779
11740-238	19026.335554275473	96.0	177.04038481488823	161.90655517486357	161.90655517486357	6632.516837198098
11740-239	20454.769303635432	142.0	96.17994190473438	578.4126650608965	96.17994190473438	7726.227253603457
11740-240	17519.400454429084	102.4	211.51735318517265	87.42003228593265	87.42003228593265	6918.396644099162
11740-241	17519.400454429084	102.4	316.63788662766524	206.89526252403422	206.89526252403422	7047.5042655173165
11740-242	19026.335554275473	96.0	135.5655153035531	102.99389518205271	102.99389518205271	6724.955601175749
11740-243	17519.400454429084	102.4	290.7817737774924	82.37759412351502	82.37759412351502	7149.051347549541
11740-244	19026.335554275473	96.0	183.37051068219287	337.5211537770102	183.37051068219287	6173.145382174409
11740-245	16080.532565284178	84.9	176.31352104358356	173.13206728977576	173.13206728977576	5462.338431638215
11740-246	19026.335554275473	96.0	142.01665297177075	461.1664039484715	142.01665297177075	6188.350725725159
11740-247	19026.335554275473	96.0	289.18445457971734	378.2357557501001	289.18445457971734	6121.03908197037
11740-248	17519.400454429084	102.4	175.06847892807687	103.09615034980939	103.09615034980939	6690.155137467453
11740-249	20454.769303635432	142.0	108.77236581052594	531.4497630353744	108.77236581052594	7738.065523759548
11740-2498	19026.335554275473	96.0	164.31207580374883	298.5528415717837	164.31207580374883	6500.707954301541
11740-2499	30257.332635688683	94.0	564.5214262200325	175.34973934423363	175.34973934423363	5965.992722639479
11740-25	16080.532565284178	84.9	156.08859367844002	204.86678635501625	156.08859367844002	4966.261570291557
11740-250	35764.78822324629	79.0	70.92285748930081	99.85256596717291	70.92285748930081	7503.544771493065
11740-2500	16080.532565284178	84.9	436.5310337132967	118.96505318990573	118.96505318990573	5629.455377061432
11740-2501	75600.6386328725	137.0	321.8686778039018	78.94326172976463	78.94326172976463	6556.541950652588
11740-2502	17519.400454429084	102.4	331.60678955234357	98.42301167935196	98.42301167935196	6989.162850091974
11740-2503	17519.400454429084	102.4	56.96674695241074	635.154116908115	56.96674695241074	7467.682868499826
11740-2508	35764.78822324629	79.0	60.07282345673189	98.40180022239926	60.07282345673189	7531.101459817154
11740-251	35764.78822324629	79.0	50.747939579385495	136.06996151386974	50.747939579385495	7542.628517732591
11740-2513	24326.69056579621	71.1	198.0707287570208	530.0346332542013	198.0707287570208	8563.437539004506
11740-252	20454.769303635432	142.0	53.41344259092816	489.47297620486773	53.41344259092816	7686.167771551523
11740-2521	17519.400454429084	102.4	108.3677410719798	492.9036738411851	108.3677410719798	7345.013394169008
11740-2522	19026.335554275473	96.0	264.1707965508698	311.623695423869	264.1707965508698	6543.689689731021
11740-2525	17519.400454429084	102.4	45.45532266361455	591.1606519717024	45.45532266361455	7664.285924184561
11740-253	35764.78822324629	79.0	188.483717348994	216.32353198992965	188.483717348994	7653.495974165429
11740-2532	24326.69056579621	71.1	377.02389805373906	438.6130200934812	377.02389805373906	8269.866817018486
11740-254	35764.78822324629	79.0	171.34719647284197	199.90320835802171	171.34719647284197	7637.257968843198
11740-2542	19026.335554275473	96.0	93.74795014392463	489.62966249508435	93.74795014392463	6271.945867207073
11740-2546	30257.332635688683	94.0	265.4178611002473	123.10468515191145	123.10468515191145	6143.2470218334
11740-255	35764.78822324629	79.0	256.2729790656592	292.3541594857613	256.2729790656592	7729.758001748592
11740-2557	30257.332635688683	94.0	747.2546841891731	356.6488743116191	356.6488743116191	5810.837322715991
11740-2558	35764.78822324629	79.0	164.8825616798275	497.29383033964774	164.8825616798275	7453.988662416354
11740-256	35764.78822324629	79.0	279.8165279907579	314.6969742336828	279.8165279907579	7752.026670035164
11740-2569	35764.78822324629	79.0	17.86467888021649	282.2675397406034	17.86467888021649	7385.756277507811
11740-257	24326.69056579621	71.1	473.0872618252113	482.518015512888	473.0872618252113	8084.769292172777
11740-2572	20454.769303635432	142.0	125.03056062688448	118.10390143009285	118.10390143009285	7768.677675149493
11740-2573	17519.400454429084	102.4	312.9872657795737	225.80385247650833	225.80385247650833	7087.581115999368
11740-2574	17519.400454429084	102.4	262.37902303386386	106.07284395934926	106.07284395934926	7099.094334113558
11740-2575	19026.335554275473	96.0	45.5122607144633	384.58479497398713	45.5122607144633	6441.8423118035125
11740-2577	17519.400454429084	102.4	33.65703260496441	483.5459787321235	33.65703260496441	7645.053352830462
11740-258	24326.69056579621	71.1	429.5015394653629	441.6601527811644	429.5015394653629	8109.327125372854
11740-2580	75600.6386328725	137.0	69.88986761271794	425.01337698425976	69.88986761271794	7345.807724123761
11740-2586	30257.332635688683	94.0	432.94873629041507	44.11223956767857	44.11223956767857	6061.990251353851
11740-259	24326.69056579621	71.1	375.8173070642604	429.72779919709404	375.8173070642604	8253.438034968274
11740-2592	17519.400454429084	102.4	421.5669632892032	79.51733405959632	79.51733405959632	6947.30970091627
11740-2596	17519.400454429084	102.4	101.22071823283747	106.42486962067176	101.22071823283747	6922.343656641238
11740-2606	24326.69056579621	71.1	496.6022496598594	502.85264649552175	496.6022496598594	8057.1643590559925
11740-2607	17519.400454429084	102.4	95.27386817232752	43.2414750507254	43.2414750507254	6756.50945687004
11740-2609	17519.400454429084	102.4	81.3781534241317	129.53745367302164	81.3781534241317	6674.413353161739
11740-261	24326.69056579621	71.1	250.36978406363485	477.02653890000715	250.36978406363485	8482.41295963731
11740-2611	19026.335554275473	96.0	210.58155412212156	468.5407811976946	210.58155412212156	6322.1104115121025
11740-2612	17519.400454429084	102.4	94.93958321059931	485.74501545308016	94.93958321059931	7493.240228923293
11740-2618	17519.400454429084	102.4	157.81646685767006	227.94318524262818	157.81646685767006	7346.928337054533
11740-2619	17519.400454429084	102.4	103.2711154905602	247.96009575121153	103.2711154905602	7424.058831396235
11740-262	24326.69056579621	71.1	230.13931527962407	502.966606024854	230.13931527962407	8516.90798043051
11740-2620	20454.769303635432	142.0	180.47011478840417	159.29479283526595	159.29479283526595	7826.423938911362
11740-2621	14267.290732206862		554.4418376884986	190.77837799783862	190.77837799783862	8165.323118796677
11740-2622	35764.78822324629	79.0	42.114951331582915	30.929652791304726	30.929652791304726	7408.056190897959
11740-2623	24326.69056579621	71.1	389.25690461567575	404.44967847721665	389.25690461567575	7974.661449847278
11740-2624	24326.69056579621	71.1	137.19369256063717	338.955359792525	137.19369256063717	8423.293443164124
11740-2626	75600.6386328725	137.0	238.40949589375583	57.29158888123727	57.29158888123727	6941.718105417632
11740-2628	30257.332635688683	94.0	109.76175647741272	278.7871444319562	109.76175647741272	6120.702361503545
11740-2629	30257.332635688683	94.0	317.0581300727948	74.27182564234393	74.27182564234393	5646.948651677756
11740-263	24326.69056579621	71.1	80.64711469715596	589.1062636513166	80.64711469715596	8688.09068373631
11740-2630	30257.332635688683	94.0	317.356036214036	73.80272379179117	73.80272379179117	5666.195883341943
11740-2632	35764.78822324629	79.0	50.54007208191832	387.899333477221	50.54007208191832	7270.876408037544
11740-2635	19026.335554275473	96.0	46.69360760789361	306.88994549563864	46.69360760789361	6045.0312430046915
11740-2638	35764.78822324629	79.0	213.11918715559938	495.1190505041133	213.11918715559938	7496.159378540851
11740-264	24326.69056579621	71.1	36.25743954613363	655.0278672756218	36.25743954613363	8753.228183967873
11740-265	35764.78822324629	79.0	466.15668375947644	572.5059856899402	466.15668375947644	7809.285847152837
11740-2656	30257.332635688683	94.0	309.98036694441487	78.99166468753803	78.99166468753803	6002.173650316555
11740-266	24326.69056579621	71.1	209.6952685076123	220.3139477712386	209.6952685076123	8144.699757413465
11740-2663	14267.290732206862		224.94833272697116	469.84161041300075	224.94833272697116	7768.180907578081
11740-2664	16080.532565284178	84.9	302.8307478401485	56.84847756161455	56.84847756161455	5341.129923917095
11740-267	24326.69056579621	71.1	82.61397125934633	682.1045645035294	82.61397125934633	8745.726168934993
11740-2679	14267.290732206862		850.7936460609137	59.838137266231485	59.838137266231485	8402.161037179168
11740-268	30257.332635688683	94.0	877.6322083263833	322.97063330759113	322.97063330759113	5670.42421781395
11740-269	30257.332635688683	94.0	574.11279913924	147.46383256362216	147.46383256362216	6544.880180241429
11740-2699	24326.69056579621	71.1	369.1824367582121	383.7676094858578	369.1824367582121	8132.137129934605
11740-270	30257.332635688683	94.0	551.3739927644917	128.99263640637014	128.99263640637014	5440.55657315925
11740-271	35764.78822324629	79.0	29.930532444929508	170.000061362567	29.930532444929508	7352.63761071008
11740-2712	24326.69056579621	71.1	350.7476556372561	365.4089973619322	350.7476556372561	8135.291800606735
11740-2719	17519.400454429084	102.4	52.03727813147648	55.483980425431845	52.03727813147648	6868.145346071745
11740-272	35764.78822324629	79.0	152.26010313760887	359.04629629392696	152.26010313760887	7178.240825314895
11740-273	75600.6386328725	137.0	27.38402636009442	182.4646378456797	27.38402636009442	6860.795114182449
11740-274	75600.6386328725	137.0	467.27698345511845	60.65412656113017	60.65412656113017	6649.682379981187
11740-275	17519.400454429084	102.4	416.35023655978387	17.133314216337475	17.133314216337475	6881.55524450582
11740-276	11792.216826676908	86.5	496.54357549557966	240.31864861836573	240.31864861836573	5038.735111739452
11740-277	35764.78822324629	79.0	175.58199927573722	522.4207657110856	175.58199927573722	7478.063751940186
11740-2770	24326.69056579621	71.1	167.45827380562932	459.3559543996821	167.45827380562932	8544.259618040875
11740-278	20454.769303635432	142.0	141.59532169001568	286.7675671239883	141.59532169001568	8363.745485858777
11740-2787	35764.78822324629	79.0	29.388572936185902	150.11698640592942	29.388572936185902	7531.175319082766
11740-279	24326.69056579621	71.1	262.55005951717413	580.2562022890378	262.55005951717413	8586.568020622746
11740-2792	19026.335554275473	96.0	233.6212971693973	201.37776395541087	201.37776395541087	5929.466792007842
11740-28	19793.649110343064	78.3	435.55724060148555	217.40825705486475	217.40825705486475	5184.939817078814
11740-280	17519.400454429084	102.4	241.65301096138577	102.49500570930095	102.49500570930095	6685.250942554299
11740-2802	16080.532565284178	84.9	50.282950895779884	51.380308504248646	50.282950895779884	5250.850634728366
11740-2803	24326.69056579621	71.1	175.8042305781376	220.79214029822924	175.8042305781376	8004.721408738984
11740-281	35764.78822324629	79.0	280.6325190433502	325.3938062132039	280.6325190433502	7762.218158554415
11740-282	19026.335554275473	96.0	125.71665812821553	401.43207794030366	125.71665812821553	6200.512493889515
11740-2835	75600.6386328725	137.0	185.46140464677686	53.29221923020788	53.29221923020788	6989.660427979076
11740-284	19026.335554275473	96.0	118.33466392013108	514.3006674212551	118.33466392013108	6327.872753761075
11740-2849	11370.66559779826	63.5	86.69418456022177	347.0556113864506	86.69418456022177	4594.985927347594
11740-285	16080.532565284178	84.9	190.55898940303243	207.57959546054988	190.55898940303243	5495.840955514704
11740-2850	11370.66559779826	63.5	541.3919028449129	311.6831888301356	311.6831888301356	4435.441042103833
11740-2851	11370.66559779826	63.5	447.06165143135115	129.03744638810102	129.03744638810102	4614.771826947163
11740-2852	11370.66559779826	63.5	233.11760016366205	64.53712529491457	64.53712529491457	4816.903343865919
11740-2853	11370.66559779826	63.5	273.5566264931939	296.7613318663283	273.5566264931939	5058.446753648059
11740-2854	11370.66559779826	63.5	131.1781128255515	335.65292286093364	131.1781128255515	5293.1411437847155
11740-2855	11370.66559779826	63.5	399.1296840579416	82.53846013635885	82.53846013635885	5379.137813626353
11740-2856	11370.66559779826	63.5	189.83766445017199	44.94077309764196	44.94077309764196	5513.897444929301
11740-286	19026.335554275473	96.0	510.7117107494919	261.23196865028694	261.23196865028694	6634.549701283572
11740-2867	24326.69056579621	71.1	345.3474824492457	394.0236922431262	345.3474824492457	7897.970574717374
11740-2869	14267.290732206862		274.15789808997164	365.946731277673	274.15789808997164	7770.2683369665865
11740-287	19026.335554275473	96.0	541.2310208461096	192.6788841128389	192.6788841128389	6704.816763441071
11740-2870	30257.332635688683	94.0	63.35578492085006	324.68112470582156	63.35578492085006	6281.346206030982
11740-2877	11370.66559779826	63.5	459.6678689369245	93.36023697508523	93.36023697508523	4759.928652250729
11740-288	17519.400454429084	102.4	258.19685395029234	246.60675766520822	246.60675766520822	7119.311876486914
11740-2880	17519.400454429084	102.4	47.578007993503824	659.4126084948954	47.578007993503824	7640.787299816233
11740-2883	24326.69056579621	71.1	184.12034334995784	641.3388190601796	184.12034334995784	8693.927466160636
11740-2885	17519.400454429084	102.4	349.2235101804836	196.02043162983017	196.02043162983017	7054.953229634651
11740-289	17519.400454429084	102.4	144.56222777667423	543.6595197399326	144.56222777667423	7455.99475916793
11740-2890	11370.66559779826	63.5	640.9504759900603	241.11788624748158	241.11788624748158	4417.0862260908725
11740-2892	30257.332635688683	94.0	747.6363811180653	46.82587934881035	46.82587934881035	5995.1340666464785
11740-2893	30257.332635688683	94.0	74.24534377959567	146.09095923698393	74.24534377959567	5902.206735302817
11740-2894	19793.649110343064	78.3	282.0420385901288	270.8157738548664	270.8157738548664	4955.956237332437
11740-290	19026.335554275473	96.0	81.49328246071796	255.41607647322556	81.49328246071796	6570.830640394358
11740-2905	19026.335554275473	96.0	87.68661690106282	112.91843459426195	87.68661690106282	6709.015055811888
11740-2906	19026.335554275473	96.0	158.5753987572001	195.22450617934783	158.5753987572001	6639.287052167206
11740-291	19026.335554275473	96.0	83.47092807948582	193.60346370862533	83.47092807948582	6630.5404663359295
11740-2916	16080.532565284178	84.9	235.18506747898002	189.88921309142668	189.88921309142668	5476.082361088678
11740-2918	20454.769303635432	142.0	148.32707169010882	524.6824744943798	148.32707169010882	7779.510071491303
11740-292	17519.400454429084	102.4	113.60780184528413	70.1366720478774	70.1366720478774	6753.647631184061
11740-293	17519.400454429084	102.4	130.23811360483205	138.05757564365888	130.23811360483205	6956.475322046171
11740-2931	17519.400454429084	102.4	87.06635522462497	476.1981594713884	87.06635522462497	7585.405758588268
11740-294	17519.400454429084	102.4	338.9916375285782	223.68057056423086	223.68057056423086	7078.418937022436
11740-295	17519.400454429084	102.4	112.37791085798045	249.23137089479962	112.37791085798045	7064.6433200956435
11740-296	17519.400454429084	102.4	315.0769304716811	48.81297261935867	48.81297261935867	7026.801069897388
11740-2963	30257.332635688683	94.0	55.39693372229262	107.31373421499804	55.39693372229262	5864.808378121792
11740-297	17519.400454429084	102.4	349.47385274597707	19.882303018587432	19.882303018587432	7083.59138525972
11740-298	17519.400454429084	102.4	285.6308724107625	84.6552342323502	84.6552342323502	7114.595906788391
11740-2983	24326.69056579621	71.1	310.0346813623677	358.95352157021125	310.0346813623677	7914.457694260115
11740-2987	16080.532565284178	84.9	278.13980567355156	46.00190276185631	46.00190276185631	5680.70977046322
11740-299	17519.400454429084	102.4	87.98442543996946	280.051779203344	87.98442543996946	7150.353478255575
11740-2991	19026.335554275473	96.0	226.69043706845326	340.24666610304917	226.69043706845326	6072.269901162953
11740-3	16080.532565284178	84.9	223.67531376023393	145.26706242601318	145.26706242601318	5988.9230913527
11740-30	27368.322215821812	72.9	142.64428546044843	40.18514740583704	40.18514740583704	6682.329990828355
11740-300	35764.78822324629	79.0	258.6996197399958	28.389350572627325	28.389350572627325	7202.72662887146
11740-3001	24326.69056579621	71.1	219.09754685402996	225.9031604962074	219.09754685402996	8058.084528359586
11740-3004	11370.66559779826	63.5	169.14304011562072	177.96034433355214	169.14304011562072	5472.3769745400405
11740-3005	11370.66559779826	63.5	222.6633446430796	82.56005173382604	82.56005173382604	5125.384594283549
11740-3008	11370.66559779826	63.5	292.81910361869006	181.7448162190476	181.7448162190476	6299.9900453906575
11740-301	17519.400454429084	102.4	107.09782538187714	569.2221634078539	107.09782538187714	7721.740596428576
11740-3015	30257.332635688683	94.0	433.44092682874054	45.17265239053014	45.17265239053014	6236.205701830615
11740-302	24326.69056579621	71.1	76.20752986914626	492.39659388310815	76.20752986914626	7711.612697407725
11740-303	17519.400454429084	102.4	59.039807109286016	481.77795314516493	59.039807109286016	7667.457950902452
11740-304	17519.400454429084	102.4	69.0742786514235	486.44681588026253	69.0742786514235	7686.365844176396
11740-305	24326.69056579621	71.1	149.68304200223423	244.17170010211538	149.68304200223423	7973.566403464075
11740-306	24326.69056579621	71.1	200.3647342020085	37.62636264931306	37.62636264931306	8190.109380485861
11740-307	11792.216826676908	86.5	818.5354576915598	53.35500981508768	53.35500981508768	5231.849117672503
11740-308	11792.216826676908	86.5	692.9234358095114	96.00015819900983	96.00015819900983	5376.280610369187
11740-3085	30257.332635688683	94.0	782.772349886346	47.97375141811013	47.97375141811013	6053.467065715048
11740-309	11792.216826676908	86.5	744.9442491239305	159.88284738198567	159.88284738198567	5441.738266985605
11740-310	30257.332635688683	94.0	813.0369620451352	297.68822098823193	297.68822098823193	5587.925407914163
11740-3106	24326.69056579621	71.1	101.51814062577047	499.3342889282991	101.51814062577047	7715.415403211675
11740-311	30257.332635688683	94.0	856.99869757706	232.03610447225006	232.03610447225006	5810.030654635862
11740-312	30257.332635688683	94.0	830.5317909418922	212.84539610702646	212.84539610702646	5805.718314674624
11740-313	19026.335554275473	96.0	638.8467433424443	15.507835536328406	15.507835536328406	5888.496676889967
11740-314	30257.332635688683	94.0	576.9021377703544	185.79807999975634	185.79807999975634	5709.669536407264
11740-315	30257.332635688683	94.0	322.30071019765575	64.01525502717948	64.01525502717948	5451.188203700343
11740-3151	35764.78822324629	79.0	85.45250556830942	120.03673717975063	85.45250556830942	7555.3563926672505
11740-3158	17519.400454429084	102.4	125.16513024381561	23.089522776390087	23.089522776390087	6844.925139933308
11740-316	35764.78822324629	79.0	301.8802348508622	347.96426959630776	301.8802348508622	7785.132157223082
11740-3163	19026.335554275473	96.0	399.7707859783137	52.08531745390775	52.08531745390775	6812.983249918395
11740-3164	17519.400454429084	102.4	360.61299434326986	26.18195700593243	26.18195700593243	6831.242657111843
11740-317	35764.78822324629	79.0	303.66430269019685	366.06500508337984	303.66430269019685	7803.412876473305
11740-318	24326.69056579621	71.1	46.72668567572122	416.4742176585763	46.72668567572122	7742.429880617561
11740-319	24326.69056579621	71.1	225.01075984526946	225.75597697446236	225.01075984526946	8106.985412857843
11740-320	24326.69056579621	71.1	237.74855266937863	499.4746058947646	237.74855266937863	8524.200167396726
11740-321	24326.69056579621	71.1	118.06912985766691	466.3651082008613	118.06912985766691	8564.889780754329
11740-3215	24326.69056579621	71.1	142.84159025160275	123.9155282077517	123.9155282077517	8086.316662473657
11740-322	24326.69056579621	71.1	41.62831492386345	344.93412487062693	41.62831492386345	8444.099684603176
11740-323	35764.78822324629	79.0	200.1711248132793	283.98677190268296	200.1711248132793	7704.649088173241
11740-324	5146.200556835637		94.67274744354171	594.6225558969328	94.67274744354171	8792.867086548858
11740-325	19026.335554275473	96.0	258.9600686362205	329.2766718131205	258.9600686362205	6065.717555824508
11740-326	19026.335554275473	96.0	166.32439179380876	342.62596340332414	166.32439179380876	6067.710194257932
11740-327	19026.335554275473	96.0	288.80604531922376	454.44540380118946	288.80604531922376	6295.338622722717
11740-3273	17519.400454429084	102.4	149.52916198157388	219.2838338141803	149.52916198157388	7139.565464649671
11740-328	19026.335554275473	96.0	277.8164963753064	462.61982283219805	277.8164963753064	6293.3850419301125
11740-329	19026.335554275473	96.0	253.6619420639483	472.0860965984658	253.6619420639483	6322.775168195281
11740-3290	17519.400454429084	102.4	31.68493107098388	166.48609341472968	31.68493107098388	6974.607550446874
11740-33	27368.322215821812	72.9	736.6404820909946	103.64162205342348	103.64162205342348	5609.8112384311435
11740-330	19026.335554275473	96.0	227.9792399379131	334.9290629286899	227.9792399379131	6458.88306761204
11740-331	19026.335554275473	96.0	245.124230474565	224.92370691217087	224.92370691217087	6565.017314065617
11740-332	19026.335554275473	96.0	111.45990472511352	250.4252369433452	111.45990472511352	6553.510755153117
11740-3322	35764.78822324629	79.0	156.0572270608715	162.9245531817337	156.0572270608715	7234.530517509946
11740-3323	35764.78822324629	79.0	98.67981290799244	222.04421929641603	98.67981290799244	7418.935222264052
11740-333	17519.400454429084	102.4	144.02347674462766	135.89874006301656	135.89874006301656	6661.11830633812
11740-3330	17519.400454429084	102.4	134.5682750214164	364.1424911235732	134.5682750214164	7176.296288405274
11740-334	19026.335554275473	96.0	248.74571236860513	183.3526965036126	183.3526965036126	6605.503940422588
11740-3349	35764.78822324629	79.0	191.56788085278623	95.8395478927938	95.8395478927938	7288.88447568966
11740-335	17519.400454429084	102.4	249.39316933373397	160.1311368721904	160.1311368721904	6628.191654238024
11740-336	17519.400454429084	102.4	287.153103259146	109.37620714219774	109.37620714219774	6675.012575139136
11740-337	17519.400454429084	102.4	294.8736915162095	79.90049867244261	79.90049867244261	6703.368316599955
11740-338	35764.78822324629	79.0	205.89399612264464	40.370825906374805	40.370825906374805	7230.200470200047
11740-339	35764.78822324629	79.0	174.75010676336225	335.9103097913952	174.75010676336225	7153.56263069168
11740-3392	35764.78822324629	79.0	60.2321109736786	223.98788347031953	60.2321109736786	7455.7030598315505
11740-340	30257.332635688683	94.0	813.8283652326644	50.94287616254601	50.94287616254601	6163.833975154188
11740-341	30257.332635688683	94.0	499.7548429108279	111.59732843898927	111.59732843898927	6276.699365001899
11740-342	75600.6386328725	137.0	202.5176910853245	93.69922639559823	93.69922639559823	6735.693149086645
11740-343	75600.6386328725	137.0	180.99959161419008	123.2867283924551	123.2867283924551	7042.927377596606
11740-345	30257.332635688683	94.0	470.3222788074399	81.46531171413686	81.46531171413686	6060.776196083207
11740-346	75600.6386328725	137.0	334.2190838613833	492.64010938504754	334.2190838613833	7597.57665860584
11740-347	35764.78822324629	79.0	46.078861779090225	148.29284426294578	46.078861779090225	7454.224051617847
11740-3473	35764.78822324629	79.0	65.38983224259066	253.3376952126689	65.38983224259066	7461.57661087439
11740-3474	17519.400454429084	102.4	175.2661373864268	207.24278494175974	175.2661373864268	7300.614779359099
11740-348	17519.400454429084	102.4	103.41921081140521	597.2605059657619	103.41921081140521	7426.674340190671
11740-3481	20454.769303635432	142.0	261.0369773785406	225.28864534379878	225.28864534379878	7909.931844534467
11740-350	19026.335554275473	96.0	245.01815220300284	484.929731041748	245.01815220300284	6355.0606689465885
11740-3505	35764.78822324629	79.0	51.57247948611164	180.35726490474283	51.57247948611164	7560.131459534121
11740-351	19026.335554275473	96.0	152.14715920353026	474.88508001309407	152.14715920353026	6370.62484628205
11740-352	19026.335554275473	96.0	111.99012920966031	477.4175300496071	111.99012920966031	6362.277509210568
11740-353	16080.532565284178	84.9	202.92863987784276	200.27453668731926	200.27453668731926	5526.800968883992
11740-354	24326.69056579621	71.1	235.8275860512242	479.1302436348518	235.8275860512242	8503.725250771344
11740-355	17519.400454429084	102.4	78.05661642178792	140.18896820590666	78.05661642178792	6952.991523348591
11740-356	17519.400454429084	102.4	228.44842974285513	45.72290110577606	45.72290110577606	6880.6109500812045
11740-3569	35764.78822324629	79.0	174.47444444731636	131.66012745299955	131.66012745299955	7316.80833845023
11740-357	17519.400454429084	102.4	149.17667517464182	510.1090909341386	149.17667517464182	7347.720261778433
11740-3570	17519.400454429084	102.4	64.56646014493289	323.4944663803764	64.56646014493289	7401.83513846491
11740-358	17519.400454429084	102.4	264.7932770168764	94.32668007739962	94.32668007739962	7219.510917073903
11740-359	17519.400454429084	102.4	335.2978083602492	32.26994926418211	32.26994926418211	7131.883477291597
11740-360	17519.400454429084	102.4	325.8372319133864	45.05037202373101	45.05037202373101	7109.835378696589
11740-361	17519.400454429084	102.4	82.74177178769962	288.5717233989229	82.74177178769962	7192.645016413445
11740-362	35764.78822324629	79.0	235.6600851064519	192.2116812614938	192.2116812614938	7149.237598448788
11740-363	35764.78822324629	79.0	234.72263153113485	166.15324863214644	166.15324863214644	7158.749872852716
11740-364	17519.400454429084	102.4	120.82717617400061	609.2987818721647	120.82717617400061	7708.487782058177
11740-365	19026.335554275473	96.0	189.717267926485	456.46699788581174	189.717267926485	6299.115235851026
11740-366	19026.335554275473	96.0	81.08032675950797	278.37687905211413	81.08032675950797	6548.697050582871
11740-367	17519.400454429084	102.4	274.0630660594128	78.83664083086079	78.83664083086079	6705.935492310389
11740-368	17519.400454429084	102.4	252.03552758111329	77.8377548103068	77.8377548103068	6708.587303165318
11740-3711	17519.400454429084	102.4	107.15147134296856	260.8618511985578	107.15147134296856	7143.692903645094
11740-3722	35764.78822324629	79.0	89.82327527046476	152.3483128829025	89.82327527046476	7301.562603719387
11740-38	19793.649110343064	78.3	267.1896311857754	299.2186990791398	267.1896311857754	5950.998891809389
11740-3850	11370.66559779826	63.5	508.18388181425	414.9786823195199	414.9786823195199	4997.056002336322
11740-389	35764.78822324629	79.0	92.12854327835147	291.29346003746014	92.12854327835147	7633.997826227306
11740-3895	17519.400454429084	102.4	98.83741134301206	455.8133016021061	98.83741134301206	7262.876439870611
11740-39	17519.400454429084	102.4	291.46279355981255	366.7922797462006	291.46279355981255	7200.496864004111
11740-3915	11792.216826676908	86.5	645.8582789302527	22.340979722587456	22.340979722587456	5319.951109782004
11740-4	19026.335554275473	96.0	451.2397413330922	335.70580745646964	335.70580745646964	6282.291133641607
11740-40	17519.400454429084	102.4	343.8743210843828	17.484955410209796	17.484955410209796	6987.4490796525415
11740-403	17519.400454429084	102.4	214.96917545574328	98.39017423127717	98.39017423127717	6691.422387440615
11740-4038	24326.69056579621	71.1	356.59245644381485	555.0708641417206	356.59245644381485	8393.718121839793
11740-4077	17519.400454429084	102.4	106.97753739693313	271.7100236150691	106.97753739693313	7275.55657725334
11740-41	17519.400454429084	102.4	299.66420707607654	27.032623311123164	27.032623311123164	6820.912218287685
11740-4102	24326.69056579621	71.1	293.84781922940823	389.62416560673125	293.84781922940823	8380.432335351668
11740-416	17519.400454429084	102.4	143.2746585971477	424.4904641842151	143.2746585971477	7283.965497611201
11740-4169	17519.400454429084	102.4	22.115787785042066	658.1812757709931	22.115787785042066	7631.5751639106975
11740-417	17519.400454429084	102.4	286.77603894407986	80.71521848947654	80.71521848947654	7079.649500968511
11740-418	24326.69056579621	71.1	115.55083275928271	131.83575985211766	115.55083275928271	8072.911421382871
11740-419	24326.69056579621	71.1	138.74409677672642	204.13445478486383	138.74409677672642	8258.571885772708
11740-42	17519.400454429084	102.4	374.8640231934015	90.097481448262	90.097481448262	6969.356240491469
11740-420	20454.769303635432	142.0	145.36989154814947	138.1221530093718	138.1221530093718	7790.360297877422
11740-4203	17519.400454429084	102.4	379.48016277040455	27.013234668635807	27.013234668635807	6866.388034705974
11740-421	24326.69056579621	71.1	288.2676505161414	564.4137729288739	288.2676505161414	8550.594174336977
11740-4214	19793.649110343064	78.3	347.0676700271057	332.34508717747724	332.34508717747724	5025.281180271034
11740-422	24326.69056579621	71.1	85.12203164376264	287.1337443479623	85.12203164376264	7910.841725922873
11740-423	17519.400454429084	102.4	49.31511979492452	319.5494188986773	49.31511979492452	7173.4191043501405
11740-424	20454.769303635432	142.0	59.18859551725335	52.79302981655165	52.79302981655165	8073.3849861206345
11740-425	20454.769303635432	142.0	139.52055103092903	136.11054949665404	136.11054949665404	8088.67349303122
11740-4255	24326.69056579621	71.1	423.3499003700876	578.4260927465795	423.3499003700876	8319.00864406881
11740-4289	35764.78822324629	79.0	105.52508760978243	316.1398578147934	105.52508760978243	7239.418494130232
11740-43	17519.400454429084	102.4	264.7993877142548	179.28130651359916	179.28130651359916	7067.947743279741
11740-4353	75600.6386328725	137.0	111.10166986705468	22.231046708420777	22.231046708420777	6803.726989923476
11740-4358	30257.332635688683	94.0	112.60137501593641	275.6997810388691	112.60137501593641	6192.8272784399205
11740-4359	27368.322215821812	72.9	721.4837641857266	528.7540861608333	528.7540861608333	6016.291979757757
11740-4360	35764.78822324629	79.0	49.69918696151956	167.93232160778336	49.69918696151956	7554.030005099933
11740-4393	11792.216826676908	86.5	612.0032019393989	65.8187682844271	65.8187682844271	5213.029627061014
11740-44	14267.290732206862		239.08561264363692	349.32401247914174	239.08561264363692	7714.381576527386
11740-4452	20454.769303635432	142.0	301.7743486659859	303.98506634583623	301.7743486659859	8175.9659588519935
11740-4462	24326.69056579621	71.1	359.284238528749	369.620941234555	359.284238528749	8001.822176848793
11740-4482	35764.78822324629	79.0	81.31229951576462	223.35035542408326	81.31229951576462	7435.81823011114
11740-45	17519.400454429084	102.4	115.52648165686469	199.16088556353782	115.52648165686469	7013.748849345644
11740-4503	17519.400454429084	102.4	145.51508507069266	221.3288964444691	145.51508507069266	7116.783722243024
11740-4554	75600.6386328725	137.0	252.42416706842027	46.53072318349025	46.53072318349025	6954.329164310443
11740-4575	17519.400454429084	102.4	172.11150931602066	196.01095692792893	172.11150931602066	7123.736824127709
11740-4576	17519.400454429084	102.4	114.13027118099282	268.8503073152702	114.13027118099282	7326.038148352666
11740-4585	16080.532565284178	84.9	138.05114829236842	37.19477444768094	37.19477444768094	5356.456342397836
11740-46	17519.400454429084	102.4	236.53211862759926	126.23084792027903	126.23084792027903	6959.128528456031
11740-4605	24326.69056579621	71.1	114.40410617840382	617.4899252363056	114.40410617840382	8715.533681927558
11740-4611	30257.332635688683	94.0	79.6928393628059	312.67486459006705	79.6928393628059	6411.054505468744
11740-4614	35764.78822324629	79.0	45.30011372044089	392.07095653325416	45.30011372044089	7691.151978721474
11740-4625	24326.69056579621	71.1	355.46972969949195	479.35841527917677	355.46972969949195	8350.746533531414
11740-4626	20454.769303635432	142.0	360.3637551690701	398.48744818349144	360.3637551690701	8285.096652931636
11740-4628	19793.649110343064	78.3	193.88931045194172	42.020648270872535	42.020648270872535	5398.956926702412
11740-4641	24326.69056579621	71.1	354.43276432680267	464.0277502357118	354.43276432680267	8342.738082734184
11740-4648	14267.290732206862		231.27397921024468	396.51432254303785	231.27397921024468	7730.935749358197
11740-4658	30257.332635688683	94.0	221.20721010966332	167.6769643850786	167.6769643850786	6022.573720818993
11740-4672	27368.322215821812	72.9	607.1911456185275	501.9756622262467	501.9756622262467	6208.315639931975
11740-4675	27368.322215821812	72.9	652.739738964105	559.8248119339025	559.8248119339025	6155.448221879625
11740-4687	75600.6386328725	137.0	109.24146566053236	238.9514095285408	109.24146566053236	7149.45277899316
11740-4692	27368.322215821812	72.9	543.4177198670712	46.81528374701857	46.81528374701857	5602.859207016341
11740-47	17519.400454429084	102.4	145.47917568546043	260.71099536297703	145.47917568546043	7165.562702575317
11740-4708	19026.335554275473	96.0	439.9123005071513	33.37690231972265	33.37690231972265	6861.241960479775
11740-4710	19026.335554275473	96.0	30.218485962427174	503.70614007994516	30.218485962427174	6325.403149223645
11740-4735	27368.322215821812	72.9	499.1300180833425	35.84008057634587	35.84008057634587	5524.893614528948
11740-4743	11370.66559779826	63.5	331.294658712535	693.3797313719695	331.294658712535	3926.4394086831203
11740-4787	20454.769303635432	142.0	218.5637104440895	561.6997617689839	218.5637104440895	7774.727037362521
11740-4791	24326.69056579621	71.1	368.2458684732072	370.9034422999372	368.2458684732072	8067.718288452389
11740-4794	24326.69056579621	71.1	159.37730978149924	628.3795674772342	159.37730978149924	8705.34050444867
11740-4797	11370.66559779826	63.5	450.7277983140884	566.4454916121879	450.7277983140884	4305.525064569688
11740-4798	11370.66559779826	63.5	228.00941023215768	625.0884790719685	228.00941023215768	4285.055765498212
11740-4799	27368.322215821812	72.9	709.2411807836457	304.5975519274464	304.5975519274464	5944.669068797458
11740-48	19026.335554275473	96.0	320.5093989670805	439.5337011450407	320.5093989670805	6432.0799164407035
11740-4800	24326.69056579621	71.1	419.5763135776198	439.31817985617755	419.5763135776198	7946.999601944795
11740-4802	11370.66559779826	63.5	182.16879883184893	385.79731465339046	182.16879883184893	6250.495077764087
11740-4804	11370.66559779826	63.5	590.8440156836474	644.4054322825804	590.8440156836474	4176.726001545906
11740-4810	11370.66559779826	63.5	354.9167106565401	159.58121900731592	159.58121900731592	5616.317964810608
11740-4828	20454.769303635432	142.0	308.5963768692702	338.3736710624586	308.5963768692702	8278.02263848755
11740-4852	75600.6386328725	137.0	226.48666452698725	35.75499301289846	35.75499301289846	6930.621528354816
11740-4889	35764.78822324629	79.0	217.0322568462305	58.31985770185111	58.31985770185111	7252.274698107275
11740-4937	17519.400454429084	102.4	143.99829532471088	231.4631471985452	143.99829532471088	7223.877223497388
11740-4951	19793.649110343064	78.3	57.77022500974556	89.84692442991253	57.77022500974556	6001.716786070129
11740-4953	11370.66559779826	63.5	234.2996715501769	349.0371906958611	234.2996715501769	6135.471558665556
11740-5027	20454.769303635432	142.0	201.56594529245524	307.7321340986478	201.56594529245524	7851.31148143021
11740-5036	17519.400454429084	102.4	89.47648622531071	615.5165793111099	89.47648622531071	7444.39146744056
11740-5039	17519.400454429084	102.4	137.06454994738192	245.21595285309164	137.06454994738192	7309.979254063819
11740-5046	75600.6386328725	137.0	415.2879474021907	115.11733202402138	115.11733202402138	6773.964753686807
11740-5047	19026.335554275473	96.0	512.2746677440426	163.17493906216234	163.17493906216234	6727.248938274367
11740-51	19026.335554275473	96.0	483.50757472770664	55.2178783464026	55.2178783464026	6831.112045234736
11740-5100	35764.78822324629	79.0	153.9276304989057	252.80845407110468	153.9276304989057	7132.291546664107
11740-5199	14267.290732206862		534.9423797742924	302.0572345775957	302.0572345775957	8102.272347915258
11740-52	17519.400454429084	102.4	307.1178691365713	23.803531540816557	23.803531540816557	6870.640278371218
11740-5208	17519.400454429084	102.4	116.14701775247259	254.59355680518976	116.14701775247259	7174.423436616126
11740-5218	17519.400454429084	102.4	88.33198370444171	233.95530634420064	88.33198370444171	7045.358283107545
11740-5220	11370.66559779826	63.5	461.1924098832688	645.9157523897653	461.1924098832688	4054.512283544296
11740-5222	17519.400454429084	102.4	209.82239171116754	138.89152459944478	138.89152459944478	6924.305682284734
11740-5223	17519.400454429084	102.4	211.31334993973948	159.08041504817402	159.08041504817402	7139.247866258024
11740-5233	14267.290732206862		261.4250026903641	442.1214702510435	261.4250026903641	7872.082315657489
11740-5234	27368.322215821812	72.9	316.18186946414875	76.03378624833228	76.03378624833228	4928.652969897622
11740-5236	17519.400454429084	102.4	228.46009533004582	147.63426149538222	147.63426149538222	7204.795514123195
11740-5237	11370.66559779826	63.5	313.6693230549501	373.2703318961061	313.6693230549501	5822.248879980576
11740-5239	20454.769303635432	142.0	65.83619252353537	31.432392292257287	31.432392292257287	7976.518442776335
11740-5243	75600.6386328725	137.0	46.3027153964451	229.2944719411562	46.3027153964451	7280.890870591689
11740-5247	75600.6386328725	137.0	46.3027153964451	229.2944719411562	46.3027153964451	7280.890870591689
11740-5250	17519.400454429084	102.4	36.59003095919162	518.8205170271211	36.59003095919162	7653.515579203538
11740-5257	17519.400454429084	102.4	248.59619185003277	99.26131708193991	99.26131708193991	7020.577276795197
11740-5266	75600.6386328725	137.0	392.4508368223626	47.191689351161315	47.191689351161315	6853.653247114912
11740-5273	24326.69056579621	71.1	420.7608075550328	67.28241808184737	67.28241808184737	8582.012502063679
11740-5274	14267.290732206862		415.3448756951663	291.4163543645387	291.4163543645387	7915.725116221574
11740-5284	75600.6386328725	137.0	381.9366075435301	26.91158600628388	26.91158600628388	6664.1227879251155
11740-53	17519.400454429084	102.4	337.960892406574	17.632592397107707	17.632592397107707	6918.195556629265
11740-54	17519.400454429084	102.4	257.6064069702206	105.89714750494208	105.89714750494208	7040.083523985568
11740-55	14267.290732206862		181.79645817185954	460.6027829971671	181.79645817185954	7702.984050855957
11740-57	17519.400454429084	102.4	28.285728934565196	297.2829353774301	28.285728934565196	7412.171116965189
11740-58	17519.400454429084	102.4	46.75254802918844	658.0870156837373	46.75254802918844	7536.105187983508
11740-59	17519.400454429084	102.4	328.94663833423243	39.58341851810026	39.58341851810026	7079.565649248325
11740-6	19793.649110343064	78.3	499.48688085975556	260.80110331887187	260.80110331887187	5646.472745196834
11740-60	17519.400454429084	102.4	34.56735874327259	390.37928299143886	34.56735874327259	7351.997699158484
11740-61	17519.400454429084	102.4	81.71622271158523	626.0001121298116	81.71622271158523	7505.7293815253015
11740-62	17519.400454429084	102.4	88.94165592307769	528.5980663254578	88.94165592307769	7514.44556843568
11740-63	19026.335554275473	96.0	156.32504054475865	361.8597549726658	156.32504054475865	6479.238711515574
11740-64	17519.400454429084	102.4	52.12336965805384	275.7146855656053	52.12336965805384	7071.286043013829
11740-65	17519.400454429084	102.4	173.05612244769873	186.4663304865762	173.05612244769873	7019.5442849444025
11740-6589	35764.78822324629	79.0	277.64346365697776	62.694056884094515	62.694056884094515	7154.786860381619
11740-66	17519.400454429084	102.4	312.07918349251133	49.41019808935518	49.41019808935518	6998.801493870309
11740-67	17519.400454429084	102.4	144.06639554744072	233.411908296113	144.06639554744072	7248.654224199764
11740-68	17519.400454429084	102.4	72.01930464611692	163.16651010334655	72.01930464611692	6959.6561790175665
11740-69	17519.400454429084	102.4	393.5644421182469	53.9401218844438	53.9401218844438	6912.851041590289
11740-6985	35764.78822324629	79.0	36.06147301899197	416.58281757779514	36.06147301899197	7325.233591961431
11740-6998	19026.335554275473	96.0	253.0723304469578	439.62726636012934	253.0723304469578	6315.410558310334
11740-7	16080.532565284178	84.9	242.8560025269277	100.18173435227713	100.18173435227713	5431.07283001438
11740-70	17519.400454429084	102.4	206.8545513975986	457.0292985225984	206.8545513975986	7274.073726772094
11740-7018	75600.6386328725	137.0	518.277899633902	111.40225999861116	111.40225999861116	6661.523613812408
11740-7019	75600.6386328725	137.0	330.7496664879307	35.0524121834654	35.0524121834654	6851.16880219054
11740-7031	19026.335554275473	96.0	35.595051287659935	228.5183958188324	35.595051287659935	6590.628069325162
11740-7054	75600.6386328725	137.0	392.4508368223626	47.191689351161315	47.191689351161315	6853.653247114912
11740-71	14267.290732206862		586.2617393882163	219.4345843840314	219.4345843840314	8171.041604308262
11740-72	24326.69056579621	71.1	229.090523176286	164.0320023162874	164.0320023162874	8076.946439984185
11740-73	14267.290732206862		612.4707400259407	27.225440817291176	27.225440817291176	8343.370459944754
11740-74	14267.290732206862		532.8116416976613	51.20985740608091	51.20985740608091	8291.389973529002
11740-77	14267.290732206862		458.5088827080777	204.53845855763174	204.53845855763174	8118.037659777019
11740-78	14267.290732206862		513.1653381536462	271.8114904642984	271.8114904642984	8102.778388928652
11740-79	14267.290732206862		415.3448756951663	291.4163543645387	291.4163543645387	7915.725116221574
11740-8	19793.649110343064	78.3	217.6453155917333	80.38065410356644	80.38065410356644	5490.9884239390285
11740-80	24326.69056579621	71.1	306.13957760831664	185.85399944386833	185.85399944386833	8082.732254084472
11740-81	14267.290732206862		708.2183597435381	85.91377023869985	85.91377023869985	8323.237681061817
11740-82	17519.400454429084	102.4	136.0409976109896	584.6847420471934	136.0409976109896	7734.756744000787
11740-83	24326.69056579621	71.1	405.14180400345555	169.40458143368787	169.40458143368787	8132.9055936645145
11740-84	17519.400454429084	102.4	141.99902582040804	589.5999425235462	141.99902582040804	7736.003357592114
11740-85	17519.400454429084	102.4	60.62312150468453	593.4683897809358	60.62312150468453	7678.886503806914
11740-86	24326.69056579621	71.1	141.77904191705485	22.317000072284923	22.317000072284923	8185.402817926568
11740-87	30257.332635688683	94.0	421.59952513382035	47.70649046906631	47.70649046906631	5248.658054602285
11740-88	30257.332635688683	94.0	502.34741562414644	29.255907282481818	29.255907282481818	5343.247306398333
11740-89	30257.332635688683	94.0	443.2744130642806	53.51190802126085	53.51190802126085	5844.280466781627
11740-9	19793.649110343064	78.3	369.07471939073235	60.05712295089341	60.05712295089341	5956.345023190043
11740-90	30257.332635688683	94.0	235.9005040250166	67.03910393270395	67.03910393270395	5418.589090411962
11740-91	30257.332635688683	94.0	129.9688676411995	86.80355873510948	86.80355873510948	5521.616593730245
11740-94	11792.216826676908	86.5	624.1434734349696	158.96970082957316	158.96970082957316	5120.220981708753
11740-95	16080.532565284178	84.9	326.4676082703388	127.45408172825515	127.45408172825515	5603.40943455226
11740-96	11792.216826676908	86.5	534.7394262138502	86.24060858967982	86.24060858967982	5219.799673749062
11740-969	14267.290732206862		324.1430381194614	197.5757769040969	197.5757769040969	7744.392516630763
11740-97	30257.332635688683	94.0	472.5059014711332	26.15180417994878	26.15180417994878	5289.571318489368
11740-98	30257.332635688683	94.0	452.47419631390005	71.32359019746814	71.32359019746814	5245.297725713296
11740-99	30257.332635688683	94.0	712.1811808721609	321.03636307163293	321.03636307163293	5729.074958078418
